Method,Job,AnalyzeLaunchVariance,EvaluateOverhead,MaxAbsoluteError,MaxRelativeError,MinInvokeCount,MinIterationTime,OutlierMode,Affinity,EnvironmentVariables,Jit,Platform,PowerPlanMode,Runtime,AllowVeryLargeObjects,Concurrent,CpuGroups,Force,HeapAffinitizeMask,HeapCount,NoAffinitize,RetainVm,Server,Arguments,BuildConfiguration,Clock,EngineFactory,NuGetReferences,Toolchain,IsMutator,InvocationCount,IterationCount,IterationTime,LaunchCount,MaxIterationCount,MaxWarmupIterationCount,MemoryRandomization,MinIterationCount,MinWarmupIterationCount,RunStrategy,UnrollFactor,WarmupCount,Namespace,Categories,Mean,Error,StdDev,StdErr,Median,Min,Q1,Q3,Max,Op/s,CI99.9% Margin,Iterations,Kurtosis,MValue,Skewness,Rank,LogicalGroup,Baseline,Code Size,Gen 0,Gen 1,Allocated
'As: IPerson',Job-SPYWVM,False,True,Default,Default,Default,Default,Default,1111,Empty,RyuJit,X64,8c5e7fda-e8bf-4a96-9a85-a6e23a8c635c,.NET 6.0,False,True,False,True,Default,Default,False,False,True,Default,Default,Default,Default,Default,.NET 6.0,Default,1,Default,Default,Default,Default,Default,Default,Default,Default,Default,16,Default,DotNetTips.Spargine.Extensions.BenchmarkTests,,6.7828 ns,0.0793 ns,0.0741 ns,0.0191 ns,6.8178 ns,6.5830 ns,6.7472 ns,6.8272 ns,6.8659 ns,"147,432,476.3",0.0793 ns,15.00,3.893,2.000,-1.2999,5,*,No,165 B,-,-,0 B
'Clone: PersonProper',Job-SPYWVM,False,True,Default,Default,Default,Default,Default,1111,Empty,RyuJit,X64,8c5e7fda-e8bf-4a96-9a85-a6e23a8c635c,.NET 6.0,False,True,False,True,Default,Default,False,False,True,Default,Default,Default,Default,Default,.NET 6.0,Default,1,Default,Default,Default,Default,Default,Default,Default,Default,Default,16,Default,DotNetTips.Spargine.Extensions.BenchmarkTests,,"3,871.8713 ns",40.6717 ns,38.0443 ns,9.8230 ns,"3,871.9757 ns","3,791.6977 ns","3,866.5478 ns","3,893.4349 ns","3,922.2420 ns","258,273.0",40.6717 ns,15.00,2.543,2.000,-0.5833,16,*,No,203 B,0.2213,-,"2,024 B"
'Clone: PersonRecord*',Job-SPYWVM,False,True,Default,Default,Default,Default,Default,1111,Empty,RyuJit,X64,8c5e7fda-e8bf-4a96-9a85-a6e23a8c635c,.NET 6.0,False,True,False,True,Default,Default,False,False,True,Default,Default,Default,Default,Default,.NET 6.0,Default,1,Default,Default,Default,Default,Default,Default,Default,Default,Default,16,Default,DotNetTips.Spargine.Extensions.BenchmarkTests,,19.5308 ns,0.3553 ns,0.3150 ns,0.0842 ns,19.5990 ns,18.8450 ns,19.3941 ns,19.7337 ns,19.8748 ns,"51,201,167.4",0.3553 ns,14.00,2.695,2.000,-0.9225,7,*,No,168 B,0.0097,-,88 B
'ComputeSha256Hash: PersonProper',Job-SPYWVM,False,True,Default,Default,Default,Default,Default,1111,Empty,RyuJit,X64,8c5e7fda-e8bf-4a96-9a85-a6e23a8c635c,.NET 6.0,False,True,False,True,Default,Default,False,False,True,Default,Default,Default,Default,Default,.NET 6.0,Default,1,Default,Default,Default,Default,Default,Default,Default,Default,Default,16,Default,DotNetTips.Spargine.Extensions.BenchmarkTests,,"5,814.1372 ns",113.0016 ns,105.7018 ns,27.2921 ns,"5,832.2735 ns","5,654.4842 ns","5,724.5251 ns","5,902.8027 ns","5,956.4465 ns","171,994.6",113.0016 ns,15.00,1.475,2.000,-0.2729,17,*,No,468 B,0.3662,-,"3,400 B"
'ComputeSha256Hash: PersonRecord',Job-SPYWVM,False,True,Default,Default,Default,Default,Default,1111,Empty,RyuJit,X64,8c5e7fda-e8bf-4a96-9a85-a6e23a8c635c,.NET 6.0,False,True,False,True,Default,Default,False,False,True,Default,Default,Default,Default,Default,.NET 6.0,Default,1,Default,Default,Default,Default,Default,Default,Default,Default,Default,16,Default,DotNetTips.Spargine.Extensions.BenchmarkTests,,"6,831.8030 ns",82.1503 ns,76.8434 ns,19.8409 ns,"6,820.4552 ns","6,715.1054 ns","6,786.0744 ns","6,891.2476 ns","6,978.4088 ns","146,374.2",82.1503 ns,15.00,1.872,2.000,0.4112,18,*,No,468 B,0.4654,-,"4,136 B"
'DisposeFields: DataTable',Job-SPYWVM,False,True,Default,Default,Default,Default,Default,1111,Empty,RyuJit,X64,8c5e7fda-e8bf-4a96-9a85-a6e23a8c635c,.NET 6.0,False,True,False,True,Default,Default,False,False,True,Default,Default,Default,Default,Default,.NET 6.0,Default,1,Default,Default,Default,Default,Default,Default,Default,Default,Default,16,Default,DotNetTips.Spargine.Extensions.BenchmarkTests,RefType,"39,651.5444 ns",561.9726 ns,525.6695 ns,135.7273 ns,"39,589.7308 ns","38,458.0536 ns","39,355.4199 ns","40,026.8127 ns","40,422.7020 ns","25,219.7",561.9726 ns,15.00,2.538,2.000,-0.3525,23,*,No,"1,471 B",1.0376,-,"9,522 B"
'HasProperty: PersonProper',Job-SPYWVM,False,True,Default,Default,Default,Default,Default,1111,Empty,RyuJit,X64,8c5e7fda-e8bf-4a96-9a85-a6e23a8c635c,.NET 6.0,False,True,False,True,Default,Default,False,False,True,Default,Default,Default,Default,Default,.NET 6.0,Default,1,Default,Default,Default,Default,Default,Default,Default,Default,Default,16,Default,DotNetTips.Spargine.Extensions.BenchmarkTests,,266.5205 ns,5.2254 ns,5.3661 ns,1.3015 ns,265.8178 ns,258.2372 ns,262.7263 ns,269.1315 ns,275.8273 ns,"3,752,057.1",5.2254 ns,17.00,1.719,2.000,0.2360,10,*,No,317 B,0.0277,-,256 B
'HasProperty: PersonRecord',Job-SPYWVM,False,True,Default,Default,Default,Default,Default,1111,Empty,RyuJit,X64,8c5e7fda-e8bf-4a96-9a85-a6e23a8c635c,.NET 6.0,False,True,False,True,Default,Default,False,False,True,Default,Default,Default,Default,Default,.NET 6.0,Default,1,Default,Default,Default,Default,Default,Default,Default,Default,Default,16,Default,DotNetTips.Spargine.Extensions.BenchmarkTests,,250.0341 ns,3.5594 ns,3.1553 ns,0.8433 ns,250.5831 ns,245.7808 ns,247.2816 ns,251.6409 ns,256.3772 ns,"3,999,454.9",3.5594 ns,14.00,1.945,2.000,0.2831,9,*,No,317 B,0.0234,-,216 B
'IsNotNull: PersonProper',Job-SPYWVM,False,True,Default,Default,Default,Default,Default,1111,Empty,RyuJit,X64,8c5e7fda-e8bf-4a96-9a85-a6e23a8c635c,.NET 6.0,False,True,False,True,Default,Default,False,False,True,Default,Default,Default,Default,Default,.NET 6.0,Default,1,Default,Default,Default,Default,Default,Default,Default,Default,Default,16,Default,DotNetTips.Spargine.Extensions.BenchmarkTests,,0.0090 ns,0.0125 ns,0.0117 ns,0.0030 ns,0.0000 ns,0.0000 ns,0.0000 ns,0.0229 ns,0.0254 ns,"111,309,184,697.4",0.0125 ns,15.00,1.196,3.333,0.4758,1,*,No,24 B,-,-,0 B
'IsNotNull: PersonRecord',Job-SPYWVM,False,True,Default,Default,Default,Default,Default,1111,Empty,RyuJit,X64,8c5e7fda-e8bf-4a96-9a85-a6e23a8c635c,.NET 6.0,False,True,False,True,Default,Default,False,False,True,Default,Default,Default,Default,Default,.NET 6.0,Default,1,Default,Default,Default,Default,Default,Default,Default,Default,Default,16,Default,DotNetTips.Spargine.Extensions.BenchmarkTests,,0.0289 ns,0.0183 ns,0.0171 ns,0.0044 ns,0.0187 ns,0.0141 ns,0.0162 ns,0.0427 ns,0.0624 ns,"34,542,550,440.8",0.0183 ns,15.00,1.806,2.600,0.7525,2,*,No,24 B,-,-,0 B
'IsNull: PersonProper',Job-SPYWVM,False,True,Default,Default,Default,Default,Default,1111,Empty,RyuJit,X64,8c5e7fda-e8bf-4a96-9a85-a6e23a8c635c,.NET 6.0,False,True,False,True,Default,Default,False,False,True,Default,Default,Default,Default,Default,.NET 6.0,Default,1,Default,Default,Default,Default,Default,Default,Default,Default,Default,16,Default,DotNetTips.Spargine.Extensions.BenchmarkTests,,0.0299 ns,0.0180 ns,0.0168 ns,0.0043 ns,0.0201 ns,0.0138 ns,0.0170 ns,0.0399 ns,0.0613 ns,"33,494,644,060.4",0.0180 ns,15.00,1.853,2.200,0.7109,2,*,No,24 B,-,-,0 B
'IsNull: PersonRecord',Job-SPYWVM,False,True,Default,Default,Default,Default,Default,1111,Empty,RyuJit,X64,8c5e7fda-e8bf-4a96-9a85-a6e23a8c635c,.NET 6.0,False,True,False,True,Default,Default,False,False,True,Default,Default,Default,Default,Default,.NET 6.0,Default,1,Default,Default,Default,Default,Default,Default,Default,Default,Default,16,Default,DotNetTips.Spargine.Extensions.BenchmarkTests,,0.0121 ns,0.0190 ns,0.0178 ns,0.0046 ns,0.0000 ns,0.0000 ns,0.0000 ns,0.0333 ns,0.0401 ns,"82,806,490,381.6",0.0190 ns,15.00,1.372,3.000,0.6615,1,*,No,24 B,-,-,0 B
'PersonRecord: Duplication with new ID',Job-SPYWVM,False,True,Default,Default,Default,Default,Default,1111,Empty,RyuJit,X64,8c5e7fda-e8bf-4a96-9a85-a6e23a8c635c,.NET 6.0,False,True,False,True,Default,Default,False,False,True,Default,Default,Default,Default,Default,.NET 6.0,Default,1,Default,Default,Default,Default,Default,Default,Default,Default,Default,16,Default,DotNetTips.Spargine.Extensions.BenchmarkTests,,21.2964 ns,0.4558 ns,0.4476 ns,0.1119 ns,21.4630 ns,20.2915 ns,20.8746 ns,21.6554 ns,21.7417 ns,"46,956,312.8",0.4558 ns,16.00,2.217,2.000,-0.7597,8,*,No,190 B,0.0098,-,88 B
'PersonRecord: ToString()',Job-SPYWVM,False,True,Default,Default,Default,Default,Default,1111,Empty,RyuJit,X64,8c5e7fda-e8bf-4a96-9a85-a6e23a8c635c,.NET 6.0,False,True,False,True,Default,Default,False,False,True,Default,Default,Default,Default,Default,.NET 6.0,Default,1,Default,Default,Default,Default,Default,Default,Default,Default,Default,16,Default,DotNetTips.Spargine.Extensions.BenchmarkTests,,934.1732 ns,18.3493 ns,35.3530 ns,5.2125 ns,945.5887 ns,829.0909 ns,940.2653 ns,950.5421 ns,963.7944 ns,"1,070,465.3",18.3493 ns,46.00,5.912,2.000,-2.1050,12,*,No,298 B,0.2394,-,"2,216 B"
'PropertiesToDictionary: PersonProper-Ignore Nulls',Job-SPYWVM,False,True,Default,Default,Default,Default,Default,1111,Empty,RyuJit,X64,8c5e7fda-e8bf-4a96-9a85-a6e23a8c635c,.NET 6.0,False,True,False,True,Default,Default,False,False,True,Default,Default,Default,Default,Default,.NET 6.0,Default,1,Default,Default,Default,Default,Default,Default,Default,Default,Default,16,Default,DotNetTips.Spargine.Extensions.BenchmarkTests,,"13,603.0829 ns",101.6990 ns,90.1535 ns,24.0945 ns,"13,617.7986 ns","13,386.4479 ns","13,556.3156 ns","13,666.4951 ns","13,725.0908 ns","73,512.7",101.6990 ns,14.00,2.950,2.000,-0.7862,19,*,No,"2,266 B",1.7395,-,"15,976 B"
'PropertiesToDictionary: PersonProper-With Nulls',Job-SPYWVM,False,True,Default,Default,Default,Default,Default,1111,Empty,RyuJit,X64,8c5e7fda-e8bf-4a96-9a85-a6e23a8c635c,.NET 6.0,False,True,False,True,Default,Default,False,False,True,Default,Default,Default,Default,Default,.NET 6.0,Default,1,Default,Default,Default,Default,Default,Default,Default,Default,Default,16,Default,DotNetTips.Spargine.Extensions.BenchmarkTests,,"13,640.5563 ns",169.1207 ns,158.1956 ns,40.8459 ns,"13,648.9807 ns","13,399.1241 ns","13,527.9449 ns","13,737.1849 ns","13,947.7448 ns","73,310.8",169.1207 ns,15.00,1.933,2.000,0.2884,19,*,No,"2,263 B",1.7548,-,"15,976 B"
'PropertiesToDictionary: PersonRecord-Ignore Nulls',Job-SPYWVM,False,True,Default,Default,Default,Default,Default,1111,Empty,RyuJit,X64,8c5e7fda-e8bf-4a96-9a85-a6e23a8c635c,.NET 6.0,False,True,False,True,Default,Default,False,False,True,Default,Default,Default,Default,Default,.NET 6.0,Default,1,Default,Default,Default,Default,Default,Default,Default,Default,Default,16,Default,DotNetTips.Spargine.Extensions.BenchmarkTests,,"19,645.7503 ns",362.8962 ns,445.6691 ns,95.0170 ns,"19,807.5897 ns","18,769.4672 ns","19,366.2491 ns","19,954.2419 ns","20,144.1925 ns","50,901.6",362.8962 ns,22.00,2.064,2.500,-0.8636,21,*,No,"2,266 B",2.3804,-,"22,098 B"
'PropertiesToDictionary: PersonRecord-With Nulls',Job-SPYWVM,False,True,Default,Default,Default,Default,Default,1111,Empty,RyuJit,X64,8c5e7fda-e8bf-4a96-9a85-a6e23a8c635c,.NET 6.0,False,True,False,True,Default,Default,False,False,True,Default,Default,Default,Default,Default,.NET 6.0,Default,1,Default,Default,Default,Default,Default,Default,Default,Default,Default,16,Default,DotNetTips.Spargine.Extensions.BenchmarkTests,,"18,843.0396 ns",316.6716 ns,296.2148 ns,76.4823 ns,"18,833.8104 ns","18,337.2498 ns","18,654.9774 ns","19,100.9430 ns","19,269.6594 ns","53,070.0",316.6716 ns,15.00,1.825,2.000,-0.1844,20,*,No,"2,263 B",2.4109,-,"22,098 B"
'PropertiesToString: PersonProper-Ignore Nulls',Job-SPYWVM,False,True,Default,Default,Default,Default,Default,1111,Empty,RyuJit,X64,8c5e7fda-e8bf-4a96-9a85-a6e23a8c635c,.NET 6.0,False,True,False,True,Default,Default,False,False,True,Default,Default,Default,Default,Default,.NET 6.0,Default,1,Default,Default,Default,Default,Default,Default,Default,Default,Default,16,Default,DotNetTips.Spargine.Extensions.BenchmarkTests,,"19,198.2138 ns",157.6384 ns,147.4550 ns,38.0727 ns,"19,225.1785 ns","18,993.9133 ns","19,056.6986 ns","19,319.9081 ns","19,446.6476 ns","52,088.2",157.6384 ns,15.00,1.484,2.000,-0.0079,20,*,No,437 B,3.1128,-,"28,545 B"
'PropertiesToString: PersonProper-With Nulls',Job-SPYWVM,False,True,Default,Default,Default,Default,Default,1111,Empty,RyuJit,X64,8c5e7fda-e8bf-4a96-9a85-a6e23a8c635c,.NET 6.0,False,True,False,True,Default,Default,False,False,True,Default,Default,Default,Default,Default,.NET 6.0,Default,1,Default,Default,Default,Default,Default,Default,Default,Default,Default,16,Default,DotNetTips.Spargine.Extensions.BenchmarkTests,,"19,182.3911 ns",151.8734 ns,142.0624 ns,36.6804 ns,"19,180.0003 ns","18,953.0167 ns","19,085.0296 ns","19,290.5472 ns","19,425.9018 ns","52,131.1",151.8734 ns,15.00,1.806,2.000,-0.0311,20,*,No,437 B,3.1128,-,"28,569 B"
'PropertiesToString: PersonRecord-Ignore Nulls',Job-SPYWVM,False,True,Default,Default,Default,Default,Default,1111,Empty,RyuJit,X64,8c5e7fda-e8bf-4a96-9a85-a6e23a8c635c,.NET 6.0,False,True,False,True,Default,Default,False,False,True,Default,Default,Default,Default,Default,.NET 6.0,Default,1,Default,Default,Default,Default,Default,Default,Default,Default,Default,16,Default,DotNetTips.Spargine.Extensions.BenchmarkTests,,"26,206.5087 ns",146.4292 ns,122.2750 ns,33.9130 ns,"26,170.9930 ns","25,964.2548 ns","26,133.1116 ns","26,329.9652 ns","26,393.9117 ns","38,158.5",146.4292 ns,13.00,1.992,2.000,-0.1380,22,*,No,437 B,4.5471,-,"41,421 B"
'PropertiesToString: PersonRecord-With Nulls',Job-SPYWVM,False,True,Default,Default,Default,Default,Default,1111,Empty,RyuJit,X64,8c5e7fda-e8bf-4a96-9a85-a6e23a8c635c,.NET 6.0,False,True,False,True,Default,Default,False,False,True,Default,Default,Default,Default,Default,.NET 6.0,Default,1,Default,Default,Default,Default,Default,Default,Default,Default,Default,16,Default,DotNetTips.Spargine.Extensions.BenchmarkTests,,"26,410.5784 ns",249.3871 ns,233.2768 ns,60.2318 ns,"26,427.2064 ns","26,003.0029 ns","26,265.1611 ns","26,574.8230 ns","26,836.2579 ns","37,863.6",249.3871 ns,15.00,2.035,2.000,-0.1823,22,*,No,437 B,4.5471,-,"41,195 B"
'StripNull: PersonProper',Job-SPYWVM,False,True,Default,Default,Default,Default,Default,1111,Empty,RyuJit,X64,8c5e7fda-e8bf-4a96-9a85-a6e23a8c635c,.NET 6.0,False,True,False,True,Default,Default,False,False,True,Default,Default,Default,Default,Default,.NET 6.0,Default,1,Default,Default,Default,Default,Default,Default,Default,Default,Default,16,Default,DotNetTips.Spargine.Extensions.BenchmarkTests,,9.2855 ns,0.1446 ns,0.1352 ns,0.0349 ns,9.2111 ns,9.1807 ns,9.1949 ns,9.3789 ns,9.5358 ns,"107,695,249.8",0.1446 ns,15.00,1.898,2.000,0.8940,6,*,No,91 B,-,-,0 B
'Testing Param for Null: != null',Job-SPYWVM,False,True,Default,Default,Default,Default,Default,1111,Empty,RyuJit,X64,8c5e7fda-e8bf-4a96-9a85-a6e23a8c635c,.NET 6.0,False,True,False,True,Default,Default,False,False,True,Default,Default,Default,Default,Default,.NET 6.0,Default,1,Default,Default,Default,Default,Default,Default,Default,Default,Default,16,Default,DotNetTips.Spargine.Extensions.BenchmarkTests,RefType,4.9739 ns,0.1050 ns,0.0931 ns,0.0249 ns,4.9945 ns,4.7848 ns,4.9362 ns,5.0555 ns,5.0808 ns,"201,049,594.5",0.1050 ns,14.00,2.044,2.000,-0.6016,3,*,No,48 B,0.0026,-,24 B
'Testing Param for Null: Validate.TryValidateNull()',Job-SPYWVM,False,True,Default,Default,Default,Default,Default,1111,Empty,RyuJit,X64,8c5e7fda-e8bf-4a96-9a85-a6e23a8c635c,.NET 6.0,False,True,False,True,Default,Default,False,False,True,Default,Default,Default,Default,Default,.NET 6.0,Default,1,Default,Default,Default,Default,Default,Default,Default,Default,Default,16,Default,DotNetTips.Spargine.Extensions.BenchmarkTests,RefType,5.9952 ns,0.1484 ns,0.3641 ns,0.0432 ns,6.0648 ns,4.6211 ns,5.9766 ns,6.2011 ns,6.3218 ns,"166,800,892.8",0.1484 ns,71.00,8.045,2.000,-2.3586,4,*,No,48 B,0.0026,-,24 B
'ToJson: PersonProper',Job-SPYWVM,False,True,Default,Default,Default,Default,Default,1111,Empty,RyuJit,X64,8c5e7fda-e8bf-4a96-9a85-a6e23a8c635c,.NET 6.0,False,True,False,True,Default,Default,False,False,True,Default,Default,Default,Default,Default,.NET 6.0,Default,1,Default,Default,Default,Default,Default,Default,Default,Default,Default,16,Default,DotNetTips.Spargine.Extensions.BenchmarkTests,"Serialization,JSON","1,596.2613 ns",20.4700 ns,19.1477 ns,4.9439 ns,"1,592.0645 ns","1,564.8041 ns","1,581.2022 ns","1,609.3782 ns","1,630.2973 ns","626,463.9",20.4700 ns,15.00,1.775,2.000,0.1613,13,*,No,306 B,0.1259,-,"1,144 B"
'ToJson: PersonRecord',Job-SPYWVM,False,True,Default,Default,Default,Default,Default,1111,Empty,RyuJit,X64,8c5e7fda-e8bf-4a96-9a85-a6e23a8c635c,.NET 6.0,False,True,False,True,Default,Default,False,False,True,Default,Default,Default,Default,Default,.NET 6.0,Default,1,Default,Default,Default,Default,Default,Default,Default,Default,Default,16,Default,DotNetTips.Spargine.Extensions.BenchmarkTests,"Serialization,JSON","2,090.1399 ns",21.2194 ns,18.8104 ns,5.0273 ns,"2,086.1797 ns","2,054.9778 ns","2,079.4341 ns","2,098.7841 ns","2,132.6683 ns","478,436.9",21.2194 ns,14.00,2.990,2.000,0.4575,14,*,No,306 B,0.1907,-,"1,744 B"
'TryDispose: PersonProper',Job-SPYWVM,False,True,Default,Default,Default,Default,Default,1111,Empty,RyuJit,X64,8c5e7fda-e8bf-4a96-9a85-a6e23a8c635c,.NET 6.0,False,True,False,True,Default,Default,False,False,True,Default,Default,Default,Default,Default,.NET 6.0,Default,1,Default,Default,Default,Default,Default,Default,Default,Default,Default,16,Default,DotNetTips.Spargine.Extensions.BenchmarkTests,RefType,468.5177 ns,7.1308 ns,6.6701 ns,1.7222 ns,465.9204 ns,461.6243 ns,463.5520 ns,473.8061 ns,484.6820 ns,"2,134,391.0",7.1308 ns,15.00,2.745,2.000,0.9010,11,*,No,"1,261 B",0.3190,0.0010,"2,920 B"
FromJson,Job-SPYWVM,False,True,Default,Default,Default,Default,Default,1111,Empty,RyuJit,X64,8c5e7fda-e8bf-4a96-9a85-a6e23a8c635c,.NET 6.0,False,True,False,True,Default,Default,False,False,True,Default,Default,Default,Default,Default,.NET 6.0,Default,1,Default,Default,Default,Default,Default,Default,Default,Default,Default,16,Default,DotNetTips.Spargine.Extensions.BenchmarkTests,,"2,482.6238 ns",14.5235 ns,12.8747 ns,3.4409 ns,"2,483.4568 ns","2,455.8636 ns","2,478.2604 ns","2,490.5928 ns","2,502.6512 ns","402,799.6",14.5235 ns,14.00,2.536,2.000,-0.5379,15,*,No,192 B,0.0954,-,912 B
