{
   "Title":"DotNetTips.Spargine.Core.BenchmarkTests.TypeHelperBenchmark-20220529-121934",
   "HostEnvironmentInfo":{
      "BenchmarkDotNetCaption":"BenchmarkDotNet",
      "BenchmarkDotNetVersion":"0.13.1",
      "OsVersion":"Windows 10.0.19044.1706 (21H2)",
      "ProcessorName":"Intel Core i7-7660U CPU 2.50GHz (Kaby Lake)",
      "PhysicalProcessorCount":1,
      "PhysicalCoreCount":2,
      "LogicalCoreCount":4,
      "RuntimeVersion":".NET 6.0.5 (6.0.522.21309)",
      "Architecture":"X64",
      "HasAttachedDebugger":false,
      "HasRyuJit":true,
      "Configuration":"RELEASE",
      "DotNetCliVersion":"6.0.300",
      "ChronometerFrequency":{
         "Hertz":10000000
      },
      "HardwareTimerKind":"Unknown"
   },
   "Benchmarks":[
      {
         "DisplayInfo":"TypeHelperBenchmark.'Looping Collection: Normal StringBuilder': Job-XJCAYH(EvaluateOverhead=True, Server=True, Toolchain=.NET 6.0)",
         "Namespace":"DotNetTips.Spargine.Core.BenchmarkTests",
         "Type":"TypeHelperBenchmark",
         "Method":"CreateStringBuilder01",
         "MethodTitle":"'Looping Collection: Normal StringBuilder'",
         "Parameters":"",
         "FullName":"DotNetTips.Spargine.Core.BenchmarkTests.TypeHelperBenchmark.CreateStringBuilder01",
         "Statistics":{
            "OriginalValues":[
               5136.640930175781,5147.901916503906,5031.871795654297,5070.073699951172,5174.037170410156,4982.420349121094,5174.365997314453,5095.746612548828,4935.095977783203,5132.093811035156,5148.857879638672,4976.648712158203,5119.678497314453,5120.539855957031,4957.532501220703
            ],
            "N":15,
            "Min":4935.095977783203,
            "LowerFence":4804.458045959473,
            "Q1":5007.146072387695,
            "Median":5119.678497314453,
            "Mean":5080.233713785808,
            "Q3":5142.271423339844,
            "UpperFence":5344.959449768066,
            "Max":5174.365997314453,
            "InterquartileRange":135.12535095214844,
            "LowerOutliers":[
               
            ],
            "UpperOutliers":[
               
            ],
            "AllOutliers":[
               
            ],
            "StandardError":21.280503568565234,
            "Variance":6792.897481975766,
            "StandardDeviation":82.41903591996066,
            "Skewness":-0.5148938656465661,
            "Kurtosis":1.5951829983032226,
            "ConfidenceInterval":{
               "N":15,
               "Mean":5080.233713785808,
               "StandardError":21.280503568565234,
               "Level":12,
               "Margin":88.11094852685844,
               "Lower":4992.12276525895,
               "Upper":5168.344662312666
            },
            "Percentiles":{
               "P0":4935.095977783203,
               "P25":5007.146072387695,
               "P50":5119.678497314453,
               "P67":5133.821716308594,
               "P80":5148.093109130859,
               "P85":5148.762283325195,
               "P90":5163.9654541015625,
               "P95":5174.135818481445,
               "P100":5174.365997314453
            }
         },
         "Memory":{
            "Gen0Collections":154,
            "Gen1Collections":1,
            "Gen2Collections":0,
            "TotalOperations":131072
         },
         "Measurements":[
            {
               "IterationMode":"Overhead",
               "IterationStage":"Jitting",
               "LaunchIndex":1,
               "IterationIndex":1,
               "Operations":1,
               "Nanoseconds":232400
            },{
               "IterationMode":"Workload",
               "IterationStage":"Jitting",
               "LaunchIndex":1,
               "IterationIndex":1,
               "Operations":1,
               "Nanoseconds":1203400
            },{
               "IterationMode":"Overhead",
               "IterationStage":"Jitting",
               "LaunchIndex":1,
               "IterationIndex":2,
               "Operations":16,
               "Nanoseconds":212800
            },{
               "IterationMode":"Workload",
               "IterationStage":"Jitting",
               "LaunchIndex":1,
               "IterationIndex":2,
               "Operations":16,
               "Nanoseconds":379700
            },{
               "IterationMode":"Workload",
               "IterationStage":"Pilot",
               "LaunchIndex":1,
               "IterationIndex":1,
               "Operations":16,
               "Nanoseconds":146700
            },{
               "IterationMode":"Workload",
               "IterationStage":"Pilot",
               "LaunchIndex":1,
               "IterationIndex":2,
               "Operations":32,
               "Nanoseconds":223900
            },{
               "IterationMode":"Workload",
               "IterationStage":"Pilot",
               "LaunchIndex":1,
               "IterationIndex":3,
               "Operations":64,
               "Nanoseconds":520000
            },{
               "IterationMode":"Workload",
               "IterationStage":"Pilot",
               "LaunchIndex":1,
               "IterationIndex":4,
               "Operations":128,
               "Nanoseconds":946900
            },{
               "IterationMode":"Workload",
               "IterationStage":"Pilot",
               "LaunchIndex":1,
               "IterationIndex":5,
               "Operations":256,
               "Nanoseconds":1799300
            },{
               "IterationMode":"Workload",
               "IterationStage":"Pilot",
               "LaunchIndex":1,
               "IterationIndex":6,
               "Operations":512,
               "Nanoseconds":3673600
            },{
               "IterationMode":"Workload",
               "IterationStage":"Pilot",
               "LaunchIndex":1,
               "IterationIndex":7,
               "Operations":1024,
               "Nanoseconds":7058200
            },{
               "IterationMode":"Workload",
               "IterationStage":"Pilot",
               "LaunchIndex":1,
               "IterationIndex":8,
               "Operations":2048,
               "Nanoseconds":13002400
            },{
               "IterationMode":"Workload",
               "IterationStage":"Pilot",
               "LaunchIndex":1,
               "IterationIndex":9,
               "Operations":4096,
               "Nanoseconds":24430500
            },{
               "IterationMode":"Workload",
               "IterationStage":"Pilot",
               "LaunchIndex":1,
               "IterationIndex":10,
               "Operations":8192,
               "Nanoseconds":48670800
            },{
               "IterationMode":"Workload",
               "IterationStage":"Pilot",
               "LaunchIndex":1,
               "IterationIndex":11,
               "Operations":16384,
               "Nanoseconds":95307300
            },{
               "IterationMode":"Workload",
               "IterationStage":"Pilot",
               "LaunchIndex":1,
               "IterationIndex":12,
               "Operations":32768,
               "Nanoseconds":163387600
            },{
               "IterationMode":"Workload",
               "IterationStage":"Pilot",
               "LaunchIndex":1,
               "IterationIndex":13,
               "Operations":65536,
               "Nanoseconds":328232100
            },{
               "IterationMode":"Workload",
               "IterationStage":"Pilot",
               "LaunchIndex":1,
               "IterationIndex":14,
               "Operations":131072,
               "Nanoseconds":656378000
            },{
               "IterationMode":"Overhead",
               "IterationStage":"Warmup",
               "LaunchIndex":1,
               "IterationIndex":1,
               "Operations":131072,
               "Nanoseconds":243200
            },{
               "IterationMode":"Overhead",
               "IterationStage":"Warmup",
               "LaunchIndex":1,
               "IterationIndex":2,
               "Operations":131072,
               "Nanoseconds":248700
            },{
               "IterationMode":"Overhead",
               "IterationStage":"Warmup",
               "LaunchIndex":1,
               "IterationIndex":3,
               "Operations":131072,
               "Nanoseconds":325300
            },{
               "IterationMode":"Overhead",
               "IterationStage":"Warmup",
               "LaunchIndex":1,
               "IterationIndex":4,
               "Operations":131072,
               "Nanoseconds":259700
            },{
               "IterationMode":"Overhead",
               "IterationStage":"Warmup",
               "LaunchIndex":1,
               "IterationIndex":5,
               "Operations":131072,
               "Nanoseconds":248700
            },{
               "IterationMode":"Overhead",
               "IterationStage":"Warmup",
               "LaunchIndex":1,
               "IterationIndex":6,
               "Operations":131072,
               "Nanoseconds":252500
            },{
               "IterationMode":"Overhead",
               "IterationStage":"Warmup",
               "LaunchIndex":1,
               "IterationIndex":7,
               "Operations":131072,
               "Nanoseconds":252200
            },{
               "IterationMode":"Overhead",
               "IterationStage":"Actual",
               "LaunchIndex":1,
               "IterationIndex":1,
               "Operations":131072,
               "Nanoseconds":230300
            },{
               "IterationMode":"Overhead",
               "IterationStage":"Actual",
               "LaunchIndex":1,
               "IterationIndex":2,
               "Operations":131072,
               "Nanoseconds":249900
            },{
               "IterationMode":"Overhead",
               "IterationStage":"Actual",
               "LaunchIndex":1,
               "IterationIndex":3,
               "Operations":131072,
               "Nanoseconds":247500
            },{
               "IterationMode":"Overhead",
               "IterationStage":"Actual",
               "LaunchIndex":1,
               "IterationIndex":4,
               "Operations":131072,
               "Nanoseconds":245200
            },{
               "IterationMode":"Overhead",
               "IterationStage":"Actual",
               "LaunchIndex":1,
               "IterationIndex":5,
               "Operations":131072,
               "Nanoseconds":245000
            },{
               "IterationMode":"Overhead",
               "IterationStage":"Actual",
               "LaunchIndex":1,
               "IterationIndex":6,
               "Operations":131072,
               "Nanoseconds":260400
            },{
               "IterationMode":"Overhead",
               "IterationStage":"Actual",
               "LaunchIndex":1,
               "IterationIndex":7,
               "Operations":131072,
               "Nanoseconds":253000
            },{
               "IterationMode":"Overhead",
               "IterationStage":"Actual",
               "LaunchIndex":1,
               "IterationIndex":8,
               "Operations":131072,
               "Nanoseconds":251300
            },{
               "IterationMode":"Overhead",
               "IterationStage":"Actual",
               "LaunchIndex":1,
               "IterationIndex":9,
               "Operations":131072,
               "Nanoseconds":252400
            },{
               "IterationMode":"Overhead",
               "IterationStage":"Actual",
               "LaunchIndex":1,
               "IterationIndex":10,
               "Operations":131072,
               "Nanoseconds":257900
            },{
               "IterationMode":"Overhead",
               "IterationStage":"Actual",
               "LaunchIndex":1,
               "IterationIndex":11,
               "Operations":131072,
               "Nanoseconds":253800
            },{
               "IterationMode":"Overhead",
               "IterationStage":"Actual",
               "LaunchIndex":1,
               "IterationIndex":12,
               "Operations":131072,
               "Nanoseconds":292900
            },{
               "IterationMode":"Overhead",
               "IterationStage":"Actual",
               "LaunchIndex":1,
               "IterationIndex":13,
               "Operations":131072,
               "Nanoseconds":288000
            },{
               "IterationMode":"Overhead",
               "IterationStage":"Actual",
               "LaunchIndex":1,
               "IterationIndex":14,
               "Operations":131072,
               "Nanoseconds":259700
            },{
               "IterationMode":"Overhead",
               "IterationStage":"Actual",
               "LaunchIndex":1,
               "IterationIndex":15,
               "Operations":131072,
               "Nanoseconds":339100
            },{
               "IterationMode":"Workload",
               "IterationStage":"Warmup",
               "LaunchIndex":1,
               "IterationIndex":1,
               "Operations":131072,
               "Nanoseconds":681528400
            },{
               "IterationMode":"Workload",
               "IterationStage":"Warmup",
               "LaunchIndex":1,
               "IterationIndex":2,
               "Operations":131072,
               "Nanoseconds":674284300
            },{
               "IterationMode":"Workload",
               "IterationStage":"Warmup",
               "LaunchIndex":1,
               "IterationIndex":3,
               "Operations":131072,
               "Nanoseconds":658964200
            },{
               "IterationMode":"Workload",
               "IterationStage":"Warmup",
               "LaunchIndex":1,
               "IterationIndex":4,
               "Operations":131072,
               "Nanoseconds":674027200
            },{
               "IterationMode":"Workload",
               "IterationStage":"Warmup",
               "LaunchIndex":1,
               "IterationIndex":5,
               "Operations":131072,
               "Nanoseconds":652996500
            },{
               "IterationMode":"Workload",
               "IterationStage":"Warmup",
               "LaunchIndex":1,
               "IterationIndex":6,
               "Operations":131072,
               "Nanoseconds":661881200
            },{
               "IterationMode":"Workload",
               "IterationStage":"Warmup",
               "LaunchIndex":1,
               "IterationIndex":7,
               "Operations":131072,
               "Nanoseconds":671220700
            },{
               "IterationMode":"Workload",
               "IterationStage":"Warmup",
               "LaunchIndex":1,
               "IterationIndex":8,
               "Operations":131072,
               "Nanoseconds":655641800
            },{
               "IterationMode":"Workload",
               "IterationStage":"Actual",
               "LaunchIndex":1,
               "IterationIndex":1,
               "Operations":131072,
               "Nanoseconds":673522800
            },{
               "IterationMode":"Workload",
               "IterationStage":"Actual",
               "LaunchIndex":1,
               "IterationIndex":2,
               "Operations":131072,
               "Nanoseconds":674998800
            },{
               "IterationMode":"Workload",
               "IterationStage":"Actual",
               "LaunchIndex":1,
               "IterationIndex":3,
               "Operations":131072,
               "Nanoseconds":659790500
            },{
               "IterationMode":"Workload",
               "IterationStage":"Actual",
               "LaunchIndex":1,
               "IterationIndex":4,
               "Operations":131072,
               "Nanoseconds":664797700
            },{
               "IterationMode":"Workload",
               "IterationStage":"Actual",
               "LaunchIndex":1,
               "IterationIndex":5,
               "Operations":131072,
               "Nanoseconds":678424400
            },{
               "IterationMode":"Workload",
               "IterationStage":"Actual",
               "LaunchIndex":1,
               "IterationIndex":6,
               "Operations":131072,
               "Nanoseconds":653308800
            },{
               "IterationMode":"Workload",
               "IterationStage":"Actual",
               "LaunchIndex":1,
               "IterationIndex":7,
               "Operations":131072,
               "Nanoseconds":678467500
            },{
               "IterationMode":"Workload",
               "IterationStage":"Actual",
               "LaunchIndex":1,
               "IterationIndex":8,
               "Operations":131072,
               "Nanoseconds":668162700
            },{
               "IterationMode":"Workload",
               "IterationStage":"Actual",
               "LaunchIndex":1,
               "IterationIndex":9,
               "Operations":131072,
               "Nanoseconds":647105900
            },{
               "IterationMode":"Workload",
               "IterationStage":"Actual",
               "LaunchIndex":1,
               "IterationIndex":10,
               "Operations":131072,
               "Nanoseconds":672926800
            },{
               "IterationMode":"Workload",
               "IterationStage":"Actual",
               "LaunchIndex":1,
               "IterationIndex":11,
               "Operations":131072,
               "Nanoseconds":675124100
            },{
               "IterationMode":"Workload",
               "IterationStage":"Actual",
               "LaunchIndex":1,
               "IterationIndex":12,
               "Operations":131072,
               "Nanoseconds":652552300
            },{
               "IterationMode":"Workload",
               "IterationStage":"Actual",
               "LaunchIndex":1,
               "IterationIndex":13,
               "Operations":131072,
               "Nanoseconds":671299500
            },{
               "IterationMode":"Workload",
               "IterationStage":"Actual",
               "LaunchIndex":1,
               "IterationIndex":14,
               "Operations":131072,
               "Nanoseconds":671412400
            },{
               "IterationMode":"Workload",
               "IterationStage":"Actual",
               "LaunchIndex":1,
               "IterationIndex":15,
               "Operations":131072,
               "Nanoseconds":650046700
            },{
               "IterationMode":"Workload",
               "IterationStage":"Result",
               "LaunchIndex":1,
               "IterationIndex":1,
               "Operations":131072,
               "Nanoseconds":673269800
            },{
               "IterationMode":"Workload",
               "IterationStage":"Result",
               "LaunchIndex":1,
               "IterationIndex":2,
               "Operations":131072,
               "Nanoseconds":674745800
            },{
               "IterationMode":"Workload",
               "IterationStage":"Result",
               "LaunchIndex":1,
               "IterationIndex":3,
               "Operations":131072,
               "Nanoseconds":659537500
            },{
               "IterationMode":"Workload",
               "IterationStage":"Result",
               "LaunchIndex":1,
               "IterationIndex":4,
               "Operations":131072,
               "Nanoseconds":664544700
            },{
               "IterationMode":"Workload",
               "IterationStage":"Result",
               "LaunchIndex":1,
               "IterationIndex":5,
               "Operations":131072,
               "Nanoseconds":678171400
            },{
               "IterationMode":"Workload",
               "IterationStage":"Result",
               "LaunchIndex":1,
               "IterationIndex":6,
               "Operations":131072,
               "Nanoseconds":653055800
            },{
               "IterationMode":"Workload",
               "IterationStage":"Result",
               "LaunchIndex":1,
               "IterationIndex":7,
               "Operations":131072,
               "Nanoseconds":678214500
            },{
               "IterationMode":"Workload",
               "IterationStage":"Result",
               "LaunchIndex":1,
               "IterationIndex":8,
               "Operations":131072,
               "Nanoseconds":667909700
            },{
               "IterationMode":"Workload",
               "IterationStage":"Result",
               "LaunchIndex":1,
               "IterationIndex":9,
               "Operations":131072,
               "Nanoseconds":646852900
            },{
               "IterationMode":"Workload",
               "IterationStage":"Result",
               "LaunchIndex":1,
               "IterationIndex":10,
               "Operations":131072,
               "Nanoseconds":672673800
            },{
               "IterationMode":"Workload",
               "IterationStage":"Result",
               "LaunchIndex":1,
               "IterationIndex":11,
               "Operations":131072,
               "Nanoseconds":674871100
            },{
               "IterationMode":"Workload",
               "IterationStage":"Result",
               "LaunchIndex":1,
               "IterationIndex":12,
               "Operations":131072,
               "Nanoseconds":652299300
            },{
               "IterationMode":"Workload",
               "IterationStage":"Result",
               "LaunchIndex":1,
               "IterationIndex":13,
               "Operations":131072,
               "Nanoseconds":671046500
            },{
               "IterationMode":"Workload",
               "IterationStage":"Result",
               "LaunchIndex":1,
               "IterationIndex":14,
               "Operations":131072,
               "Nanoseconds":671159400
            },{
               "IterationMode":"Workload",
               "IterationStage":"Result",
               "LaunchIndex":1,
               "IterationIndex":15,
               "Operations":131072,
               "Nanoseconds":649793700
            }
         ],
         "Metrics":[
            {
               "Value":1.1749267578125,
               "Descriptor":{
                  "Id":"Gen0Collects",
                  "DisplayName":"Gen 0",
                  "Legend":"GC Generation 0 collects per 1000 operations",
                  "NumberFormat":"#0.0000",
                  "UnitType":0,
                  "Unit":"Count",
                  "TheGreaterTheBetter":false,
                  "PriorityInCategory":0
               }
            },{
               "Value":0.00762939453125,
               "Descriptor":{
                  "Id":"Gen1Collects",
                  "DisplayName":"Gen 1",
                  "Legend":"GC Generation 1 collects per 1000 operations",
                  "NumberFormat":"#0.0000",
                  "UnitType":0,
                  "Unit":"Count",
                  "TheGreaterTheBetter":false,
                  "PriorityInCategory":1
               }
            },{
               "Value":10784,
               "Descriptor":{
                  "Id":"Allocated Memory",
                  "DisplayName":"Allocated",
                  "Legend":"Allocated memory per single operation (managed only, inclusive, 1KB = 1024B)",
                  "NumberFormat":"N0",
                  "UnitType":2,
                  "Unit":"B",
                  "TheGreaterTheBetter":false,
                  "PriorityInCategory":3
               }
            },{
               "Value":3090,
               "Descriptor":{
                  "Id":"Native Code Size",
                  "DisplayName":"Code Size",
                  "Legend":"Native code size of the disassembled method(s)",
                  "NumberFormat":"N0",
                  "UnitType":2,
                  "Unit":"B",
                  "TheGreaterTheBetter":false,
                  "PriorityInCategory":0
               }
            }
         ]
      },{
         "DisplayInfo":"TypeHelperBenchmark.GetPropertyValues: Job-XJCAYH(EvaluateOverhead=True, Server=True, Toolchain=.NET 6.0)",
         "Namespace":"DotNetTips.Spargine.Core.BenchmarkTests",
         "Type":"TypeHelperBenchmark",
         "Method":"GetPropertyValues01",
         "MethodTitle":"GetPropertyValues",
         "Parameters":"",
         "FullName":"DotNetTips.Spargine.Core.BenchmarkTests.TypeHelperBenchmark.GetPropertyValues01",
         "Statistics":{
            "OriginalValues":[
               34571.03576660156,34620.72448730469,34147.90954589844,34502.82897949219,34491.09802246094,34510.88562011719,34472.58605957031,34530.60607910156,34160.23864746094,34478.01208496094,34789.98718261719,34653.17077636719
            ],
            "N":12,
            "Min":34147.90954589844,
            "LowerFence":34316.45202636719,
            "Q1":34476.65557861328,
            "Median":34506.85729980469,
            "Mean":34494.090270996094,
            "Q3":34583.457946777344,
            "UpperFence":34743.66149902344,
            "Max":34789.98718261719,
            "InterquartileRange":106.8023681640625,
            "LowerOutliers":[
               34147.90954589844,34160.23864746094
            ],
            "UpperOutliers":[
               34789.98718261719
            ],
            "AllOutliers":[
               34147.90954589844,34160.23864746094,34789.98718261719
            ],
            "StandardError":52.83896133698915,
            "Variance":33503.47002206201,
            "StandardDeviation":183.03953130966548,
            "Skewness":-0.6283156434574666,
            "Kurtosis":2.6270036391960736,
            "ConfidenceInterval":{
               "N":12,
               "Mean":34494.090270996094,
               "StandardError":52.83896133698915,
               "Level":12,
               "Margin":234.44537970163398,
               "Lower":34259.64489129446,
               "Upper":34728.535650697726
            },
            "Percentiles":{
               "P0":34147.90954589844,
               "P25":34476.65557861328,
               "P50":34506.85729980469,
               "P67":34545.56506347656,
               "P80":34610.78674316406,
               "P85":34632.08068847656,
               "P90":34649.92614746094,
               "P95":34714.73815917969,
               "P100":34789.98718261719
            }
         },
         "Memory":{
            "Gen0Collections":11,
            "Gen1Collections":0,
            "Gen2Collections":0,
            "TotalOperations":16384
         },
         "Measurements":[
            {
               "IterationMode":"Overhead",
               "IterationStage":"Jitting",
               "LaunchIndex":1,
               "IterationIndex":1,
               "Operations":1,
               "Nanoseconds":240800
            },{
               "IterationMode":"Workload",
               "IterationStage":"Jitting",
               "LaunchIndex":1,
               "IterationIndex":1,
               "Operations":1,
               "Nanoseconds":10995800
            },{
               "IterationMode":"Overhead",
               "IterationStage":"Jitting",
               "LaunchIndex":1,
               "IterationIndex":2,
               "Operations":16,
               "Nanoseconds":208600
            },{
               "IterationMode":"Workload",
               "IterationStage":"Jitting",
               "LaunchIndex":1,
               "IterationIndex":2,
               "Operations":16,
               "Nanoseconds":1546100
            },{
               "IterationMode":"Workload",
               "IterationStage":"Pilot",
               "LaunchIndex":1,
               "IterationIndex":1,
               "Operations":16,
               "Nanoseconds":996200
            },{
               "IterationMode":"Workload",
               "IterationStage":"Pilot",
               "LaunchIndex":1,
               "IterationIndex":2,
               "Operations":32,
               "Nanoseconds":1939400
            },{
               "IterationMode":"Workload",
               "IterationStage":"Pilot",
               "LaunchIndex":1,
               "IterationIndex":3,
               "Operations":64,
               "Nanoseconds":3879800
            },{
               "IterationMode":"Workload",
               "IterationStage":"Pilot",
               "LaunchIndex":1,
               "IterationIndex":4,
               "Operations":128,
               "Nanoseconds":7059700
            },{
               "IterationMode":"Workload",
               "IterationStage":"Pilot",
               "LaunchIndex":1,
               "IterationIndex":5,
               "Operations":256,
               "Nanoseconds":13268200
            },{
               "IterationMode":"Workload",
               "IterationStage":"Pilot",
               "LaunchIndex":1,
               "IterationIndex":6,
               "Operations":512,
               "Nanoseconds":27152900
            },{
               "IterationMode":"Workload",
               "IterationStage":"Pilot",
               "LaunchIndex":1,
               "IterationIndex":7,
               "Operations":1024,
               "Nanoseconds":51781700
            },{
               "IterationMode":"Workload",
               "IterationStage":"Pilot",
               "LaunchIndex":1,
               "IterationIndex":8,
               "Operations":2048,
               "Nanoseconds":96552000
            },{
               "IterationMode":"Workload",
               "IterationStage":"Pilot",
               "LaunchIndex":1,
               "IterationIndex":9,
               "Operations":4096,
               "Nanoseconds":166874600
            },{
               "IterationMode":"Workload",
               "IterationStage":"Pilot",
               "LaunchIndex":1,
               "IterationIndex":10,
               "Operations":8192,
               "Nanoseconds":307763200
            },{
               "IterationMode":"Workload",
               "IterationStage":"Pilot",
               "LaunchIndex":1,
               "IterationIndex":11,
               "Operations":16384,
               "Nanoseconds":586295900
            },{
               "IterationMode":"Overhead",
               "IterationStage":"Warmup",
               "LaunchIndex":1,
               "IterationIndex":1,
               "Operations":16384,
               "Nanoseconds":33800
            },{
               "IterationMode":"Overhead",
               "IterationStage":"Warmup",
               "LaunchIndex":1,
               "IterationIndex":2,
               "Operations":16384,
               "Nanoseconds":32000
            },{
               "IterationMode":"Overhead",
               "IterationStage":"Warmup",
               "LaunchIndex":1,
               "IterationIndex":3,
               "Operations":16384,
               "Nanoseconds":35200
            },{
               "IterationMode":"Overhead",
               "IterationStage":"Warmup",
               "LaunchIndex":1,
               "IterationIndex":4,
               "Operations":16384,
               "Nanoseconds":39200
            },{
               "IterationMode":"Overhead",
               "IterationStage":"Warmup",
               "LaunchIndex":1,
               "IterationIndex":5,
               "Operations":16384,
               "Nanoseconds":42800
            },{
               "IterationMode":"Overhead",
               "IterationStage":"Warmup",
               "LaunchIndex":1,
               "IterationIndex":6,
               "Operations":16384,
               "Nanoseconds":42500
            },{
               "IterationMode":"Overhead",
               "IterationStage":"Warmup",
               "LaunchIndex":1,
               "IterationIndex":7,
               "Operations":16384,
               "Nanoseconds":39600
            },{
               "IterationMode":"Overhead",
               "IterationStage":"Warmup",
               "LaunchIndex":1,
               "IterationIndex":8,
               "Operations":16384,
               "Nanoseconds":38200
            },{
               "IterationMode":"Overhead",
               "IterationStage":"Warmup",
               "LaunchIndex":1,
               "IterationIndex":9,
               "Operations":16384,
               "Nanoseconds":39100
            },{
               "IterationMode":"Overhead",
               "IterationStage":"Warmup",
               "LaunchIndex":1,
               "IterationIndex":10,
               "Operations":16384,
               "Nanoseconds":38000
            },{
               "IterationMode":"Overhead",
               "IterationStage":"Actual",
               "LaunchIndex":1,
               "IterationIndex":1,
               "Operations":16384,
               "Nanoseconds":32100
            },{
               "IterationMode":"Overhead",
               "IterationStage":"Actual",
               "LaunchIndex":1,
               "IterationIndex":2,
               "Operations":16384,
               "Nanoseconds":32100
            },{
               "IterationMode":"Overhead",
               "IterationStage":"Actual",
               "LaunchIndex":1,
               "IterationIndex":3,
               "Operations":16384,
               "Nanoseconds":33300
            },{
               "IterationMode":"Overhead",
               "IterationStage":"Actual",
               "LaunchIndex":1,
               "IterationIndex":4,
               "Operations":16384,
               "Nanoseconds":32200
            },{
               "IterationMode":"Overhead",
               "IterationStage":"Actual",
               "LaunchIndex":1,
               "IterationIndex":5,
               "Operations":16384,
               "Nanoseconds":32200
            },{
               "IterationMode":"Overhead",
               "IterationStage":"Actual",
               "LaunchIndex":1,
               "IterationIndex":6,
               "Operations":16384,
               "Nanoseconds":38100
            },{
               "IterationMode":"Overhead",
               "IterationStage":"Actual",
               "LaunchIndex":1,
               "IterationIndex":7,
               "Operations":16384,
               "Nanoseconds":41900
            },{
               "IterationMode":"Overhead",
               "IterationStage":"Actual",
               "LaunchIndex":1,
               "IterationIndex":8,
               "Operations":16384,
               "Nanoseconds":36500
            },{
               "IterationMode":"Overhead",
               "IterationStage":"Actual",
               "LaunchIndex":1,
               "IterationIndex":9,
               "Operations":16384,
               "Nanoseconds":36800
            },{
               "IterationMode":"Overhead",
               "IterationStage":"Actual",
               "LaunchIndex":1,
               "IterationIndex":10,
               "Operations":16384,
               "Nanoseconds":36900
            },{
               "IterationMode":"Overhead",
               "IterationStage":"Actual",
               "LaunchIndex":1,
               "IterationIndex":11,
               "Operations":16384,
               "Nanoseconds":39600
            },{
               "IterationMode":"Overhead",
               "IterationStage":"Actual",
               "LaunchIndex":1,
               "IterationIndex":12,
               "Operations":16384,
               "Nanoseconds":35600
            },{
               "IterationMode":"Overhead",
               "IterationStage":"Actual",
               "LaunchIndex":1,
               "IterationIndex":13,
               "Operations":16384,
               "Nanoseconds":38600
            },{
               "IterationMode":"Overhead",
               "IterationStage":"Actual",
               "LaunchIndex":1,
               "IterationIndex":14,
               "Operations":16384,
               "Nanoseconds":40500
            },{
               "IterationMode":"Overhead",
               "IterationStage":"Actual",
               "LaunchIndex":1,
               "IterationIndex":15,
               "Operations":16384,
               "Nanoseconds":33000
            },{
               "IterationMode":"Overhead",
               "IterationStage":"Actual",
               "LaunchIndex":1,
               "IterationIndex":16,
               "Operations":16384,
               "Nanoseconds":59500
            },{
               "IterationMode":"Overhead",
               "IterationStage":"Actual",
               "LaunchIndex":1,
               "IterationIndex":17,
               "Operations":16384,
               "Nanoseconds":42400
            },{
               "IterationMode":"Overhead",
               "IterationStage":"Actual",
               "LaunchIndex":1,
               "IterationIndex":18,
               "Operations":16384,
               "Nanoseconds":32200
            },{
               "IterationMode":"Overhead",
               "IterationStage":"Actual",
               "LaunchIndex":1,
               "IterationIndex":19,
               "Operations":16384,
               "Nanoseconds":37800
            },{
               "IterationMode":"Overhead",
               "IterationStage":"Actual",
               "LaunchIndex":1,
               "IterationIndex":20,
               "Operations":16384,
               "Nanoseconds":41500
            },{
               "IterationMode":"Workload",
               "IterationStage":"Warmup",
               "LaunchIndex":1,
               "IterationIndex":1,
               "Operations":16384,
               "Nanoseconds":570967100
            },{
               "IterationMode":"Workload",
               "IterationStage":"Warmup",
               "LaunchIndex":1,
               "IterationIndex":2,
               "Operations":16384,
               "Nanoseconds":545487800
            },{
               "IterationMode":"Workload",
               "IterationStage":"Warmup",
               "LaunchIndex":1,
               "IterationIndex":3,
               "Operations":16384,
               "Nanoseconds":542325000
            },{
               "IterationMode":"Workload",
               "IterationStage":"Warmup",
               "LaunchIndex":1,
               "IterationIndex":4,
               "Operations":16384,
               "Nanoseconds":540186800
            },{
               "IterationMode":"Workload",
               "IterationStage":"Warmup",
               "LaunchIndex":1,
               "IterationIndex":5,
               "Operations":16384,
               "Nanoseconds":535827900
            },{
               "IterationMode":"Workload",
               "IterationStage":"Warmup",
               "LaunchIndex":1,
               "IterationIndex":6,
               "Operations":16384,
               "Nanoseconds":544843500
            },{
               "IterationMode":"Workload",
               "IterationStage":"Warmup",
               "LaunchIndex":1,
               "IterationIndex":7,
               "Operations":16384,
               "Nanoseconds":533031100
            },{
               "IterationMode":"Workload",
               "IterationStage":"Warmup",
               "LaunchIndex":1,
               "IterationIndex":8,
               "Operations":16384,
               "Nanoseconds":543479000
            },{
               "IterationMode":"Workload",
               "IterationStage":"Warmup",
               "LaunchIndex":1,
               "IterationIndex":9,
               "Operations":16384,
               "Nanoseconds":542027800
            },{
               "IterationMode":"Workload",
               "IterationStage":"Actual",
               "LaunchIndex":1,
               "IterationIndex":1,
               "Operations":16384,
               "Nanoseconds":582659500
            },{
               "IterationMode":"Workload",
               "IterationStage":"Actual",
               "LaunchIndex":1,
               "IterationIndex":2,
               "Operations":16384,
               "Nanoseconds":607400700
            },{
               "IterationMode":"Workload",
               "IterationStage":"Actual",
               "LaunchIndex":1,
               "IterationIndex":3,
               "Operations":16384,
               "Nanoseconds":566448700
            },{
               "IterationMode":"Workload",
               "IterationStage":"Actual",
               "LaunchIndex":1,
               "IterationIndex":4,
               "Operations":16384,
               "Nanoseconds":567262800
            },{
               "IterationMode":"Workload",
               "IterationStage":"Actual",
               "LaunchIndex":1,
               "IterationIndex":5,
               "Operations":16384,
               "Nanoseconds":559516200
            },{
               "IterationMode":"Workload",
               "IterationStage":"Actual",
               "LaunchIndex":1,
               "IterationIndex":6,
               "Operations":16384,
               "Nanoseconds":565331200
            },{
               "IterationMode":"Workload",
               "IterationStage":"Actual",
               "LaunchIndex":1,
               "IterationIndex":7,
               "Operations":16384,
               "Nanoseconds":565139000
            },{
               "IterationMode":"Workload",
               "IterationStage":"Actual",
               "LaunchIndex":1,
               "IterationIndex":8,
               "Operations":16384,
               "Nanoseconds":565463200
            },{
               "IterationMode":"Workload",
               "IterationStage":"Actual",
               "LaunchIndex":1,
               "IterationIndex":9,
               "Operations":16384,
               "Nanoseconds":581277500
            },{
               "IterationMode":"Workload",
               "IterationStage":"Actual",
               "LaunchIndex":1,
               "IterationIndex":10,
               "Operations":16384,
               "Nanoseconds":564835700
            },{
               "IterationMode":"Workload",
               "IterationStage":"Actual",
               "LaunchIndex":1,
               "IterationIndex":11,
               "Operations":16384,
               "Nanoseconds":565786300
            },{
               "IterationMode":"Workload",
               "IterationStage":"Actual",
               "LaunchIndex":1,
               "IterationIndex":12,
               "Operations":16384,
               "Nanoseconds":559718200
            },{
               "IterationMode":"Workload",
               "IterationStage":"Actual",
               "LaunchIndex":1,
               "IterationIndex":13,
               "Operations":16384,
               "Nanoseconds":564924600
            },{
               "IterationMode":"Workload",
               "IterationStage":"Actual",
               "LaunchIndex":1,
               "IterationIndex":14,
               "Operations":16384,
               "Nanoseconds":570036000
            },{
               "IterationMode":"Workload",
               "IterationStage":"Actual",
               "LaunchIndex":1,
               "IterationIndex":15,
               "Operations":16384,
               "Nanoseconds":567794400
            },{
               "IterationMode":"Workload",
               "IterationStage":"Result",
               "LaunchIndex":1,
               "IterationIndex":1,
               "Operations":16384,
               "Nanoseconds":566411850
            },{
               "IterationMode":"Workload",
               "IterationStage":"Result",
               "LaunchIndex":1,
               "IterationIndex":2,
               "Operations":16384,
               "Nanoseconds":567225950
            },{
               "IterationMode":"Workload",
               "IterationStage":"Result",
               "LaunchIndex":1,
               "IterationIndex":3,
               "Operations":16384,
               "Nanoseconds":559479350
            },{
               "IterationMode":"Workload",
               "IterationStage":"Result",
               "LaunchIndex":1,
               "IterationIndex":4,
               "Operations":16384,
               "Nanoseconds":565294350
            },{
               "IterationMode":"Workload",
               "IterationStage":"Result",
               "LaunchIndex":1,
               "IterationIndex":5,
               "Operations":16384,
               "Nanoseconds":565102150
            },{
               "IterationMode":"Workload",
               "IterationStage":"Result",
               "LaunchIndex":1,
               "IterationIndex":6,
               "Operations":16384,
               "Nanoseconds":565426350
            },{
               "IterationMode":"Workload",
               "IterationStage":"Result",
               "LaunchIndex":1,
               "IterationIndex":7,
               "Operations":16384,
               "Nanoseconds":564798850
            },{
               "IterationMode":"Workload",
               "IterationStage":"Result",
               "LaunchIndex":1,
               "IterationIndex":8,
               "Operations":16384,
               "Nanoseconds":565749450
            },{
               "IterationMode":"Workload",
               "IterationStage":"Result",
               "LaunchIndex":1,
               "IterationIndex":9,
               "Operations":16384,
               "Nanoseconds":559681350
            },{
               "IterationMode":"Workload",
               "IterationStage":"Result",
               "LaunchIndex":1,
               "IterationIndex":10,
               "Operations":16384,
               "Nanoseconds":564887750
            },{
               "IterationMode":"Workload",
               "IterationStage":"Result",
               "LaunchIndex":1,
               "IterationIndex":11,
               "Operations":16384,
               "Nanoseconds":569999150
            },{
               "IterationMode":"Workload",
               "IterationStage":"Result",
               "LaunchIndex":1,
               "IterationIndex":12,
               "Operations":16384,
               "Nanoseconds":567757550
            }
         ],
         "Metrics":[
            {
               "Value":0.67138671875,
               "Descriptor":{
                  "Id":"Gen0Collects",
                  "DisplayName":"Gen 0",
                  "Legend":"GC Generation 0 collects per 1000 operations",
                  "NumberFormat":"#0.0000",
                  "UnitType":0,
                  "Unit":"Count",
                  "TheGreaterTheBetter":false,
                  "PriorityInCategory":0
               }
            },{
               "Value":6178,
               "Descriptor":{
                  "Id":"Allocated Memory",
                  "DisplayName":"Allocated",
                  "Legend":"Allocated memory per single operation (managed only, inclusive, 1KB = 1024B)",
                  "NumberFormat":"N0",
                  "UnitType":2,
                  "Unit":"B",
                  "TheGreaterTheBetter":false,
                  "PriorityInCategory":3
               }
            },{
               "Value":2228,
               "Descriptor":{
                  "Id":"Native Code Size",
                  "DisplayName":"Code Size",
                  "Legend":"Native code size of the disassembled method(s)",
                  "NumberFormat":"N0",
                  "UnitType":2,
                  "Unit":"B",
                  "TheGreaterTheBetter":false,
                  "PriorityInCategory":0
               }
            }
         ]
      }
   ]
}
