Method,Job,AnalyzeLaunchVariance,EvaluateOverhead,MaxAbsoluteError,MaxRelativeError,MinInvokeCount,MinIterationTime,OutlierMode,Affinity,EnvironmentVariables,Jit,Platform,PowerPlanMode,Runtime,AllowVeryLargeObjects,Concurrent,CpuGroups,Force,HeapAffinitizeMask,HeapCount,NoAffinitize,RetainVm,Server,Arguments,BuildConfiguration,Clock,EngineFactory,NuGetReferences,Toolchain,IsMutator,InvocationCount,IterationCount,IterationTime,LaunchCount,MaxIterationCount,MaxWarmupIterationCount,MemoryRandomization,MinIterationCount,MinWarmupIterationCount,RunStrategy,UnrollFactor,WarmupCount,Namespace,Categories,Count,Mean,Error,StdDev,StdErr,Median,Min,Q1,Q3,Max,Op/s,CI99.9% Margin,Iterations,Kurtosis,MValue,Skewness,Rank,LogicalGroup,Baseline,Code Size,Gen 0,Gen 1,Gen 2,Allocated
'Any: With Predicate',Job-SPYWVM,False,True,Default,Default,Default,Default,Default,1111,Empty,RyuJit,X64,8c5e7fda-e8bf-4a96-9a85-a6e23a8c635c,.NET 6.0,False,True,False,True,Default,Default,False,False,True,Default,Default,Default,Default,Default,.NET 6.0,Default,1,Default,Default,Default,Default,Default,Default,Default,Default,Default,16,Default,DotNetTips.Spargine.Extensions.BenchmarkTests,"LINQ,Collections",10,60.910 ns,0.7711 ns,0.6836 ns,0.1827 ns,60.682 ns,59.916 ns,60.482 ns,61.204 ns,62.147 ns,"16,417,676.62",0.7711 ns,14.00,1.9976,2.000,0.5923,9,*,No,528 B,0.0035,-,-,32 B
'Any: With Predicate',Job-SPYWVM,False,True,Default,Default,Default,Default,Default,1111,Empty,RyuJit,X64,8c5e7fda-e8bf-4a96-9a85-a6e23a8c635c,.NET 6.0,False,True,False,True,Default,Default,False,False,True,Default,Default,Default,Default,Default,.NET 6.0,Default,1,Default,Default,Default,Default,Default,Default,Default,Default,Default,16,Default,DotNetTips.Spargine.Extensions.BenchmarkTests,"LINQ,Collections",25,135.876 ns,1.6233 ns,1.4390 ns,0.3846 ns,136.093 ns,133.780 ns,134.626 ns,136.655 ns,138.376 ns,"7,359,636.14",1.6233 ns,14.00,1.7181,2.000,0.0821,11,*,No,528 B,0.0033,-,-,32 B
'Any: With Predicate',Job-SPYWVM,False,True,Default,Default,Default,Default,Default,1111,Empty,RyuJit,X64,8c5e7fda-e8bf-4a96-9a85-a6e23a8c635c,.NET 6.0,False,True,False,True,Default,Default,False,False,True,Default,Default,Default,Default,Default,.NET 6.0,Default,1,Default,Default,Default,Default,Default,Default,Default,Default,Default,16,Default,DotNetTips.Spargine.Extensions.BenchmarkTests,"LINQ,Collections",50,"1,054.312 ns",16.2828 ns,15.2309 ns,3.9326 ns,"1,048.653 ns","1,024.238 ns","1,043.223 ns","1,067.503 ns","1,076.098 ns","948,485.73",16.2828 ns,15.00,1.7454,2.000,-0.1502,27,*,No,528 B,0.0019,-,-,32 B
'Any: With Predicate',Job-SPYWVM,False,True,Default,Default,Default,Default,Default,1111,Empty,RyuJit,X64,8c5e7fda-e8bf-4a96-9a85-a6e23a8c635c,.NET 6.0,False,True,False,True,Default,Default,False,False,True,Default,Default,Default,Default,Default,.NET 6.0,Default,1,Default,Default,Default,Default,Default,Default,Default,Default,Default,16,Default,DotNetTips.Spargine.Extensions.BenchmarkTests,"LINQ,Collections",100,287.500 ns,2.7438 ns,2.5666 ns,0.6627 ns,287.960 ns,282.811 ns,286.120 ns,288.846 ns,291.109 ns,"3,478,256.45",2.7438 ns,15.00,1.9464,2.000,-0.2644,16,*,No,528 B,0.0033,-,-,32 B
'Any: With Predicate',Job-SPYWVM,False,True,Default,Default,Default,Default,Default,1111,Empty,RyuJit,X64,8c5e7fda-e8bf-4a96-9a85-a6e23a8c635c,.NET 6.0,False,True,False,True,Default,Default,False,False,True,Default,Default,Default,Default,Default,.NET 6.0,Default,1,Default,Default,Default,Default,Default,Default,Default,Default,Default,16,Default,DotNetTips.Spargine.Extensions.BenchmarkTests,"LINQ,Collections",250,282.733 ns,2.6326 ns,2.4625 ns,0.6358 ns,282.852 ns,278.584 ns,280.621 ns,284.661 ns,286.260 ns,"3,536,902.80",2.6326 ns,15.00,1.6211,2.000,0.0665,15,*,No,528 B,0.0033,-,-,32 B
'Any: With Predicate',Job-SPYWVM,False,True,Default,Default,Default,Default,Default,1111,Empty,RyuJit,X64,8c5e7fda-e8bf-4a96-9a85-a6e23a8c635c,.NET 6.0,False,True,False,True,Default,Default,False,False,True,Default,Default,Default,Default,Default,.NET 6.0,Default,1,Default,Default,Default,Default,Default,Default,Default,Default,Default,16,Default,DotNetTips.Spargine.Extensions.BenchmarkTests,"LINQ,Collections",500,302.506 ns,3.2337 ns,3.0248 ns,0.7810 ns,302.886 ns,298.572 ns,299.389 ns,305.232 ns,306.757 ns,"3,305,719.29",3.2337 ns,15.00,1.3437,2.000,0.0114,17,*,No,528 B,0.0033,-,-,32 B
'Any: With Predicate',Job-SPYWVM,False,True,Default,Default,Default,Default,Default,1111,Empty,RyuJit,X64,8c5e7fda-e8bf-4a96-9a85-a6e23a8c635c,.NET 6.0,False,True,False,True,Default,Default,False,False,True,Default,Default,Default,Default,Default,.NET 6.0,Default,1,Default,Default,Default,Default,Default,Default,Default,Default,Default,16,Default,DotNetTips.Spargine.Extensions.BenchmarkTests,"LINQ,Collections",1000,275.920 ns,2.6827 ns,2.5094 ns,0.6479 ns,275.898 ns,272.306 ns,274.124 ns,277.601 ns,281.262 ns,"3,624,238.03",2.6827 ns,15.00,2.2124,2.000,0.3566,14,*,No,528 B,0.0033,-,-,32 B
'Any: With Predicate',Job-SPYWVM,False,True,Default,Default,Default,Default,Default,1111,Empty,RyuJit,X64,8c5e7fda-e8bf-4a96-9a85-a6e23a8c635c,.NET 6.0,False,True,False,True,Default,Default,False,False,True,Default,Default,Default,Default,Default,.NET 6.0,Default,1,Default,Default,Default,Default,Default,Default,Default,Default,Default,16,Default,DotNetTips.Spargine.Extensions.BenchmarkTests,"LINQ,Collections",2500,428.512 ns,3.2241 ns,3.0158 ns,0.7787 ns,428.605 ns,423.761 ns,426.091 ns,431.198 ns,432.184 ns,"2,333,657.66",3.2241 ns,15.00,1.4575,2.000,-0.3573,19,*,No,528 B,0.0033,-,-,32 B
'Count: With Predicate',Job-SPYWVM,False,True,Default,Default,Default,Default,Default,1111,Empty,RyuJit,X64,8c5e7fda-e8bf-4a96-9a85-a6e23a8c635c,.NET 6.0,False,True,False,True,Default,Default,False,False,True,Default,Default,Default,Default,Default,.NET 6.0,Default,1,Default,Default,Default,Default,Default,Default,Default,Default,Default,16,Default,DotNetTips.Spargine.Extensions.BenchmarkTests,Collections,10,677.808 ns,6.7995 ns,6.3603 ns,1.6422 ns,675.692 ns,669.352 ns,673.986 ns,681.608 ns,692.477 ns,"1,475,343.17",6.7995 ns,15.00,2.6099,2.000,0.7833,22,*,No,499 B,0.0029,-,-,32 B
'Count: With Predicate',Job-SPYWVM,False,True,Default,Default,Default,Default,Default,1111,Empty,RyuJit,X64,8c5e7fda-e8bf-4a96-9a85-a6e23a8c635c,.NET 6.0,False,True,False,True,Default,Default,False,False,True,Default,Default,Default,Default,Default,.NET 6.0,Default,1,Default,Default,Default,Default,Default,Default,Default,Default,Default,16,Default,DotNetTips.Spargine.Extensions.BenchmarkTests,Collections,25,"1,676.363 ns",18.2762 ns,16.2014 ns,4.3300 ns,"1,671.987 ns","1,652.828 ns","1,667.194 ns","1,685.471 ns","1,704.168 ns","596,529.65",18.2762 ns,14.00,1.8750,2.000,0.4337,30,*,No,499 B,0.0019,-,-,32 B
'Count: With Predicate',Job-SPYWVM,False,True,Default,Default,Default,Default,Default,1111,Empty,RyuJit,X64,8c5e7fda-e8bf-4a96-9a85-a6e23a8c635c,.NET 6.0,False,True,False,True,Default,Default,False,False,True,Default,Default,Default,Default,Default,.NET 6.0,Default,1,Default,Default,Default,Default,Default,Default,Default,Default,Default,16,Default,DotNetTips.Spargine.Extensions.BenchmarkTests,Collections,50,"3,401.250 ns",50.9901 ns,47.6962 ns,12.3151 ns,"3,407.028 ns","3,346.857 ns","3,351.399 ns","3,445.273 ns","3,461.504 ns","294,009.54",50.9901 ns,15.00,1.0083,2.000,-0.0177,36,*,No,499 B,-,-,-,32 B
'Count: With Predicate',Job-SPYWVM,False,True,Default,Default,Default,Default,Default,1111,Empty,RyuJit,X64,8c5e7fda-e8bf-4a96-9a85-a6e23a8c635c,.NET 6.0,False,True,False,True,Default,Default,False,False,True,Default,Default,Default,Default,Default,.NET 6.0,Default,1,Default,Default,Default,Default,Default,Default,Default,Default,Default,16,Default,DotNetTips.Spargine.Extensions.BenchmarkTests,Collections,100,"6,761.717 ns",10.1206 ns,8.9716 ns,2.3978 ns,"6,761.234 ns","6,744.431 ns","6,757.302 ns","6,767.479 ns","6,777.055 ns","147,891.44",10.1206 ns,14.00,2.2519,2.000,-0.2197,41,*,No,499 B,-,-,-,32 B
'Count: With Predicate',Job-SPYWVM,False,True,Default,Default,Default,Default,Default,1111,Empty,RyuJit,X64,8c5e7fda-e8bf-4a96-9a85-a6e23a8c635c,.NET 6.0,False,True,False,True,Default,Default,False,False,True,Default,Default,Default,Default,Default,.NET 6.0,Default,1,Default,Default,Default,Default,Default,Default,Default,Default,Default,16,Default,DotNetTips.Spargine.Extensions.BenchmarkTests,Collections,250,"16,620.421 ns",267.8431 ns,250.5406 ns,64.6893 ns,"16,496.608 ns","16,357.655 ns","16,388.817 ns","16,885.922 ns","16,952.336 ns","60,166.95",267.8431 ns,15.00,1.0407,2.000,0.1872,48,*,No,499 B,-,-,-,32 B
'Count: With Predicate',Job-SPYWVM,False,True,Default,Default,Default,Default,Default,1111,Empty,RyuJit,X64,8c5e7fda-e8bf-4a96-9a85-a6e23a8c635c,.NET 6.0,False,True,False,True,Default,Default,False,False,True,Default,Default,Default,Default,Default,.NET 6.0,Default,1,Default,Default,Default,Default,Default,Default,Default,Default,Default,16,Default,DotNetTips.Spargine.Extensions.BenchmarkTests,Collections,500,"34,293.505 ns",544.5269 ns,509.3508 ns,131.5138 ns,"33,991.827 ns","33,740.662 ns","33,868.381 ns","34,735.114 ns","35,152.063 ns","29,160.04",544.5269 ns,15.00,1.3173,2.000,0.3651,53,*,No,499 B,-,-,-,32 B
'Count: With Predicate',Job-SPYWVM,False,True,Default,Default,Default,Default,Default,1111,Empty,RyuJit,X64,8c5e7fda-e8bf-4a96-9a85-a6e23a8c635c,.NET 6.0,False,True,False,True,Default,Default,False,False,True,Default,Default,Default,Default,Default,.NET 6.0,Default,1,Default,Default,Default,Default,Default,Default,Default,Default,Default,16,Default,DotNetTips.Spargine.Extensions.BenchmarkTests,Collections,1000,"73,624.871 ns","1,073.6685 ns","1,004.3102 ns",259.3118 ns,"73,796.289 ns","72,457.312 ns","72,657.312 ns","74,619.696 ns","74,724.622 ns","13,582.37","1,073.6685 ns",15.00,0.9637,2.000,-0.0460,60,*,No,499 B,-,-,-,32 B
'Count: With Predicate',Job-SPYWVM,False,True,Default,Default,Default,Default,Default,1111,Empty,RyuJit,X64,8c5e7fda-e8bf-4a96-9a85-a6e23a8c635c,.NET 6.0,False,True,False,True,Default,Default,False,False,True,Default,Default,Default,Default,Default,.NET 6.0,Default,1,Default,Default,Default,Default,Default,Default,Default,Default,Default,16,Default,DotNetTips.Spargine.Extensions.BenchmarkTests,Collections,2500,"186,766.778 ns","2,422.9939 ns","2,266.4700 ns",585.2000 ns,"185,265.906 ns","184,269.055 ns","184,810.535 ns","189,106.763 ns","189,673.572 ns","5,354.27","2,422.9939 ns",15.00,0.9916,2.000,0.1343,66,*,No,499 B,-,-,-,32 B
'FastAny: With Predicate',Job-SPYWVM,False,True,Default,Default,Default,Default,Default,1111,Empty,RyuJit,X64,8c5e7fda-e8bf-4a96-9a85-a6e23a8c635c,.NET 6.0,False,True,False,True,Default,Default,False,False,True,Default,Default,Default,Default,Default,.NET 6.0,Default,1,Default,Default,Default,Default,Default,Default,Default,Default,Default,16,Default,DotNetTips.Spargine.Extensions.BenchmarkTests,Collections,10,139.770 ns,1.2929 ns,1.2094 ns,0.3123 ns,139.774 ns,137.731 ns,138.945 ns,140.798 ns,141.137 ns,"7,154,601.75",1.2929 ns,15.00,1.5169,2.000,-0.3556,12,*,No,399 B,0.0033,-,-,32 B
'FastAny: With Predicate',Job-SPYWVM,False,True,Default,Default,Default,Default,Default,1111,Empty,RyuJit,X64,8c5e7fda-e8bf-4a96-9a85-a6e23a8c635c,.NET 6.0,False,True,False,True,Default,Default,False,False,True,Default,Default,Default,Default,Default,.NET 6.0,Default,1,Default,Default,Default,Default,Default,Default,Default,Default,Default,16,Default,DotNetTips.Spargine.Extensions.BenchmarkTests,Collections,25,129.265 ns,1.4146 ns,1.3232 ns,0.3416 ns,129.147 ns,127.272 ns,128.350 ns,130.181 ns,132.014 ns,"7,736,037.73",1.4146 ns,15.00,2.1927,2.000,0.2617,10,*,No,399 B,0.0033,-,-,32 B
'FastAny: With Predicate',Job-SPYWVM,False,True,Default,Default,Default,Default,Default,1111,Empty,RyuJit,X64,8c5e7fda-e8bf-4a96-9a85-a6e23a8c635c,.NET 6.0,False,True,False,True,Default,Default,False,False,True,Default,Default,Default,Default,Default,.NET 6.0,Default,1,Default,Default,Default,Default,Default,Default,Default,Default,Default,16,Default,DotNetTips.Spargine.Extensions.BenchmarkTests,Collections,50,127.893 ns,1.4239 ns,1.5827 ns,0.3631 ns,127.826 ns,125.885 ns,126.907 ns,128.390 ns,132.611 ns,"7,819,016.44",1.4239 ns,19.00,4.6995,2.000,1.0851,10,*,No,399 B,0.0033,-,-,32 B
'FastAny: With Predicate',Job-SPYWVM,False,True,Default,Default,Default,Default,Default,1111,Empty,RyuJit,X64,8c5e7fda-e8bf-4a96-9a85-a6e23a8c635c,.NET 6.0,False,True,False,True,Default,Default,False,False,True,Default,Default,Default,Default,Default,.NET 6.0,Default,1,Default,Default,Default,Default,Default,Default,Default,Default,Default,16,Default,DotNetTips.Spargine.Extensions.BenchmarkTests,Collections,100,424.187 ns,8.4175 ns,10.3374 ns,2.2039 ns,423.803 ns,409.727 ns,415.859 ns,429.713 ns,444.168 ns,"2,357,452.81",8.4175 ns,22.00,2.2843,2.000,0.4939,19,*,No,399 B,0.0033,-,-,32 B
'FastAny: With Predicate',Job-SPYWVM,False,True,Default,Default,Default,Default,Default,1111,Empty,RyuJit,X64,8c5e7fda-e8bf-4a96-9a85-a6e23a8c635c,.NET 6.0,False,True,False,True,Default,Default,False,False,True,Default,Default,Default,Default,Default,.NET 6.0,Default,1,Default,Default,Default,Default,Default,Default,Default,Default,Default,16,Default,DotNetTips.Spargine.Extensions.BenchmarkTests,Collections,250,365.475 ns,1.9004 ns,1.7777 ns,0.4590 ns,365.835 ns,361.928 ns,364.335 ns,366.755 ns,368.920 ns,"2,736,163.29",1.9004 ns,15.00,2.3689,2.000,-0.1534,18,*,No,399 B,0.0033,-,-,32 B
'FastAny: With Predicate',Job-SPYWVM,False,True,Default,Default,Default,Default,Default,1111,Empty,RyuJit,X64,8c5e7fda-e8bf-4a96-9a85-a6e23a8c635c,.NET 6.0,False,True,False,True,Default,Default,False,False,True,Default,Default,Default,Default,Default,.NET 6.0,Default,1,Default,Default,Default,Default,Default,Default,Default,Default,Default,16,Default,DotNetTips.Spargine.Extensions.BenchmarkTests,Collections,500,772.001 ns,9.5483 ns,7.9733 ns,2.2114 ns,769.869 ns,760.111 ns,766.663 ns,777.591 ns,783.756 ns,"1,295,334.95",9.5483 ns,13.00,1.5075,2.000,0.1777,24,*,No,399 B,0.0029,-,-,32 B
'FastAny: With Predicate',Job-SPYWVM,False,True,Default,Default,Default,Default,Default,1111,Empty,RyuJit,X64,8c5e7fda-e8bf-4a96-9a85-a6e23a8c635c,.NET 6.0,False,True,False,True,Default,Default,False,False,True,Default,Default,Default,Default,Default,.NET 6.0,Default,1,Default,Default,Default,Default,Default,Default,Default,Default,Default,16,Default,DotNetTips.Spargine.Extensions.BenchmarkTests,Collections,1000,358.625 ns,4.2503 ns,3.9757 ns,1.0265 ns,358.242 ns,354.027 ns,355.469 ns,360.694 ns,367.928 ns,"2,788,426.32",4.2503 ns,15.00,2.6231,2.000,0.7242,18,*,No,399 B,0.0033,-,-,32 B
'FastAny: With Predicate',Job-SPYWVM,False,True,Default,Default,Default,Default,Default,1111,Empty,RyuJit,X64,8c5e7fda-e8bf-4a96-9a85-a6e23a8c635c,.NET 6.0,False,True,False,True,Default,Default,False,False,True,Default,Default,Default,Default,Default,.NET 6.0,Default,1,Default,Default,Default,Default,Default,Default,Default,Default,Default,16,Default,DotNetTips.Spargine.Extensions.BenchmarkTests,Collections,2500,475.559 ns,5.0898 ns,4.2503 ns,1.1788 ns,473.958 ns,468.480 ns,473.470 ns,477.845 ns,484.309 ns,"2,102,789.56",5.0898 ns,13.00,2.5108,2.000,0.5464,20,*,No,399 B,0.0029,-,-,32 B
'FastCount: With Predicate',Job-SPYWVM,False,True,Default,Default,Default,Default,Default,1111,Empty,RyuJit,X64,8c5e7fda-e8bf-4a96-9a85-a6e23a8c635c,.NET 6.0,False,True,False,True,Default,Default,False,False,True,Default,Default,Default,Default,Default,.NET 6.0,Default,1,Default,Default,Default,Default,Default,Default,Default,Default,Default,16,Default,DotNetTips.Spargine.Extensions.BenchmarkTests,Collections,10,712.476 ns,6.9907 ns,6.1971 ns,1.6562 ns,713.796 ns,700.641 ns,708.580 ns,715.970 ns,720.479 ns,"1,403,556.13",6.9907 ns,14.00,1.8790,2.000,-0.4141,23,*,No,405 B,0.0029,-,-,32 B
'FastCount: With Predicate',Job-SPYWVM,False,True,Default,Default,Default,Default,Default,1111,Empty,RyuJit,X64,8c5e7fda-e8bf-4a96-9a85-a6e23a8c635c,.NET 6.0,False,True,False,True,Default,Default,False,False,True,Default,Default,Default,Default,Default,.NET 6.0,Default,1,Default,Default,Default,Default,Default,Default,Default,Default,Default,16,Default,DotNetTips.Spargine.Extensions.BenchmarkTests,Collections,25,"1,736.541 ns",32.6280 ns,28.9239 ns,7.7302 ns,"1,730.443 ns","1,707.627 ns","1,719.055 ns","1,740.261 ns","1,804.459 ns","575,857.48",32.6280 ns,14.00,3.3598,2.000,1.2231,31,*,No,405 B,0.0038,-,-,32 B
'FastCount: With Predicate',Job-SPYWVM,False,True,Default,Default,Default,Default,Default,1111,Empty,RyuJit,X64,8c5e7fda-e8bf-4a96-9a85-a6e23a8c635c,.NET 6.0,False,True,False,True,Default,Default,False,False,True,Default,Default,Default,Default,Default,.NET 6.0,Default,1,Default,Default,Default,Default,Default,Default,Default,Default,Default,16,Default,DotNetTips.Spargine.Extensions.BenchmarkTests,Collections,50,"3,287.529 ns",63.0615 ns,64.7595 ns,15.7065 ns,"3,255.360 ns","3,223.778 ns","3,229.857 ns","3,349.876 ns","3,408.219 ns","304,179.85",63.0615 ns,17.00,1.4617,2.000,0.4499,35,*,No,405 B,0.0038,-,-,32 B
'FastCount: With Predicate',Job-SPYWVM,False,True,Default,Default,Default,Default,Default,1111,Empty,RyuJit,X64,8c5e7fda-e8bf-4a96-9a85-a6e23a8c635c,.NET 6.0,False,True,False,True,Default,Default,False,False,True,Default,Default,Default,Default,Default,.NET 6.0,Default,1,Default,Default,Default,Default,Default,Default,Default,Default,Default,16,Default,DotNetTips.Spargine.Extensions.BenchmarkTests,Collections,100,"6,859.069 ns",8.2955 ns,7.7597 ns,2.0035 ns,"6,857.766 ns","6,847.234 ns","6,852.973 ns","6,866.115 ns","6,872.013 ns","145,792.39",8.2955 ns,15.00,1.5019,2.000,0.2117,42,*,No,405 B,-,-,-,32 B
'FastCount: With Predicate',Job-SPYWVM,False,True,Default,Default,Default,Default,Default,1111,Empty,RyuJit,X64,8c5e7fda-e8bf-4a96-9a85-a6e23a8c635c,.NET 6.0,False,True,False,True,Default,Default,False,False,True,Default,Default,Default,Default,Default,.NET 6.0,Default,1,Default,Default,Default,Default,Default,Default,Default,Default,Default,16,Default,DotNetTips.Spargine.Extensions.BenchmarkTests,Collections,250,"16,741.037 ns",238.1800 ns,222.7937 ns,57.5251 ns,"16,901.573 ns","16,423.869 ns","16,485.661 ns","16,919.716 ns","16,964.345 ns","59,733.45",238.1800 ns,15.00,1.2360,2.000,-0.4079,48,*,No,405 B,-,-,-,32 B
'FastCount: With Predicate',Job-SPYWVM,False,True,Default,Default,Default,Default,Default,1111,Empty,RyuJit,X64,8c5e7fda-e8bf-4a96-9a85-a6e23a8c635c,.NET 6.0,False,True,False,True,Default,Default,False,False,True,Default,Default,Default,Default,Default,.NET 6.0,Default,1,Default,Default,Default,Default,Default,Default,Default,Default,Default,16,Default,DotNetTips.Spargine.Extensions.BenchmarkTests,Collections,500,"33,888.912 ns",220.6277 ns,184.2341 ns,51.0973 ns,"33,791.940 ns","33,653.427 ns","33,748.691 ns","34,069.974 ns","34,235.654 ns","29,508.18",220.6277 ns,13.00,1.6325,2.000,0.4559,53,*,No,405 B,-,-,-,32 B
'FastCount: With Predicate',Job-SPYWVM,False,True,Default,Default,Default,Default,Default,1111,Empty,RyuJit,X64,8c5e7fda-e8bf-4a96-9a85-a6e23a8c635c,.NET 6.0,False,True,False,True,Default,Default,False,False,True,Default,Default,Default,Default,Default,.NET 6.0,Default,1,Default,Default,Default,Default,Default,Default,Default,Default,Default,16,Default,DotNetTips.Spargine.Extensions.BenchmarkTests,Collections,1000,"74,614.116 ns","1,140.1301 ns","1,066.4784 ns",275.3635 ns,"74,822.852 ns","73,366.748 ns","73,500.903 ns","75,531.116 ns","76,488.989 ns","13,402.29","1,140.1301 ns",15.00,1.3348,2.000,0.1133,60,*,No,405 B,-,-,-,32 B
'FastCount: With Predicate',Job-SPYWVM,False,True,Default,Default,Default,Default,Default,1111,Empty,RyuJit,X64,8c5e7fda-e8bf-4a96-9a85-a6e23a8c635c,.NET 6.0,False,True,False,True,Default,Default,False,False,True,Default,Default,Default,Default,Default,.NET 6.0,Default,1,Default,Default,Default,Default,Default,Default,Default,Default,Default,16,Default,DotNetTips.Spargine.Extensions.BenchmarkTests,Collections,2500,"187,668.699 ns","2,492.2574 ns","2,209.3213 ns",590.4659 ns,"188,184.277 ns","184,293.115 ns","185,783.887 ns","189,593.536 ns","190,475.391 ns","5,328.54","2,492.2574 ns",14.00,1.2099,2.000,-0.1854,66,*,No,405 B,-,-,-,32 B
'FirstOrDefault: Alternate',Job-SPYWVM,False,True,Default,Default,Default,Default,Default,1111,Empty,RyuJit,X64,8c5e7fda-e8bf-4a96-9a85-a6e23a8c635c,.NET 6.0,False,True,False,True,Default,Default,False,False,True,Default,Default,Default,Default,Default,.NET 6.0,Default,1,Default,Default,Default,Default,Default,Default,Default,Default,Default,16,Default,DotNetTips.Spargine.Extensions.BenchmarkTests,Collections,10,54.050 ns,0.8506 ns,0.7957 ns,0.2054 ns,53.913 ns,52.851 ns,53.482 ns,54.511 ns,55.893 ns,"18,501,430.34",0.8506 ns,15.00,2.6416,2.000,0.6588,6,*,No,873 B,0.0097,-,-,88 B
'FirstOrDefault: Alternate',Job-SPYWVM,False,True,Default,Default,Default,Default,Default,1111,Empty,RyuJit,X64,8c5e7fda-e8bf-4a96-9a85-a6e23a8c635c,.NET 6.0,False,True,False,True,Default,Default,False,False,True,Default,Default,Default,Default,Default,.NET 6.0,Default,1,Default,Default,Default,Default,Default,Default,Default,Default,Default,16,Default,DotNetTips.Spargine.Extensions.BenchmarkTests,Collections,25,54.488 ns,1.0863 ns,1.0162 ns,0.2624 ns,54.374 ns,52.978 ns,53.775 ns,55.202 ns,56.653 ns,"18,352,593.71",1.0863 ns,15.00,2.1676,2.000,0.3649,6,*,No,873 B,0.0097,-,-,88 B
'FirstOrDefault: Alternate',Job-SPYWVM,False,True,Default,Default,Default,Default,Default,1111,Empty,RyuJit,X64,8c5e7fda-e8bf-4a96-9a85-a6e23a8c635c,.NET 6.0,False,True,False,True,Default,Default,False,False,True,Default,Default,Default,Default,Default,.NET 6.0,Default,1,Default,Default,Default,Default,Default,Default,Default,Default,Default,16,Default,DotNetTips.Spargine.Extensions.BenchmarkTests,Collections,50,58.409 ns,1.1977 ns,2.0976 ns,0.3359 ns,58.943 ns,54.533 ns,56.888 ns,60.316 ns,60.843 ns,"17,120,735.95",1.1977 ns,39.00,1.7890,2.737,-0.5099,8,*,No,873 B,0.0095,-,-,88 B
'FirstOrDefault: Alternate',Job-SPYWVM,False,True,Default,Default,Default,Default,Default,1111,Empty,RyuJit,X64,8c5e7fda-e8bf-4a96-9a85-a6e23a8c635c,.NET 6.0,False,True,False,True,Default,Default,False,False,True,Default,Default,Default,Default,Default,.NET 6.0,Default,1,Default,Default,Default,Default,Default,Default,Default,Default,Default,16,Default,DotNetTips.Spargine.Extensions.BenchmarkTests,Collections,100,55.843 ns,1.0045 ns,0.9397 ns,0.2426 ns,55.963 ns,54.464 ns,55.057 ns,56.487 ns,57.308 ns,"17,907,231.68",1.0045 ns,15.00,1.6044,2.000,-0.1625,7,*,No,873 B,0.0097,-,-,88 B
'FirstOrDefault: Alternate',Job-SPYWVM,False,True,Default,Default,Default,Default,Default,1111,Empty,RyuJit,X64,8c5e7fda-e8bf-4a96-9a85-a6e23a8c635c,.NET 6.0,False,True,False,True,Default,Default,False,False,True,Default,Default,Default,Default,Default,.NET 6.0,Default,1,Default,Default,Default,Default,Default,Default,Default,Default,Default,16,Default,DotNetTips.Spargine.Extensions.BenchmarkTests,Collections,250,56.466 ns,1.0966 ns,1.0257 ns,0.2648 ns,56.903 ns,54.876 ns,55.743 ns,57.150 ns,57.774 ns,"17,709,730.17",1.0966 ns,15.00,1.6068,2.000,-0.4278,7,*,No,873 B,0.0097,-,-,88 B
'FirstOrDefault: Alternate',Job-SPYWVM,False,True,Default,Default,Default,Default,Default,1111,Empty,RyuJit,X64,8c5e7fda-e8bf-4a96-9a85-a6e23a8c635c,.NET 6.0,False,True,False,True,Default,Default,False,False,True,Default,Default,Default,Default,Default,.NET 6.0,Default,1,Default,Default,Default,Default,Default,Default,Default,Default,Default,16,Default,DotNetTips.Spargine.Extensions.BenchmarkTests,Collections,500,54.198 ns,0.5375 ns,0.4765 ns,0.1273 ns,54.145 ns,53.489 ns,53.832 ns,54.548 ns,55.080 ns,"18,450,776.41",0.5375 ns,14.00,1.7203,2.000,0.2635,6,*,No,873 B,0.0097,-,-,88 B
'FirstOrDefault: Alternate',Job-SPYWVM,False,True,Default,Default,Default,Default,Default,1111,Empty,RyuJit,X64,8c5e7fda-e8bf-4a96-9a85-a6e23a8c635c,.NET 6.0,False,True,False,True,Default,Default,False,False,True,Default,Default,Default,Default,Default,.NET 6.0,Default,1,Default,Default,Default,Default,Default,Default,Default,Default,Default,16,Default,DotNetTips.Spargine.Extensions.BenchmarkTests,Collections,1000,58.454 ns,1.1726 ns,1.5653 ns,0.3131 ns,58.745 ns,53.998 ns,57.940 ns,59.544 ns,60.870 ns,"17,107,501.36",1.1726 ns,25.00,3.8737,2.000,-1.0671,8,*,No,873 B,0.0095,-,-,88 B
'FirstOrDefault: Alternate',Job-SPYWVM,False,True,Default,Default,Default,Default,Default,1111,Empty,RyuJit,X64,8c5e7fda-e8bf-4a96-9a85-a6e23a8c635c,.NET 6.0,False,True,False,True,Default,Default,False,False,True,Default,Default,Default,Default,Default,.NET 6.0,Default,1,Default,Default,Default,Default,Default,Default,Default,Default,Default,16,Default,DotNetTips.Spargine.Extensions.BenchmarkTests,Collections,2500,52.438 ns,1.0849 ns,1.3721 ns,0.2861 ns,52.215 ns,50.695 ns,51.157 ns,53.275 ns,55.634 ns,"19,070,268.82",1.0849 ns,23.00,2.2780,2.000,0.6248,5,*,No,873 B,0.0096,-,-,88 B
"'FirstOrDefault: Predicate, Alternate'",Job-SPYWVM,False,True,Default,Default,Default,Default,Default,1111,Empty,RyuJit,X64,8c5e7fda-e8bf-4a96-9a85-a6e23a8c635c,.NET 6.0,False,True,False,True,Default,Default,False,False,True,Default,Default,Default,Default,Default,.NET 6.0,Default,1,Default,Default,Default,Default,Default,Default,Default,Default,Default,16,Default,DotNetTips.Spargine.Extensions.BenchmarkTests,Collections,10,"41,396.202 ns",397.8319 ns,372.1322 ns,96.0841 ns,"41,498.523 ns","40,611.938 ns","41,217.075 ns","41,575.107 ns","41,997.302 ns","24,156.81",397.8319 ns,15.00,2.4424,2.000,-0.4379,55,*,No,694 B,2.3193,-,-,"19,672 B"
"'FirstOrDefault: Predicate, Alternate'",Job-SPYWVM,False,True,Default,Default,Default,Default,Default,1111,Empty,RyuJit,X64,8c5e7fda-e8bf-4a96-9a85-a6e23a8c635c,.NET 6.0,False,True,False,True,Default,Default,False,False,True,Default,Default,Default,Default,Default,.NET 6.0,Default,1,Default,Default,Default,Default,Default,Default,Default,Default,Default,16,Default,DotNetTips.Spargine.Extensions.BenchmarkTests,Collections,25,"111,815.918 ns",727.1725 ns,680.1976 ns,175.6263 ns,"111,626.752 ns","110,599.420 ns","111,374.976 ns","112,279.236 ns","112,913.898 ns","8,943.27",727.1725 ns,15.00,1.8313,2.000,0.0168,63,*,No,694 B,5.2490,0.2441,-,"47,952 B"
"'FirstOrDefault: Predicate, Alternate'",Job-SPYWVM,False,True,Default,Default,Default,Default,Default,1111,Empty,RyuJit,X64,8c5e7fda-e8bf-4a96-9a85-a6e23a8c635c,.NET 6.0,False,True,False,True,Default,Default,False,False,True,Default,Default,Default,Default,Default,.NET 6.0,Default,1,Default,Default,Default,Default,Default,Default,Default,Default,Default,16,Default,DotNetTips.Spargine.Extensions.BenchmarkTests,Collections,50,"226,325.804 ns","1,976.5701 ns","1,848.8849 ns",477.3800 ns,"226,525.488 ns","223,097.119 ns","225,263.135 ns","227,709.888 ns","229,691.553 ns","4,418.41","1,976.5701 ns",15.00,1.9694,2.000,-0.1147,68,*,No,694 B,10.7422,1.2207,-,"95,304 B"
"'FirstOrDefault: Predicate, Alternate'",Job-SPYWVM,False,True,Default,Default,Default,Default,Default,1111,Empty,RyuJit,X64,8c5e7fda-e8bf-4a96-9a85-a6e23a8c635c,.NET 6.0,False,True,False,True,Default,Default,False,False,True,Default,Default,Default,Default,Default,.NET 6.0,Default,1,Default,Default,Default,Default,Default,Default,Default,Default,Default,16,Default,DotNetTips.Spargine.Extensions.BenchmarkTests,Collections,100,"667,843.108 ns","29,541.0715 ns","87,102.5159 ns","8,710.2516 ns","655,310.547 ns","515,501.514 ns","605,120.459 ns","739,456.738 ns","924,219.580 ns","1,497.36","29,541.0715 ns",100.00,2.4563,3.133,0.3257,71,*,No,694 B,19.5313,10.7422,10.7422,"189,250 B"
"'FirstOrDefault: Predicate, Alternate'",Job-SPYWVM,False,True,Default,Default,Default,Default,Default,1111,Empty,RyuJit,X64,8c5e7fda-e8bf-4a96-9a85-a6e23a8c635c,.NET 6.0,False,True,False,True,Default,Default,False,False,True,Default,Default,Default,Default,Default,.NET 6.0,Default,1,Default,Default,Default,Default,Default,Default,Default,Default,Default,16,Default,DotNetTips.Spargine.Extensions.BenchmarkTests,Collections,250,"1,566,213.164 ns","45,174.3982 ns","131,059.1205 ns","13,307.0375 ns","1,564,020.898 ns","1,276,154.297 ns","1,478,201.172 ns","1,631,838.086 ns","1,880,768.359 ns",638.48,"45,174.3982 ns",97.00,2.7535,2.000,0.3019,74,*,No,694 B,48.8281,35.1563,23.4375,"471,550 B"
"'FirstOrDefault: Predicate, Alternate'",Job-SPYWVM,False,True,Default,Default,Default,Default,Default,1111,Empty,RyuJit,X64,8c5e7fda-e8bf-4a96-9a85-a6e23a8c635c,.NET 6.0,False,True,False,True,Default,Default,False,False,True,Default,Default,Default,Default,Default,.NET 6.0,Default,1,Default,Default,Default,Default,Default,Default,Default,Default,Default,16,Default,DotNetTips.Spargine.Extensions.BenchmarkTests,Collections,500,"2,475,347.596 ns","32,677.8839 ns","27,287.5130 ns","7,568.1944 ns","2,464,485.547 ns","2,448,490.234 ns","2,456,788.281 ns","2,491,431.641 ns","2,518,683.594 ns",403.98,"32,677.8839 ns",13.00,1.6143,2.000,0.5995,75,*,No,694 B,97.6563,70.3125,46.8750,"939,879 B"
"'FirstOrDefault: Predicate, Alternate'",Job-SPYWVM,False,True,Default,Default,Default,Default,Default,1111,Empty,RyuJit,X64,8c5e7fda-e8bf-4a96-9a85-a6e23a8c635c,.NET 6.0,False,True,False,True,Default,Default,False,False,True,Default,Default,Default,Default,Default,.NET 6.0,Default,1,Default,Default,Default,Default,Default,Default,Default,Default,Default,16,Default,DotNetTips.Spargine.Extensions.BenchmarkTests,Collections,1000,"5,354,688.961 ns","106,694.9496 ns","134,934.9489 ns","28,135.8818 ns","5,306,242.188 ns","5,192,051.562 ns","5,252,456.641 ns","5,438,192.578 ns","5,702,196.094 ns",186.75,"106,694.9496 ns",23.00,2.8207,2.000,0.8398,79,*,No,694 B,203.1250,156.2500,132.8125,"2,364,745 B"
"'FirstOrDefault: Predicate, Alternate'",Job-SPYWVM,False,True,Default,Default,Default,Default,Default,1111,Empty,RyuJit,X64,8c5e7fda-e8bf-4a96-9a85-a6e23a8c635c,.NET 6.0,False,True,False,True,Default,Default,False,False,True,Default,Default,Default,Default,Default,.NET 6.0,Default,1,Default,Default,Default,Default,Default,Default,Default,Default,Default,16,Default,DotNetTips.Spargine.Extensions.BenchmarkTests,Collections,2500,"12,986,220.395 ns","250,491.5977 ns","278,420.7471 ns","63,874.1000 ns","12,898,626.562 ns","12,646,418.750 ns","12,782,147.656 ns","13,145,316.406 ns","13,622,325.000 ns",77.00,"250,491.5977 ns",19.00,2.4687,2.000,0.8668,81,*,No,694 B,218.7500,187.5000,171.8750,"5,926,022 B"
'HasItems: With Count',Job-SPYWVM,False,True,Default,Default,Default,Default,Default,1111,Empty,RyuJit,X64,8c5e7fda-e8bf-4a96-9a85-a6e23a8c635c,.NET 6.0,False,True,False,True,Default,Default,False,False,True,Default,Default,Default,Default,Default,.NET 6.0,Default,1,Default,Default,Default,Default,Default,Default,Default,Default,Default,16,Default,DotNetTips.Spargine.Extensions.BenchmarkTests,Collections,10,"42,693.372 ns",553.3928 ns,517.6439 ns,133.6551 ns,"42,453.360 ns","42,223.264 ns","42,264.267 ns","42,895.401 ns","43,756.241 ns","23,422.84",553.3928 ns,15.00,2.1371,2.000,0.8153,56,*,No,387 B,2.3193,0.0610,-,"19,840 B"
'HasItems: With Count',Job-SPYWVM,False,True,Default,Default,Default,Default,Default,1111,Empty,RyuJit,X64,8c5e7fda-e8bf-4a96-9a85-a6e23a8c635c,.NET 6.0,False,True,False,True,Default,Default,False,False,True,Default,Default,Default,Default,Default,.NET 6.0,Default,1,Default,Default,Default,Default,Default,Default,Default,Default,Default,16,Default,DotNetTips.Spargine.Extensions.BenchmarkTests,Collections,25,"114,692.600 ns",880.2113 ns,780.2844 ns,208.5398 ns,"114,753.735 ns","113,224.573 ns","114,293.246 ns","115,211.215 ns","115,872.266 ns","8,718.96",880.2113 ns,14.00,1.9724,2.000,-0.2263,64,*,No,387 B,5.2490,0.2441,-,"48,328 B"
'HasItems: With Count',Job-SPYWVM,False,True,Default,Default,Default,Default,Default,1111,Empty,RyuJit,X64,8c5e7fda-e8bf-4a96-9a85-a6e23a8c635c,.NET 6.0,False,True,False,True,Default,Default,False,False,True,Default,Default,Default,Default,Default,.NET 6.0,Default,1,Default,Default,Default,Default,Default,Default,Default,Default,Default,16,Default,DotNetTips.Spargine.Extensions.BenchmarkTests,Collections,50,"220,142.501 ns","1,610.8759 ns","1,427.9995 ns",381.6489 ns,"220,104.126 ns","217,656.165 ns","219,250.818 ns","220,968.005 ns","222,540.613 ns","4,542.51","1,610.8759 ns",14.00,1.8807,2.000,0.0913,67,*,No,387 B,10.7422,1.2207,-,"95,144 B"
'HasItems: With Count',Job-SPYWVM,False,True,Default,Default,Default,Default,Default,1111,Empty,RyuJit,X64,8c5e7fda-e8bf-4a96-9a85-a6e23a8c635c,.NET 6.0,False,True,False,True,Default,Default,False,False,True,Default,Default,Default,Default,Default,.NET 6.0,Default,1,Default,Default,Default,Default,Default,Default,Default,Default,Default,16,Default,DotNetTips.Spargine.Extensions.BenchmarkTests,Collections,100,"643,304.064 ns","27,279.5694 ns","78,707.7951 ns","8,033.0807 ns","638,743.359 ns","504,529.492 ns","585,215.210 ns","693,202.515 ns","867,283.203 ns","1,554.47","27,279.5694 ns",96.00,2.9353,2.880,0.5118,71,*,No,387 B,18.5547,11.7188,10.7422,"189,652 B"
'HasItems: With Count',Job-SPYWVM,False,True,Default,Default,Default,Default,Default,1111,Empty,RyuJit,X64,8c5e7fda-e8bf-4a96-9a85-a6e23a8c635c,.NET 6.0,False,True,False,True,Default,Default,False,False,True,Default,Default,Default,Default,Default,.NET 6.0,Default,1,Default,Default,Default,Default,Default,Default,Default,Default,Default,16,Default,DotNetTips.Spargine.Extensions.BenchmarkTests,Collections,250,"1,626,659.288 ns","65,260.8141 ns","191,398.6708 ns","19,236.2902 ns","1,617,332.812 ns","1,328,963.281 ns","1,463,518.359 ns","1,757,814.844 ns","2,184,328.906 ns",614.76,"65,260.8141 ns",99.00,2.7322,3.714,0.6215,74,*,No,387 B,46.8750,25.3906,25.3906,"470,680 B"
'HasItems: With Count',Job-SPYWVM,False,True,Default,Default,Default,Default,Default,1111,Empty,RyuJit,X64,8c5e7fda-e8bf-4a96-9a85-a6e23a8c635c,.NET 6.0,False,True,False,True,Default,Default,False,False,True,Default,Default,Default,Default,Default,.NET 6.0,Default,1,Default,Default,Default,Default,Default,Default,Default,Default,Default,16,Default,DotNetTips.Spargine.Extensions.BenchmarkTests,Collections,500,"2,516,036.935 ns","41,508.7159 ns","71,600.4954 ns","11,615.1341 ns","2,489,793.164 ns","2,445,459.766 ns","2,466,556.934 ns","2,525,604.492 ns","2,722,875.000 ns",397.45,"41,508.7159 ns",38.00,3.8929,2.000,1.3898,75,*,No,387 B,78.1250,58.5938,46.8750,"938,969 B"
'HasItems: With Count',Job-SPYWVM,False,True,Default,Default,Default,Default,Default,1111,Empty,RyuJit,X64,8c5e7fda-e8bf-4a96-9a85-a6e23a8c635c,.NET 6.0,False,True,False,True,Default,Default,False,False,True,Default,Default,Default,Default,Default,.NET 6.0,Default,1,Default,Default,Default,Default,Default,Default,Default,Default,Default,16,Default,DotNetTips.Spargine.Extensions.BenchmarkTests,Collections,1000,"5,382,437.155 ns","104,872.6404 ns","169,349.7659 ns","29,043.2453 ns","5,347,436.719 ns","5,083,357.031 ns","5,271,257.031 ns","5,507,699.219 ns","5,670,250.781 ns",185.79,"104,872.6404 ns",34.00,1.9969,2.133,0.2594,79,*,No,387 B,195.3125,164.0625,132.8125,"2,360,124 B"
'HasItems: With Count',Job-SPYWVM,False,True,Default,Default,Default,Default,Default,1111,Empty,RyuJit,X64,8c5e7fda-e8bf-4a96-9a85-a6e23a8c635c,.NET 6.0,False,True,False,True,Default,Default,False,False,True,Default,Default,Default,Default,Default,.NET 6.0,Default,1,Default,Default,Default,Default,Default,Default,Default,Default,Default,16,Default,DotNetTips.Spargine.Extensions.BenchmarkTests,Collections,2500,"12,917,028.237 ns","240,680.1464 ns","213,356.6808 ns","57,021.9715 ns","12,866,173.438 ns","12,643,121.875 ns","12,786,181.641 ns","13,044,667.969 ns","13,325,776.562 ns",77.42,"240,680.1464 ns",14.00,2.0939,2.000,0.6072,81,*,No,387 B,265.6250,234.3750,187.5000,"5,925,213 B"
'ToImmutable: Dictionary',Job-SPYWVM,False,True,Default,Default,Default,Default,Default,1111,Empty,RyuJit,X64,8c5e7fda-e8bf-4a96-9a85-a6e23a8c635c,.NET 6.0,False,True,False,True,Default,Default,False,False,True,Default,Default,Default,Default,Default,.NET 6.0,Default,1,Default,Default,Default,Default,Default,Default,Default,Default,Default,16,Default,DotNetTips.Spargine.Extensions.BenchmarkTests,Collections,10,"46,676.318 ns",572.0220 ns,535.0697 ns,138.1544 ns,"46,662.311 ns","45,985.211 ns","46,191.739 ns","47,007.162 ns","47,605.811 ns","21,424.14",572.0220 ns,15.00,1.6537,2.000,0.3377,57,*,No,362 B,2.5635,0.0610,-,"22,648 B"
'ToImmutable: Dictionary',Job-SPYWVM,False,True,Default,Default,Default,Default,Default,1111,Empty,RyuJit,X64,8c5e7fda-e8bf-4a96-9a85-a6e23a8c635c,.NET 6.0,False,True,False,True,Default,Default,False,False,True,Default,Default,Default,Default,Default,.NET 6.0,Default,1,Default,Default,Default,Default,Default,Default,Default,Default,Default,16,Default,DotNetTips.Spargine.Extensions.BenchmarkTests,Collections,25,"122,199.106 ns","1,415.1113 ns","1,323.6960 ns",341.7768 ns,"122,388.232 ns","119,165.918 ns","121,428.882 ns","122,964.282 ns","124,633.594 ns","8,183.37","1,415.1113 ns",15.00,2.8898,2.000,-0.3879,65,*,No,362 B,6.1035,0.4883,-,"54,688 B"
'ToImmutable: Dictionary',Job-SPYWVM,False,True,Default,Default,Default,Default,Default,1111,Empty,RyuJit,X64,8c5e7fda-e8bf-4a96-9a85-a6e23a8c635c,.NET 6.0,False,True,False,True,Default,Default,False,False,True,Default,Default,Default,Default,Default,.NET 6.0,Default,1,Default,Default,Default,Default,Default,Default,Default,Default,Default,16,Default,DotNetTips.Spargine.Extensions.BenchmarkTests,Collections,50,"250,694.956 ns","2,764.2956 ns","2,585.7239 ns",667.6310 ns,"250,686.450 ns","246,663.892 ns","248,633.203 ns","252,050.830 ns","256,143.677 ns","3,988.91","2,764.2956 ns",15.00,2.2449,2.000,0.1755,69,*,No,362 B,11.7188,-,-,"109,144 B"
'ToImmutable: Dictionary',Job-SPYWVM,False,True,Default,Default,Default,Default,Default,1111,Empty,RyuJit,X64,8c5e7fda-e8bf-4a96-9a85-a6e23a8c635c,.NET 6.0,False,True,False,True,Default,Default,False,False,True,Default,Default,Default,Default,Default,.NET 6.0,Default,1,Default,Default,Default,Default,Default,Default,Default,Default,Default,16,Default,DotNetTips.Spargine.Extensions.BenchmarkTests,Collections,100,"712,154.791 ns","18,022.5163 ns","52,572.5261 ns","5,310.6271 ns","702,854.199 ns","614,317.920 ns","673,906.787 ns","749,198.901 ns","833,390.381 ns","1,404.19","18,022.5163 ns",98.00,2.1793,3.407,0.2215,72,*,No,362 B,23.4375,19.5313,10.7422,"218,827 B"
'ToImmutable: Dictionary',Job-SPYWVM,False,True,Default,Default,Default,Default,Default,1111,Empty,RyuJit,X64,8c5e7fda-e8bf-4a96-9a85-a6e23a8c635c,.NET 6.0,False,True,False,True,Default,Default,False,False,True,Default,Default,Default,Default,Default,.NET 6.0,Default,1,Default,Default,Default,Default,Default,Default,Default,Default,Default,16,Default,DotNetTips.Spargine.Extensions.BenchmarkTests,Collections,250,"1,540,736.563 ns","41,611.2476 ns","122,038.5861 ns","12,265.3394 ns","1,489,566.211 ns","1,385,079.883 ns","1,437,822.461 ns","1,639,854.297 ns","1,892,091.992 ns",649.04,"41,611.2476 ns",99.00,2.3819,2.737,0.7071,74,*,No,362 B,50.7813,35.1563,23.4375,"542,269 B"
'ToImmutable: Dictionary',Job-SPYWVM,False,True,Default,Default,Default,Default,Default,1111,Empty,RyuJit,X64,8c5e7fda-e8bf-4a96-9a85-a6e23a8c635c,.NET 6.0,False,True,False,True,Default,Default,False,False,True,Default,Default,Default,Default,Default,.NET 6.0,Default,1,Default,Default,Default,Default,Default,Default,Default,Default,Default,16,Default,DotNetTips.Spargine.Extensions.BenchmarkTests,Collections,500,"2,830,558.092 ns","43,457.1538 ns","51,732.6502 ns","11,288.9898 ns","2,813,202.734 ns","2,776,380.859 ns","2,799,903.906 ns","2,824,618.359 ns","2,947,592.969 ns",353.29,"43,457.1538 ns",21.00,3.0124,2.000,1.1948,77,*,No,362 B,58.5938,58.5938,46.8750,"1,086,135 B"
'ToImmutable: Dictionary',Job-SPYWVM,False,True,Default,Default,Default,Default,Default,1111,Empty,RyuJit,X64,8c5e7fda-e8bf-4a96-9a85-a6e23a8c635c,.NET 6.0,False,True,False,True,Default,Default,False,False,True,Default,Default,Default,Default,Default,.NET 6.0,Default,1,Default,Default,Default,Default,Default,Default,Default,Default,Default,16,Default,DotNetTips.Spargine.Extensions.BenchmarkTests,Collections,1000,"6,027,449.976 ns","120,023.0615 ns","190,369.2944 ns","33,139.0405 ns","5,957,875.000 ns","5,802,254.688 ns","5,900,054.688 ns","6,061,963.281 ns","6,466,859.375 ns",165.91,"120,023.0615 ns",33.00,2.9352,2.000,1.0690,80,*,No,362 B,140.6250,140.6250,132.8125,"2,693,995 B"
'ToImmutable: Dictionary',Job-SPYWVM,False,True,Default,Default,Default,Default,Default,1111,Empty,RyuJit,X64,8c5e7fda-e8bf-4a96-9a85-a6e23a8c635c,.NET 6.0,False,True,False,True,Default,Default,False,False,True,Default,Default,Default,Default,Default,.NET 6.0,Default,1,Default,Default,Default,Default,Default,Default,Default,Default,Default,16,Default,DotNetTips.Spargine.Extensions.BenchmarkTests,Collections,2500,"17,622,768.367 ns","438,176.8187 ns","1,278,182.3470 ns","129,115.9150 ns","17,571,112.500 ns","14,911,590.625 ns","16,851,684.375 ns","18,451,738.281 ns","20,453,450.000 ns",56.74,"438,176.8187 ns",98.00,2.4728,2.357,-0.0393,82,*,No,362 B,187.5000,187.5000,187.5000,"6,698,342 B"
'ToImmutable: List',Job-SPYWVM,False,True,Default,Default,Default,Default,Default,1111,Empty,RyuJit,X64,8c5e7fda-e8bf-4a96-9a85-a6e23a8c635c,.NET 6.0,False,True,False,True,Default,Default,False,False,True,Default,Default,Default,Default,Default,.NET 6.0,Default,1,Default,Default,Default,Default,Default,Default,Default,Default,Default,16,Default,DotNetTips.Spargine.Extensions.BenchmarkTests,Collections,10,360.717 ns,5.3053 ns,4.9626 ns,1.2813 ns,360.003 ns,354.972 ns,356.386 ns,364.482 ns,371.197 ns,"2,772,259.73",5.3053 ns,15.00,2.0429,2.000,0.6001,18,*,No,193 B,0.0582,-,-,528 B
'ToImmutable: List',Job-SPYWVM,False,True,Default,Default,Default,Default,Default,1111,Empty,RyuJit,X64,8c5e7fda-e8bf-4a96-9a85-a6e23a8c635c,.NET 6.0,False,True,False,True,Default,Default,False,False,True,Default,Default,Default,Default,Default,.NET 6.0,Default,1,Default,Default,Default,Default,Default,Default,Default,Default,Default,16,Default,DotNetTips.Spargine.Extensions.BenchmarkTests,Collections,25,786.808 ns,10.9088 ns,10.2041 ns,2.6347 ns,787.041 ns,760.873 ns,783.004 ns,792.528 ns,803.517 ns,"1,270,957.93",10.9088 ns,15.00,3.6057,2.000,-0.6628,25,*,No,193 B,0.1373,-,-,"1,248 B"
'ToImmutable: List',Job-SPYWVM,False,True,Default,Default,Default,Default,Default,1111,Empty,RyuJit,X64,8c5e7fda-e8bf-4a96-9a85-a6e23a8c635c,.NET 6.0,False,True,False,True,Default,Default,False,False,True,Default,Default,Default,Default,Default,.NET 6.0,Default,1,Default,Default,Default,Default,Default,Default,Default,Default,Default,16,Default,DotNetTips.Spargine.Extensions.BenchmarkTests,Collections,50,"1,584.483 ns",7.1134 ns,6.3058 ns,1.6853 ns,"1,585.758 ns","1,574.159 ns","1,579.356 ns","1,589.493 ns","1,594.243 ns","631,120.81",7.1134 ns,14.00,1.5481,2.000,-0.0388,29,*,No,193 B,0.2632,-,-,"2,448 B"
'ToImmutable: List',Job-SPYWVM,False,True,Default,Default,Default,Default,Default,1111,Empty,RyuJit,X64,8c5e7fda-e8bf-4a96-9a85-a6e23a8c635c,.NET 6.0,False,True,False,True,Default,Default,False,False,True,Default,Default,Default,Default,Default,.NET 6.0,Default,1,Default,Default,Default,Default,Default,Default,Default,Default,Default,16,Default,DotNetTips.Spargine.Extensions.BenchmarkTests,Collections,100,"2,898.375 ns",27.8198 ns,26.0226 ns,6.7190 ns,"2,903.133 ns","2,840.876 ns","2,876.824 ns","2,915.680 ns","2,940.104 ns","345,020.94",27.8198 ns,15.00,2.3758,2.000,-0.5517,34,*,No,193 B,0.5341,-,-,"4,848 B"
'ToImmutable: List',Job-SPYWVM,False,True,Default,Default,Default,Default,Default,1111,Empty,RyuJit,X64,8c5e7fda-e8bf-4a96-9a85-a6e23a8c635c,.NET 6.0,False,True,False,True,Default,Default,False,False,True,Default,Default,Default,Default,Default,.NET 6.0,Default,1,Default,Default,Default,Default,Default,Default,Default,Default,Default,16,Default,DotNetTips.Spargine.Extensions.BenchmarkTests,Collections,250,"6,281.585 ns",58.8094 ns,52.1330 ns,13.9331 ns,"6,290.191 ns","6,209.619 ns","6,239.170 ns","6,300.630 ns","6,381.618 ns","159,195.50",58.8094 ns,14.00,2.1355,2.000,0.3202,40,*,No,193 B,1.3199,-,-,"12,048 B"
'ToImmutable: List',Job-SPYWVM,False,True,Default,Default,Default,Default,Default,1111,Empty,RyuJit,X64,8c5e7fda-e8bf-4a96-9a85-a6e23a8c635c,.NET 6.0,False,True,False,True,Default,Default,False,False,True,Default,Default,Default,Default,Default,.NET 6.0,Default,1,Default,Default,Default,Default,Default,Default,Default,Default,Default,16,Default,DotNetTips.Spargine.Extensions.BenchmarkTests,Collections,500,"12,184.458 ns",109.2375 ns,102.1808 ns,26.3830 ns,"12,185.789 ns","12,037.312 ns","12,109.132 ns","12,255.350 ns","12,401.167 ns","82,071.77",109.2375 ns,15.00,2.1705,2.000,0.3428,47,*,No,193 B,2.6093,-,-,"24,048 B"
'ToImmutable: List',Job-SPYWVM,False,True,Default,Default,Default,Default,Default,1111,Empty,RyuJit,X64,8c5e7fda-e8bf-4a96-9a85-a6e23a8c635c,.NET 6.0,False,True,False,True,Default,Default,False,False,True,Default,Default,Default,Default,Default,.NET 6.0,Default,1,Default,Default,Default,Default,Default,Default,Default,Default,Default,16,Default,DotNetTips.Spargine.Extensions.BenchmarkTests,Collections,1000,"27,481.283 ns",531.9154 ns,"1,012.0243 ns",150.8637 ns,"27,591.440 ns","24,578.574 ns","27,327.451 ns","27,981.412 ns","29,389.389 ns","36,388.40",531.9154 ns,45.00,5.0274,2.000,-1.3242,52,*,No,193 B,5.1880,0.6104,-,"48,048 B"
'ToImmutable: List',Job-SPYWVM,False,True,Default,Default,Default,Default,Default,1111,Empty,RyuJit,X64,8c5e7fda-e8bf-4a96-9a85-a6e23a8c635c,.NET 6.0,False,True,False,True,Default,Default,False,False,True,Default,Default,Default,Default,Default,.NET 6.0,Default,1,Default,Default,Default,Default,Default,Default,Default,Default,Default,16,Default,DotNetTips.Spargine.Extensions.BenchmarkTests,Collections,2500,"82,167.557 ns","1,620.1093 ns","3,197.9377 ns",461.5825 ns,"83,005.786 ns","71,636.597 ns","79,505.582 ns","85,198.969 ns","85,681.909 ns","12,170.25","1,620.1093 ns",48.00,3.1585,3.167,-0.6915,61,*,No,193 B,10.8643,-,-,"120,048 B"
FirstOrNull,Job-SPYWVM,False,True,Default,Default,Default,Default,Default,1111,Empty,RyuJit,X64,8c5e7fda-e8bf-4a96-9a85-a6e23a8c635c,.NET 6.0,False,True,False,True,Default,Default,False,False,True,Default,Default,Default,Default,Default,.NET 6.0,Default,1,Default,Default,Default,Default,Default,Default,Default,Default,Default,16,Default,DotNetTips.Spargine.Extensions.BenchmarkTests,Collections,10,"7,602.006 ns",69.9997 ns,65.4777 ns,16.9063 ns,"7,579.880 ns","7,505.481 ns","7,559.866 ns","7,645.796 ns","7,713.952 ns","131,544.22",69.9997 ns,15.00,1.6932,2.000,0.3330,43,*,No,667 B,0.3738,-,-,"3,392 B"
FirstOrNull,Job-SPYWVM,False,True,Default,Default,Default,Default,Default,1111,Empty,RyuJit,X64,8c5e7fda-e8bf-4a96-9a85-a6e23a8c635c,.NET 6.0,False,True,False,True,Default,Default,False,False,True,Default,Default,Default,Default,Default,.NET 6.0,Default,1,Default,Default,Default,Default,Default,Default,Default,Default,Default,16,Default,DotNetTips.Spargine.Extensions.BenchmarkTests,Collections,25,"19,400.907 ns",151.1586 ns,141.3939 ns,36.5077 ns,"19,390.724 ns","19,176.595 ns","19,294.447 ns","19,494.942 ns","19,691.362 ns","51,543.98",151.1586 ns,15.00,2.1150,2.000,0.4169,49,*,No,667 B,0.7019,-,-,"6,352 B"
FirstOrNull,Job-SPYWVM,False,True,Default,Default,Default,Default,Default,1111,Empty,RyuJit,X64,8c5e7fda-e8bf-4a96-9a85-a6e23a8c635c,.NET 6.0,False,True,False,True,Default,Default,False,False,True,Default,Default,Default,Default,Default,.NET 6.0,Default,1,Default,Default,Default,Default,Default,Default,Default,Default,Default,16,Default,DotNetTips.Spargine.Extensions.BenchmarkTests,Collections,50,"41,632.038 ns",396.0269 ns,351.0675 ns,93.8267 ns,"41,607.886 ns","41,107.837 ns","41,383.942 ns","41,835.396 ns","42,425.140 ns","24,019.96",396.0269 ns,14.00,2.5516,2.000,0.4715,55,*,No,667 B,1.2207,-,-,"11,408 B"
FirstOrNull,Job-SPYWVM,False,True,Default,Default,Default,Default,Default,1111,Empty,RyuJit,X64,8c5e7fda-e8bf-4a96-9a85-a6e23a8c635c,.NET 6.0,False,True,False,True,Default,Default,False,False,True,Default,Default,Default,Default,Default,.NET 6.0,Default,1,Default,Default,Default,Default,Default,Default,Default,Default,Default,16,Default,DotNetTips.Spargine.Extensions.BenchmarkTests,Collections,100,"99,958.585 ns",853.2723 ns,798.1514 ns,206.0818 ns,"99,865.155 ns","98,253.546 ns","99,448.761 ns","100,663.116 ns","101,217.401 ns","10,004.14",853.2723 ns,15.00,2.2344,2.000,-0.2487,62,*,No,667 B,2.3193,-,-,"21,505 B"
FirstOrNull,Job-SPYWVM,False,True,Default,Default,Default,Default,Default,1111,Empty,RyuJit,X64,8c5e7fda-e8bf-4a96-9a85-a6e23a8c635c,.NET 6.0,False,True,False,True,Default,Default,False,False,True,Default,Default,Default,Default,Default,.NET 6.0,Default,1,Default,Default,Default,Default,Default,Default,Default,Default,Default,16,Default,DotNetTips.Spargine.Extensions.BenchmarkTests,Collections,250,"383,723.062 ns","3,122.2273 ns","2,920.5334 ns",754.0785 ns,"384,112.573 ns","377,325.952 ns","382,104.883 ns","386,217.676 ns","386,980.054 ns","2,606.05","3,122.2273 ns",15.00,2.2062,2.000,-0.6084,70,*,No,667 B,5.3711,-,-,"49,706 B"
FirstOrNull,Job-SPYWVM,False,True,Default,Default,Default,Default,Default,1111,Empty,RyuJit,X64,8c5e7fda-e8bf-4a96-9a85-a6e23a8c635c,.NET 6.0,False,True,False,True,Default,Default,False,False,True,Default,Default,Default,Default,Default,.NET 6.0,Default,1,Default,Default,Default,Default,Default,Default,Default,Default,Default,16,Default,DotNetTips.Spargine.Extensions.BenchmarkTests,Collections,500,"1,166,408.014 ns","11,838.8946 ns","11,074.1093 ns","2,859.3227 ns","1,167,090.137 ns","1,140,847.168 ns","1,164,207.324 ns","1,172,063.184 ns","1,180,744.824 ns",857.33,"11,838.8946 ns",15.00,2.7424,2.000,-0.7266,73,*,No,667 B,9.7656,-,-,"97,876 B"
FirstOrNull,Job-SPYWVM,False,True,Default,Default,Default,Default,Default,1111,Empty,RyuJit,X64,8c5e7fda-e8bf-4a96-9a85-a6e23a8c635c,.NET 6.0,False,True,False,True,Default,Default,False,False,True,Default,Default,Default,Default,Default,.NET 6.0,Default,1,Default,Default,Default,Default,Default,Default,Default,Default,Default,16,Default,DotNetTips.Spargine.Extensions.BenchmarkTests,Collections,1000,"5,034,200.938 ns","56,903.8488 ns","53,227.8954 ns","13,743.3835 ns","5,045,586.719 ns","4,941,620.312 ns","4,990,623.047 ns","5,066,049.219 ns","5,114,425.000 ns",198.64,"56,903.8488 ns",15.00,1.6016,2.000,-0.2326,78,*,No,667 B,15.6250,-,-,"194,252 B"
FirstOrNull,Job-SPYWVM,False,True,Default,Default,Default,Default,Default,1111,Empty,RyuJit,X64,8c5e7fda-e8bf-4a96-9a85-a6e23a8c635c,.NET 6.0,False,True,False,True,Default,Default,False,False,True,Default,Default,Default,Default,Default,.NET 6.0,Default,1,Default,Default,Default,Default,Default,Default,Default,Default,Default,16,Default,DotNetTips.Spargine.Extensions.BenchmarkTests,Collections,2500,"23,247,933.750 ns","300,544.9059 ns","281,129.8914 ns","72,587.4258 ns","23,389,900.000 ns","22,777,990.625 ns","23,009,192.188 ns","23,485,459.375 ns","23,517,850.000 ns",43.01,"300,544.9059 ns",15.00,1.5532,2.000,-0.5708,83,*,No,667 B,31.2500,-,-,"532,682 B"
HasItems,Job-SPYWVM,False,True,Default,Default,Default,Default,Default,1111,Empty,RyuJit,X64,8c5e7fda-e8bf-4a96-9a85-a6e23a8c635c,.NET 6.0,False,True,False,True,Default,Default,False,False,True,Default,Default,Default,Default,Default,.NET 6.0,Default,1,Default,Default,Default,Default,Default,Default,Default,Default,Default,16,Default,DotNetTips.Spargine.Extensions.BenchmarkTests,Collections,10,"43,214.343 ns",476.1447 ns,422.0899 ns,112.8083 ns,"43,279.813 ns","42,226.941 ns","43,031.941 ns","43,368.021 ns","43,913.635 ns","23,140.47",476.1447 ns,14.00,3.0085,2.000,-0.6207,56,*,No,386 B,2.3193,0.0610,-,"19,960 B"
HasItems,Job-SPYWVM,False,True,Default,Default,Default,Default,Default,1111,Empty,RyuJit,X64,8c5e7fda-e8bf-4a96-9a85-a6e23a8c635c,.NET 6.0,False,True,False,True,Default,Default,False,False,True,Default,Default,Default,Default,Default,.NET 6.0,Default,1,Default,Default,Default,Default,Default,Default,Default,Default,Default,16,Default,DotNetTips.Spargine.Extensions.BenchmarkTests,Collections,25,"112,363.604 ns",776.8488 ns,726.6648 ns,187.6241 ns,"112,223.041 ns","111,384.125 ns","111,745.807 ns","112,996.277 ns","113,510.333 ns","8,899.68",776.8488 ns,15.00,1.3512,2.000,0.2004,63,*,No,386 B,5.2490,0.2441,-,"48,224 B"
HasItems,Job-SPYWVM,False,True,Default,Default,Default,Default,Default,1111,Empty,RyuJit,X64,8c5e7fda-e8bf-4a96-9a85-a6e23a8c635c,.NET 6.0,False,True,False,True,Default,Default,False,False,True,Default,Default,Default,Default,Default,.NET 6.0,Default,1,Default,Default,Default,Default,Default,Default,Default,Default,Default,16,Default,DotNetTips.Spargine.Extensions.BenchmarkTests,Collections,50,"228,650.798 ns","3,131.2032 ns","3,727.4746 ns",813.4016 ns,"227,644.446 ns","222,923.425 ns","226,515.906 ns","230,016.687 ns","241,456.873 ns","4,373.48","3,131.2032 ns",21.00,7.0673,2.000,1.7733,68,*,No,386 B,10.4980,1.4648,-,"94,856 B"
HasItems,Job-SPYWVM,False,True,Default,Default,Default,Default,Default,1111,Empty,RyuJit,X64,8c5e7fda-e8bf-4a96-9a85-a6e23a8c635c,.NET 6.0,False,True,False,True,Default,Default,False,False,True,Default,Default,Default,Default,Default,.NET 6.0,Default,1,Default,Default,Default,Default,Default,Default,Default,Default,Default,16,Default,DotNetTips.Spargine.Extensions.BenchmarkTests,Collections,100,"647,358.384 ns","26,106.7710 ns","76,566.6402 ns","7,695.2369 ns","642,469.971 ns","479,839.893 ns","596,921.582 ns","694,378.613 ns","840,448.291 ns","1,544.74","26,106.7710 ns",99.00,2.7241,2.560,0.2273,71,*,No,386 B,18.5547,12.6953,10.7422,"189,534 B"
HasItems,Job-SPYWVM,False,True,Default,Default,Default,Default,Default,1111,Empty,RyuJit,X64,8c5e7fda-e8bf-4a96-9a85-a6e23a8c635c,.NET 6.0,False,True,False,True,Default,Default,False,False,True,Default,Default,Default,Default,Default,.NET 6.0,Default,1,Default,Default,Default,Default,Default,Default,Default,Default,Default,16,Default,DotNetTips.Spargine.Extensions.BenchmarkTests,Collections,250,"1,601,347.076 ns","65,984.7689 ns","194,557.5799 ns","19,455.7580 ns","1,549,847.070 ns","1,294,811.133 ns","1,447,447.314 ns","1,739,972.705 ns","2,138,803.711 ns",624.47,"65,984.7689 ns",100.00,2.4467,2.571,0.5500,74,*,No,386 B,48.8281,35.1563,23.4375,"470,300 B"
HasItems,Job-SPYWVM,False,True,Default,Default,Default,Default,Default,1111,Empty,RyuJit,X64,8c5e7fda-e8bf-4a96-9a85-a6e23a8c635c,.NET 6.0,False,True,False,True,Default,Default,False,False,True,Default,Default,Default,Default,Default,.NET 6.0,Default,1,Default,Default,Default,Default,Default,Default,Default,Default,Default,16,Default,DotNetTips.Spargine.Extensions.BenchmarkTests,Collections,500,"2,586,157.003 ns","51,660.9543 ns","110,093.7056 ns","14,845.0322 ns","2,539,451.953 ns","2,447,244.922 ns","2,497,484.961 ns","2,649,003.516 ns","2,902,772.266 ns",386.67,"51,660.9543 ns",55.00,3.1576,2.000,0.9459,76,*,No,386 B,93.7500,70.3125,46.8750,"938,743 B"
HasItems,Job-SPYWVM,False,True,Default,Default,Default,Default,Default,1111,Empty,RyuJit,X64,8c5e7fda-e8bf-4a96-9a85-a6e23a8c635c,.NET 6.0,False,True,False,True,Default,Default,False,False,True,Default,Default,Default,Default,Default,.NET 6.0,Default,1,Default,Default,Default,Default,Default,Default,Default,Default,Default,16,Default,DotNetTips.Spargine.Extensions.BenchmarkTests,Collections,1000,"5,390,506.624 ns","106,306.6681 ns","204,816.8588 ns","30,198.5983 ns","5,325,071.094 ns","5,097,675.781 ns","5,236,719.922 ns","5,492,288.477 ns","5,832,613.281 ns",185.51,"106,306.6681 ns",46.00,2.3432,2.316,0.7002,79,*,No,386 B,234.3750,195.3125,132.8125,"2,359,454 B"
HasItems,Job-SPYWVM,False,True,Default,Default,Default,Default,Default,1111,Empty,RyuJit,X64,8c5e7fda-e8bf-4a96-9a85-a6e23a8c635c,.NET 6.0,False,True,False,True,Default,Default,False,False,True,Default,Default,Default,Default,Default,.NET 6.0,Default,1,Default,Default,Default,Default,Default,Default,Default,Default,Default,16,Default,DotNetTips.Spargine.Extensions.BenchmarkTests,Collections,2500,"12,954,662.500 ns","237,780.6427 ns","222,420.1607 ns","57,428.6386 ns","12,887,834.375 ns","12,746,028.125 ns","12,802,612.500 ns","12,973,917.188 ns","13,439,112.500 ns",77.19,"237,780.6427 ns",15.00,2.7727,2.000,1.1315,81,*,No,386 B,234.3750,218.7500,187.5000,"5,923,172 B"
StartsWith,Job-SPYWVM,False,True,Default,Default,Default,Default,Default,1111,Empty,RyuJit,X64,8c5e7fda-e8bf-4a96-9a85-a6e23a8c635c,.NET 6.0,False,True,False,True,Default,Default,False,False,True,Default,Default,Default,Default,Default,.NET 6.0,Default,1,Default,Default,Default,Default,Default,Default,Default,Default,Default,16,Default,DotNetTips.Spargine.Extensions.BenchmarkTests,Collections,10,39.008 ns,0.7214 ns,0.6748 ns,0.1742 ns,39.017 ns,37.891 ns,38.436 ns,39.504 ns,40.128 ns,"25,635,969.48",0.7214 ns,15.00,1.6474,2.000,-0.0402,4,*,No,641 B,0.0070,-,-,64 B
StartsWith,Job-SPYWVM,False,True,Default,Default,Default,Default,Default,1111,Empty,RyuJit,X64,8c5e7fda-e8bf-4a96-9a85-a6e23a8c635c,.NET 6.0,False,True,False,True,Default,Default,False,False,True,Default,Default,Default,Default,Default,.NET 6.0,Default,1,Default,Default,Default,Default,Default,Default,Default,Default,Default,16,Default,DotNetTips.Spargine.Extensions.BenchmarkTests,Collections,25,37.902 ns,0.7711 ns,0.8570 ns,0.1966 ns,38.148 ns,36.234 ns,37.500 ns,38.446 ns,39.490 ns,"26,384,021.49",0.7711 ns,19.00,2.3048,2.182,-0.4788,3,*,No,641 B,0.0070,-,-,64 B
StartsWith,Job-SPYWVM,False,True,Default,Default,Default,Default,Default,1111,Empty,RyuJit,X64,8c5e7fda-e8bf-4a96-9a85-a6e23a8c635c,.NET 6.0,False,True,False,True,Default,Default,False,False,True,Default,Default,Default,Default,Default,.NET 6.0,Default,1,Default,Default,Default,Default,Default,Default,Default,Default,Default,16,Default,DotNetTips.Spargine.Extensions.BenchmarkTests,Collections,50,38.787 ns,0.6629 ns,0.6201 ns,0.1601 ns,38.950 ns,37.751 ns,38.334 ns,39.164 ns,39.873 ns,"25,782,153.73",0.6629 ns,15.00,1.9579,2.000,-0.2344,4,*,No,641 B,0.0070,-,-,64 B
StartsWith,Job-SPYWVM,False,True,Default,Default,Default,Default,Default,1111,Empty,RyuJit,X64,8c5e7fda-e8bf-4a96-9a85-a6e23a8c635c,.NET 6.0,False,True,False,True,Default,Default,False,False,True,Default,Default,Default,Default,Default,.NET 6.0,Default,1,Default,Default,Default,Default,Default,Default,Default,Default,Default,16,Default,DotNetTips.Spargine.Extensions.BenchmarkTests,Collections,100,37.141 ns,0.3946 ns,0.3498 ns,0.0935 ns,37.011 ns,36.795 ns,36.877 ns,37.328 ns,37.863 ns,"26,924,385.84",0.3946 ns,14.00,2.4906,2.000,0.9613,3,*,No,641 B,0.0070,-,-,64 B
StartsWith,Job-SPYWVM,False,True,Default,Default,Default,Default,Default,1111,Empty,RyuJit,X64,8c5e7fda-e8bf-4a96-9a85-a6e23a8c635c,.NET 6.0,False,True,False,True,Default,Default,False,False,True,Default,Default,Default,Default,Default,.NET 6.0,Default,1,Default,Default,Default,Default,Default,Default,Default,Default,Default,16,Default,DotNetTips.Spargine.Extensions.BenchmarkTests,Collections,250,37.536 ns,0.7660 ns,0.8821 ns,0.1972 ns,37.332 ns,36.585 ns,36.745 ns,38.012 ns,39.846 ns,"26,640,829.14",0.7660 ns,20.00,3.0320,2.000,0.8616,3,*,No,641 B,0.0070,-,-,64 B
StartsWith,Job-SPYWVM,False,True,Default,Default,Default,Default,Default,1111,Empty,RyuJit,X64,8c5e7fda-e8bf-4a96-9a85-a6e23a8c635c,.NET 6.0,False,True,False,True,Default,Default,False,False,True,Default,Default,Default,Default,Default,.NET 6.0,Default,1,Default,Default,Default,Default,Default,Default,Default,Default,Default,16,Default,DotNetTips.Spargine.Extensions.BenchmarkTests,Collections,500,37.236 ns,0.7678 ns,0.8216 ns,0.1936 ns,36.833 ns,36.245 ns,36.521 ns,37.992 ns,38.750 ns,"26,856,038.55",0.7678 ns,18.00,1.4414,2.000,0.3717,3,*,No,641 B,0.0070,-,-,64 B
StartsWith,Job-SPYWVM,False,True,Default,Default,Default,Default,Default,1111,Empty,RyuJit,X64,8c5e7fda-e8bf-4a96-9a85-a6e23a8c635c,.NET 6.0,False,True,False,True,Default,Default,False,False,True,Default,Default,Default,Default,Default,.NET 6.0,Default,1,Default,Default,Default,Default,Default,Default,Default,Default,Default,16,Default,DotNetTips.Spargine.Extensions.BenchmarkTests,Collections,1000,37.793 ns,0.7686 ns,1.0260 ns,0.2052 ns,37.852 ns,36.210 ns,37.018 ns,38.418 ns,40.460 ns,"26,459,968.02",0.7686 ns,25.00,3.0113,2.182,0.7671,3,*,No,641 B,0.0070,-,-,64 B
StartsWith,Job-SPYWVM,False,True,Default,Default,Default,Default,Default,1111,Empty,RyuJit,X64,8c5e7fda-e8bf-4a96-9a85-a6e23a8c635c,.NET 6.0,False,True,False,True,Default,Default,False,False,True,Default,Default,Default,Default,Default,.NET 6.0,Default,1,Default,Default,Default,Default,Default,Default,Default,Default,Default,16,Default,DotNetTips.Spargine.Extensions.BenchmarkTests,Collections,2500,39.458 ns,0.8195 ns,1.4136 ns,0.2293 ns,39.631 ns,36.186 ns,38.989 ns,40.372 ns,42.060 ns,"25,343,394.43",0.8195 ns,38.00,3.1765,2.000,-0.8292,4,*,No,641 B,0.0069,-,-,64 B
StructuralSequenceEqual,Job-SPYWVM,False,True,Default,Default,Default,Default,Default,1111,Empty,RyuJit,X64,8c5e7fda-e8bf-4a96-9a85-a6e23a8c635c,.NET 6.0,False,True,False,True,Default,Default,False,False,True,Default,Default,Default,Default,Default,.NET 6.0,Default,1,Default,Default,Default,Default,Default,Default,Default,Default,Default,16,Default,DotNetTips.Spargine.Extensions.BenchmarkTests,Collections,10,2.129 ns,0.0491 ns,0.0459 ns,0.0119 ns,2.132 ns,2.072 ns,2.081 ns,2.177 ns,2.183 ns,"469,787,757.14",0.0491 ns,15.00,1.1047,2.000,-0.0033,1,*,No,660 B,-,-,-,0 B
StructuralSequenceEqual,Job-SPYWVM,False,True,Default,Default,Default,Default,Default,1111,Empty,RyuJit,X64,8c5e7fda-e8bf-4a96-9a85-a6e23a8c635c,.NET 6.0,False,True,False,True,Default,Default,False,False,True,Default,Default,Default,Default,Default,.NET 6.0,Default,1,Default,Default,Default,Default,Default,Default,Default,Default,Default,16,Default,DotNetTips.Spargine.Extensions.BenchmarkTests,Collections,25,2.149 ns,0.0720 ns,0.0771 ns,0.0182 ns,2.143 ns,2.072 ns,2.081 ns,2.187 ns,2.330 ns,"465,265,972.25",0.0720 ns,18.00,2.6592,2.200,0.8142,1,*,No,660 B,-,-,-,0 B
StructuralSequenceEqual,Job-SPYWVM,False,True,Default,Default,Default,Default,Default,1111,Empty,RyuJit,X64,8c5e7fda-e8bf-4a96-9a85-a6e23a8c635c,.NET 6.0,False,True,False,True,Default,Default,False,False,True,Default,Default,Default,Default,Default,.NET 6.0,Default,1,Default,Default,Default,Default,Default,Default,Default,Default,Default,16,Default,DotNetTips.Spargine.Extensions.BenchmarkTests,Collections,50,2.150 ns,0.0601 ns,0.0562 ns,0.0145 ns,2.178 ns,2.084 ns,2.089 ns,2.192 ns,2.239 ns,"465,066,992.85",0.0601 ns,15.00,1.2501,2.000,0.0073,1,*,No,660 B,-,-,-,0 B
StructuralSequenceEqual,Job-SPYWVM,False,True,Default,Default,Default,Default,Default,1111,Empty,RyuJit,X64,8c5e7fda-e8bf-4a96-9a85-a6e23a8c635c,.NET 6.0,False,True,False,True,Default,Default,False,False,True,Default,Default,Default,Default,Default,.NET 6.0,Default,1,Default,Default,Default,Default,Default,Default,Default,Default,Default,16,Default,DotNetTips.Spargine.Extensions.BenchmarkTests,Collections,100,2.126 ns,0.0507 ns,0.0474 ns,0.0122 ns,2.140 ns,2.072 ns,2.080 ns,2.172 ns,2.186 ns,"470,265,294.57",0.0507 ns,15.00,1.0214,2.000,0.0062,1,*,No,660 B,-,-,-,0 B
StructuralSequenceEqual,Job-SPYWVM,False,True,Default,Default,Default,Default,Default,1111,Empty,RyuJit,X64,8c5e7fda-e8bf-4a96-9a85-a6e23a8c635c,.NET 6.0,False,True,False,True,Default,Default,False,False,True,Default,Default,Default,Default,Default,.NET 6.0,Default,1,Default,Default,Default,Default,Default,Default,Default,Default,Default,16,Default,DotNetTips.Spargine.Extensions.BenchmarkTests,Collections,250,2.122 ns,0.0474 ns,0.0443 ns,0.0114 ns,2.111 ns,2.076 ns,2.086 ns,2.157 ns,2.196 ns,"471,322,562.44",0.0474 ns,15.00,1.5756,2.000,0.5399,1,*,No,660 B,-,-,-,0 B
StructuralSequenceEqual,Job-SPYWVM,False,True,Default,Default,Default,Default,Default,1111,Empty,RyuJit,X64,8c5e7fda-e8bf-4a96-9a85-a6e23a8c635c,.NET 6.0,False,True,False,True,Default,Default,False,False,True,Default,Default,Default,Default,Default,.NET 6.0,Default,1,Default,Default,Default,Default,Default,Default,Default,Default,Default,16,Default,DotNetTips.Spargine.Extensions.BenchmarkTests,Collections,500,2.121 ns,0.0516 ns,0.0482 ns,0.0125 ns,2.093 ns,2.070 ns,2.080 ns,2.176 ns,2.182 ns,"471,381,778.64",0.0516 ns,15.00,1.0571,2.000,0.3082,1,*,No,660 B,-,-,-,0 B
StructuralSequenceEqual,Job-SPYWVM,False,True,Default,Default,Default,Default,Default,1111,Empty,RyuJit,X64,8c5e7fda-e8bf-4a96-9a85-a6e23a8c635c,.NET 6.0,False,True,False,True,Default,Default,False,False,True,Default,Default,Default,Default,Default,.NET 6.0,Default,1,Default,Default,Default,Default,Default,Default,Default,Default,Default,16,Default,DotNetTips.Spargine.Extensions.BenchmarkTests,Collections,1000,2.123 ns,0.0413 ns,0.0386 ns,0.0100 ns,2.123 ns,2.044 ns,2.103 ns,2.153 ns,2.172 ns,"471,063,817.94",0.0413 ns,15.00,2.2320,2.000,-0.6692,1,*,No,660 B,-,-,-,0 B
StructuralSequenceEqual,Job-SPYWVM,False,True,Default,Default,Default,Default,Default,1111,Empty,RyuJit,X64,8c5e7fda-e8bf-4a96-9a85-a6e23a8c635c,.NET 6.0,False,True,False,True,Default,Default,False,False,True,Default,Default,Default,Default,Default,.NET 6.0,Default,1,Default,Default,Default,Default,Default,Default,Default,Default,Default,16,Default,DotNetTips.Spargine.Extensions.BenchmarkTests,Collections,2500,2.288 ns,0.0461 ns,0.0432 ns,0.0111 ns,2.311 ns,2.217 ns,2.246 ns,2.320 ns,2.342 ns,"437,107,216.16",0.0461 ns,15.00,1.4682,2.000,-0.4254,2,*,No,660 B,-,-,-,0 B
ToBlockingCollection,Job-SPYWVM,False,True,Default,Default,Default,Default,Default,1111,Empty,RyuJit,X64,8c5e7fda-e8bf-4a96-9a85-a6e23a8c635c,.NET 6.0,False,True,False,True,Default,Default,False,False,True,Default,Default,Default,Default,Default,.NET 6.0,Default,1,Default,Default,Default,Default,Default,Default,Default,Default,Default,16,Default,DotNetTips.Spargine.Extensions.BenchmarkTests,Collections,10,958.067 ns,13.2036 ns,12.3506 ns,3.1889 ns,958.314 ns,938.442 ns,947.667 ns,967.958 ns,975.372 ns,"1,043,768.37",13.2036 ns,15.00,1.4843,2.000,-0.1068,26,*,No,474 B,0.1316,-,-,"1,208 B"
ToBlockingCollection,Job-SPYWVM,False,True,Default,Default,Default,Default,Default,1111,Empty,RyuJit,X64,8c5e7fda-e8bf-4a96-9a85-a6e23a8c635c,.NET 6.0,False,True,False,True,Default,Default,False,False,True,Default,Default,Default,Default,Default,.NET 6.0,Default,1,Default,Default,Default,Default,Default,Default,Default,Default,Default,16,Default,DotNetTips.Spargine.Extensions.BenchmarkTests,Collections,25,"2,033.846 ns",27.2690 ns,25.5074 ns,6.5860 ns,"2,038.270 ns","1,980.234 ns","2,019.690 ns","2,055.014 ns","2,066.788 ns","491,679.36",27.2690 ns,15.00,2.0905,2.000,-0.3791,32,*,No,474 B,0.1297,-,-,"1,208 B"
ToBlockingCollection,Job-SPYWVM,False,True,Default,Default,Default,Default,Default,1111,Empty,RyuJit,X64,8c5e7fda-e8bf-4a96-9a85-a6e23a8c635c,.NET 6.0,False,True,False,True,Default,Default,False,False,True,Default,Default,Default,Default,Default,.NET 6.0,Default,1,Default,Default,Default,Default,Default,Default,Default,Default,Default,16,Default,DotNetTips.Spargine.Extensions.BenchmarkTests,Collections,50,"3,998.257 ns",43.0652 ns,40.2832 ns,10.4011 ns,"3,992.976 ns","3,930.064 ns","3,970.308 ns","4,023.613 ns","4,082.513 ns","250,108.99",43.0652 ns,15.00,2.1993,2.000,0.3582,37,*,No,474 B,0.2670,-,-,"2,488 B"
ToBlockingCollection,Job-SPYWVM,False,True,Default,Default,Default,Default,Default,1111,Empty,RyuJit,X64,8c5e7fda-e8bf-4a96-9a85-a6e23a8c635c,.NET 6.0,False,True,False,True,Default,Default,False,False,True,Default,Default,Default,Default,Default,.NET 6.0,Default,1,Default,Default,Default,Default,Default,Default,Default,Default,Default,16,Default,DotNetTips.Spargine.Extensions.BenchmarkTests,Collections,100,"7,959.220 ns",122.8846 ns,114.9464 ns,29.6790 ns,"7,946.902 ns","7,792.237 ns","7,865.355 ns","8,045.541 ns","8,150.425 ns","125,640.45",122.8846 ns,15.00,1.5621,2.000,0.0236,44,*,No,474 B,0.5188,-,-,"4,792 B"
ToBlockingCollection,Job-SPYWVM,False,True,Default,Default,Default,Default,Default,1111,Empty,RyuJit,X64,8c5e7fda-e8bf-4a96-9a85-a6e23a8c635c,.NET 6.0,False,True,False,True,Default,Default,False,False,True,Default,Default,Default,Default,Default,.NET 6.0,Default,1,Default,Default,Default,Default,Default,Default,Default,Default,Default,16,Default,DotNetTips.Spargine.Extensions.BenchmarkTests,Collections,250,"19,212.886 ns",160.9724 ns,150.5736 ns,38.8779 ns,"19,195.219 ns","19,008.549 ns","19,082.951 ns","19,299.068 ns","19,501.726 ns","52,048.40",160.9724 ns,15.00,1.9125,2.000,0.4160,49,*,No,474 B,0.9766,-,-,"9,144 B"
ToBlockingCollection,Job-SPYWVM,False,True,Default,Default,Default,Default,Default,1111,Empty,RyuJit,X64,8c5e7fda-e8bf-4a96-9a85-a6e23a8c635c,.NET 6.0,False,True,False,True,Default,Default,False,False,True,Default,Default,Default,Default,Default,.NET 6.0,Default,1,Default,Default,Default,Default,Default,Default,Default,Default,Default,16,Default,DotNetTips.Spargine.Extensions.BenchmarkTests,Collections,500,"38,062.959 ns",355.2054 ns,332.2594 ns,85.7890 ns,"38,054.147 ns","37,558.835 ns","37,849.362 ns","38,275.491 ns","38,726.285 ns","26,272.26",355.2054 ns,15.00,1.9706,2.000,0.2536,54,*,No,474 B,1.8921,0.0610,-,"17,592 B"
ToBlockingCollection,Job-SPYWVM,False,True,Default,Default,Default,Default,Default,1111,Empty,RyuJit,X64,8c5e7fda-e8bf-4a96-9a85-a6e23a8c635c,.NET 6.0,False,True,False,True,Default,Default,False,False,True,Default,Default,Default,Default,Default,.NET 6.0,Default,1,Default,Default,Default,Default,Default,Default,Default,Default,Default,16,Default,DotNetTips.Spargine.Extensions.BenchmarkTests,Collections,1000,"76,109.191 ns",540.8271 ns,479.4291 ns,128.1328 ns,"76,139.679 ns","75,097.009 ns","75,839.673 ns","76,337.927 ns","77,047.363 ns","13,139.02",540.8271 ns,14.00,2.8232,2.000,-0.0248,60,*,No,474 B,3.6621,0.2441,-,"34,232 B"
ToBlockingCollection,Job-SPYWVM,False,True,Default,Default,Default,Default,Default,1111,Empty,RyuJit,X64,8c5e7fda-e8bf-4a96-9a85-a6e23a8c635c,.NET 6.0,False,True,False,True,Default,Default,False,False,True,Default,Default,Default,Default,Default,.NET 6.0,Default,1,Default,Default,Default,Default,Default,Default,Default,Default,Default,16,Default,DotNetTips.Spargine.Extensions.BenchmarkTests,Collections,2500,"188,008.885 ns","1,484.2633 ns","1,388.3808 ns",358.4784 ns,"188,117.578 ns","185,139.746 ns","186,960.535 ns","188,921.472 ns","190,266.675 ns","5,318.90","1,484.2633 ns",15.00,2.2100,2.000,-0.1376,66,*,No,474 B,7.0801,0.9766,-,"67,256 B"
ToDelimitedString,Job-SPYWVM,False,True,Default,Default,Default,Default,Default,1111,Empty,RyuJit,X64,8c5e7fda-e8bf-4a96-9a85-a6e23a8c635c,.NET 6.0,False,True,False,True,Default,Default,False,False,True,Default,Default,Default,Default,Default,.NET 6.0,Default,1,Default,Default,Default,Default,Default,Default,Default,Default,Default,16,Default,DotNetTips.Spargine.Extensions.BenchmarkTests,Collections,10,"1,469.505 ns",29.1174 ns,56.7912 ns,8.2839 ns,"1,487.376 ns","1,323.625 ns","1,478.192 ns","1,501.531 ns","1,532.498 ns","680,501.19",29.1174 ns,47.00,4.2294,2.000,-1.6444,28,*,No,452 B,0.3815,-,-,"3,528 B"
ToDelimitedString,Job-SPYWVM,False,True,Default,Default,Default,Default,Default,1111,Empty,RyuJit,X64,8c5e7fda-e8bf-4a96-9a85-a6e23a8c635c,.NET 6.0,False,True,False,True,Default,Default,False,False,True,Default,Default,Default,Default,Default,.NET 6.0,Default,1,Default,Default,Default,Default,Default,Default,Default,Default,Default,16,Default,DotNetTips.Spargine.Extensions.BenchmarkTests,Collections,25,"3,163.434 ns",63.0207 ns,178.7793 ns,18.5386 ns,"3,236.648 ns","2,701.696 ns","3,076.178 ns","3,294.689 ns","3,405.018 ns","316,112.14",63.0207 ns,93.00,3.0444,2.047,-1.0559,35,*,No,452 B,0.8812,-,-,"8,152 B"
ToDelimitedString,Job-SPYWVM,False,True,Default,Default,Default,Default,Default,1111,Empty,RyuJit,X64,8c5e7fda-e8bf-4a96-9a85-a6e23a8c635c,.NET 6.0,False,True,False,True,Default,Default,False,False,True,Default,Default,Default,Default,Default,.NET 6.0,Default,1,Default,Default,Default,Default,Default,Default,Default,Default,Default,16,Default,DotNetTips.Spargine.Extensions.BenchmarkTests,Collections,50,"5,266.410 ns",72.4664 ns,67.7851 ns,17.5020 ns,"5,275.557 ns","5,080.308 ns","5,244.994 ns","5,308.701 ns","5,342.450 ns","189,882.66",72.4664 ns,15.00,4.2029,2.000,-1.3147,39,*,No,452 B,1.7548,0.0153,-,"15,848 B"
ToDelimitedString,Job-SPYWVM,False,True,Default,Default,Default,Default,Default,1111,Empty,RyuJit,X64,8c5e7fda-e8bf-4a96-9a85-a6e23a8c635c,.NET 6.0,False,True,False,True,Default,Default,False,False,True,Default,Default,Default,Default,Default,.NET 6.0,Default,1,Default,Default,Default,Default,Default,Default,Default,Default,Default,16,Default,DotNetTips.Spargine.Extensions.BenchmarkTests,Collections,100,"11,920.976 ns",87.8915 ns,77.9135 ns,20.8233 ns,"11,914.079 ns","11,814.816 ns","11,861.564 ns","11,966.879 ns","12,108.321 ns","83,885.75",87.8915 ns,14.00,2.9089,2.000,0.8128,46,*,No,452 B,3.4790,0.0610,-,"31,248 B"
ToDelimitedString,Job-SPYWVM,False,True,Default,Default,Default,Default,Default,1111,Empty,RyuJit,X64,8c5e7fda-e8bf-4a96-9a85-a6e23a8c635c,.NET 6.0,False,True,False,True,Default,Default,False,False,True,Default,Default,Default,Default,Default,.NET 6.0,Default,1,Default,Default,Default,Default,Default,Default,Default,Default,Default,16,Default,DotNetTips.Spargine.Extensions.BenchmarkTests,Collections,250,"24,002.886 ns",185.2702 ns,173.3018 ns,44.7463 ns,"24,011.841 ns","23,667.691 ns","23,893.176 ns","24,092.094 ns","24,352.917 ns","41,661.66",185.2702 ns,15.00,2.4506,2.000,0.1087,51,*,No,452 B,8.5144,0.3967,-,"77,448 B"
ToDelimitedString,Job-SPYWVM,False,True,Default,Default,Default,Default,Default,1111,Empty,RyuJit,X64,8c5e7fda-e8bf-4a96-9a85-a6e23a8c635c,.NET 6.0,False,True,False,True,Default,Default,False,False,True,Default,Default,Default,Default,Default,.NET 6.0,Default,1,Default,Default,Default,Default,Default,Default,Default,Default,Default,16,Default,DotNetTips.Spargine.Extensions.BenchmarkTests,Collections,500,"51,273.471 ns",297.3198 ns,263.5663 ns,70.4411 ns,"51,247.617 ns","50,909.622 ns","51,096.663 ns","51,446.925 ns","51,867.923 ns","19,503.26",297.3198 ns,14.00,2.5537,2.000,0.5024,58,*,No,452 B,16.7847,1.6479,-,"150,448 B"
ToDelimitedString,Job-SPYWVM,False,True,Default,Default,Default,Default,Default,1111,Empty,RyuJit,X64,8c5e7fda-e8bf-4a96-9a85-a6e23a8c635c,.NET 6.0,False,True,False,True,Default,Default,False,False,True,Default,Default,Default,Default,Default,.NET 6.0,Default,1,Default,Default,Default,Default,Default,Default,Default,Default,Default,16,Default,DotNetTips.Spargine.Extensions.BenchmarkTests,Collections,1000,"99,430.410 ns",526.8991 ns,492.8617 ns,127.2563 ns,"99,236.865 ns","98,772.058 ns","99,066.095 ns","99,907.910 ns","100,248.035 ns","10,057.29",526.8991 ns,15.00,1.4313,2.000,0.2424,62,*,No,452 B,32.1045,-,-,"296,520 B"
ToDelimitedString,Job-SPYWVM,False,True,Default,Default,Default,Default,Default,1111,Empty,RyuJit,X64,8c5e7fda-e8bf-4a96-9a85-a6e23a8c635c,.NET 6.0,False,True,False,True,Default,Default,False,False,True,Default,Default,Default,Default,Default,.NET 6.0,Default,1,Default,Default,Default,Default,Default,Default,Default,Default,Default,16,Default,DotNetTips.Spargine.Extensions.BenchmarkTests,Collections,2500,"725,611.263 ns","41,695.3742 ns","121,627.3637 ns","12,286.2191 ns","658,233.643 ns","602,268.457 ns","631,615.161 ns","792,266.040 ns","1,077,536.328 ns","1,378.15","41,695.3742 ns",98.00,2.8167,2.692,1.0122,72,*,No,452 B,66.4063,34.1797,19.5313,"748,934 B"
ToLinkedList,Job-SPYWVM,False,True,Default,Default,Default,Default,Default,1111,Empty,RyuJit,X64,8c5e7fda-e8bf-4a96-9a85-a6e23a8c635c,.NET 6.0,False,True,False,True,Default,Default,False,False,True,Default,Default,Default,Default,Default,.NET 6.0,Default,1,Default,Default,Default,Default,Default,Default,Default,Default,Default,16,Default,DotNetTips.Spargine.Extensions.BenchmarkTests,Collections,10,262.057 ns,1.5365 ns,1.3621 ns,0.3640 ns,262.414 ns,259.635 ns,261.443 ns,262.754 ns,264.443 ns,"3,815,969.39",1.5365 ns,14.00,2.1643,2.000,-0.3986,13,*,No,208 B,0.0601,-,-,552 B
ToLinkedList,Job-SPYWVM,False,True,Default,Default,Default,Default,Default,1111,Empty,RyuJit,X64,8c5e7fda-e8bf-4a96-9a85-a6e23a8c635c,.NET 6.0,False,True,False,True,Default,Default,False,False,True,Default,Default,Default,Default,Default,.NET 6.0,Default,1,Default,Default,Default,Default,Default,Default,Default,Default,Default,16,Default,DotNetTips.Spargine.Extensions.BenchmarkTests,Collections,25,583.061 ns,5.0514 ns,4.4779 ns,1.1968 ns,583.898 ns,576.940 ns,579.033 ns,585.924 ns,592.481 ns,"1,715,087.42",5.0514 ns,14.00,2.0930,2.000,0.2768,21,*,No,208 B,0.1392,-,-,"1,272 B"
ToLinkedList,Job-SPYWVM,False,True,Default,Default,Default,Default,Default,1111,Empty,RyuJit,X64,8c5e7fda-e8bf-4a96-9a85-a6e23a8c635c,.NET 6.0,False,True,False,True,Default,Default,False,False,True,Default,Default,Default,Default,Default,.NET 6.0,Default,1,Default,Default,Default,Default,Default,Default,Default,Default,Default,16,Default,DotNetTips.Spargine.Extensions.BenchmarkTests,Collections,50,"1,043.808 ns",14.4400 ns,11.2738 ns,3.2545 ns,"1,045.606 ns","1,014.945 ns","1,039.341 ns","1,051.967 ns","1,054.583 ns","958,030.33",14.4400 ns,12.00,3.8310,2.000,-1.2642,27,*,No,208 B,0.2708,-,-,"2,472 B"
ToLinkedList,Job-SPYWVM,False,True,Default,Default,Default,Default,Default,1111,Empty,RyuJit,X64,8c5e7fda-e8bf-4a96-9a85-a6e23a8c635c,.NET 6.0,False,True,False,True,Default,Default,False,False,True,Default,Default,Default,Default,Default,.NET 6.0,Default,1,Default,Default,Default,Default,Default,Default,Default,Default,Default,16,Default,DotNetTips.Spargine.Extensions.BenchmarkTests,Collections,100,"2,198.785 ns",43.9184 ns,72.1592 ns,12.1971 ns,"2,228.485 ns","2,017.783 ns","2,209.762 ns","2,234.672 ns","2,263.673 ns","454,796.54",43.9184 ns,35.00,4.1622,2.000,-1.6437,33,*,No,208 B,0.5264,-,-,"4,872 B"
ToLinkedList,Job-SPYWVM,False,True,Default,Default,Default,Default,Default,1111,Empty,RyuJit,X64,8c5e7fda-e8bf-4a96-9a85-a6e23a8c635c,.NET 6.0,False,True,False,True,Default,Default,False,False,True,Default,Default,Default,Default,Default,.NET 6.0,Default,1,Default,Default,Default,Default,Default,Default,Default,Default,Default,16,Default,DotNetTips.Spargine.Extensions.BenchmarkTests,Collections,250,"4,800.311 ns",52.7691 ns,46.7785 ns,12.5021 ns,"4,794.703 ns","4,736.125 ns","4,778.838 ns","4,829.563 ns","4,901.626 ns","208,319.82",52.7691 ns,14.00,2.4144,2.000,0.3646,38,*,No,208 B,1.3199,0.0381,-,"12,072 B"
ToLinkedList,Job-SPYWVM,False,True,Default,Default,Default,Default,Default,1111,Empty,RyuJit,X64,8c5e7fda-e8bf-4a96-9a85-a6e23a8c635c,.NET 6.0,False,True,False,True,Default,Default,False,False,True,Default,Default,Default,Default,Default,.NET 6.0,Default,1,Default,Default,Default,Default,Default,Default,Default,Default,Default,16,Default,DotNetTips.Spargine.Extensions.BenchmarkTests,Collections,500,"9,827.031 ns",112.7559 ns,105.4719 ns,27.2327 ns,"9,854.928 ns","9,608.092 ns","9,767.817 ns","9,894.735 ns","9,973.504 ns","101,760.14",112.7559 ns,15.00,2.1420,2.000,-0.3552,45,*,No,208 B,2.6093,0.1831,-,"24,072 B"
ToLinkedList,Job-SPYWVM,False,True,Default,Default,Default,Default,Default,1111,Empty,RyuJit,X64,8c5e7fda-e8bf-4a96-9a85-a6e23a8c635c,.NET 6.0,False,True,False,True,Default,Default,False,False,True,Default,Default,Default,Default,Default,.NET 6.0,Default,1,Default,Default,Default,Default,Default,Default,Default,Default,Default,16,Default,DotNetTips.Spargine.Extensions.BenchmarkTests,Collections,1000,"20,052.364 ns",188.1319 ns,166.7740 ns,44.5722 ns,"20,001.129 ns","19,831.879 ns","19,932.955 ns","20,161.111 ns","20,400.427 ns","49,869.43",188.1319 ns,14.00,2.1789,2.000,0.6264,50,*,No,208 B,5.0049,-,-,"48,072 B"
ToLinkedList,Job-SPYWVM,False,True,Default,Default,Default,Default,Default,1111,Empty,RyuJit,X64,8c5e7fda-e8bf-4a96-9a85-a6e23a8c635c,.NET 6.0,False,True,False,True,Default,Default,False,False,True,Default,Default,Default,Default,Default,.NET 6.0,Default,1,Default,Default,Default,Default,Default,Default,Default,Default,Default,16,Default,DotNetTips.Spargine.Extensions.BenchmarkTests,Collections,2500,"60,004.854 ns","1,198.6680 ns","2,962.8103 ns",349.1705 ns,"61,219.498 ns","50,580.960 ns","60,831.474 ns","61,390.779 ns","61,682.816 ns","16,665.32","1,198.6680 ns",72.00,6.6232,2.000,-2.2376,59,*,No,208 B,12.9395,-,-,"120,072 B"
