Method,Job,AnalyzeLaunchVariance,EvaluateOverhead,MaxAbsoluteError,MaxRelativeError,MinInvokeCount,MinIterationTime,OutlierMode,Affinity,EnvironmentVariables,Jit,Platform,PowerPlanMode,Runtime,AllowVeryLargeObjects,Concurrent,CpuGroups,Force,HeapAffinitizeMask,HeapCount,NoAffinitize,RetainVm,Server,Arguments,BuildConfiguration,Clock,EngineFactory,NuGetReferences,Toolchain,IsMutator,InvocationCount,IterationCount,IterationTime,LaunchCount,MaxIterationCount,MaxWarmupIterationCount,MemoryRandomization,MinIterationCount,MinWarmupIterationCount,RunStrategy,UnrollFactor,WarmupCount,Namespace,Categories,Count,Mean,Error,StdDev,StdErr,Median,Min,Q1,Q3,Max,Op/s,CI99.9% Margin,Iterations,Kurtosis,MValue,Skewness,Rank,LogicalGroup,Baseline,Gen 0,Code Size,Gen 1,Gen 2,Allocated
'GetHashCode:Read Only',Job-SPYWVM,False,True,Default,Default,Default,Default,Default,1111,Empty,RyuJit,X64,8c5e7fda-e8bf-4a96-9a85-a6e23a8c635c,.NET 6.0,False,True,False,True,Default,Default,False,False,True,Default,Default,Default,Default,Default,.NET 6.0,Default,1,Default,Default,Default,Default,Default,Default,Default,Default,Default,16,Default,DotNetTips.Spargine.Extensions.BenchmarkTests,Collections,10,41.303 ns,0.5318 ns,0.4714 ns,0.1260 ns,41.208 ns,40.564 ns,40.999 ns,41.585 ns,42.207 ns,"24,211,547.81",0.5318 ns,14.00,2.1319,2.000,0.2641,18,*,No,0.0026,226 B,-,-,24 B
'GetHashCode:Read Only',Job-SPYWVM,False,True,Default,Default,Default,Default,Default,1111,Empty,RyuJit,X64,8c5e7fda-e8bf-4a96-9a85-a6e23a8c635c,.NET 6.0,False,True,False,True,Default,Default,False,False,True,Default,Default,Default,Default,Default,.NET 6.0,Default,1,Default,Default,Default,Default,Default,Default,Default,Default,Default,16,Default,DotNetTips.Spargine.Extensions.BenchmarkTests,Collections,25,44.524 ns,0.4365 ns,0.4083 ns,0.1054 ns,44.412 ns,44.005 ns,44.204 ns,44.886 ns,45.164 ns,"22,459,924.20",0.4365 ns,15.00,1.4590,2.000,0.1710,19,*,No,0.0026,226 B,-,-,24 B
'GetHashCode:Read Only',Job-SPYWVM,False,True,Default,Default,Default,Default,Default,1111,Empty,RyuJit,X64,8c5e7fda-e8bf-4a96-9a85-a6e23a8c635c,.NET 6.0,False,True,False,True,Default,Default,False,False,True,Default,Default,Default,Default,Default,.NET 6.0,Default,1,Default,Default,Default,Default,Default,Default,Default,Default,Default,16,Default,DotNetTips.Spargine.Extensions.BenchmarkTests,Collections,50,41.837 ns,0.3112 ns,0.2758 ns,0.0737 ns,41.865 ns,41.113 ns,41.762 ns,42.047 ns,42.128 ns,"23,902,255.34",0.3112 ns,14.00,3.7754,2.000,-1.1099,18,*,No,0.0026,226 B,-,-,24 B
'GetHashCode:Read Only',Job-SPYWVM,False,True,Default,Default,Default,Default,Default,1111,Empty,RyuJit,X64,8c5e7fda-e8bf-4a96-9a85-a6e23a8c635c,.NET 6.0,False,True,False,True,Default,Default,False,False,True,Default,Default,Default,Default,Default,.NET 6.0,Default,1,Default,Default,Default,Default,Default,Default,Default,Default,Default,16,Default,DotNetTips.Spargine.Extensions.BenchmarkTests,Collections,100,41.404 ns,0.5450 ns,0.4831 ns,0.1291 ns,41.314 ns,40.830 ns,41.001 ns,41.744 ns,42.511 ns,"24,152,468.21",0.5450 ns,14.00,2.4925,2.000,0.6378,18,*,No,0.0026,226 B,-,-,24 B
'GetHashCode:Read Only',Job-SPYWVM,False,True,Default,Default,Default,Default,Default,1111,Empty,RyuJit,X64,8c5e7fda-e8bf-4a96-9a85-a6e23a8c635c,.NET 6.0,False,True,False,True,Default,Default,False,False,True,Default,Default,Default,Default,Default,.NET 6.0,Default,1,Default,Default,Default,Default,Default,Default,Default,Default,Default,16,Default,DotNetTips.Spargine.Extensions.BenchmarkTests,Collections,250,41.223 ns,0.4599 ns,0.4302 ns,0.1111 ns,41.145 ns,40.582 ns,40.942 ns,41.517 ns,42.062 ns,"24,258,286.92",0.4599 ns,15.00,2.0836,2.000,0.4681,18,*,No,0.0026,226 B,-,-,24 B
'GetHashCode:Read Only',Job-SPYWVM,False,True,Default,Default,Default,Default,Default,1111,Empty,RyuJit,X64,8c5e7fda-e8bf-4a96-9a85-a6e23a8c635c,.NET 6.0,False,True,False,True,Default,Default,False,False,True,Default,Default,Default,Default,Default,.NET 6.0,Default,1,Default,Default,Default,Default,Default,Default,Default,Default,Default,16,Default,DotNetTips.Spargine.Extensions.BenchmarkTests,Collections,500,41.690 ns,0.5302 ns,0.4959 ns,0.1280 ns,41.644 ns,41.004 ns,41.269 ns,42.104 ns,42.539 ns,"23,986,612.28",0.5302 ns,15.00,1.6203,2.000,0.2448,18,*,No,0.0026,226 B,-,-,24 B
'GetHashCode:Read Only',Job-SPYWVM,False,True,Default,Default,Default,Default,Default,1111,Empty,RyuJit,X64,8c5e7fda-e8bf-4a96-9a85-a6e23a8c635c,.NET 6.0,False,True,False,True,Default,Default,False,False,True,Default,Default,Default,Default,Default,.NET 6.0,Default,1,Default,Default,Default,Default,Default,Default,Default,Default,Default,16,Default,DotNetTips.Spargine.Extensions.BenchmarkTests,Collections,1000,41.855 ns,0.6685 ns,0.6253 ns,0.1615 ns,41.980 ns,40.866 ns,41.430 ns,42.188 ns,43.291 ns,"23,891,864.51",0.6685 ns,15.00,2.7150,2.000,0.3384,18,*,No,0.0026,226 B,-,-,24 B
'GetHashCode:Read Only',Job-SPYWVM,False,True,Default,Default,Default,Default,Default,1111,Empty,RyuJit,X64,8c5e7fda-e8bf-4a96-9a85-a6e23a8c635c,.NET 6.0,False,True,False,True,Default,Default,False,False,True,Default,Default,Default,Default,Default,.NET 6.0,Default,1,Default,Default,Default,Default,Default,Default,Default,Default,Default,16,Default,DotNetTips.Spargine.Extensions.BenchmarkTests,Collections,2500,43.998 ns,0.5683 ns,0.5038 ns,0.1346 ns,44.078 ns,43.056 ns,43.799 ns,44.332 ns,44.695 ns,"22,728,340.35",0.5683 ns,14.00,2.0889,2.000,-0.6138,19,*,No,0.0026,226 B,-,-,24 B
'HasItems: With Count',Job-SPYWVM,False,True,Default,Default,Default,Default,Default,1111,Empty,RyuJit,X64,8c5e7fda-e8bf-4a96-9a85-a6e23a8c635c,.NET 6.0,False,True,False,True,Default,Default,False,False,True,Default,Default,Default,Default,Default,.NET 6.0,Default,1,Default,Default,Default,Default,Default,Default,Default,Default,Default,16,Default,DotNetTips.Spargine.Extensions.BenchmarkTests,Collections,10,153.934 ns,2.5262 ns,2.3630 ns,0.6101 ns,154.403 ns,150.183 ns,151.903 ns,154.859 ns,158.691 ns,"6,496,304.02",2.5262 ns,15.00,2.1032,2.000,0.1317,34,*,No,0.0191,512 B,-,-,176 B
'HasItems: With Count',Job-SPYWVM,False,True,Default,Default,Default,Default,Default,1111,Empty,RyuJit,X64,8c5e7fda-e8bf-4a96-9a85-a6e23a8c635c,.NET 6.0,False,True,False,True,Default,Default,False,False,True,Default,Default,Default,Default,Default,.NET 6.0,Default,1,Default,Default,Default,Default,Default,Default,Default,Default,Default,16,Default,DotNetTips.Spargine.Extensions.BenchmarkTests,Collections,25,257.924 ns,4.4370 ns,3.9333 ns,1.0512 ns,257.840 ns,253.406 ns,254.390 ns,260.145 ns,265.036 ns,"3,877,118.13",4.4370 ns,14.00,1.6693,2.000,0.4071,38,*,No,0.0324,512 B,-,-,296 B
'HasItems: With Count',Job-SPYWVM,False,True,Default,Default,Default,Default,Default,1111,Empty,RyuJit,X64,8c5e7fda-e8bf-4a96-9a85-a6e23a8c635c,.NET 6.0,False,True,False,True,Default,Default,False,False,True,Default,Default,Default,Default,Default,.NET 6.0,Default,1,Default,Default,Default,Default,Default,Default,Default,Default,Default,16,Default,DotNetTips.Spargine.Extensions.BenchmarkTests,Collections,50,428.731 ns,4.2968 ns,4.0193 ns,1.0378 ns,429.317 ns,422.580 ns,425.590 ns,430.854 ns,437.112 ns,"2,332,462.34",4.2968 ns,15.00,2.2245,2.000,0.1111,41,*,No,0.0544,512 B,-,-,496 B
'HasItems: With Count',Job-SPYWVM,False,True,Default,Default,Default,Default,Default,1111,Empty,RyuJit,X64,8c5e7fda-e8bf-4a96-9a85-a6e23a8c635c,.NET 6.0,False,True,False,True,Default,Default,False,False,True,Default,Default,Default,Default,Default,.NET 6.0,Default,1,Default,Default,Default,Default,Default,Default,Default,Default,Default,16,Default,DotNetTips.Spargine.Extensions.BenchmarkTests,Collections,100,721.552 ns,12.2461 ns,11.4550 ns,2.9577 ns,723.999 ns,700.721 ns,711.109 ns,729.449 ns,740.326 ns,"1,385,901.07",12.2461 ns,15.00,1.7612,2.000,-0.2585,46,*,No,0.0982,512 B,-,-,896 B
'HasItems: With Count',Job-SPYWVM,False,True,Default,Default,Default,Default,Default,1111,Empty,RyuJit,X64,8c5e7fda-e8bf-4a96-9a85-a6e23a8c635c,.NET 6.0,False,True,False,True,Default,Default,False,False,True,Default,Default,Default,Default,Default,.NET 6.0,Default,1,Default,Default,Default,Default,Default,Default,Default,Default,Default,16,Default,DotNetTips.Spargine.Extensions.BenchmarkTests,Collections,250,"1,825.582 ns",32.6273 ns,30.5196 ns,7.8801 ns,"1,826.507 ns","1,766.596 ns","1,810.795 ns","1,842.594 ns","1,885.246 ns","547,770.48",32.6273 ns,15.00,2.4279,2.000,0.0058,55,*,No,0.2308,512 B,-,-,"2,096 B"
'HasItems: With Count',Job-SPYWVM,False,True,Default,Default,Default,Default,Default,1111,Empty,RyuJit,X64,8c5e7fda-e8bf-4a96-9a85-a6e23a8c635c,.NET 6.0,False,True,False,True,Default,Default,False,False,True,Default,Default,Default,Default,Default,.NET 6.0,Default,1,Default,Default,Default,Default,Default,Default,Default,Default,Default,16,Default,DotNetTips.Spargine.Extensions.BenchmarkTests,Collections,500,"3,630.927 ns",71.0661 ns,97.2761 ns,19.0774 ns,"3,662.733 ns","3,393.751 ns","3,620.692 ns","3,680.949 ns","3,759.133 ns","275,411.77",71.0661 ns,26.00,3.5791,2.000,-1.2960,60,*,No,0.4463,512 B,-,-,"4,096 B"
'HasItems: With Count',Job-SPYWVM,False,True,Default,Default,Default,Default,Default,1111,Empty,RyuJit,X64,8c5e7fda-e8bf-4a96-9a85-a6e23a8c635c,.NET 6.0,False,True,False,True,Default,Default,False,False,True,Default,Default,Default,Default,Default,.NET 6.0,Default,1,Default,Default,Default,Default,Default,Default,Default,Default,Default,16,Default,DotNetTips.Spargine.Extensions.BenchmarkTests,Collections,1000,"5,908.323 ns",63.1624 ns,55.9919 ns,14.9645 ns,"5,910.822 ns","5,840.296 ns","5,870.493 ns","5,932.664 ns","6,050.225 ns","169,252.78",63.1624 ns,14.00,3.3825,2.000,0.8991,63,*,No,0.9079,512 B,0.0076,-,"8,096 B"
'HasItems: With Count',Job-SPYWVM,False,True,Default,Default,Default,Default,Default,1111,Empty,RyuJit,X64,8c5e7fda-e8bf-4a96-9a85-a6e23a8c635c,.NET 6.0,False,True,False,True,Default,Default,False,False,True,Default,Default,Default,Default,Default,.NET 6.0,Default,1,Default,Default,Default,Default,Default,Default,Default,Default,Default,16,Default,DotNetTips.Spargine.Extensions.BenchmarkTests,Collections,2500,"16,697.588 ns",326.4724 ns,375.9660 ns,84.0686 ns,"16,547.246 ns","16,251.645 ns","16,380.260 ns","17,002.431 ns","17,327.249 ns","59,888.89",326.4724 ns,20.00,1.4658,2.000,0.4011,67,*,No,2.1667,512 B,0.0305,-,"20,096 B"
'HasItems: With Predicate',Job-SPYWVM,False,True,Default,Default,Default,Default,Default,1111,Empty,RyuJit,X64,8c5e7fda-e8bf-4a96-9a85-a6e23a8c635c,.NET 6.0,False,True,False,True,Default,Default,False,False,True,Default,Default,Default,Default,Default,.NET 6.0,Default,1,Default,Default,Default,Default,Default,Default,Default,Default,Default,16,Default,DotNetTips.Spargine.Extensions.BenchmarkTests,Collections,10,370.754 ns,3.1842 ns,2.8227 ns,0.7544 ns,370.128 ns,366.995 ns,368.694 ns,373.470 ns,375.449 ns,"2,697,206.36",3.1842 ns,14.00,1.5005,2.000,0.2721,40,*,No,0.0148,800 B,-,-,136 B
'HasItems: With Predicate',Job-SPYWVM,False,True,Default,Default,Default,Default,Default,1111,Empty,RyuJit,X64,8c5e7fda-e8bf-4a96-9a85-a6e23a8c635c,.NET 6.0,False,True,False,True,Default,Default,False,False,True,Default,Default,Default,Default,Default,.NET 6.0,Default,1,Default,Default,Default,Default,Default,Default,Default,Default,Default,16,Default,DotNetTips.Spargine.Extensions.BenchmarkTests,Collections,25,"1,045.524 ns",20.6863 ns,32.8106 ns,5.7116 ns,"1,030.189 ns","1,012.870 ns","1,026.015 ns","1,053.538 ns","1,113.012 ns","956,458.18",20.6863 ns,33.00,2.3836,2.000,1.0348,50,*,No,0.0267,800 B,-,-,256 B
'HasItems: With Predicate',Job-SPYWVM,False,True,Default,Default,Default,Default,Default,1111,Empty,RyuJit,X64,8c5e7fda-e8bf-4a96-9a85-a6e23a8c635c,.NET 6.0,False,True,False,True,Default,Default,False,False,True,Default,Default,Default,Default,Default,.NET 6.0,Default,1,Default,Default,Default,Default,Default,Default,Default,Default,Default,16,Default,DotNetTips.Spargine.Extensions.BenchmarkTests,Collections,50,"1,417.107 ns",10.9783 ns,10.2692 ns,2.6515 ns,"1,417.790 ns","1,396.318 ns","1,410.873 ns","1,423.596 ns","1,433.529 ns","705,662.84",10.9783 ns,15.00,2.1822,2.000,-0.1524,54,*,No,0.0496,800 B,-,-,456 B
'HasItems: With Predicate',Job-SPYWVM,False,True,Default,Default,Default,Default,Default,1111,Empty,RyuJit,X64,8c5e7fda-e8bf-4a96-9a85-a6e23a8c635c,.NET 6.0,False,True,False,True,Default,Default,False,False,True,Default,Default,Default,Default,Default,.NET 6.0,Default,1,Default,Default,Default,Default,Default,Default,Default,Default,Default,16,Default,DotNetTips.Spargine.Extensions.BenchmarkTests,Collections,100,"1,158.018 ns",20.7809 ns,19.4384 ns,5.0190 ns,"1,157.012 ns","1,127.662 ns","1,147.135 ns","1,177.592 ns","1,183.784 ns","863,544.20",20.7809 ns,15.00,1.5511,2.000,-0.0125,52,*,No,0.0916,800 B,-,-,856 B
'HasItems: With Predicate',Job-SPYWVM,False,True,Default,Default,Default,Default,Default,1111,Empty,RyuJit,X64,8c5e7fda-e8bf-4a96-9a85-a6e23a8c635c,.NET 6.0,False,True,False,True,Default,Default,False,False,True,Default,Default,Default,Default,Default,.NET 6.0,Default,1,Default,Default,Default,Default,Default,Default,Default,Default,Default,16,Default,DotNetTips.Spargine.Extensions.BenchmarkTests,Collections,250,453.025 ns,4.5155 ns,3.7706 ns,1.0458 ns,452.403 ns,448.381 ns,450.526 ns,454.684 ns,462.507 ns,"2,207,381.70",4.5155 ns,13.00,3.4902,2.000,0.9636,43,*,No,0.2279,800 B,-,-,"2,056 B"
'HasItems: With Predicate',Job-SPYWVM,False,True,Default,Default,Default,Default,Default,1111,Empty,RyuJit,X64,8c5e7fda-e8bf-4a96-9a85-a6e23a8c635c,.NET 6.0,False,True,False,True,Default,Default,False,False,True,Default,Default,Default,Default,Default,.NET 6.0,Default,1,Default,Default,Default,Default,Default,Default,Default,Default,Default,16,Default,DotNetTips.Spargine.Extensions.BenchmarkTests,Collections,500,"1,833.828 ns",17.6811 ns,16.5389 ns,4.2703 ns,"1,826.385 ns","1,811.868 ns","1,820.267 ns","1,848.345 ns","1,864.510 ns","545,307.54",17.6811 ns,15.00,1.5588,2.000,0.3260,55,*,No,0.4501,800 B,-,-,"4,056 B"
'HasItems: With Predicate',Job-SPYWVM,False,True,Default,Default,Default,Default,Default,1111,Empty,RyuJit,X64,8c5e7fda-e8bf-4a96-9a85-a6e23a8c635c,.NET 6.0,False,True,False,True,Default,Default,False,False,True,Default,Default,Default,Default,Default,.NET 6.0,Default,1,Default,Default,Default,Default,Default,Default,Default,Default,Default,16,Default,DotNetTips.Spargine.Extensions.BenchmarkTests,Collections,1000,"1,319.290 ns",22.5417 ns,21.0855 ns,5.4443 ns,"1,318.545 ns","1,283.874 ns","1,305.404 ns","1,337.354 ns","1,348.191 ns","757,983.70",22.5417 ns,15.00,1.6834,2.000,-0.2010,53,*,No,0.8850,800 B,0.0019,-,"8,056 B"
'HasItems: With Predicate',Job-SPYWVM,False,True,Default,Default,Default,Default,Default,1111,Empty,RyuJit,X64,8c5e7fda-e8bf-4a96-9a85-a6e23a8c635c,.NET 6.0,False,True,False,True,Default,Default,False,False,True,Default,Default,Default,Default,Default,.NET 6.0,Default,1,Default,Default,Default,Default,Default,Default,Default,Default,Default,16,Default,DotNetTips.Spargine.Extensions.BenchmarkTests,Collections,2500,"4,537.975 ns",136.7169 ns,400.9669 ns,40.2987 ns,"4,712.874 ns","3,398.166 ns","4,681.586 ns","4,734.508 ns","4,774.277 ns","220,362.59",136.7169 ns,99.00,4.6176,2.000,-1.8413,61,*,No,2.1820,800 B,0.0534,-,"20,056 B"
'Shuffle: With Count',Job-SPYWVM,False,True,Default,Default,Default,Default,Default,1111,Empty,RyuJit,X64,8c5e7fda-e8bf-4a96-9a85-a6e23a8c635c,.NET 6.0,False,True,False,True,Default,Default,False,False,True,Default,Default,Default,Default,Default,.NET 6.0,Default,1,Default,Default,Default,Default,Default,Default,Default,Default,Default,16,Default,DotNetTips.Spargine.Extensions.BenchmarkTests,Collections,10,56.623 ns,1.0514 ns,0.9835 ns,0.2539 ns,56.489 ns,55.133 ns,55.934 ns,57.542 ns,58.240 ns,"17,660,778.88",1.0514 ns,15.00,1.5804,2.000,0.1293,20,*,No,0.0097,280 B,-,-,88 B
'Shuffle: With Count',Job-SPYWVM,False,True,Default,Default,Default,Default,Default,1111,Empty,RyuJit,X64,8c5e7fda-e8bf-4a96-9a85-a6e23a8c635c,.NET 6.0,False,True,False,True,Default,Default,False,False,True,Default,Default,Default,Default,Default,.NET 6.0,Default,1,Default,Default,Default,Default,Default,Default,Default,Default,Default,16,Default,DotNetTips.Spargine.Extensions.BenchmarkTests,Collections,25,56.055 ns,0.6368 ns,0.5956 ns,0.1538 ns,56.199 ns,55.070 ns,55.648 ns,56.402 ns,57.155 ns,"17,839,464.92",0.6368 ns,15.00,2.0209,2.000,-0.0078,20,*,No,0.0097,280 B,-,-,88 B
'Shuffle: With Count',Job-SPYWVM,False,True,Default,Default,Default,Default,Default,1111,Empty,RyuJit,X64,8c5e7fda-e8bf-4a96-9a85-a6e23a8c635c,.NET 6.0,False,True,False,True,Default,Default,False,False,True,Default,Default,Default,Default,Default,.NET 6.0,Default,1,Default,Default,Default,Default,Default,Default,Default,Default,Default,16,Default,DotNetTips.Spargine.Extensions.BenchmarkTests,Collections,50,56.857 ns,0.6753 ns,0.6317 ns,0.1631 ns,56.886 ns,55.938 ns,56.396 ns,57.350 ns,58.045 ns,"17,588,093.35",0.6753 ns,15.00,1.8774,2.000,-0.0270,20,*,No,0.0097,280 B,-,-,88 B
'Shuffle: With Count',Job-SPYWVM,False,True,Default,Default,Default,Default,Default,1111,Empty,RyuJit,X64,8c5e7fda-e8bf-4a96-9a85-a6e23a8c635c,.NET 6.0,False,True,False,True,Default,Default,False,False,True,Default,Default,Default,Default,Default,.NET 6.0,Default,1,Default,Default,Default,Default,Default,Default,Default,Default,Default,16,Default,DotNetTips.Spargine.Extensions.BenchmarkTests,Collections,100,60.571 ns,1.2314 ns,1.9171 ns,0.3389 ns,61.262 ns,55.744 ns,60.118 ns,61.812 ns,62.331 ns,"16,509,597.18",1.2314 ns,32.00,3.8095,2.000,-1.4247,21,*,No,0.0094,280 B,-,-,88 B
'Shuffle: With Count',Job-SPYWVM,False,True,Default,Default,Default,Default,Default,1111,Empty,RyuJit,X64,8c5e7fda-e8bf-4a96-9a85-a6e23a8c635c,.NET 6.0,False,True,False,True,Default,Default,False,False,True,Default,Default,Default,Default,Default,.NET 6.0,Default,1,Default,Default,Default,Default,Default,Default,Default,Default,Default,16,Default,DotNetTips.Spargine.Extensions.BenchmarkTests,Collections,250,57.098 ns,1.0374 ns,0.9704 ns,0.2506 ns,57.000 ns,55.525 ns,56.364 ns,57.752 ns,58.659 ns,"17,513,692.45",1.0374 ns,15.00,1.6519,2.000,0.1465,20,*,No,0.0097,280 B,-,-,88 B
'Shuffle: With Count',Job-SPYWVM,False,True,Default,Default,Default,Default,Default,1111,Empty,RyuJit,X64,8c5e7fda-e8bf-4a96-9a85-a6e23a8c635c,.NET 6.0,False,True,False,True,Default,Default,False,False,True,Default,Default,Default,Default,Default,.NET 6.0,Default,1,Default,Default,Default,Default,Default,Default,Default,Default,Default,16,Default,DotNetTips.Spargine.Extensions.BenchmarkTests,Collections,500,56.725 ns,0.7033 ns,0.6579 ns,0.1699 ns,56.697 ns,55.969 ns,56.150 ns,57.050 ns,58.006 ns,"17,628,953.98",0.7033 ns,15.00,2.2283,2.000,0.6329,20,*,No,0.0095,280 B,-,-,88 B
'Shuffle: With Count',Job-SPYWVM,False,True,Default,Default,Default,Default,Default,1111,Empty,RyuJit,X64,8c5e7fda-e8bf-4a96-9a85-a6e23a8c635c,.NET 6.0,False,True,False,True,Default,Default,False,False,True,Default,Default,Default,Default,Default,.NET 6.0,Default,1,Default,Default,Default,Default,Default,Default,Default,Default,Default,16,Default,DotNetTips.Spargine.Extensions.BenchmarkTests,Collections,1000,60.716 ns,1.2133 ns,1.5345 ns,0.3200 ns,61.021 ns,56.838 ns,60.481 ns,61.833 ns,62.207 ns,"16,470,232.32",1.2133 ns,23.00,3.1938,2.000,-1.1715,21,*,No,0.0095,280 B,-,-,88 B
'Shuffle: With Count',Job-SPYWVM,False,True,Default,Default,Default,Default,Default,1111,Empty,RyuJit,X64,8c5e7fda-e8bf-4a96-9a85-a6e23a8c635c,.NET 6.0,False,True,False,True,Default,Default,False,False,True,Default,Default,Default,Default,Default,.NET 6.0,Default,1,Default,Default,Default,Default,Default,Default,Default,Default,Default,16,Default,DotNetTips.Spargine.Extensions.BenchmarkTests,Collections,2500,55.481 ns,0.8020 ns,0.6697 ns,0.1857 ns,55.519 ns,54.267 ns,55.054 ns,55.748 ns,56.826 ns,"18,024,349.59",0.8020 ns,13.00,2.4146,2.000,0.1640,20,*,No,0.0095,280 B,-,-,88 B
'Slice Test',Job-SPYWVM,False,True,Default,Default,Default,Default,Default,1111,Empty,RyuJit,X64,8c5e7fda-e8bf-4a96-9a85-a6e23a8c635c,.NET 6.0,False,True,False,True,Default,Default,False,False,True,Default,Default,Default,Default,Default,.NET 6.0,Default,1,Default,Default,Default,Default,Default,Default,Default,Default,Default,16,Default,DotNetTips.Spargine.Extensions.BenchmarkTests,Collections,10,97.151 ns,1.5474 ns,1.4475 ns,0.3737 ns,96.337 ns,95.705 ns,95.855 ns,98.629 ns,99.380 ns,"10,293,270.52",1.5474 ns,15.00,1.1582,2.000,0.3208,26,*,No,-,289 B,-,-,0 B
'Slice Test',Job-SPYWVM,False,True,Default,Default,Default,Default,Default,1111,Empty,RyuJit,X64,8c5e7fda-e8bf-4a96-9a85-a6e23a8c635c,.NET 6.0,False,True,False,True,Default,Default,False,False,True,Default,Default,Default,Default,Default,.NET 6.0,Default,1,Default,Default,Default,Default,Default,Default,Default,Default,Default,16,Default,DotNetTips.Spargine.Extensions.BenchmarkTests,Collections,25,135.462 ns,2.0084 ns,1.8787 ns,0.4851 ns,135.939 ns,132.575 ns,133.772 ns,137.090 ns,137.348 ns,"7,382,158.73",2.0084 ns,15.00,1.4459,2.000,-0.4850,32,*,No,-,289 B,-,-,0 B
'Slice Test',Job-SPYWVM,False,True,Default,Default,Default,Default,Default,1111,Empty,RyuJit,X64,8c5e7fda-e8bf-4a96-9a85-a6e23a8c635c,.NET 6.0,False,True,False,True,Default,Default,False,False,True,Default,Default,Default,Default,Default,.NET 6.0,Default,1,Default,Default,Default,Default,Default,Default,Default,Default,Default,16,Default,DotNetTips.Spargine.Extensions.BenchmarkTests,Collections,50,121.578 ns,0.3255 ns,0.2541 ns,0.0734 ns,121.449 ns,121.324 ns,121.414 ns,121.725 ns,122.133 ns,"8,225,191.14",0.3255 ns,12.00,2.5063,2.000,0.9963,30,*,No,-,289 B,-,-,0 B
'Slice Test',Job-SPYWVM,False,True,Default,Default,Default,Default,Default,1111,Empty,RyuJit,X64,8c5e7fda-e8bf-4a96-9a85-a6e23a8c635c,.NET 6.0,False,True,False,True,Default,Default,False,False,True,Default,Default,Default,Default,Default,.NET 6.0,Default,1,Default,Default,Default,Default,Default,Default,Default,Default,Default,16,Default,DotNetTips.Spargine.Extensions.BenchmarkTests,Collections,100,120.932 ns,1.4421 ns,1.3490 ns,0.3483 ns,120.685 ns,119.613 ns,119.847 ns,121.473 ns,123.813 ns,"8,269,138.46",1.4421 ns,15.00,2.7734,2.000,1.0076,30,*,No,-,289 B,-,-,0 B
'Slice Test',Job-SPYWVM,False,True,Default,Default,Default,Default,Default,1111,Empty,RyuJit,X64,8c5e7fda-e8bf-4a96-9a85-a6e23a8c635c,.NET 6.0,False,True,False,True,Default,Default,False,False,True,Default,Default,Default,Default,Default,.NET 6.0,Default,1,Default,Default,Default,Default,Default,Default,Default,Default,Default,16,Default,DotNetTips.Spargine.Extensions.BenchmarkTests,Collections,250,100.267 ns,1.3445 ns,1.2576 ns,0.3247 ns,99.491 ns,98.555 ns,99.401 ns,101.474 ns,102.218 ns,"9,973,350.01",1.3445 ns,15.00,1.3808,2.000,0.3201,27,*,No,-,289 B,-,-,0 B
'Slice Test',Job-SPYWVM,False,True,Default,Default,Default,Default,Default,1111,Empty,RyuJit,X64,8c5e7fda-e8bf-4a96-9a85-a6e23a8c635c,.NET 6.0,False,True,False,True,Default,Default,False,False,True,Default,Default,Default,Default,Default,.NET 6.0,Default,1,Default,Default,Default,Default,Default,Default,Default,Default,Default,16,Default,DotNetTips.Spargine.Extensions.BenchmarkTests,Collections,500,99.803 ns,1.7629 ns,1.6491 ns,0.4258 ns,99.993 ns,97.844 ns,98.192 ns,100.993 ns,103.240 ns,"10,019,757.97",1.7629 ns,15.00,1.8527,2.000,0.3213,27,*,No,-,289 B,-,-,0 B
'Slice Test',Job-SPYWVM,False,True,Default,Default,Default,Default,Default,1111,Empty,RyuJit,X64,8c5e7fda-e8bf-4a96-9a85-a6e23a8c635c,.NET 6.0,False,True,False,True,Default,Default,False,False,True,Default,Default,Default,Default,Default,.NET 6.0,Default,1,Default,Default,Default,Default,Default,Default,Default,Default,Default,16,Default,DotNetTips.Spargine.Extensions.BenchmarkTests,Collections,1000,100.857 ns,1.0892 ns,0.9655 ns,0.2580 ns,101.203 ns,98.571 ns,101.117 ns,101.297 ns,101.437 ns,"9,915,067.32",1.0892 ns,14.00,4.3707,2.000,-1.7855,27,*,No,-,289 B,-,-,0 B
'Slice Test',Job-SPYWVM,False,True,Default,Default,Default,Default,Default,1111,Empty,RyuJit,X64,8c5e7fda-e8bf-4a96-9a85-a6e23a8c635c,.NET 6.0,False,True,False,True,Default,Default,False,False,True,Default,Default,Default,Default,Default,.NET 6.0,Default,1,Default,Default,Default,Default,Default,Default,Default,Default,Default,16,Default,DotNetTips.Spargine.Extensions.BenchmarkTests,Collections,2500,148.442 ns,0.9134 ns,0.7627 ns,0.2115 ns,148.188 ns,147.520 ns,147.750 ns,149.231 ns,149.623 ns,"6,736,633.32",0.9134 ns,13.00,1.3736,2.000,0.3687,33,*,No,-,289 B,-,-,0 B
AddLast,Job-SPYWVM,False,True,Default,Default,Default,Default,Default,1111,Empty,RyuJit,X64,8c5e7fda-e8bf-4a96-9a85-a6e23a8c635c,.NET 6.0,False,True,False,True,Default,Default,False,False,True,Default,Default,Default,Default,Default,.NET 6.0,Default,1,Default,Default,Default,Default,Default,Default,Default,Default,Default,16,Default,DotNetTips.Spargine.Extensions.BenchmarkTests,Collections,10,"42,435.477 ns",321.1912 ns,300.4425 ns,77.5739 ns,"42,574.179 ns","41,915.756 ns","42,215.982 ns","42,656.525 ns","42,830.814 ns","23,565.19",321.1912 ns,15.00,1.6843,2.000,-0.4687,72,*,No,2.3193,681 B,0.0610,-,"20,352 B"
AddLast,Job-SPYWVM,False,True,Default,Default,Default,Default,Default,1111,Empty,RyuJit,X64,8c5e7fda-e8bf-4a96-9a85-a6e23a8c635c,.NET 6.0,False,True,False,True,Default,Default,False,False,True,Default,Default,Default,Default,Default,.NET 6.0,Default,1,Default,Default,Default,Default,Default,Default,Default,Default,Default,16,Default,DotNetTips.Spargine.Extensions.BenchmarkTests,Collections,25,"107,104.660 ns",758.0491 ns,709.0796 ns,183.0836 ns,"107,228.619 ns","105,762.970 ns","106,696.460 ns","107,553.345 ns","108,223.944 ns","9,336.66",758.0491 ns,15.00,1.9659,2.000,-0.2868,75,*,No,5.2490,681 B,-,-,"48,568 B"
AddLast,Job-SPYWVM,False,True,Default,Default,Default,Default,Default,1111,Empty,RyuJit,X64,8c5e7fda-e8bf-4a96-9a85-a6e23a8c635c,.NET 6.0,False,True,False,True,Default,Default,False,False,True,Default,Default,Default,Default,Default,.NET 6.0,Default,1,Default,Default,Default,Default,Default,Default,Default,Default,Default,16,Default,DotNetTips.Spargine.Extensions.BenchmarkTests,Collections,50,"222,422.703 ns","1,552.5519 ns","1,452.2580 ns",374.9714 ns,"221,759.314 ns","220,194.470 ns","221,489.172 ns","223,577.271 ns","225,263.416 ns","4,495.94","1,552.5519 ns",15.00,1.8840,2.000,0.3659,78,*,No,10.7422,681 B,1.2207,-,"95,712 B"
AddLast,Job-SPYWVM,False,True,Default,Default,Default,Default,Default,1111,Empty,RyuJit,X64,8c5e7fda-e8bf-4a96-9a85-a6e23a8c635c,.NET 6.0,False,True,False,True,Default,Default,False,False,True,Default,Default,Default,Default,Default,.NET 6.0,Default,1,Default,Default,Default,Default,Default,Default,Default,Default,Default,16,Default,DotNetTips.Spargine.Extensions.BenchmarkTests,Collections,100,"632,037.565 ns","26,041.7538 ns","76,784.6986 ns","7,678.4699 ns","632,419.189 ns","494,226.221 ns","573,525.635 ns","677,841.626 ns","822,546.826 ns","1,582.18","26,041.7538 ns",100.00,2.7214,2.500,0.4897,80,*,No,21.4844,681 B,19.5313,10.7422,"191,307 B"
AddLast,Job-SPYWVM,False,True,Default,Default,Default,Default,Default,1111,Empty,RyuJit,X64,8c5e7fda-e8bf-4a96-9a85-a6e23a8c635c,.NET 6.0,False,True,False,True,Default,Default,False,False,True,Default,Default,Default,Default,Default,.NET 6.0,Default,1,Default,Default,Default,Default,Default,Default,Default,Default,Default,16,Default,DotNetTips.Spargine.Extensions.BenchmarkTests,Collections,250,"1,631,330.431 ns","49,802.4854 ns","145,276.1876 ns","14,675.1111 ns","1,624,356.934 ns","1,331,900.781 ns","1,511,660.693 ns","1,724,972.998 ns","2,045,123.828 ns",613.00,"49,802.4854 ns",98.00,2.6646,2.640,0.4487,81,*,No,48.8281,681 B,37.1094,23.4375,"475,978 B"
AddLast,Job-SPYWVM,False,True,Default,Default,Default,Default,Default,1111,Empty,RyuJit,X64,8c5e7fda-e8bf-4a96-9a85-a6e23a8c635c,.NET 6.0,False,True,False,True,Default,Default,False,False,True,Default,Default,Default,Default,Default,.NET 6.0,Default,1,Default,Default,Default,Default,Default,Default,Default,Default,Default,16,Default,DotNetTips.Spargine.Extensions.BenchmarkTests,Collections,500,"2,531,322.619 ns","48,463.1971 ns","94,523.7440 ns","13,787.7051 ns","2,494,419.336 ns","2,427,216.992 ns","2,467,336.914 ns","2,576,978.906 ns","2,758,983.398 ns",395.05,"48,463.1971 ns",47.00,2.8053,2.222,1.0807,82,*,No,62.5000,681 B,58.5938,46.8750,"953,214 B"
AddLast,Job-SPYWVM,False,True,Default,Default,Default,Default,Default,1111,Empty,RyuJit,X64,8c5e7fda-e8bf-4a96-9a85-a6e23a8c635c,.NET 6.0,False,True,False,True,Default,Default,False,False,True,Default,Default,Default,Default,Default,.NET 6.0,Default,1,Default,Default,Default,Default,Default,Default,Default,Default,Default,16,Default,DotNetTips.Spargine.Extensions.BenchmarkTests,Collections,1000,"5,123,708.411 ns","81,395.2834 ns","76,137.1986 ns","19,658.5401 ns","5,138,019.922 ns","4,986,685.547 ns","5,065,189.062 ns","5,157,142.188 ns","5,287,005.078 ns",195.17,"81,395.2834 ns",15.00,2.4760,2.000,0.2358,83,*,No,179.6875,681 B,156.2500,148.4375,"2,380,444 B"
AddLast,Job-SPYWVM,False,True,Default,Default,Default,Default,Default,1111,Empty,RyuJit,X64,8c5e7fda-e8bf-4a96-9a85-a6e23a8c635c,.NET 6.0,False,True,False,True,Default,Default,False,False,True,Default,Default,Default,Default,Default,.NET 6.0,Default,1,Default,Default,Default,Default,Default,Default,Default,Default,Default,16,Default,DotNetTips.Spargine.Extensions.BenchmarkTests,Collections,2500,"12,770,842.067 ns","80,955.2635 ns","67,601.3115 ns","18,749.2304 ns","12,764,745.312 ns","12,634,323.438 ns","12,744,237.500 ns","12,828,729.688 ns","12,853,260.938 ns",78.30,"80,955.2635 ns",13.00,2.1122,2.000,-0.5188,85,*,No,203.1250,681 B,187.5000,187.5000,"5,980,430 B"
AreEqual,Job-SPYWVM,False,True,Default,Default,Default,Default,Default,1111,Empty,RyuJit,X64,8c5e7fda-e8bf-4a96-9a85-a6e23a8c635c,.NET 6.0,False,True,False,True,Default,Default,False,False,True,Default,Default,Default,Default,Default,.NET 6.0,Default,1,Default,Default,Default,Default,Default,Default,Default,Default,Default,16,Default,DotNetTips.Spargine.Extensions.BenchmarkTests,Collections,10,4.266 ns,0.0907 ns,0.0849 ns,0.0219 ns,4.284 ns,4.175 ns,4.185 ns,4.328 ns,4.429 ns,"234,390,555.90",0.0907 ns,15.00,1.5663,2.000,0.3068,4,*,No,-,272 B,-,-,0 B
AreEqual,Job-SPYWVM,False,True,Default,Default,Default,Default,Default,1111,Empty,RyuJit,X64,8c5e7fda-e8bf-4a96-9a85-a6e23a8c635c,.NET 6.0,False,True,False,True,Default,Default,False,False,True,Default,Default,Default,Default,Default,.NET 6.0,Default,1,Default,Default,Default,Default,Default,Default,Default,Default,Default,16,Default,DotNetTips.Spargine.Extensions.BenchmarkTests,Collections,25,4.268 ns,0.0883 ns,0.0826 ns,0.0213 ns,4.220 ns,4.207 ns,4.216 ns,4.323 ns,4.404 ns,"234,304,985.97",0.0883 ns,15.00,1.8156,2.000,0.9126,4,*,No,-,272 B,-,-,0 B
AreEqual,Job-SPYWVM,False,True,Default,Default,Default,Default,Default,1111,Empty,RyuJit,X64,8c5e7fda-e8bf-4a96-9a85-a6e23a8c635c,.NET 6.0,False,True,False,True,Default,Default,False,False,True,Default,Default,Default,Default,Default,.NET 6.0,Default,1,Default,Default,Default,Default,Default,Default,Default,Default,Default,16,Default,DotNetTips.Spargine.Extensions.BenchmarkTests,Collections,50,4.320 ns,0.0956 ns,0.0894 ns,0.0231 ns,4.372 ns,4.201 ns,4.216 ns,4.385 ns,4.438 ns,"231,479,077.46",0.0956 ns,15.00,1.1869,2.000,-0.3123,4,*,No,-,272 B,-,-,0 B
AreEqual,Job-SPYWVM,False,True,Default,Default,Default,Default,Default,1111,Empty,RyuJit,X64,8c5e7fda-e8bf-4a96-9a85-a6e23a8c635c,.NET 6.0,False,True,False,True,Default,Default,False,False,True,Default,Default,Default,Default,Default,.NET 6.0,Default,1,Default,Default,Default,Default,Default,Default,Default,Default,Default,16,Default,DotNetTips.Spargine.Extensions.BenchmarkTests,Collections,100,4.320 ns,0.0730 ns,0.0609 ns,0.0169 ns,4.344 ns,4.178 ns,4.341 ns,4.347 ns,4.351 ns,"231,458,076.85",0.0730 ns,13.00,4.0007,2.000,-1.6973,4,*,No,-,272 B,-,-,0 B
AreEqual,Job-SPYWVM,False,True,Default,Default,Default,Default,Default,1111,Empty,RyuJit,X64,8c5e7fda-e8bf-4a96-9a85-a6e23a8c635c,.NET 6.0,False,True,False,True,Default,Default,False,False,True,Default,Default,Default,Default,Default,.NET 6.0,Default,1,Default,Default,Default,Default,Default,Default,Default,Default,Default,16,Default,DotNetTips.Spargine.Extensions.BenchmarkTests,Collections,250,4.311 ns,0.1030 ns,0.0964 ns,0.0249 ns,4.246 ns,4.207 ns,4.229 ns,4.390 ns,4.455 ns,"231,954,638.66",0.1030 ns,15.00,1.1604,2.000,0.2411,4,*,No,-,272 B,-,-,0 B
AreEqual,Job-SPYWVM,False,True,Default,Default,Default,Default,Default,1111,Empty,RyuJit,X64,8c5e7fda-e8bf-4a96-9a85-a6e23a8c635c,.NET 6.0,False,True,False,True,Default,Default,False,False,True,Default,Default,Default,Default,Default,.NET 6.0,Default,1,Default,Default,Default,Default,Default,Default,Default,Default,Default,16,Default,DotNetTips.Spargine.Extensions.BenchmarkTests,Collections,500,4.680 ns,0.0860 ns,0.0805 ns,0.0208 ns,4.624 ns,4.594 ns,4.606 ns,4.762 ns,4.789 ns,"213,683,895.34",0.0860 ns,15.00,1.0114,2.000,0.1673,5,*,No,-,272 B,-,-,0 B
AreEqual,Job-SPYWVM,False,True,Default,Default,Default,Default,Default,1111,Empty,RyuJit,X64,8c5e7fda-e8bf-4a96-9a85-a6e23a8c635c,.NET 6.0,False,True,False,True,Default,Default,False,False,True,Default,Default,Default,Default,Default,.NET 6.0,Default,1,Default,Default,Default,Default,Default,Default,Default,Default,Default,16,Default,DotNetTips.Spargine.Extensions.BenchmarkTests,Collections,1000,4.921 ns,0.0706 ns,0.0661 ns,0.0171 ns,4.955 ns,4.818 ns,4.852 ns,4.967 ns,4.987 ns,"203,229,486.59",0.0706 ns,15.00,1.4683,2.000,-0.6011,6,*,No,-,272 B,-,-,0 B
AreEqual,Job-SPYWVM,False,True,Default,Default,Default,Default,Default,1111,Empty,RyuJit,X64,8c5e7fda-e8bf-4a96-9a85-a6e23a8c635c,.NET 6.0,False,True,False,True,Default,Default,False,False,True,Default,Default,Default,Default,Default,.NET 6.0,Default,1,Default,Default,Default,Default,Default,Default,Default,Default,Default,16,Default,DotNetTips.Spargine.Extensions.BenchmarkTests,Collections,2500,4.254 ns,0.0932 ns,0.0872 ns,0.0225 ns,4.195 ns,4.165 ns,4.180 ns,4.335 ns,4.382 ns,"235,081,011.73",0.0932 ns,15.00,1.1481,2.000,0.3045,4,*,No,-,272 B,-,-,0 B
ClearNulls,Job-SPYWVM,False,True,Default,Default,Default,Default,Default,1111,Empty,RyuJit,X64,8c5e7fda-e8bf-4a96-9a85-a6e23a8c635c,.NET 6.0,False,True,False,True,Default,Default,False,False,True,Default,Default,Default,Default,Default,.NET 6.0,Default,1,Default,Default,Default,Default,Default,Default,Default,Default,Default,16,Default,DotNetTips.Spargine.Extensions.BenchmarkTests,Collections,10,"41,615.705 ns",490.7172 ns,459.0172 ns,118.5177 ns,"41,672.272 ns","40,561.133 ns","41,387.674 ns","41,897.101 ns","42,185.718 ns","24,029.39",490.7172 ns,15.00,2.5702,2.000,-0.6871,71,*,No,2.3193,867 B,0.0610,-,"20,064 B"
ClearNulls,Job-SPYWVM,False,True,Default,Default,Default,Default,Default,1111,Empty,RyuJit,X64,8c5e7fda-e8bf-4a96-9a85-a6e23a8c635c,.NET 6.0,False,True,False,True,Default,Default,False,False,True,Default,Default,Default,Default,Default,.NET 6.0,Default,1,Default,Default,Default,Default,Default,Default,Default,Default,Default,16,Default,DotNetTips.Spargine.Extensions.BenchmarkTests,Collections,25,"111,350.315 ns","1,069.3235 ns",947.9274 ns,253.3443 ns,"111,127.039 ns","110,222.406 ns","110,755.762 ns","111,603.955 ns","113,340.082 ns","8,980.67","1,069.3235 ns",14.00,2.3605,2.000,0.7277,76,*,No,5.3711,867 B,0.2441,-,"48,968 B"
ClearNulls,Job-SPYWVM,False,True,Default,Default,Default,Default,Default,1111,Empty,RyuJit,X64,8c5e7fda-e8bf-4a96-9a85-a6e23a8c635c,.NET 6.0,False,True,False,True,Default,Default,False,False,True,Default,Default,Default,Default,Default,.NET 6.0,Default,1,Default,Default,Default,Default,Default,Default,Default,Default,Default,16,Default,DotNetTips.Spargine.Extensions.BenchmarkTests,Collections,50,"227,585.956 ns","2,257.8706 ns","2,112.0136 ns",545.3196 ns,"228,132.166 ns","222,244.031 ns","226,259.741 ns","228,688.684 ns","230,500.867 ns","4,393.94","2,257.8706 ns",15.00,3.2979,2.000,-0.8222,78,*,No,10.9863,867 B,1.2207,-,"96,464 B"
ClearNulls,Job-SPYWVM,False,True,Default,Default,Default,Default,Default,1111,Empty,RyuJit,X64,8c5e7fda-e8bf-4a96-9a85-a6e23a8c635c,.NET 6.0,False,True,False,True,Default,Default,False,False,True,Default,Default,Default,Default,Default,.NET 6.0,Default,1,Default,Default,Default,Default,Default,Default,Default,Default,Default,16,Default,DotNetTips.Spargine.Extensions.BenchmarkTests,Collections,100,"602,387.935 ns","25,897.6880 ns","75,544.7716 ns","7,631.1743 ns","596,815.088 ns","482,599.756 ns","534,223.633 ns","649,868.115 ns","802,772.900 ns","1,660.06","25,897.6880 ns",98.00,2.8651,3.520,0.6356,80,*,No,17.5781,867 B,13.6719,10.7422,"192,134 B"
ClearNulls,Job-SPYWVM,False,True,Default,Default,Default,Default,Default,1111,Empty,RyuJit,X64,8c5e7fda-e8bf-4a96-9a85-a6e23a8c635c,.NET 6.0,False,True,False,True,Default,Default,False,False,True,Default,Default,Default,Default,Default,.NET 6.0,Default,1,Default,Default,Default,Default,Default,Default,Default,Default,Default,16,Default,DotNetTips.Spargine.Extensions.BenchmarkTests,Collections,250,"1,603,283.254 ns","50,161.9817 ns","147,116.4090 ns","14,785.7554 ns","1,617,461.719 ns","1,308,053.125 ns","1,489,362.500 ns","1,693,110.938 ns","1,953,372.852 ns",623.72,"50,161.9817 ns",99.00,2.6141,3.214,0.3537,81,*,No,50.7813,867 B,35.1563,23.4375,"476,790 B"
ClearNulls,Job-SPYWVM,False,True,Default,Default,Default,Default,Default,1111,Empty,RyuJit,X64,8c5e7fda-e8bf-4a96-9a85-a6e23a8c635c,.NET 6.0,False,True,False,True,Default,Default,False,False,True,Default,Default,Default,Default,Default,.NET 6.0,Default,1,Default,Default,Default,Default,Default,Default,Default,Default,Default,16,Default,DotNetTips.Spargine.Extensions.BenchmarkTests,Collections,500,"2,560,190.074 ns","51,035.0565 ns","109,858.3432 ns","14,680.4386 ns","2,502,628.320 ns","2,451,241.602 ns","2,483,149.805 ns","2,616,778.125 ns","2,859,403.320 ns",390.60,"51,035.0565 ns",56.00,3.1882,2.258,1.1633,82,*,No,105.4688,867 B,66.4063,50.7813,"952,915 B"
ClearNulls,Job-SPYWVM,False,True,Default,Default,Default,Default,Default,1111,Empty,RyuJit,X64,8c5e7fda-e8bf-4a96-9a85-a6e23a8c635c,.NET 6.0,False,True,False,True,Default,Default,False,False,True,Default,Default,Default,Default,Default,.NET 6.0,Default,1,Default,Default,Default,Default,Default,Default,Default,Default,Default,16,Default,DotNetTips.Spargine.Extensions.BenchmarkTests,Collections,1000,"5,267,010.793 ns","104,212.7537 ns","146,091.7261 ns","28,115.3658 ns","5,234,892.969 ns","5,037,837.500 ns","5,161,771.875 ns","5,323,001.172 ns","5,560,879.688 ns",189.86,"104,212.7537 ns",27.00,2.3180,2.000,0.5615,84,*,No,195.3125,867 B,164.0625,140.6250,"2,383,133 B"
ClearNulls,Job-SPYWVM,False,True,Default,Default,Default,Default,Default,1111,Empty,RyuJit,X64,8c5e7fda-e8bf-4a96-9a85-a6e23a8c635c,.NET 6.0,False,True,False,True,Default,Default,False,False,True,Default,Default,Default,Default,Default,.NET 6.0,Default,1,Default,Default,Default,Default,Default,Default,Default,Default,Default,16,Default,DotNetTips.Spargine.Extensions.BenchmarkTests,Collections,2500,"13,106,504.090 ns","244,163.1211 ns","394,277.9284 ns","67,618.1069 ns","12,940,800.781 ns","12,651,910.938 ns","12,805,911.719 ns","13,369,523.438 ns","13,976,795.312 ns",76.30,"244,163.1211 ns",34.00,2.2187,2.300,0.8287,85,*,No,234.3750,867 B,203.1250,187.5000,"5,981,173 B"
CopyToCollection,Job-SPYWVM,False,True,Default,Default,Default,Default,Default,1111,Empty,RyuJit,X64,8c5e7fda-e8bf-4a96-9a85-a6e23a8c635c,.NET 6.0,False,True,False,True,Default,Default,False,False,True,Default,Default,Default,Default,Default,.NET 6.0,Default,1,Default,Default,Default,Default,Default,Default,Default,Default,Default,16,Default,DotNetTips.Spargine.Extensions.BenchmarkTests,Collections,10,63.997 ns,0.7654 ns,0.7159 ns,0.1849 ns,64.274 ns,62.607 ns,63.541 ns,64.479 ns,65.067 ns,"15,625,772.42",0.7654 ns,15.00,2.0160,2.000,-0.4406,22,*,No,0.0173,412 B,-,-,160 B
CopyToCollection,Job-SPYWVM,False,True,Default,Default,Default,Default,Default,1111,Empty,RyuJit,X64,8c5e7fda-e8bf-4a96-9a85-a6e23a8c635c,.NET 6.0,False,True,False,True,Default,Default,False,False,True,Default,Default,Default,Default,Default,.NET 6.0,Default,1,Default,Default,Default,Default,Default,Default,Default,Default,Default,16,Default,DotNetTips.Spargine.Extensions.BenchmarkTests,Collections,25,69.701 ns,1.4092 ns,1.6775 ns,0.3661 ns,68.816 ns,67.721 ns,68.540 ns,71.111 ns,72.622 ns,"14,347,094.48",1.4092 ns,21.00,1.5500,2.000,0.4429,23,*,No,0.0310,412 B,-,-,280 B
CopyToCollection,Job-SPYWVM,False,True,Default,Default,Default,Default,Default,1111,Empty,RyuJit,X64,8c5e7fda-e8bf-4a96-9a85-a6e23a8c635c,.NET 6.0,False,True,False,True,Default,Default,False,False,True,Default,Default,Default,Default,Default,.NET 6.0,Default,1,Default,Default,Default,Default,Default,Default,Default,Default,Default,16,Default,DotNetTips.Spargine.Extensions.BenchmarkTests,Collections,50,91.727 ns,1.6672 ns,1.5595 ns,0.4027 ns,91.977 ns,89.104 ns,90.646 ns,92.633 ns,94.788 ns,"10,901,917.02",1.6672 ns,15.00,2.2157,2.000,-0.0307,25,*,No,0.0529,412 B,-,-,480 B
CopyToCollection,Job-SPYWVM,False,True,Default,Default,Default,Default,Default,1111,Empty,RyuJit,X64,8c5e7fda-e8bf-4a96-9a85-a6e23a8c635c,.NET 6.0,False,True,False,True,Default,Default,False,False,True,Default,Default,Default,Default,Default,.NET 6.0,Default,1,Default,Default,Default,Default,Default,Default,Default,Default,Default,16,Default,DotNetTips.Spargine.Extensions.BenchmarkTests,Collections,100,131.526 ns,2.6102 ns,2.3138 ns,0.6184 ns,131.655 ns,127.271 ns,130.737 ns,132.769 ns,136.066 ns,"7,603,084.17",2.6102 ns,14.00,2.5197,2.000,-0.1739,32,*,No,0.0970,412 B,-,-,880 B
CopyToCollection,Job-SPYWVM,False,True,Default,Default,Default,Default,Default,1111,Empty,RyuJit,X64,8c5e7fda-e8bf-4a96-9a85-a6e23a8c635c,.NET 6.0,False,True,False,True,Default,Default,False,False,True,Default,Default,Default,Default,Default,.NET 6.0,Default,1,Default,Default,Default,Default,Default,Default,Default,Default,Default,16,Default,DotNetTips.Spargine.Extensions.BenchmarkTests,Collections,250,246.883 ns,1.9731 ns,1.7491 ns,0.4675 ns,247.340 ns,241.529 ns,246.903 ns,247.623 ns,248.491 ns,"4,050,498.26",1.9731 ns,14.00,6.4646,2.000,-2.0295,36,*,No,0.2286,412 B,-,-,"2,080 B"
CopyToCollection,Job-SPYWVM,False,True,Default,Default,Default,Default,Default,1111,Empty,RyuJit,X64,8c5e7fda-e8bf-4a96-9a85-a6e23a8c635c,.NET 6.0,False,True,False,True,Default,Default,False,False,True,Default,Default,Default,Default,Default,.NET 6.0,Default,1,Default,Default,Default,Default,Default,Default,Default,Default,Default,16,Default,DotNetTips.Spargine.Extensions.BenchmarkTests,Collections,500,439.514 ns,4.8170 ns,4.5058 ns,1.1634 ns,440.762 ns,429.059 ns,437.059 ns,442.823 ns,443.915 ns,"2,275,240.47",4.8170 ns,15.00,2.5984,2.000,-0.9404,42,*,No,0.4444,412 B,0.0043,-,"4,080 B"
CopyToCollection,Job-SPYWVM,False,True,Default,Default,Default,Default,Default,1111,Empty,RyuJit,X64,8c5e7fda-e8bf-4a96-9a85-a6e23a8c635c,.NET 6.0,False,True,False,True,Default,Default,False,False,True,Default,Default,Default,Default,Default,.NET 6.0,Default,1,Default,Default,Default,Default,Default,Default,Default,Default,Default,16,Default,DotNetTips.Spargine.Extensions.BenchmarkTests,Collections,1000,858.319 ns,14.0310 ns,13.1246 ns,3.3888 ns,851.751 ns,845.550 ns,847.808 ns,869.525 ns,880.805 ns,"1,165,067.95",14.0310 ns,15.00,1.6422,2.000,0.6591,47,*,No,0.8841,412 B,0.0172,-,"8,080 B"
CopyToCollection,Job-SPYWVM,False,True,Default,Default,Default,Default,Default,1111,Empty,RyuJit,X64,8c5e7fda-e8bf-4a96-9a85-a6e23a8c635c,.NET 6.0,False,True,False,True,Default,Default,False,False,True,Default,Default,Default,Default,Default,.NET 6.0,Default,1,Default,Default,Default,Default,Default,Default,Default,Default,Default,16,Default,DotNetTips.Spargine.Extensions.BenchmarkTests,Collections,2500,"2,190.533 ns",43.8090 ns,94.3034 ns,12.6018 ns,"2,176.481 ns","1,998.279 ns","2,115.423 ns","2,269.450 ns","2,390.835 ns","456,509.81",43.8090 ns,56.00,2.0127,2.476,0.1671,57,*,No,2.1820,412 B,0.1183,-,"20,080 B"
GetHashCode,Job-SPYWVM,False,True,Default,Default,Default,Default,Default,1111,Empty,RyuJit,X64,8c5e7fda-e8bf-4a96-9a85-a6e23a8c635c,.NET 6.0,False,True,False,True,Default,Default,False,False,True,Default,Default,Default,Default,Default,.NET 6.0,Default,1,Default,Default,Default,Default,Default,Default,Default,Default,Default,16,Default,DotNetTips.Spargine.Extensions.BenchmarkTests,Collections,10,1.116 ns,0.0188 ns,0.0166 ns,0.0044 ns,1.109 ns,1.104 ns,1.107 ns,1.111 ns,1.149 ns,"896,044,457.16",0.0188 ns,14.00,2.5393,2.000,1.2164,1,*,No,-,35 B,-,-,0 B
GetHashCode,Job-SPYWVM,False,True,Default,Default,Default,Default,Default,1111,Empty,RyuJit,X64,8c5e7fda-e8bf-4a96-9a85-a6e23a8c635c,.NET 6.0,False,True,False,True,Default,Default,False,False,True,Default,Default,Default,Default,Default,.NET 6.0,Default,1,Default,Default,Default,Default,Default,Default,Default,Default,Default,16,Default,DotNetTips.Spargine.Extensions.BenchmarkTests,Collections,25,1.117 ns,0.0222 ns,0.0186 ns,0.0052 ns,1.110 ns,1.103 ns,1.106 ns,1.114 ns,1.168 ns,"895,523,821.22",0.0222 ns,13.00,4.8812,2.000,1.7486,1,*,No,-,35 B,-,-,0 B
GetHashCode,Job-SPYWVM,False,True,Default,Default,Default,Default,Default,1111,Empty,RyuJit,X64,8c5e7fda-e8bf-4a96-9a85-a6e23a8c635c,.NET 6.0,False,True,False,True,Default,Default,False,False,True,Default,Default,Default,Default,Default,.NET 6.0,Default,1,Default,Default,Default,Default,Default,Default,Default,Default,Default,16,Default,DotNetTips.Spargine.Extensions.BenchmarkTests,Collections,50,1.165 ns,0.0524 ns,0.0538 ns,0.0131 ns,1.205 ns,1.068 ns,1.134 ns,1.211 ns,1.214 ns,"858,077,654.12",0.0524 ns,17.00,1.7127,2.000,-0.5664,2,*,No,-,35 B,-,-,0 B
GetHashCode,Job-SPYWVM,False,True,Default,Default,Default,Default,Default,1111,Empty,RyuJit,X64,8c5e7fda-e8bf-4a96-9a85-a6e23a8c635c,.NET 6.0,False,True,False,True,Default,Default,False,False,True,Default,Default,Default,Default,Default,.NET 6.0,Default,1,Default,Default,Default,Default,Default,Default,Default,Default,Default,16,Default,DotNetTips.Spargine.Extensions.BenchmarkTests,Collections,100,1.306 ns,0.0436 ns,0.0408 ns,0.0105 ns,1.336 ns,1.259 ns,1.263 ns,1.341 ns,1.353 ns,"765,985,163.08",0.0436 ns,15.00,0.9431,3.750,-0.1142,3,*,No,-,35 B,-,-,0 B
GetHashCode,Job-SPYWVM,False,True,Default,Default,Default,Default,Default,1111,Empty,RyuJit,X64,8c5e7fda-e8bf-4a96-9a85-a6e23a8c635c,.NET 6.0,False,True,False,True,Default,Default,False,False,True,Default,Default,Default,Default,Default,.NET 6.0,Default,1,Default,Default,Default,Default,Default,Default,Default,Default,Default,16,Default,DotNetTips.Spargine.Extensions.BenchmarkTests,Collections,250,1.284 ns,0.0437 ns,0.0408 ns,0.0105 ns,1.256 ns,1.248 ns,1.253 ns,1.336 ns,1.342 ns,"778,864,133.18",0.0437 ns,15.00,1.2698,3.000,0.5327,3,*,No,-,35 B,-,-,0 B
GetHashCode,Job-SPYWVM,False,True,Default,Default,Default,Default,Default,1111,Empty,RyuJit,X64,8c5e7fda-e8bf-4a96-9a85-a6e23a8c635c,.NET 6.0,False,True,False,True,Default,Default,False,False,True,Default,Default,Default,Default,Default,.NET 6.0,Default,1,Default,Default,Default,Default,Default,Default,Default,Default,Default,16,Default,DotNetTips.Spargine.Extensions.BenchmarkTests,Collections,500,1.282 ns,0.0405 ns,0.0379 ns,0.0098 ns,1.259 ns,1.251 ns,1.255 ns,1.307 ns,1.346 ns,"780,312,203.42",0.0405 ns,15.00,1.7506,2.727,0.8169,3,*,No,-,35 B,-,-,0 B
GetHashCode,Job-SPYWVM,False,True,Default,Default,Default,Default,Default,1111,Empty,RyuJit,X64,8c5e7fda-e8bf-4a96-9a85-a6e23a8c635c,.NET 6.0,False,True,False,True,Default,Default,False,False,True,Default,Default,Default,Default,Default,.NET 6.0,Default,1,Default,Default,Default,Default,Default,Default,Default,Default,Default,16,Default,DotNetTips.Spargine.Extensions.BenchmarkTests,Collections,1000,1.282 ns,0.0356 ns,0.0333 ns,0.0086 ns,1.263 ns,1.245 ns,1.260 ns,1.322 ns,1.331 ns,"779,997,764.92",0.0356 ns,15.00,1.3556,3.000,0.5596,3,*,No,-,35 B,-,-,0 B
GetHashCode,Job-SPYWVM,False,True,Default,Default,Default,Default,Default,1111,Empty,RyuJit,X64,8c5e7fda-e8bf-4a96-9a85-a6e23a8c635c,.NET 6.0,False,True,False,True,Default,Default,False,False,True,Default,Default,Default,Default,Default,.NET 6.0,Default,1,Default,Default,Default,Default,Default,Default,Default,Default,Default,16,Default,DotNetTips.Spargine.Extensions.BenchmarkTests,Collections,2500,1.121 ns,0.0351 ns,0.0328 ns,0.0085 ns,1.103 ns,1.092 ns,1.093 ns,1.153 ns,1.176 ns,"892,280,934.57",0.0351 ns,15.00,1.4371,2.889,0.5483,1,*,No,-,35 B,-,-,0 B
HasItems,Job-SPYWVM,False,True,Default,Default,Default,Default,Default,1111,Empty,RyuJit,X64,8c5e7fda-e8bf-4a96-9a85-a6e23a8c635c,.NET 6.0,False,True,False,True,Default,Default,False,False,True,Default,Default,Default,Default,Default,.NET 6.0,Default,1,Default,Default,Default,Default,Default,Default,Default,Default,Default,16,Default,DotNetTips.Spargine.Extensions.BenchmarkTests,Collections,10,"40,860.768 ns",318.6787 ns,298.0922 ns,76.9671 ns,"40,756.845 ns","40,299.991 ns","40,659.476 ns","41,086.502 ns","41,418.747 ns","24,473.35",318.6787 ns,15.00,2.0941,2.000,0.1844,70,*,No,2.3193,677 B,-,-,"20,024 B"
HasItems,Job-SPYWVM,False,True,Default,Default,Default,Default,Default,1111,Empty,RyuJit,X64,8c5e7fda-e8bf-4a96-9a85-a6e23a8c635c,.NET 6.0,False,True,False,True,Default,Default,False,False,True,Default,Default,Default,Default,Default,.NET 6.0,Default,1,Default,Default,Default,Default,Default,Default,Default,Default,Default,16,Default,DotNetTips.Spargine.Extensions.BenchmarkTests,Collections,25,"107,356.741 ns",930.5156 ns,870.4048 ns,224.7376 ns,"107,428.717 ns","105,544.965 ns","106,750.189 ns","108,068.683 ns","108,522.272 ns","9,314.74",930.5156 ns,15.00,1.9425,2.000,-0.4708,75,*,No,5.3711,677 B,0.2441,-,"48,328 B"
HasItems,Job-SPYWVM,False,True,Default,Default,Default,Default,Default,1111,Empty,RyuJit,X64,8c5e7fda-e8bf-4a96-9a85-a6e23a8c635c,.NET 6.0,False,True,False,True,Default,Default,False,False,True,Default,Default,Default,Default,Default,.NET 6.0,Default,1,Default,Default,Default,Default,Default,Default,Default,Default,Default,16,Default,DotNetTips.Spargine.Extensions.BenchmarkTests,Collections,50,"226,993.576 ns",970.9696 ns,860.7392 ns,230.0422 ns,"227,294.580 ns","224,886.084 ns","226,669.080 ns","227,489.288 ns","228,274.512 ns","4,405.41",970.9696 ns,14.00,3.1579,2.000,-0.8563,78,*,No,10.7422,677 B,1.4648,-,"95,584 B"
HasItems,Job-SPYWVM,False,True,Default,Default,Default,Default,Default,1111,Empty,RyuJit,X64,8c5e7fda-e8bf-4a96-9a85-a6e23a8c635c,.NET 6.0,False,True,False,True,Default,Default,False,False,True,Default,Default,Default,Default,Default,.NET 6.0,Default,1,Default,Default,Default,Default,Default,Default,Default,Default,Default,16,Default,DotNetTips.Spargine.Extensions.BenchmarkTests,Collections,100,"641,404.108 ns","27,719.3652 ns","81,731.1737 ns","8,173.1174 ns","624,518.506 ns","506,563.330 ns","579,070.874 ns","706,369.507 ns","881,494.189 ns","1,559.08","27,719.3652 ns",100.00,2.4976,3.259,0.3798,80,*,No,19.5313,677 B,11.7188,10.7422,"190,909 B"
HasItems,Job-SPYWVM,False,True,Default,Default,Default,Default,Default,1111,Empty,RyuJit,X64,8c5e7fda-e8bf-4a96-9a85-a6e23a8c635c,.NET 6.0,False,True,False,True,Default,Default,False,False,True,Default,Default,Default,Default,Default,.NET 6.0,Default,1,Default,Default,Default,Default,Default,Default,Default,Default,Default,16,Default,DotNetTips.Spargine.Extensions.BenchmarkTests,Collections,250,"1,583,568.487 ns","58,076.6465 ns","169,412.3039 ns","17,113.2270 ns","1,575,215.820 ns","1,304,555.273 ns","1,450,531.396 ns","1,688,170.898 ns","1,985,380.664 ns",631.49,"58,076.6465 ns",98.00,2.1534,4.320,0.2612,81,*,No,42.9688,677 B,33.2031,23.4375,"472,148 B"
HasItems,Job-SPYWVM,False,True,Default,Default,Default,Default,Default,1111,Empty,RyuJit,X64,8c5e7fda-e8bf-4a96-9a85-a6e23a8c635c,.NET 6.0,False,True,False,True,Default,Default,False,False,True,Default,Default,Default,Default,Default,.NET 6.0,Default,1,Default,Default,Default,Default,Default,Default,Default,Default,Default,16,Default,DotNetTips.Spargine.Extensions.BenchmarkTests,Collections,500,"2,557,202.466 ns","50,896.3295 ns","103,967.7139 ns","14,558.3919 ns","2,508,523.828 ns","2,438,327.344 ns","2,486,399.219 ns","2,642,573.047 ns","2,875,258.594 ns",391.05,"50,896.3295 ns",51.00,3.0767,2.552,1.0741,82,*,No,97.6563,677 B,70.3125,46.8750,"943,923 B"
HasItems,Job-SPYWVM,False,True,Default,Default,Default,Default,Default,1111,Empty,RyuJit,X64,8c5e7fda-e8bf-4a96-9a85-a6e23a8c635c,.NET 6.0,False,True,False,True,Default,Default,False,False,True,Default,Default,Default,Default,Default,.NET 6.0,Default,1,Default,Default,Default,Default,Default,Default,Default,Default,Default,16,Default,DotNetTips.Spargine.Extensions.BenchmarkTests,Collections,1000,"5,250,749.089 ns","75,925.2883 ns","98,724.3210 ns","20,152.0176 ns","5,231,235.156 ns","5,105,373.438 ns","5,203,069.336 ns","5,277,062.500 ns","5,530,290.625 ns",190.45,"75,925.2883 ns",24.00,3.8136,2.000,0.9779,84,*,No,218.7500,677 B,171.8750,140.6250,"2,369,908 B"
HasItems,Job-SPYWVM,False,True,Default,Default,Default,Default,Default,1111,Empty,RyuJit,X64,8c5e7fda-e8bf-4a96-9a85-a6e23a8c635c,.NET 6.0,False,True,False,True,Default,Default,False,False,True,Default,Default,Default,Default,Default,.NET 6.0,Default,1,Default,Default,Default,Default,Default,Default,Default,Default,Default,16,Default,DotNetTips.Spargine.Extensions.BenchmarkTests,Collections,2500,"13,021,109.654 ns","233,041.7482 ns","334,221.5116 ns","63,161.9288 ns","12,921,788.281 ns","12,526,104.688 ns","12,830,323.438 ns","13,304,574.609 ns","13,919,512.500 ns",76.80,"233,041.7482 ns",28.00,3.2412,2.000,1.0124,85,*,No,250.0000,677 B,203.1250,187.5000,"5,941,803 B"
IndexOf,Job-SPYWVM,False,True,Default,Default,Default,Default,Default,1111,Empty,RyuJit,X64,8c5e7fda-e8bf-4a96-9a85-a6e23a8c635c,.NET 6.0,False,True,False,True,Default,Default,False,False,True,Default,Default,Default,Default,Default,.NET 6.0,Default,1,Default,Default,Default,Default,Default,Default,Default,Default,Default,16,Default,DotNetTips.Spargine.Extensions.BenchmarkTests,Collections,10,"41,795.889 ns",432.3270 ns,404.3989 ns,104.4154 ns,"41,716.879 ns","41,242.831 ns","41,537.744 ns","42,021.332 ns","42,697.891 ns","23,925.80",432.3270 ns,15.00,2.3921,2.000,0.5456,71,*,No,2.3193,"1,240 B",0.0610,-,"20,272 B"
IndexOf,Job-SPYWVM,False,True,Default,Default,Default,Default,Default,1111,Empty,RyuJit,X64,8c5e7fda-e8bf-4a96-9a85-a6e23a8c635c,.NET 6.0,False,True,False,True,Default,Default,False,False,True,Default,Default,Default,Default,Default,.NET 6.0,Default,1,Default,Default,Default,Default,Default,Default,Default,Default,Default,16,Default,DotNetTips.Spargine.Extensions.BenchmarkTests,Collections,25,"110,868.501 ns","1,156.6102 ns","1,081.8939 ns",279.3438 ns,"110,638.574 ns","109,145.044 ns","110,156.458 ns","111,451.208 ns","112,880.347 ns","9,019.69","1,156.6102 ns",15.00,1.9838,2.000,0.3318,76,*,No,5.3711,"1,240 B",0.2441,-,"48,384 B"
IndexOf,Job-SPYWVM,False,True,Default,Default,Default,Default,Default,1111,Empty,RyuJit,X64,8c5e7fda-e8bf-4a96-9a85-a6e23a8c635c,.NET 6.0,False,True,False,True,Default,Default,False,False,True,Default,Default,Default,Default,Default,.NET 6.0,Default,1,Default,Default,Default,Default,Default,Default,Default,Default,Default,16,Default,DotNetTips.Spargine.Extensions.BenchmarkTests,Collections,50,"225,675.656 ns","3,128.7068 ns","2,773.5171 ns",741.2536 ns,"225,322.241 ns","221,715.186 ns","223,819.067 ns","227,026.544 ns","231,821.045 ns","4,431.14","3,128.7068 ns",14.00,2.6032,2.000,0.6557,78,*,No,10.9863,"1,240 B",1.4648,-,"95,304 B"
IndexOf,Job-SPYWVM,False,True,Default,Default,Default,Default,Default,1111,Empty,RyuJit,X64,8c5e7fda-e8bf-4a96-9a85-a6e23a8c635c,.NET 6.0,False,True,False,True,Default,Default,False,False,True,Default,Default,Default,Default,Default,.NET 6.0,Default,1,Default,Default,Default,Default,Default,Default,Default,Default,Default,16,Default,DotNetTips.Spargine.Extensions.BenchmarkTests,Collections,100,"612,463.035 ns","22,546.2063 ns","65,050.9603 ns","6,639.2358 ns","611,293.018 ns","495,881.836 ns","564,858.350 ns","656,274.365 ns","798,246.094 ns","1,632.75","22,546.2063 ns",96.00,2.6089,2.815,0.1640,80,*,No,16.6016,"1,240 B",11.7188,10.7422,"188,966 B"
IndexOf,Job-SPYWVM,False,True,Default,Default,Default,Default,Default,1111,Empty,RyuJit,X64,8c5e7fda-e8bf-4a96-9a85-a6e23a8c635c,.NET 6.0,False,True,False,True,Default,Default,False,False,True,Default,Default,Default,Default,Default,.NET 6.0,Default,1,Default,Default,Default,Default,Default,Default,Default,Default,Default,16,Default,DotNetTips.Spargine.Extensions.BenchmarkTests,Collections,250,"1,571,683.012 ns","48,824.2811 ns","142,422.7197 ns","14,386.8673 ns","1,553,570.801 ns","1,295,669.727 ns","1,475,601.074 ns","1,656,947.021 ns","1,906,617.383 ns",636.26,"48,824.2811 ns",98.00,2.4472,2.345,0.3282,81,*,No,52.7344,"1,240 B",39.0625,25.3906,"471,337 B"
IndexOf,Job-SPYWVM,False,True,Default,Default,Default,Default,Default,1111,Empty,RyuJit,X64,8c5e7fda-e8bf-4a96-9a85-a6e23a8c635c,.NET 6.0,False,True,False,True,Default,Default,False,False,True,Default,Default,Default,Default,Default,.NET 6.0,Default,1,Default,Default,Default,Default,Default,Default,Default,Default,Default,16,Default,DotNetTips.Spargine.Extensions.BenchmarkTests,Collections,500,"2,526,208.082 ns","49,216.8486 ns","58,589.1572 ns","12,785.2023 ns","2,511,572.852 ns","2,447,975.586 ns","2,497,574.805 ns","2,544,562.305 ns","2,657,799.414 ns",395.85,"49,216.8486 ns",21.00,2.9145,2.000,0.9491,82,*,No,97.6563,"1,240 B",74.2188,46.8750,"938,484 B"
IndexOf,Job-SPYWVM,False,True,Default,Default,Default,Default,Default,1111,Empty,RyuJit,X64,8c5e7fda-e8bf-4a96-9a85-a6e23a8c635c,.NET 6.0,False,True,False,True,Default,Default,False,False,True,Default,Default,Default,Default,Default,.NET 6.0,Default,1,Default,Default,Default,Default,Default,Default,Default,Default,Default,16,Default,DotNetTips.Spargine.Extensions.BenchmarkTests,Collections,1000,"5,266,365.737 ns","104,103.4013 ns","92,284.9536 ns","24,664.1913 ns","5,278,954.297 ns","5,069,490.625 ns","5,230,292.578 ns","5,310,969.727 ns","5,426,441.406 ns",189.88,"104,103.4013 ns",14.00,2.5365,2.000,-0.4080,84,*,No,218.7500,"1,240 B",179.6875,140.6250,"2,360,836 B"
IndexOf,Job-SPYWVM,False,True,Default,Default,Default,Default,Default,1111,Empty,RyuJit,X64,8c5e7fda-e8bf-4a96-9a85-a6e23a8c635c,.NET 6.0,False,True,False,True,Default,Default,False,False,True,Default,Default,Default,Default,Default,.NET 6.0,Default,1,Default,Default,Default,Default,Default,Default,Default,Default,Default,16,Default,DotNetTips.Spargine.Extensions.BenchmarkTests,Collections,2500,"13,080,478.935 ns","255,585.1860 ns","358,294.7351 ns","68,953.8539 ns","12,945,751.562 ns","12,594,682.812 ns","12,835,070.312 ns","13,289,586.719 ns","13,799,173.438 ns",76.45,"255,585.1860 ns",27.00,2.1171,2.000,0.7281,85,*,No,250.0000,"1,240 B",203.1250,171.8750,"5,926,422 B"
IndexOf:Comparer,Job-SPYWVM,False,True,Default,Default,Default,Default,Default,1111,Empty,RyuJit,X64,8c5e7fda-e8bf-4a96-9a85-a6e23a8c635c,.NET 6.0,False,True,False,True,Default,Default,False,False,True,Default,Default,Default,Default,Default,.NET 6.0,Default,1,Default,Default,Default,Default,Default,Default,Default,Default,Default,16,Default,DotNetTips.Spargine.Extensions.BenchmarkTests,Collections,10,356.922 ns,6.8428 ns,7.8802 ns,1.7621 ns,358.807 ns,341.484 ns,351.279 ns,360.728 ns,374.030 ns,"2,801,732.93",6.8428 ns,20.00,2.5568,2.000,-0.1531,39,*,No,0.0300,"1,539 B",-,-,280 B
IndexOf:Comparer,Job-SPYWVM,False,True,Default,Default,Default,Default,Default,1111,Empty,RyuJit,X64,8c5e7fda-e8bf-4a96-9a85-a6e23a8c635c,.NET 6.0,False,True,False,True,Default,Default,False,False,True,Default,Default,Default,Default,Default,.NET 6.0,Default,1,Default,Default,Default,Default,Default,Default,Default,Default,Default,16,Default,DotNetTips.Spargine.Extensions.BenchmarkTests,Collections,25,635.728 ns,6.4096 ns,5.6820 ns,1.5186 ns,635.414 ns,626.631 ns,631.365 ns,638.657 ns,644.829 ns,"1,573,000.08",6.4096 ns,14.00,1.7654,2.000,0.1793,45,*,No,0.0296,"1,539 B",-,-,280 B
IndexOf:Comparer,Job-SPYWVM,False,True,Default,Default,Default,Default,Default,1111,Empty,RyuJit,X64,8c5e7fda-e8bf-4a96-9a85-a6e23a8c635c,.NET 6.0,False,True,False,True,Default,Default,False,False,True,Default,Default,Default,Default,Default,.NET 6.0,Default,1,Default,Default,Default,Default,Default,Default,Default,Default,Default,16,Default,DotNetTips.Spargine.Extensions.BenchmarkTests,Collections,50,"1,080.829 ns",12.1220 ns,11.3389 ns,2.9277 ns,"1,078.940 ns","1,062.603 ns","1,072.645 ns","1,087.287 ns","1,103.098 ns","925,215.60",12.1220 ns,15.00,1.9966,2.000,0.3425,51,*,No,0.0305,"1,539 B",-,-,280 B
IndexOf:Comparer,Job-SPYWVM,False,True,Default,Default,Default,Default,Default,1111,Empty,RyuJit,X64,8c5e7fda-e8bf-4a96-9a85-a6e23a8c635c,.NET 6.0,False,True,False,True,Default,Default,False,False,True,Default,Default,Default,Default,Default,.NET 6.0,Default,1,Default,Default,Default,Default,Default,Default,Default,Default,Default,16,Default,DotNetTips.Spargine.Extensions.BenchmarkTests,Collections,100,"1,929.532 ns",18.7783 ns,17.5652 ns,4.5353 ns,"1,927.966 ns","1,901.847 ns","1,916.907 ns","1,939.618 ns","1,959.024 ns","518,260.30",18.7783 ns,15.00,1.8172,2.000,0.3358,56,*,No,0.0305,"1,539 B",-,-,280 B
IndexOf:Comparer,Job-SPYWVM,False,True,Default,Default,Default,Default,Default,1111,Empty,RyuJit,X64,8c5e7fda-e8bf-4a96-9a85-a6e23a8c635c,.NET 6.0,False,True,False,True,Default,Default,False,False,True,Default,Default,Default,Default,Default,.NET 6.0,Default,1,Default,Default,Default,Default,Default,Default,Default,Default,Default,16,Default,DotNetTips.Spargine.Extensions.BenchmarkTests,Collections,250,"4,576.766 ns",41.3736 ns,38.7009 ns,9.9925 ns,"4,579.197 ns","4,496.572 ns","4,554.582 ns","4,602.043 ns","4,640.607 ns","218,494.91",41.3736 ns,15.00,2.2637,2.000,-0.2561,62,*,No,0.0305,"1,539 B",-,-,280 B
IndexOf:Comparer,Job-SPYWVM,False,True,Default,Default,Default,Default,Default,1111,Empty,RyuJit,X64,8c5e7fda-e8bf-4a96-9a85-a6e23a8c635c,.NET 6.0,False,True,False,True,Default,Default,False,False,True,Default,Default,Default,Default,Default,.NET 6.0,Default,1,Default,Default,Default,Default,Default,Default,Default,Default,Default,16,Default,DotNetTips.Spargine.Extensions.BenchmarkTests,Collections,500,"8,932.666 ns",89.8453 ns,79.6455 ns,21.2862 ns,"8,917.832 ns","8,807.242 ns","8,884.153 ns","8,988.502 ns","9,051.611 ns","111,948.66",89.8453 ns,14.00,1.5925,2.000,0.0167,65,*,No,0.0305,"1,539 B",-,-,280 B
IndexOf:Comparer,Job-SPYWVM,False,True,Default,Default,Default,Default,Default,1111,Empty,RyuJit,X64,8c5e7fda-e8bf-4a96-9a85-a6e23a8c635c,.NET 6.0,False,True,False,True,Default,Default,False,False,True,Default,Default,Default,Default,Default,.NET 6.0,Default,1,Default,Default,Default,Default,Default,Default,Default,Default,Default,16,Default,DotNetTips.Spargine.Extensions.BenchmarkTests,Collections,1000,"19,764.085 ns",367.8437 ns,344.0812 ns,88.8414 ns,"19,802.493 ns","19,195.377 ns","19,530.219 ns","19,951.625 ns","20,474.884 ns","50,596.83",367.8437 ns,15.00,2.3254,2.000,0.0458,68,*,No,-,"1,539 B",-,-,280 B
IndexOf:Comparer,Job-SPYWVM,False,True,Default,Default,Default,Default,Default,1111,Empty,RyuJit,X64,8c5e7fda-e8bf-4a96-9a85-a6e23a8c635c,.NET 6.0,False,True,False,True,Default,Default,False,False,True,Default,Default,Default,Default,Default,.NET 6.0,Default,1,Default,Default,Default,Default,Default,Default,Default,Default,Default,16,Default,DotNetTips.Spargine.Extensions.BenchmarkTests,Collections,2500,"50,207.437 ns",394.7520 ns,369.2513 ns,95.3403 ns,"50,272.427 ns","49,440.726 ns","50,101.733 ns","50,433.240 ns","50,723.837 ns","19,917.37",394.7520 ns,15.00,2.8481,2.000,-0.8530,73,*,No,-,"1,539 B",-,-,280 B
OrderBy,Job-SPYWVM,False,True,Default,Default,Default,Default,Default,1111,Empty,RyuJit,X64,8c5e7fda-e8bf-4a96-9a85-a6e23a8c635c,.NET 6.0,False,True,False,True,Default,Default,False,False,True,Default,Default,Default,Default,Default,.NET 6.0,Default,1,Default,Default,Default,Default,Default,Default,Default,Default,Default,16,Default,DotNetTips.Spargine.Extensions.BenchmarkTests,Collections,10,12.347 ns,0.2756 ns,0.2949 ns,0.0695 ns,12.327 ns,11.955 ns,12.074 ns,12.637 ns,12.782 ns,"80,992,702.33",0.2756 ns,18.00,1.3210,3.000,0.0890,7,*,No,0.0062,242 B,-,-,56 B
OrderBy,Job-SPYWVM,False,True,Default,Default,Default,Default,Default,1111,Empty,RyuJit,X64,8c5e7fda-e8bf-4a96-9a85-a6e23a8c635c,.NET 6.0,False,True,False,True,Default,Default,False,False,True,Default,Default,Default,Default,Default,.NET 6.0,Default,1,Default,Default,Default,Default,Default,Default,Default,Default,Default,16,Default,DotNetTips.Spargine.Extensions.BenchmarkTests,Collections,25,14.587 ns,0.3622 ns,1.0679 ns,0.1068 ns,15.024 ns,11.846 ns,14.396 ns,15.322 ns,15.710 ns,"68,554,716.70",0.3622 ns,100.00,3.6238,2.000,-1.3880,8,*,No,0.0060,242 B,-,-,56 B
OrderBy,Job-SPYWVM,False,True,Default,Default,Default,Default,Default,1111,Empty,RyuJit,X64,8c5e7fda-e8bf-4a96-9a85-a6e23a8c635c,.NET 6.0,False,True,False,True,Default,Default,False,False,True,Default,Default,Default,Default,Default,.NET 6.0,Default,1,Default,Default,Default,Default,Default,Default,Default,Default,Default,16,Default,DotNetTips.Spargine.Extensions.BenchmarkTests,Collections,50,15.236 ns,0.3340 ns,0.8622 ns,0.0976 ns,15.407 ns,12.637 ns,15.055 ns,15.725 ns,16.567 ns,"65,633,936.41",0.3340 ns,78.00,5.9896,2.176,-1.7785,9,*,No,0.0060,242 B,-,-,56 B
OrderBy,Job-SPYWVM,False,True,Default,Default,Default,Default,Default,1111,Empty,RyuJit,X64,8c5e7fda-e8bf-4a96-9a85-a6e23a8c635c,.NET 6.0,False,True,False,True,Default,Default,False,False,True,Default,Default,Default,Default,Default,.NET 6.0,Default,1,Default,Default,Default,Default,Default,Default,Default,Default,Default,16,Default,DotNetTips.Spargine.Extensions.BenchmarkTests,Collections,100,15.546 ns,0.3373 ns,0.8145 ns,0.0981 ns,15.734 ns,12.193 ns,15.582 ns,15.853 ns,16.243 ns,"64,325,446.82",0.3373 ns,69.00,12.5475,2.000,-3.1869,9,*,No,0.0060,242 B,-,-,56 B
OrderBy,Job-SPYWVM,False,True,Default,Default,Default,Default,Default,1111,Empty,RyuJit,X64,8c5e7fda-e8bf-4a96-9a85-a6e23a8c635c,.NET 6.0,False,True,False,True,Default,Default,False,False,True,Default,Default,Default,Default,Default,.NET 6.0,Default,1,Default,Default,Default,Default,Default,Default,Default,Default,Default,16,Default,DotNetTips.Spargine.Extensions.BenchmarkTests,Collections,250,12.634 ns,0.2071 ns,0.1937 ns,0.0500 ns,12.708 ns,12.275 ns,12.505 ns,12.760 ns,12.924 ns,"79,150,273.76",0.2071 ns,15.00,2.0755,2.000,-0.5689,7,*,No,0.0061,242 B,-,-,56 B
OrderBy,Job-SPYWVM,False,True,Default,Default,Default,Default,Default,1111,Empty,RyuJit,X64,8c5e7fda-e8bf-4a96-9a85-a6e23a8c635c,.NET 6.0,False,True,False,True,Default,Default,False,False,True,Default,Default,Default,Default,Default,.NET 6.0,Default,1,Default,Default,Default,Default,Default,Default,Default,Default,Default,16,Default,DotNetTips.Spargine.Extensions.BenchmarkTests,Collections,500,12.464 ns,0.2553 ns,0.2388 ns,0.0617 ns,12.484 ns,12.048 ns,12.271 ns,12.680 ns,12.818 ns,"80,229,193.90",0.2553 ns,15.00,1.5642,2.000,-0.1741,7,*,No,0.0062,242 B,-,-,56 B
OrderBy,Job-SPYWVM,False,True,Default,Default,Default,Default,Default,1111,Empty,RyuJit,X64,8c5e7fda-e8bf-4a96-9a85-a6e23a8c635c,.NET 6.0,False,True,False,True,Default,Default,False,False,True,Default,Default,Default,Default,Default,.NET 6.0,Default,1,Default,Default,Default,Default,Default,Default,Default,Default,Default,16,Default,DotNetTips.Spargine.Extensions.BenchmarkTests,Collections,1000,15.556 ns,0.3427 ns,0.8277 ns,0.0996 ns,15.736 ns,12.224 ns,15.610 ns,15.885 ns,16.295 ns,"64,282,019.97",0.3427 ns,69.00,12.8610,2.000,-3.2807,9,*,No,0.0060,242 B,-,-,56 B
OrderBy,Job-SPYWVM,False,True,Default,Default,Default,Default,Default,1111,Empty,RyuJit,X64,8c5e7fda-e8bf-4a96-9a85-a6e23a8c635c,.NET 6.0,False,True,False,True,Default,Default,False,False,True,Default,Default,Default,Default,Default,.NET 6.0,Default,1,Default,Default,Default,Default,Default,Default,Default,Default,Default,16,Default,DotNetTips.Spargine.Extensions.BenchmarkTests,Collections,2500,14.920 ns,0.3216 ns,0.5101 ns,0.0888 ns,14.853 ns,14.017 ns,14.466 ns,15.347 ns,15.766 ns,"67,025,418.57",0.3216 ns,33.00,1.4792,3.385,-0.0413,8,*,No,0.0060,242 B,-,-,56 B
OrderByOrdinal,Job-SPYWVM,False,True,Default,Default,Default,Default,Default,1111,Empty,RyuJit,X64,8c5e7fda-e8bf-4a96-9a85-a6e23a8c635c,.NET 6.0,False,True,False,True,Default,Default,False,False,True,Default,Default,Default,Default,Default,.NET 6.0,Default,1,Default,Default,Default,Default,Default,Default,Default,Default,Default,16,Default,DotNetTips.Spargine.Extensions.BenchmarkTests,Collections,10,20.390 ns,0.4372 ns,0.4859 ns,0.1115 ns,20.556 ns,19.524 ns,20.024 ns,20.672 ns,21.329 ns,"49,043,838.25",0.4372 ns,19.00,2.2444,2.000,0.1010,12,*,No,0.0061,390 B,-,-,56 B
OrderByOrdinal,Job-SPYWVM,False,True,Default,Default,Default,Default,Default,1111,Empty,RyuJit,X64,8c5e7fda-e8bf-4a96-9a85-a6e23a8c635c,.NET 6.0,False,True,False,True,Default,Default,False,False,True,Default,Default,Default,Default,Default,.NET 6.0,Default,1,Default,Default,Default,Default,Default,Default,Default,Default,Default,16,Default,DotNetTips.Spargine.Extensions.BenchmarkTests,Collections,25,23.088 ns,0.4889 ns,0.8691 ns,0.1374 ns,23.322 ns,20.928 ns,23.113 ns,23.589 ns,24.140 ns,"43,311,786.94",0.4889 ns,40.00,4.0012,2.000,-1.5384,13,*,No,0.0060,390 B,-,-,56 B
OrderByOrdinal,Job-SPYWVM,False,True,Default,Default,Default,Default,Default,1111,Empty,RyuJit,X64,8c5e7fda-e8bf-4a96-9a85-a6e23a8c635c,.NET 6.0,False,True,False,True,Default,Default,False,False,True,Default,Default,Default,Default,Default,.NET 6.0,Default,1,Default,Default,Default,Default,Default,Default,Default,Default,Default,16,Default,DotNetTips.Spargine.Extensions.BenchmarkTests,Collections,50,19.903 ns,0.3016 ns,0.2821 ns,0.0728 ns,19.926 ns,19.478 ns,19.718 ns,20.071 ns,20.420 ns,"50,244,175.90",0.3016 ns,15.00,1.9239,2.000,0.0292,11,*,No,0.0062,390 B,-,-,56 B
OrderByOrdinal,Job-SPYWVM,False,True,Default,Default,Default,Default,Default,1111,Empty,RyuJit,X64,8c5e7fda-e8bf-4a96-9a85-a6e23a8c635c,.NET 6.0,False,True,False,True,Default,Default,False,False,True,Default,Default,Default,Default,Default,.NET 6.0,Default,1,Default,Default,Default,Default,Default,Default,Default,Default,Default,16,Default,DotNetTips.Spargine.Extensions.BenchmarkTests,Collections,100,22.860 ns,0.4805 ns,0.8907 ns,0.1358 ns,23.156 ns,20.550 ns,22.858 ns,23.423 ns,23.767 ns,"43,743,743.71",0.4805 ns,43.00,3.7726,2.000,-1.4746,13,*,No,0.0060,390 B,-,-,56 B
OrderByOrdinal,Job-SPYWVM,False,True,Default,Default,Default,Default,Default,1111,Empty,RyuJit,X64,8c5e7fda-e8bf-4a96-9a85-a6e23a8c635c,.NET 6.0,False,True,False,True,Default,Default,False,False,True,Default,Default,Default,Default,Default,.NET 6.0,Default,1,Default,Default,Default,Default,Default,Default,Default,Default,Default,16,Default,DotNetTips.Spargine.Extensions.BenchmarkTests,Collections,250,21.009 ns,0.3669 ns,0.3432 ns,0.0886 ns,21.057 ns,20.324 ns,20.822 ns,21.221 ns,21.659 ns,"47,598,691.54",0.3669 ns,15.00,2.3314,2.000,-0.0601,12,*,No,0.0062,390 B,-,-,56 B
OrderByOrdinal,Job-SPYWVM,False,True,Default,Default,Default,Default,Default,1111,Empty,RyuJit,X64,8c5e7fda-e8bf-4a96-9a85-a6e23a8c635c,.NET 6.0,False,True,False,True,Default,Default,False,False,True,Default,Default,Default,Default,Default,.NET 6.0,Default,1,Default,Default,Default,Default,Default,Default,Default,Default,Default,16,Default,DotNetTips.Spargine.Extensions.BenchmarkTests,Collections,500,22.967 ns,0.4885 ns,1.0304 ns,0.1402 ns,23.308 ns,20.172 ns,22.921 ns,23.554 ns,24.010 ns,"43,539,902.61",0.4885 ns,54.00,4.7427,2.000,-1.7099,13,*,No,0.0060,390 B,-,-,56 B
OrderByOrdinal,Job-SPYWVM,False,True,Default,Default,Default,Default,Default,1111,Empty,RyuJit,X64,8c5e7fda-e8bf-4a96-9a85-a6e23a8c635c,.NET 6.0,False,True,False,True,Default,Default,False,False,True,Default,Default,Default,Default,Default,.NET 6.0,Default,1,Default,Default,Default,Default,Default,Default,Default,Default,Default,16,Default,DotNetTips.Spargine.Extensions.BenchmarkTests,Collections,1000,20.761 ns,0.4463 ns,0.4174 ns,0.1078 ns,20.759 ns,20.230 ns,20.456 ns,20.854 ns,21.603 ns,"48,166,864.84",0.4463 ns,15.00,2.2201,2.000,0.6753,12,*,No,0.0059,390 B,-,-,56 B
OrderByOrdinal,Job-SPYWVM,False,True,Default,Default,Default,Default,Default,1111,Empty,RyuJit,X64,8c5e7fda-e8bf-4a96-9a85-a6e23a8c635c,.NET 6.0,False,True,False,True,Default,Default,False,False,True,Default,Default,Default,Default,Default,.NET 6.0,Default,1,Default,Default,Default,Default,Default,Default,Default,Default,Default,16,Default,DotNetTips.Spargine.Extensions.BenchmarkTests,Collections,2500,19.445 ns,0.4033 ns,0.3961 ns,0.0990 ns,19.405 ns,18.924 ns,19.109 ns,19.700 ns,20.253 ns,"51,426,038.95",0.4033 ns,16.00,1.9108,2.000,0.3562,10,*,No,0.0061,390 B,-,-,56 B
Page,Job-SPYWVM,False,True,Default,Default,Default,Default,Default,1111,Empty,RyuJit,X64,8c5e7fda-e8bf-4a96-9a85-a6e23a8c635c,.NET 6.0,False,True,False,True,Default,Default,False,False,True,Default,Default,Default,Default,Default,.NET 6.0,Default,1,Default,Default,Default,Default,Default,Default,Default,Default,Default,16,Default,DotNetTips.Spargine.Extensions.BenchmarkTests,Collections,10,971.928 ns,18.4444 ns,19.7353 ns,4.6517 ns,967.407 ns,939.038 ns,960.007 ns,987.583 ns,"1,009.264 ns","1,028,883.29",18.4444 ns,18.00,1.9012,2.000,0.1674,49,*,No,0.0858,436 B,-,-,792 B
Page,Job-SPYWVM,False,True,Default,Default,Default,Default,Default,1111,Empty,RyuJit,X64,8c5e7fda-e8bf-4a96-9a85-a6e23a8c635c,.NET 6.0,False,True,False,True,Default,Default,False,False,True,Default,Default,Default,Default,Default,.NET 6.0,Default,1,Default,Default,Default,Default,Default,Default,Default,Default,Default,16,Default,DotNetTips.Spargine.Extensions.BenchmarkTests,Collections,25,"3,314.642 ns",30.8275 ns,28.8361 ns,7.4454 ns,"3,310.582 ns","3,252.454 ns","3,295.065 ns","3,337.633 ns","3,354.221 ns","301,691.71",30.8275 ns,15.00,2.1647,2.000,-0.3419,59,*,No,0.1526,436 B,-,-,"1,392 B"
Page,Job-SPYWVM,False,True,Default,Default,Default,Default,Default,1111,Empty,RyuJit,X64,8c5e7fda-e8bf-4a96-9a85-a6e23a8c635c,.NET 6.0,False,True,False,True,Default,Default,False,False,True,Default,Default,Default,Default,Default,.NET 6.0,Default,1,Default,Default,Default,Default,Default,Default,Default,Default,Default,16,Default,DotNetTips.Spargine.Extensions.BenchmarkTests,Collections,50,"6,580.033 ns",39.0971 ns,34.6586 ns,9.2629 ns,"6,584.338 ns","6,535.188 ns","6,552.899 ns","6,598.410 ns","6,644.800 ns","151,974.93",39.0971 ns,14.00,1.8198,2.000,0.2724,64,*,No,0.2899,436 B,-,-,"2,688 B"
Page,Job-SPYWVM,False,True,Default,Default,Default,Default,Default,1111,Empty,RyuJit,X64,8c5e7fda-e8bf-4a96-9a85-a6e23a8c635c,.NET 6.0,False,True,False,True,Default,Default,False,False,True,Default,Default,Default,Default,Default,.NET 6.0,Default,1,Default,Default,Default,Default,Default,Default,Default,Default,Default,16,Default,DotNetTips.Spargine.Extensions.BenchmarkTests,Collections,100,"13,107.441 ns",100.3503 ns,93.8678 ns,24.2366 ns,"13,063.030 ns","12,987.586 ns","13,045.551 ns","13,192.538 ns","13,295.007 ns","76,292.54",100.3503 ns,15.00,1.8368,2.000,0.5494,66,*,No,0.5646,436 B,-,-,"5,280 B"
Page,Job-SPYWVM,False,True,Default,Default,Default,Default,Default,1111,Empty,RyuJit,X64,8c5e7fda-e8bf-4a96-9a85-a6e23a8c635c,.NET 6.0,False,True,False,True,Default,Default,False,False,True,Default,Default,Default,Default,Default,.NET 6.0,Default,1,Default,Default,Default,Default,Default,Default,Default,Default,Default,16,Default,DotNetTips.Spargine.Extensions.BenchmarkTests,Collections,250,"32,529.867 ns",455.2035 ns,425.7977 ns,109.9405 ns,"32,384.131 ns","31,964.154 ns","32,282.394 ns","32,765.857 ns","33,258.093 ns","30,740.98",455.2035 ns,15.00,1.9204,2.000,0.6115,69,*,No,1.4038,436 B,-,-,"13,056 B"
Page,Job-SPYWVM,False,True,Default,Default,Default,Default,Default,1111,Empty,RyuJit,X64,8c5e7fda-e8bf-4a96-9a85-a6e23a8c635c,.NET 6.0,False,True,False,True,Default,Default,False,False,True,Default,Default,Default,Default,Default,.NET 6.0,Default,1,Default,Default,Default,Default,Default,Default,Default,Default,Default,16,Default,DotNetTips.Spargine.Extensions.BenchmarkTests,Collections,500,"65,146.176 ns",451.4316 ns,376.9658 ns,104.5515 ns,"65,142.731 ns","64,471.100 ns","64,918.695 ns","65,335.309 ns","66,045.746 ns","15,350.10",451.4316 ns,13.00,3.4200,2.000,0.5635,74,*,No,2.8076,436 B,-,-,"26,016 B"
Page,Job-SPYWVM,False,True,Default,Default,Default,Default,Default,1111,Empty,RyuJit,X64,8c5e7fda-e8bf-4a96-9a85-a6e23a8c635c,.NET 6.0,False,True,False,True,Default,Default,False,False,True,Default,Default,Default,Default,Default,.NET 6.0,Default,1,Default,Default,Default,Default,Default,Default,Default,Default,Default,16,Default,DotNetTips.Spargine.Extensions.BenchmarkTests,Collections,1000,"129,734.299 ns",846.9952 ns,792.2798 ns,204.5658 ns,"129,510.828 ns","128,482.629 ns","129,219.006 ns","130,145.886 ns","131,316.907 ns","7,708.06",846.9952 ns,15.00,2.2184,2.000,0.5566,77,*,No,5.6152,436 B,-,-,"51,936 B"
Page,Job-SPYWVM,False,True,Default,Default,Default,Default,Default,1111,Empty,RyuJit,X64,8c5e7fda-e8bf-4a96-9a85-a6e23a8c635c,.NET 6.0,False,True,False,True,Default,Default,False,False,True,Default,Default,Default,Default,Default,.NET 6.0,Default,1,Default,Default,Default,Default,Default,Default,Default,Default,Default,16,Default,DotNetTips.Spargine.Extensions.BenchmarkTests,Collections,2500,"330,272.687 ns","3,735.0277 ns","3,493.7473 ns",902.0817 ns,"329,343.384 ns","324,567.847 ns","327,733.862 ns","333,403.003 ns","335,152.661 ns","3,027.80","3,735.0277 ns",15.00,1.5514,2.000,0.0430,79,*,No,14.1602,436 B,-,-,"129,696 B"
PickRandom,Job-SPYWVM,False,True,Default,Default,Default,Default,Default,1111,Empty,RyuJit,X64,8c5e7fda-e8bf-4a96-9a85-a6e23a8c635c,.NET 6.0,False,True,False,True,Default,Default,False,False,True,Default,Default,Default,Default,Default,.NET 6.0,Default,1,Default,Default,Default,Default,Default,Default,Default,Default,Default,16,Default,DotNetTips.Spargine.Extensions.BenchmarkTests,Collections,10,101.543 ns,1.7042 ns,1.5941 ns,0.4116 ns,100.536 ns,100.220 ns,100.373 ns,103.039 ns,104.507 ns,"9,848,020.49",1.7042 ns,15.00,1.6308,2.000,0.6832,27,*,No,-,229 B,-,-,0 B
PickRandom,Job-SPYWVM,False,True,Default,Default,Default,Default,Default,1111,Empty,RyuJit,X64,8c5e7fda-e8bf-4a96-9a85-a6e23a8c635c,.NET 6.0,False,True,False,True,Default,Default,False,False,True,Default,Default,Default,Default,Default,.NET 6.0,Default,1,Default,Default,Default,Default,Default,Default,Default,Default,Default,16,Default,DotNetTips.Spargine.Extensions.BenchmarkTests,Collections,25,136.922 ns,1.8563 ns,1.7363 ns,0.4483 ns,135.948 ns,135.220 ns,135.416 ns,138.459 ns,139.493 ns,"7,303,431.35",1.8563 ns,15.00,1.3077,2.000,0.4109,32,*,No,-,229 B,-,-,0 B
PickRandom,Job-SPYWVM,False,True,Default,Default,Default,Default,Default,1111,Empty,RyuJit,X64,8c5e7fda-e8bf-4a96-9a85-a6e23a8c635c,.NET 6.0,False,True,False,True,Default,Default,False,False,True,Default,Default,Default,Default,Default,.NET 6.0,Default,1,Default,Default,Default,Default,Default,Default,Default,Default,Default,16,Default,DotNetTips.Spargine.Extensions.BenchmarkTests,Collections,50,128.478 ns,1.4495 ns,1.3559 ns,0.3501 ns,129.078 ns,125.573 ns,128.010 ns,129.326 ns,129.714 ns,"7,783,439.56",1.4495 ns,15.00,2.7887,2.000,-1.1201,31,*,No,-,229 B,-,-,0 B
PickRandom,Job-SPYWVM,False,True,Default,Default,Default,Default,Default,1111,Empty,RyuJit,X64,8c5e7fda-e8bf-4a96-9a85-a6e23a8c635c,.NET 6.0,False,True,False,True,Default,Default,False,False,True,Default,Default,Default,Default,Default,.NET 6.0,Default,1,Default,Default,Default,Default,Default,Default,Default,Default,Default,16,Default,DotNetTips.Spargine.Extensions.BenchmarkTests,Collections,100,127.054 ns,1.7737 ns,1.6592 ns,0.4284 ns,126.065 ns,125.555 ns,125.763 ns,128.305 ns,130.763 ns,"7,870,651.35",1.7737 ns,15.00,2.1576,2.000,0.7619,31,*,No,-,229 B,-,-,0 B
PickRandom,Job-SPYWVM,False,True,Default,Default,Default,Default,Default,1111,Empty,RyuJit,X64,8c5e7fda-e8bf-4a96-9a85-a6e23a8c635c,.NET 6.0,False,True,False,True,Default,Default,False,False,True,Default,Default,Default,Default,Default,.NET 6.0,Default,1,Default,Default,Default,Default,Default,Default,Default,Default,Default,16,Default,DotNetTips.Spargine.Extensions.BenchmarkTests,Collections,250,107.188 ns,1.8847 ns,1.7630 ns,0.4552 ns,106.046 ns,105.231 ns,105.636 ns,108.923 ns,109.428 ns,"9,329,374.96",1.8847 ns,15.00,0.9760,2.000,0.1324,29,*,No,-,229 B,-,-,0 B
PickRandom,Job-SPYWVM,False,True,Default,Default,Default,Default,Default,1111,Empty,RyuJit,X64,8c5e7fda-e8bf-4a96-9a85-a6e23a8c635c,.NET 6.0,False,True,False,True,Default,Default,False,False,True,Default,Default,Default,Default,Default,.NET 6.0,Default,1,Default,Default,Default,Default,Default,Default,Default,Default,Default,16,Default,DotNetTips.Spargine.Extensions.BenchmarkTests,Collections,500,104.655 ns,1.4939 ns,1.3974 ns,0.3608 ns,104.724 ns,102.826 ns,103.331 ns,106.060 ns,106.393 ns,"9,555,191.12",1.4939 ns,15.00,1.2016,2.000,-0.0291,28,*,No,-,229 B,-,-,0 B
PickRandom,Job-SPYWVM,False,True,Default,Default,Default,Default,Default,1111,Empty,RyuJit,X64,8c5e7fda-e8bf-4a96-9a85-a6e23a8c635c,.NET 6.0,False,True,False,True,Default,Default,False,False,True,Default,Default,Default,Default,Default,.NET 6.0,Default,1,Default,Default,Default,Default,Default,Default,Default,Default,Default,16,Default,DotNetTips.Spargine.Extensions.BenchmarkTests,Collections,1000,107.299 ns,1.6477 ns,1.5412 ns,0.3979 ns,107.496 ns,104.884 ns,106.099 ns,108.690 ns,109.896 ns,"9,319,762.36",1.6477 ns,15.00,1.5332,2.000,0.0765,29,*,No,-,229 B,-,-,0 B
PickRandom,Job-SPYWVM,False,True,Default,Default,Default,Default,Default,1111,Empty,RyuJit,X64,8c5e7fda-e8bf-4a96-9a85-a6e23a8c635c,.NET 6.0,False,True,False,True,Default,Default,False,False,True,Default,Default,Default,Default,Default,.NET 6.0,Default,1,Default,Default,Default,Default,Default,Default,Default,Default,Default,16,Default,DotNetTips.Spargine.Extensions.BenchmarkTests,Collections,2500,162.357 ns,1.9236 ns,1.7994 ns,0.4646 ns,161.953 ns,160.113 ns,160.895 ns,163.523 ns,165.661 ns,"6,159,279.52",1.9236 ns,15.00,1.7468,2.000,0.5051,35,*,No,-,229 B,-,-,0 B
Shuffle,Job-SPYWVM,False,True,Default,Default,Default,Default,Default,1111,Empty,RyuJit,X64,8c5e7fda-e8bf-4a96-9a85-a6e23a8c635c,.NET 6.0,False,True,False,True,Default,Default,False,False,True,Default,Default,Default,Default,Default,.NET 6.0,Default,1,Default,Default,Default,Default,Default,Default,Default,Default,Default,16,Default,DotNetTips.Spargine.Extensions.BenchmarkTests,Collections,10,39.931 ns,0.7671 ns,0.7175 ns,0.1853 ns,39.756 ns,38.954 ns,39.366 ns,40.511 ns,41.281 ns,"25,042,955.25",0.7671 ns,15.00,1.7116,2.000,0.2254,17,*,No,0.0061,431 B,-,-,56 B
Shuffle,Job-SPYWVM,False,True,Default,Default,Default,Default,Default,1111,Empty,RyuJit,X64,8c5e7fda-e8bf-4a96-9a85-a6e23a8c635c,.NET 6.0,False,True,False,True,Default,Default,False,False,True,Default,Default,Default,Default,Default,.NET 6.0,Default,1,Default,Default,Default,Default,Default,Default,Default,Default,Default,16,Default,DotNetTips.Spargine.Extensions.BenchmarkTests,Collections,25,40.009 ns,0.7382 ns,0.6905 ns,0.1783 ns,39.927 ns,39.136 ns,39.363 ns,40.577 ns,41.196 ns,"24,994,406.24",0.7382 ns,15.00,1.4258,2.000,0.2191,17,*,No,0.0061,431 B,-,-,56 B
Shuffle,Job-SPYWVM,False,True,Default,Default,Default,Default,Default,1111,Empty,RyuJit,X64,8c5e7fda-e8bf-4a96-9a85-a6e23a8c635c,.NET 6.0,False,True,False,True,Default,Default,False,False,True,Default,Default,Default,Default,Default,.NET 6.0,Default,1,Default,Default,Default,Default,Default,Default,Default,Default,Default,16,Default,DotNetTips.Spargine.Extensions.BenchmarkTests,Collections,50,42.141 ns,0.8645 ns,0.9609 ns,0.2204 ns,42.279 ns,40.210 ns,41.641 ns,42.863 ns,43.661 ns,"23,729,718.81",0.8645 ns,19.00,2.0874,2.000,-0.3857,18,*,No,0.0060,431 B,-,-,56 B
Shuffle,Job-SPYWVM,False,True,Default,Default,Default,Default,Default,1111,Empty,RyuJit,X64,8c5e7fda-e8bf-4a96-9a85-a6e23a8c635c,.NET 6.0,False,True,False,True,Default,Default,False,False,True,Default,Default,Default,Default,Default,.NET 6.0,Default,1,Default,Default,Default,Default,Default,Default,Default,Default,Default,16,Default,DotNetTips.Spargine.Extensions.BenchmarkTests,Collections,100,39.937 ns,0.5639 ns,0.5275 ns,0.1362 ns,40.079 ns,39.070 ns,39.651 ns,40.336 ns,40.812 ns,"25,039,396.83",0.5639 ns,15.00,1.8856,2.000,-0.3545,17,*,No,0.0061,431 B,-,-,56 B
Shuffle,Job-SPYWVM,False,True,Default,Default,Default,Default,Default,1111,Empty,RyuJit,X64,8c5e7fda-e8bf-4a96-9a85-a6e23a8c635c,.NET 6.0,False,True,False,True,Default,Default,False,False,True,Default,Default,Default,Default,Default,.NET 6.0,Default,1,Default,Default,Default,Default,Default,Default,Default,Default,Default,16,Default,DotNetTips.Spargine.Extensions.BenchmarkTests,Collections,250,39.749 ns,0.5331 ns,0.4986 ns,0.1287 ns,39.715 ns,38.989 ns,39.406 ns,40.203 ns,40.443 ns,"25,157,895.49",0.5331 ns,15.00,1.5310,2.000,0.0233,17,*,No,0.0061,431 B,-,-,56 B
Shuffle,Job-SPYWVM,False,True,Default,Default,Default,Default,Default,1111,Empty,RyuJit,X64,8c5e7fda-e8bf-4a96-9a85-a6e23a8c635c,.NET 6.0,False,True,False,True,Default,Default,False,False,True,Default,Default,Default,Default,Default,.NET 6.0,Default,1,Default,Default,Default,Default,Default,Default,Default,Default,Default,16,Default,DotNetTips.Spargine.Extensions.BenchmarkTests,Collections,500,40.106 ns,0.4528 ns,0.4236 ns,0.1094 ns,40.053 ns,39.452 ns,39.894 ns,40.379 ns,40.869 ns,"24,933,887.24",0.4528 ns,15.00,1.9613,2.000,0.2581,17,*,No,0.0060,431 B,-,-,56 B
Shuffle,Job-SPYWVM,False,True,Default,Default,Default,Default,Default,1111,Empty,RyuJit,X64,8c5e7fda-e8bf-4a96-9a85-a6e23a8c635c,.NET 6.0,False,True,False,True,Default,Default,False,False,True,Default,Default,Default,Default,Default,.NET 6.0,Default,1,Default,Default,Default,Default,Default,Default,Default,Default,Default,16,Default,DotNetTips.Spargine.Extensions.BenchmarkTests,Collections,1000,38.782 ns,0.4283 ns,0.3577 ns,0.0992 ns,38.721 ns,38.192 ns,38.566 ns,39.039 ns,39.360 ns,"25,784,912.92",0.4283 ns,13.00,1.8095,2.000,0.1232,16,*,No,0.0057,431 B,-,-,56 B
Shuffle,Job-SPYWVM,False,True,Default,Default,Default,Default,Default,1111,Empty,RyuJit,X64,8c5e7fda-e8bf-4a96-9a85-a6e23a8c635c,.NET 6.0,False,True,False,True,Default,Default,False,False,True,Default,Default,Default,Default,Default,.NET 6.0,Default,1,Default,Default,Default,Default,Default,Default,Default,Default,Default,16,Default,DotNetTips.Spargine.Extensions.BenchmarkTests,Collections,2500,41.691 ns,0.8501 ns,1.3235 ns,0.2340 ns,41.894 ns,37.793 ns,41.533 ns,42.411 ns,43.507 ns,"23,986,269.62",0.8501 ns,32.00,5.6440,2.000,-1.7080,18,*,No,0.0061,431 B,-,-,56 B
ToObservableCollection,Job-SPYWVM,False,True,Default,Default,Default,Default,Default,1111,Empty,RyuJit,X64,8c5e7fda-e8bf-4a96-9a85-a6e23a8c635c,.NET 6.0,False,True,False,True,Default,Default,False,False,True,Default,Default,Default,Default,Default,.NET 6.0,Default,1,Default,Default,Default,Default,Default,Default,Default,Default,Default,16,Default,DotNetTips.Spargine.Extensions.BenchmarkTests,Collections,10,84.657 ns,1.6591 ns,1.9750 ns,0.4310 ns,83.875 ns,81.904 ns,83.007 ns,86.641 ns,87.874 ns,"11,812,331.87",1.6591 ns,21.00,1.3507,2.000,0.1161,24,*,No,0.0212,208 B,-,-,192 B
ToObservableCollection,Job-SPYWVM,False,True,Default,Default,Default,Default,Default,1111,Empty,RyuJit,X64,8c5e7fda-e8bf-4a96-9a85-a6e23a8c635c,.NET 6.0,False,True,False,True,Default,Default,False,False,True,Default,Default,Default,Default,Default,.NET 6.0,Default,1,Default,Default,Default,Default,Default,Default,Default,Default,Default,16,Default,DotNetTips.Spargine.Extensions.BenchmarkTests,Collections,25,99.515 ns,1.9471 ns,1.8214 ns,0.4703 ns,100.521 ns,95.790 ns,99.044 ns,100.715 ns,100.900 ns,"10,048,713.96",1.9471 ns,15.00,2.5507,2.000,-1.1047,27,*,No,0.0342,208 B,-,-,312 B
ToObservableCollection,Job-SPYWVM,False,True,Default,Default,Default,Default,Default,1111,Empty,RyuJit,X64,8c5e7fda-e8bf-4a96-9a85-a6e23a8c635c,.NET 6.0,False,True,False,True,Default,Default,False,False,True,Default,Default,Default,Default,Default,.NET 6.0,Default,1,Default,Default,Default,Default,Default,Default,Default,Default,Default,16,Default,DotNetTips.Spargine.Extensions.BenchmarkTests,Collections,50,132.184 ns,3.2528 ns,9.5911 ns,0.9591 ns,130.984 ns,107.349 ns,128.025 ns,141.091 ns,148.662 ns,"7,565,192.96",3.2528 ns,100.00,3.3650,3.111,-0.5931,32,*,No,0.0552,208 B,-,-,512 B
ToObservableCollection,Job-SPYWVM,False,True,Default,Default,Default,Default,Default,1111,Empty,RyuJit,X64,8c5e7fda-e8bf-4a96-9a85-a6e23a8c635c,.NET 6.0,False,True,False,True,Default,Default,False,False,True,Default,Default,Default,Default,Default,.NET 6.0,Default,1,Default,Default,Default,Default,Default,Default,Default,Default,Default,16,Default,DotNetTips.Spargine.Extensions.BenchmarkTests,Collections,100,146.141 ns,2.8682 ns,3.8289 ns,0.7658 ns,147.168 ns,139.828 ns,142.864 ns,149.839 ns,152.010 ns,"6,842,700.82",2.8682 ns,25.00,1.4660,3.091,-0.0847,33,*,No,0.1013,208 B,-,-,912 B
ToObservableCollection,Job-SPYWVM,False,True,Default,Default,Default,Default,Default,1111,Empty,RyuJit,X64,8c5e7fda-e8bf-4a96-9a85-a6e23a8c635c,.NET 6.0,False,True,False,True,Default,Default,False,False,True,Default,Default,Default,Default,Default,.NET 6.0,Default,1,Default,Default,Default,Default,Default,Default,Default,Default,Default,16,Default,DotNetTips.Spargine.Extensions.BenchmarkTests,Collections,250,252.237 ns,4.4792 ns,4.5998 ns,1.1156 ns,251.835 ns,247.115 ns,250.409 ns,253.078 ns,266.466 ns,"3,964,530.76",4.4792 ns,17.00,5.7251,2.000,1.5811,37,*,No,0.2327,208 B,0.0005,-,"2,112 B"
ToObservableCollection,Job-SPYWVM,False,True,Default,Default,Default,Default,Default,1111,Empty,RyuJit,X64,8c5e7fda-e8bf-4a96-9a85-a6e23a8c635c,.NET 6.0,False,True,False,True,Default,Default,False,False,True,Default,Default,Default,Default,Default,.NET 6.0,Default,1,Default,Default,Default,Default,Default,Default,Default,Default,Default,16,Default,DotNetTips.Spargine.Extensions.BenchmarkTests,Collections,500,500.777 ns,9.9297 ns,11.0369 ns,2.5320 ns,503.581 ns,473.488 ns,498.615 ns,508.555 ns,512.290 ns,"1,996,897.54",9.9297 ns,19.00,3.1161,2.000,-1.1337,44,*,No,0.4458,208 B,-,-,"4,112 B"
ToObservableCollection,Job-SPYWVM,False,True,Default,Default,Default,Default,Default,1111,Empty,RyuJit,X64,8c5e7fda-e8bf-4a96-9a85-a6e23a8c635c,.NET 6.0,False,True,False,True,Default,Default,False,False,True,Default,Default,Default,Default,Default,.NET 6.0,Default,1,Default,Default,Default,Default,Default,Default,Default,Default,Default,16,Default,DotNetTips.Spargine.Extensions.BenchmarkTests,Collections,1000,911.895 ns,16.9282 ns,27.8134 ns,4.7013 ns,904.262 ns,876.473 ns,894.222 ns,925.373 ns,983.553 ns,"1,096,617.51",16.9282 ns,35.00,3.0319,2.000,0.8928,48,*,No,0.8755,208 B,0.0105,-,"8,112 B"
ToObservableCollection,Job-SPYWVM,False,True,Default,Default,Default,Default,Default,1111,Empty,RyuJit,X64,8c5e7fda-e8bf-4a96-9a85-a6e23a8c635c,.NET 6.0,False,True,False,True,Default,Default,False,False,True,Default,Default,Default,Default,Default,.NET 6.0,Default,1,Default,Default,Default,Default,Default,Default,Default,Default,Default,16,Default,DotNetTips.Spargine.Extensions.BenchmarkTests,Collections,2500,"2,281.512 ns",45.4747 ns,97.8890 ns,13.0810 ns,"2,245.708 ns","2,133.712 ns","2,221.528 ns","2,352.770 ns","2,585.328 ns","438,305.86",45.4747 ns,56.00,3.4202,2.174,0.9411,58,*,No,2.1820,208 B,0.1221,-,"20,112 B"
ToReadOnlyCollection,Job-SPYWVM,False,True,Default,Default,Default,Default,Default,1111,Empty,RyuJit,X64,8c5e7fda-e8bf-4a96-9a85-a6e23a8c635c,.NET 6.0,False,True,False,True,Default,Default,False,False,True,Default,Default,Default,Default,Default,.NET 6.0,Default,1,Default,Default,Default,Default,Default,Default,Default,Default,Default,16,Default,DotNetTips.Spargine.Extensions.BenchmarkTests,Collections,10,27.253 ns,0.4644 ns,0.4344 ns,0.1122 ns,27.412 ns,26.553 ns,26.815 ns,27.475 ns,27.951 ns,"36,692,557.07",0.4644 ns,15.00,1.6107,2.000,-0.0668,14,*,No,0.0026,225 B,-,-,24 B
ToReadOnlyCollection,Job-SPYWVM,False,True,Default,Default,Default,Default,Default,1111,Empty,RyuJit,X64,8c5e7fda-e8bf-4a96-9a85-a6e23a8c635c,.NET 6.0,False,True,False,True,Default,Default,False,False,True,Default,Default,Default,Default,Default,.NET 6.0,Default,1,Default,Default,Default,Default,Default,Default,Default,Default,Default,16,Default,DotNetTips.Spargine.Extensions.BenchmarkTests,Collections,25,26.956 ns,0.3142 ns,0.2939 ns,0.0759 ns,27.010 ns,26.403 ns,26.745 ns,27.134 ns,27.422 ns,"37,096,807.65",0.3142 ns,15.00,2.0326,2.000,-0.4422,14,*,No,0.0026,225 B,-,-,24 B
ToReadOnlyCollection,Job-SPYWVM,False,True,Default,Default,Default,Default,Default,1111,Empty,RyuJit,X64,8c5e7fda-e8bf-4a96-9a85-a6e23a8c635c,.NET 6.0,False,True,False,True,Default,Default,False,False,True,Default,Default,Default,Default,Default,.NET 6.0,Default,1,Default,Default,Default,Default,Default,Default,Default,Default,Default,16,Default,DotNetTips.Spargine.Extensions.BenchmarkTests,Collections,50,27.865 ns,0.5754 ns,0.7482 ns,0.1527 ns,27.927 ns,26.386 ns,27.498 ns,28.318 ns,29.032 ns,"35,887,821.84",0.5754 ns,24.00,2.4258,2.000,-0.5510,15,*,No,0.0026,225 B,-,-,24 B
ToReadOnlyCollection,Job-SPYWVM,False,True,Default,Default,Default,Default,Default,1111,Empty,RyuJit,X64,8c5e7fda-e8bf-4a96-9a85-a6e23a8c635c,.NET 6.0,False,True,False,True,Default,Default,False,False,True,Default,Default,Default,Default,Default,.NET 6.0,Default,1,Default,Default,Default,Default,Default,Default,Default,Default,Default,16,Default,DotNetTips.Spargine.Extensions.BenchmarkTests,Collections,100,28.278 ns,0.4422 ns,0.4136 ns,0.1068 ns,28.111 ns,27.765 ns,27.972 ns,28.543 ns,29.026 ns,"35,362,905.61",0.4422 ns,15.00,1.6545,2.000,0.4556,15,*,No,0.0026,225 B,-,-,24 B
ToReadOnlyCollection,Job-SPYWVM,False,True,Default,Default,Default,Default,Default,1111,Empty,RyuJit,X64,8c5e7fda-e8bf-4a96-9a85-a6e23a8c635c,.NET 6.0,False,True,False,True,Default,Default,False,False,True,Default,Default,Default,Default,Default,.NET 6.0,Default,1,Default,Default,Default,Default,Default,Default,Default,Default,Default,16,Default,DotNetTips.Spargine.Extensions.BenchmarkTests,Collections,250,28.175 ns,0.3394 ns,0.3174 ns,0.0820 ns,28.108 ns,27.737 ns,27.899 ns,28.379 ns,28.736 ns,"35,493,067.61",0.3394 ns,15.00,1.7948,2.000,0.3163,15,*,No,0.0027,225 B,-,-,24 B
ToReadOnlyCollection,Job-SPYWVM,False,True,Default,Default,Default,Default,Default,1111,Empty,RyuJit,X64,8c5e7fda-e8bf-4a96-9a85-a6e23a8c635c,.NET 6.0,False,True,False,True,Default,Default,False,False,True,Default,Default,Default,Default,Default,.NET 6.0,Default,1,Default,Default,Default,Default,Default,Default,Default,Default,Default,16,Default,DotNetTips.Spargine.Extensions.BenchmarkTests,Collections,500,28.097 ns,0.3356 ns,0.2975 ns,0.0795 ns,28.009 ns,27.721 ns,27.869 ns,28.312 ns,28.660 ns,"35,590,615.88",0.3356 ns,14.00,1.8122,2.000,0.5125,15,*,No,0.0025,225 B,-,-,24 B
ToReadOnlyCollection,Job-SPYWVM,False,True,Default,Default,Default,Default,Default,1111,Empty,RyuJit,X64,8c5e7fda-e8bf-4a96-9a85-a6e23a8c635c,.NET 6.0,False,True,False,True,Default,Default,False,False,True,Default,Default,Default,Default,Default,.NET 6.0,Default,1,Default,Default,Default,Default,Default,Default,Default,Default,Default,16,Default,DotNetTips.Spargine.Extensions.BenchmarkTests,Collections,1000,28.967 ns,0.6050 ns,0.6967 ns,0.1558 ns,28.981 ns,28.081 ns,28.325 ns,29.319 ns,30.546 ns,"34,522,415.32",0.6050 ns,20.00,2.6203,2.000,0.6326,15,*,No,0.0026,225 B,-,-,24 B
ToReadOnlyCollection,Job-SPYWVM,False,True,Default,Default,Default,Default,Default,1111,Empty,RyuJit,X64,8c5e7fda-e8bf-4a96-9a85-a6e23a8c635c,.NET 6.0,False,True,False,True,Default,Default,False,False,True,Default,Default,Default,Default,Default,.NET 6.0,Default,1,Default,Default,Default,Default,Default,Default,Default,Default,Default,16,Default,DotNetTips.Spargine.Extensions.BenchmarkTests,Collections,2500,28.071 ns,0.3163 ns,0.2959 ns,0.0764 ns,28.028 ns,27.678 ns,27.854 ns,28.221 ns,28.663 ns,"35,624,276.82",0.3163 ns,15.00,2.1500,2.000,0.5083,15,*,No,0.0026,225 B,-,-,24 B
