Target,Target_Namespace,Target_Type,Target_Method,Job_Id,Job_AnalyzeLaunchVariance,Job_EvaluateOverhead,Job_MaxAbsoluteError,Job_MaxRelativeError,Job_MinInvokeCount,Job_MinIterationTime,Job_OutlierMode,Job_Affinity,Job_EnvironmentVariables,Job_Jit,Job_Platform,Job_PowerPlanMode,Job_Runtime,Job_AllowVeryLargeObjects,Job_Concurrent,Job_CpuGroups,Job_Force,Job_HeapAffinitizeMask,Job_HeapCount,Job_NoAffinitize,Job_RetainVm,Job_Server,Job_Arguments,Job_BuildConfiguration,Job_Clock,Job_EngineFactory,Job_NuGetReferences,Job_Toolchain,Job_IsMutator,Job_InvocationCount,Job_IterationCount,Job_IterationTime,Job_LaunchCount,Job_MaxIterationCount,Job_MaxWarmupIterationCount,Job_MemoryRandomization,Job_MinIterationCount,Job_MinWarmupIterationCount,Job_RunStrategy,Job_UnrollFactor,Job_WarmupCount,Job_Display,Params,Measurement_LaunchIndex,Measurement_IterationMode,Measurement_IterationStage,Measurement_IterationIndex,Measurement_Nanoseconds,Measurement_Operations,Measurement_Value,Gen_0,Gen_1,Gen_2,Allocated_Bytes
TypeHelperBenchmark.'Looping Collection: Normal StringBuilder',DotNetTips.Spargine.Core.BenchmarkTests,TypeHelperBenchmark,'Looping Collection: Normal StringBuilder',Job-XJCAYH,Default,True,Default,Default,Default,Default,Default,Default,Default,Default,Default,Default,Default,Default,Default,Default,Default,Default,Default,Default,Default,True,Default,Default,Default,Default,Default,.NET 6.0,Default,Default,Default,Default,Default,Default,Default,Default,Default,Default,Default,Default,Default,"Job-XJCAYH(EvaluateOverhead=True, Server=True, Toolchain=.NET 6.0)",,1,Overhead,Jitting,1,232400,1,232400,154,1,0,10784
TypeHelperBenchmark.'Looping Collection: Normal StringBuilder',DotNetTips.Spargine.Core.BenchmarkTests,TypeHelperBenchmark,'Looping Collection: Normal StringBuilder',Job-XJCAYH,Default,True,Default,Default,Default,Default,Default,Default,Default,Default,Default,Default,Default,Default,Default,Default,Default,Default,Default,Default,Default,True,Default,Default,Default,Default,Default,.NET 6.0,Default,Default,Default,Default,Default,Default,Default,Default,Default,Default,Default,Default,Default,"Job-XJCAYH(EvaluateOverhead=True, Server=True, Toolchain=.NET 6.0)",,1,Workload,Jitting,1,1203400,1,1203400,154,1,0,10784
TypeHelperBenchmark.'Looping Collection: Normal StringBuilder',DotNetTips.Spargine.Core.BenchmarkTests,TypeHelperBenchmark,'Looping Collection: Normal StringBuilder',Job-XJCAYH,Default,True,Default,Default,Default,Default,Default,Default,Default,Default,Default,Default,Default,Default,Default,Default,Default,Default,Default,Default,Default,True,Default,Default,Default,Default,Default,.NET 6.0,Default,Default,Default,Default,Default,Default,Default,Default,Default,Default,Default,Default,Default,"Job-XJCAYH(EvaluateOverhead=True, Server=True, Toolchain=.NET 6.0)",,1,Overhead,Jitting,2,212800,16,13300,154,1,0,10784
TypeHelperBenchmark.'Looping Collection: Normal StringBuilder',DotNetTips.Spargine.Core.BenchmarkTests,TypeHelperBenchmark,'Looping Collection: Normal StringBuilder',Job-XJCAYH,Default,True,Default,Default,Default,Default,Default,Default,Default,Default,Default,Default,Default,Default,Default,Default,Default,Default,Default,Default,Default,True,Default,Default,Default,Default,Default,.NET 6.0,Default,Default,Default,Default,Default,Default,Default,Default,Default,Default,Default,Default,Default,"Job-XJCAYH(EvaluateOverhead=True, Server=True, Toolchain=.NET 6.0)",,1,Workload,Jitting,2,379700,16,23731.25,154,1,0,10784
TypeHelperBenchmark.'Looping Collection: Normal StringBuilder',DotNetTips.Spargine.Core.BenchmarkTests,TypeHelperBenchmark,'Looping Collection: Normal StringBuilder',Job-XJCAYH,Default,True,Default,Default,Default,Default,Default,Default,Default,Default,Default,Default,Default,Default,Default,Default,Default,Default,Default,Default,Default,True,Default,Default,Default,Default,Default,.NET 6.0,Default,Default,Default,Default,Default,Default,Default,Default,Default,Default,Default,Default,Default,"Job-XJCAYH(EvaluateOverhead=True, Server=True, Toolchain=.NET 6.0)",,1,Workload,Pilot,1,146700,16,9168.75,154,1,0,10784
TypeHelperBenchmark.'Looping Collection: Normal StringBuilder',DotNetTips.Spargine.Core.BenchmarkTests,TypeHelperBenchmark,'Looping Collection: Normal StringBuilder',Job-XJCAYH,Default,True,Default,Default,Default,Default,Default,Default,Default,Default,Default,Default,Default,Default,Default,Default,Default,Default,Default,Default,Default,True,Default,Default,Default,Default,Default,.NET 6.0,Default,Default,Default,Default,Default,Default,Default,Default,Default,Default,Default,Default,Default,"Job-XJCAYH(EvaluateOverhead=True, Server=True, Toolchain=.NET 6.0)",,1,Workload,Pilot,2,223900,32,6996.88,154,1,0,10784
TypeHelperBenchmark.'Looping Collection: Normal StringBuilder',DotNetTips.Spargine.Core.BenchmarkTests,TypeHelperBenchmark,'Looping Collection: Normal StringBuilder',Job-XJCAYH,Default,True,Default,Default,Default,Default,Default,Default,Default,Default,Default,Default,Default,Default,Default,Default,Default,Default,Default,Default,Default,True,Default,Default,Default,Default,Default,.NET 6.0,Default,Default,Default,Default,Default,Default,Default,Default,Default,Default,Default,Default,Default,"Job-XJCAYH(EvaluateOverhead=True, Server=True, Toolchain=.NET 6.0)",,1,Workload,Pilot,3,520000,64,8125,154,1,0,10784
TypeHelperBenchmark.'Looping Collection: Normal StringBuilder',DotNetTips.Spargine.Core.BenchmarkTests,TypeHelperBenchmark,'Looping Collection: Normal StringBuilder',Job-XJCAYH,Default,True,Default,Default,Default,Default,Default,Default,Default,Default,Default,Default,Default,Default,Default,Default,Default,Default,Default,Default,Default,True,Default,Default,Default,Default,Default,.NET 6.0,Default,Default,Default,Default,Default,Default,Default,Default,Default,Default,Default,Default,Default,"Job-XJCAYH(EvaluateOverhead=True, Server=True, Toolchain=.NET 6.0)",,1,Workload,Pilot,4,946900,128,7397.66,154,1,0,10784
TypeHelperBenchmark.'Looping Collection: Normal StringBuilder',DotNetTips.Spargine.Core.BenchmarkTests,TypeHelperBenchmark,'Looping Collection: Normal StringBuilder',Job-XJCAYH,Default,True,Default,Default,Default,Default,Default,Default,Default,Default,Default,Default,Default,Default,Default,Default,Default,Default,Default,Default,Default,True,Default,Default,Default,Default,Default,.NET 6.0,Default,Default,Default,Default,Default,Default,Default,Default,Default,Default,Default,Default,Default,"Job-XJCAYH(EvaluateOverhead=True, Server=True, Toolchain=.NET 6.0)",,1,Workload,Pilot,5,1799300,256,7028.52,154,1,0,10784
TypeHelperBenchmark.'Looping Collection: Normal StringBuilder',DotNetTips.Spargine.Core.BenchmarkTests,TypeHelperBenchmark,'Looping Collection: Normal StringBuilder',Job-XJCAYH,Default,True,Default,Default,Default,Default,Default,Default,Default,Default,Default,Default,Default,Default,Default,Default,Default,Default,Default,Default,Default,True,Default,Default,Default,Default,Default,.NET 6.0,Default,Default,Default,Default,Default,Default,Default,Default,Default,Default,Default,Default,Default,"Job-XJCAYH(EvaluateOverhead=True, Server=True, Toolchain=.NET 6.0)",,1,Workload,Pilot,6,3673600,512,7175,154,1,0,10784
TypeHelperBenchmark.'Looping Collection: Normal StringBuilder',DotNetTips.Spargine.Core.BenchmarkTests,TypeHelperBenchmark,'Looping Collection: Normal StringBuilder',Job-XJCAYH,Default,True,Default,Default,Default,Default,Default,Default,Default,Default,Default,Default,Default,Default,Default,Default,Default,Default,Default,Default,Default,True,Default,Default,Default,Default,Default,.NET 6.0,Default,Default,Default,Default,Default,Default,Default,Default,Default,Default,Default,Default,Default,"Job-XJCAYH(EvaluateOverhead=True, Server=True, Toolchain=.NET 6.0)",,1,Workload,Pilot,7,7058200,1024,6892.77,154,1,0,10784
TypeHelperBenchmark.'Looping Collection: Normal StringBuilder',DotNetTips.Spargine.Core.BenchmarkTests,TypeHelperBenchmark,'Looping Collection: Normal StringBuilder',Job-XJCAYH,Default,True,Default,Default,Default,Default,Default,Default,Default,Default,Default,Default,Default,Default,Default,Default,Default,Default,Default,Default,Default,True,Default,Default,Default,Default,Default,.NET 6.0,Default,Default,Default,Default,Default,Default,Default,Default,Default,Default,Default,Default,Default,"Job-XJCAYH(EvaluateOverhead=True, Server=True, Toolchain=.NET 6.0)",,1,Workload,Pilot,8,13002400,2048,6348.83,154,1,0,10784
TypeHelperBenchmark.'Looping Collection: Normal StringBuilder',DotNetTips.Spargine.Core.BenchmarkTests,TypeHelperBenchmark,'Looping Collection: Normal StringBuilder',Job-XJCAYH,Default,True,Default,Default,Default,Default,Default,Default,Default,Default,Default,Default,Default,Default,Default,Default,Default,Default,Default,Default,Default,True,Default,Default,Default,Default,Default,.NET 6.0,Default,Default,Default,Default,Default,Default,Default,Default,Default,Default,Default,Default,Default,"Job-XJCAYH(EvaluateOverhead=True, Server=True, Toolchain=.NET 6.0)",,1,Workload,Pilot,9,24430500,4096,5964.48,154,1,0,10784
TypeHelperBenchmark.'Looping Collection: Normal StringBuilder',DotNetTips.Spargine.Core.BenchmarkTests,TypeHelperBenchmark,'Looping Collection: Normal StringBuilder',Job-XJCAYH,Default,True,Default,Default,Default,Default,Default,Default,Default,Default,Default,Default,Default,Default,Default,Default,Default,Default,Default,Default,Default,True,Default,Default,Default,Default,Default,.NET 6.0,Default,Default,Default,Default,Default,Default,Default,Default,Default,Default,Default,Default,Default,"Job-XJCAYH(EvaluateOverhead=True, Server=True, Toolchain=.NET 6.0)",,1,Workload,Pilot,10,48670800,8192,5941.26,154,1,0,10784
TypeHelperBenchmark.'Looping Collection: Normal StringBuilder',DotNetTips.Spargine.Core.BenchmarkTests,TypeHelperBenchmark,'Looping Collection: Normal StringBuilder',Job-XJCAYH,Default,True,Default,Default,Default,Default,Default,Default,Default,Default,Default,Default,Default,Default,Default,Default,Default,Default,Default,Default,Default,True,Default,Default,Default,Default,Default,.NET 6.0,Default,Default,Default,Default,Default,Default,Default,Default,Default,Default,Default,Default,Default,"Job-XJCAYH(EvaluateOverhead=True, Server=True, Toolchain=.NET 6.0)",,1,Workload,Pilot,11,95307300,16384,5817.1,154,1,0,10784
TypeHelperBenchmark.'Looping Collection: Normal StringBuilder',DotNetTips.Spargine.Core.BenchmarkTests,TypeHelperBenchmark,'Looping Collection: Normal StringBuilder',Job-XJCAYH,Default,True,Default,Default,Default,Default,Default,Default,Default,Default,Default,Default,Default,Default,Default,Default,Default,Default,Default,Default,Default,True,Default,Default,Default,Default,Default,.NET 6.0,Default,Default,Default,Default,Default,Default,Default,Default,Default,Default,Default,Default,Default,"Job-XJCAYH(EvaluateOverhead=True, Server=True, Toolchain=.NET 6.0)",,1,Workload,Pilot,12,163387600,32768,4986.19,154,1,0,10784
TypeHelperBenchmark.'Looping Collection: Normal StringBuilder',DotNetTips.Spargine.Core.BenchmarkTests,TypeHelperBenchmark,'Looping Collection: Normal StringBuilder',Job-XJCAYH,Default,True,Default,Default,Default,Default,Default,Default,Default,Default,Default,Default,Default,Default,Default,Default,Default,Default,Default,Default,Default,True,Default,Default,Default,Default,Default,.NET 6.0,Default,Default,Default,Default,Default,Default,Default,Default,Default,Default,Default,Default,Default,"Job-XJCAYH(EvaluateOverhead=True, Server=True, Toolchain=.NET 6.0)",,1,Workload,Pilot,13,328232100,65536,5008.42,154,1,0,10784
TypeHelperBenchmark.'Looping Collection: Normal StringBuilder',DotNetTips.Spargine.Core.BenchmarkTests,TypeHelperBenchmark,'Looping Collection: Normal StringBuilder',Job-XJCAYH,Default,True,Default,Default,Default,Default,Default,Default,Default,Default,Default,Default,Default,Default,Default,Default,Default,Default,Default,Default,Default,True,Default,Default,Default,Default,Default,.NET 6.0,Default,Default,Default,Default,Default,Default,Default,Default,Default,Default,Default,Default,Default,"Job-XJCAYH(EvaluateOverhead=True, Server=True, Toolchain=.NET 6.0)",,1,Workload,Pilot,14,656378000,131072,5007.77,154,1,0,10784
TypeHelperBenchmark.'Looping Collection: Normal StringBuilder',DotNetTips.Spargine.Core.BenchmarkTests,TypeHelperBenchmark,'Looping Collection: Normal StringBuilder',Job-XJCAYH,Default,True,Default,Default,Default,Default,Default,Default,Default,Default,Default,Default,Default,Default,Default,Default,Default,Default,Default,Default,Default,True,Default,Default,Default,Default,Default,.NET 6.0,Default,Default,Default,Default,Default,Default,Default,Default,Default,Default,Default,Default,Default,"Job-XJCAYH(EvaluateOverhead=True, Server=True, Toolchain=.NET 6.0)",,1,Overhead,Warmup,1,243200,131072,1.86,154,1,0,10784
TypeHelperBenchmark.'Looping Collection: Normal StringBuilder',DotNetTips.Spargine.Core.BenchmarkTests,TypeHelperBenchmark,'Looping Collection: Normal StringBuilder',Job-XJCAYH,Default,True,Default,Default,Default,Default,Default,Default,Default,Default,Default,Default,Default,Default,Default,Default,Default,Default,Default,Default,Default,True,Default,Default,Default,Default,Default,.NET 6.0,Default,Default,Default,Default,Default,Default,Default,Default,Default,Default,Default,Default,Default,"Job-XJCAYH(EvaluateOverhead=True, Server=True, Toolchain=.NET 6.0)",,1,Overhead,Warmup,2,248700,131072,1.9,154,1,0,10784
TypeHelperBenchmark.'Looping Collection: Normal StringBuilder',DotNetTips.Spargine.Core.BenchmarkTests,TypeHelperBenchmark,'Looping Collection: Normal StringBuilder',Job-XJCAYH,Default,True,Default,Default,Default,Default,Default,Default,Default,Default,Default,Default,Default,Default,Default,Default,Default,Default,Default,Default,Default,True,Default,Default,Default,Default,Default,.NET 6.0,Default,Default,Default,Default,Default,Default,Default,Default,Default,Default,Default,Default,Default,"Job-XJCAYH(EvaluateOverhead=True, Server=True, Toolchain=.NET 6.0)",,1,Overhead,Warmup,3,325300,131072,2.48,154,1,0,10784
TypeHelperBenchmark.'Looping Collection: Normal StringBuilder',DotNetTips.Spargine.Core.BenchmarkTests,TypeHelperBenchmark,'Looping Collection: Normal StringBuilder',Job-XJCAYH,Default,True,Default,Default,Default,Default,Default,Default,Default,Default,Default,Default,Default,Default,Default,Default,Default,Default,Default,Default,Default,True,Default,Default,Default,Default,Default,.NET 6.0,Default,Default,Default,Default,Default,Default,Default,Default,Default,Default,Default,Default,Default,"Job-XJCAYH(EvaluateOverhead=True, Server=True, Toolchain=.NET 6.0)",,1,Overhead,Warmup,4,259700,131072,1.98,154,1,0,10784
TypeHelperBenchmark.'Looping Collection: Normal StringBuilder',DotNetTips.Spargine.Core.BenchmarkTests,TypeHelperBenchmark,'Looping Collection: Normal StringBuilder',Job-XJCAYH,Default,True,Default,Default,Default,Default,Default,Default,Default,Default,Default,Default,Default,Default,Default,Default,Default,Default,Default,Default,Default,True,Default,Default,Default,Default,Default,.NET 6.0,Default,Default,Default,Default,Default,Default,Default,Default,Default,Default,Default,Default,Default,"Job-XJCAYH(EvaluateOverhead=True, Server=True, Toolchain=.NET 6.0)",,1,Overhead,Warmup,5,248700,131072,1.9,154,1,0,10784
TypeHelperBenchmark.'Looping Collection: Normal StringBuilder',DotNetTips.Spargine.Core.BenchmarkTests,TypeHelperBenchmark,'Looping Collection: Normal StringBuilder',Job-XJCAYH,Default,True,Default,Default,Default,Default,Default,Default,Default,Default,Default,Default,Default,Default,Default,Default,Default,Default,Default,Default,Default,True,Default,Default,Default,Default,Default,.NET 6.0,Default,Default,Default,Default,Default,Default,Default,Default,Default,Default,Default,Default,Default,"Job-XJCAYH(EvaluateOverhead=True, Server=True, Toolchain=.NET 6.0)",,1,Overhead,Warmup,6,252500,131072,1.93,154,1,0,10784
TypeHelperBenchmark.'Looping Collection: Normal StringBuilder',DotNetTips.Spargine.Core.BenchmarkTests,TypeHelperBenchmark,'Looping Collection: Normal StringBuilder',Job-XJCAYH,Default,True,Default,Default,Default,Default,Default,Default,Default,Default,Default,Default,Default,Default,Default,Default,Default,Default,Default,Default,Default,True,Default,Default,Default,Default,Default,.NET 6.0,Default,Default,Default,Default,Default,Default,Default,Default,Default,Default,Default,Default,Default,"Job-XJCAYH(EvaluateOverhead=True, Server=True, Toolchain=.NET 6.0)",,1,Overhead,Warmup,7,252200,131072,1.92,154,1,0,10784
TypeHelperBenchmark.'Looping Collection: Normal StringBuilder',DotNetTips.Spargine.Core.BenchmarkTests,TypeHelperBenchmark,'Looping Collection: Normal StringBuilder',Job-XJCAYH,Default,True,Default,Default,Default,Default,Default,Default,Default,Default,Default,Default,Default,Default,Default,Default,Default,Default,Default,Default,Default,True,Default,Default,Default,Default,Default,.NET 6.0,Default,Default,Default,Default,Default,Default,Default,Default,Default,Default,Default,Default,Default,"Job-XJCAYH(EvaluateOverhead=True, Server=True, Toolchain=.NET 6.0)",,1,Overhead,Actual,1,230300,131072,1.76,154,1,0,10784
TypeHelperBenchmark.'Looping Collection: Normal StringBuilder',DotNetTips.Spargine.Core.BenchmarkTests,TypeHelperBenchmark,'Looping Collection: Normal StringBuilder',Job-XJCAYH,Default,True,Default,Default,Default,Default,Default,Default,Default,Default,Default,Default,Default,Default,Default,Default,Default,Default,Default,Default,Default,True,Default,Default,Default,Default,Default,.NET 6.0,Default,Default,Default,Default,Default,Default,Default,Default,Default,Default,Default,Default,Default,"Job-XJCAYH(EvaluateOverhead=True, Server=True, Toolchain=.NET 6.0)",,1,Overhead,Actual,2,249900,131072,1.91,154,1,0,10784
TypeHelperBenchmark.'Looping Collection: Normal StringBuilder',DotNetTips.Spargine.Core.BenchmarkTests,TypeHelperBenchmark,'Looping Collection: Normal StringBuilder',Job-XJCAYH,Default,True,Default,Default,Default,Default,Default,Default,Default,Default,Default,Default,Default,Default,Default,Default,Default,Default,Default,Default,Default,True,Default,Default,Default,Default,Default,.NET 6.0,Default,Default,Default,Default,Default,Default,Default,Default,Default,Default,Default,Default,Default,"Job-XJCAYH(EvaluateOverhead=True, Server=True, Toolchain=.NET 6.0)",,1,Overhead,Actual,3,247500,131072,1.89,154,1,0,10784
TypeHelperBenchmark.'Looping Collection: Normal StringBuilder',DotNetTips.Spargine.Core.BenchmarkTests,TypeHelperBenchmark,'Looping Collection: Normal StringBuilder',Job-XJCAYH,Default,True,Default,Default,Default,Default,Default,Default,Default,Default,Default,Default,Default,Default,Default,Default,Default,Default,Default,Default,Default,True,Default,Default,Default,Default,Default,.NET 6.0,Default,Default,Default,Default,Default,Default,Default,Default,Default,Default,Default,Default,Default,"Job-XJCAYH(EvaluateOverhead=True, Server=True, Toolchain=.NET 6.0)",,1,Overhead,Actual,4,245200,131072,1.87,154,1,0,10784
TypeHelperBenchmark.'Looping Collection: Normal StringBuilder',DotNetTips.Spargine.Core.BenchmarkTests,TypeHelperBenchmark,'Looping Collection: Normal StringBuilder',Job-XJCAYH,Default,True,Default,Default,Default,Default,Default,Default,Default,Default,Default,Default,Default,Default,Default,Default,Default,Default,Default,Default,Default,True,Default,Default,Default,Default,Default,.NET 6.0,Default,Default,Default,Default,Default,Default,Default,Default,Default,Default,Default,Default,Default,"Job-XJCAYH(EvaluateOverhead=True, Server=True, Toolchain=.NET 6.0)",,1,Overhead,Actual,5,245000,131072,1.87,154,1,0,10784
TypeHelperBenchmark.'Looping Collection: Normal StringBuilder',DotNetTips.Spargine.Core.BenchmarkTests,TypeHelperBenchmark,'Looping Collection: Normal StringBuilder',Job-XJCAYH,Default,True,Default,Default,Default,Default,Default,Default,Default,Default,Default,Default,Default,Default,Default,Default,Default,Default,Default,Default,Default,True,Default,Default,Default,Default,Default,.NET 6.0,Default,Default,Default,Default,Default,Default,Default,Default,Default,Default,Default,Default,Default,"Job-XJCAYH(EvaluateOverhead=True, Server=True, Toolchain=.NET 6.0)",,1,Overhead,Actual,6,260400,131072,1.99,154,1,0,10784
TypeHelperBenchmark.'Looping Collection: Normal StringBuilder',DotNetTips.Spargine.Core.BenchmarkTests,TypeHelperBenchmark,'Looping Collection: Normal StringBuilder',Job-XJCAYH,Default,True,Default,Default,Default,Default,Default,Default,Default,Default,Default,Default,Default,Default,Default,Default,Default,Default,Default,Default,Default,True,Default,Default,Default,Default,Default,.NET 6.0,Default,Default,Default,Default,Default,Default,Default,Default,Default,Default,Default,Default,Default,"Job-XJCAYH(EvaluateOverhead=True, Server=True, Toolchain=.NET 6.0)",,1,Overhead,Actual,7,253000,131072,1.93,154,1,0,10784
TypeHelperBenchmark.'Looping Collection: Normal StringBuilder',DotNetTips.Spargine.Core.BenchmarkTests,TypeHelperBenchmark,'Looping Collection: Normal StringBuilder',Job-XJCAYH,Default,True,Default,Default,Default,Default,Default,Default,Default,Default,Default,Default,Default,Default,Default,Default,Default,Default,Default,Default,Default,True,Default,Default,Default,Default,Default,.NET 6.0,Default,Default,Default,Default,Default,Default,Default,Default,Default,Default,Default,Default,Default,"Job-XJCAYH(EvaluateOverhead=True, Server=True, Toolchain=.NET 6.0)",,1,Overhead,Actual,8,251300,131072,1.92,154,1,0,10784
TypeHelperBenchmark.'Looping Collection: Normal StringBuilder',DotNetTips.Spargine.Core.BenchmarkTests,TypeHelperBenchmark,'Looping Collection: Normal StringBuilder',Job-XJCAYH,Default,True,Default,Default,Default,Default,Default,Default,Default,Default,Default,Default,Default,Default,Default,Default,Default,Default,Default,Default,Default,True,Default,Default,Default,Default,Default,.NET 6.0,Default,Default,Default,Default,Default,Default,Default,Default,Default,Default,Default,Default,Default,"Job-XJCAYH(EvaluateOverhead=True, Server=True, Toolchain=.NET 6.0)",,1,Overhead,Actual,9,252400,131072,1.93,154,1,0,10784
TypeHelperBenchmark.'Looping Collection: Normal StringBuilder',DotNetTips.Spargine.Core.BenchmarkTests,TypeHelperBenchmark,'Looping Collection: Normal StringBuilder',Job-XJCAYH,Default,True,Default,Default,Default,Default,Default,Default,Default,Default,Default,Default,Default,Default,Default,Default,Default,Default,Default,Default,Default,True,Default,Default,Default,Default,Default,.NET 6.0,Default,Default,Default,Default,Default,Default,Default,Default,Default,Default,Default,Default,Default,"Job-XJCAYH(EvaluateOverhead=True, Server=True, Toolchain=.NET 6.0)",,1,Overhead,Actual,10,257900,131072,1.97,154,1,0,10784
TypeHelperBenchmark.'Looping Collection: Normal StringBuilder',DotNetTips.Spargine.Core.BenchmarkTests,TypeHelperBenchmark,'Looping Collection: Normal StringBuilder',Job-XJCAYH,Default,True,Default,Default,Default,Default,Default,Default,Default,Default,Default,Default,Default,Default,Default,Default,Default,Default,Default,Default,Default,True,Default,Default,Default,Default,Default,.NET 6.0,Default,Default,Default,Default,Default,Default,Default,Default,Default,Default,Default,Default,Default,"Job-XJCAYH(EvaluateOverhead=True, Server=True, Toolchain=.NET 6.0)",,1,Overhead,Actual,11,253800,131072,1.94,154,1,0,10784
TypeHelperBenchmark.'Looping Collection: Normal StringBuilder',DotNetTips.Spargine.Core.BenchmarkTests,TypeHelperBenchmark,'Looping Collection: Normal StringBuilder',Job-XJCAYH,Default,True,Default,Default,Default,Default,Default,Default,Default,Default,Default,Default,Default,Default,Default,Default,Default,Default,Default,Default,Default,True,Default,Default,Default,Default,Default,.NET 6.0,Default,Default,Default,Default,Default,Default,Default,Default,Default,Default,Default,Default,Default,"Job-XJCAYH(EvaluateOverhead=True, Server=True, Toolchain=.NET 6.0)",,1,Overhead,Actual,12,292900,131072,2.23,154,1,0,10784
TypeHelperBenchmark.'Looping Collection: Normal StringBuilder',DotNetTips.Spargine.Core.BenchmarkTests,TypeHelperBenchmark,'Looping Collection: Normal StringBuilder',Job-XJCAYH,Default,True,Default,Default,Default,Default,Default,Default,Default,Default,Default,Default,Default,Default,Default,Default,Default,Default,Default,Default,Default,True,Default,Default,Default,Default,Default,.NET 6.0,Default,Default,Default,Default,Default,Default,Default,Default,Default,Default,Default,Default,Default,"Job-XJCAYH(EvaluateOverhead=True, Server=True, Toolchain=.NET 6.0)",,1,Overhead,Actual,13,288000,131072,2.2,154,1,0,10784
TypeHelperBenchmark.'Looping Collection: Normal StringBuilder',DotNetTips.Spargine.Core.BenchmarkTests,TypeHelperBenchmark,'Looping Collection: Normal StringBuilder',Job-XJCAYH,Default,True,Default,Default,Default,Default,Default,Default,Default,Default,Default,Default,Default,Default,Default,Default,Default,Default,Default,Default,Default,True,Default,Default,Default,Default,Default,.NET 6.0,Default,Default,Default,Default,Default,Default,Default,Default,Default,Default,Default,Default,Default,"Job-XJCAYH(EvaluateOverhead=True, Server=True, Toolchain=.NET 6.0)",,1,Overhead,Actual,14,259700,131072,1.98,154,1,0,10784
TypeHelperBenchmark.'Looping Collection: Normal StringBuilder',DotNetTips.Spargine.Core.BenchmarkTests,TypeHelperBenchmark,'Looping Collection: Normal StringBuilder',Job-XJCAYH,Default,True,Default,Default,Default,Default,Default,Default,Default,Default,Default,Default,Default,Default,Default,Default,Default,Default,Default,Default,Default,True,Default,Default,Default,Default,Default,.NET 6.0,Default,Default,Default,Default,Default,Default,Default,Default,Default,Default,Default,Default,Default,"Job-XJCAYH(EvaluateOverhead=True, Server=True, Toolchain=.NET 6.0)",,1,Overhead,Actual,15,339100,131072,2.59,154,1,0,10784
TypeHelperBenchmark.'Looping Collection: Normal StringBuilder',DotNetTips.Spargine.Core.BenchmarkTests,TypeHelperBenchmark,'Looping Collection: Normal StringBuilder',Job-XJCAYH,Default,True,Default,Default,Default,Default,Default,Default,Default,Default,Default,Default,Default,Default,Default,Default,Default,Default,Default,Default,Default,True,Default,Default,Default,Default,Default,.NET 6.0,Default,Default,Default,Default,Default,Default,Default,Default,Default,Default,Default,Default,Default,"Job-XJCAYH(EvaluateOverhead=True, Server=True, Toolchain=.NET 6.0)",,1,Workload,Warmup,1,681528400,131072,5199.65,154,1,0,10784
TypeHelperBenchmark.'Looping Collection: Normal StringBuilder',DotNetTips.Spargine.Core.BenchmarkTests,TypeHelperBenchmark,'Looping Collection: Normal StringBuilder',Job-XJCAYH,Default,True,Default,Default,Default,Default,Default,Default,Default,Default,Default,Default,Default,Default,Default,Default,Default,Default,Default,Default,Default,True,Default,Default,Default,Default,Default,.NET 6.0,Default,Default,Default,Default,Default,Default,Default,Default,Default,Default,Default,Default,Default,"Job-XJCAYH(EvaluateOverhead=True, Server=True, Toolchain=.NET 6.0)",,1,Workload,Warmup,2,674284300,131072,5144.38,154,1,0,10784
TypeHelperBenchmark.'Looping Collection: Normal StringBuilder',DotNetTips.Spargine.Core.BenchmarkTests,TypeHelperBenchmark,'Looping Collection: Normal StringBuilder',Job-XJCAYH,Default,True,Default,Default,Default,Default,Default,Default,Default,Default,Default,Default,Default,Default,Default,Default,Default,Default,Default,Default,Default,True,Default,Default,Default,Default,Default,.NET 6.0,Default,Default,Default,Default,Default,Default,Default,Default,Default,Default,Default,Default,Default,"Job-XJCAYH(EvaluateOverhead=True, Server=True, Toolchain=.NET 6.0)",,1,Workload,Warmup,3,658964200,131072,5027.5,154,1,0,10784
TypeHelperBenchmark.'Looping Collection: Normal StringBuilder',DotNetTips.Spargine.Core.BenchmarkTests,TypeHelperBenchmark,'Looping Collection: Normal StringBuilder',Job-XJCAYH,Default,True,Default,Default,Default,Default,Default,Default,Default,Default,Default,Default,Default,Default,Default,Default,Default,Default,Default,Default,Default,True,Default,Default,Default,Default,Default,.NET 6.0,Default,Default,Default,Default,Default,Default,Default,Default,Default,Default,Default,Default,Default,"Job-XJCAYH(EvaluateOverhead=True, Server=True, Toolchain=.NET 6.0)",,1,Workload,Warmup,4,674027200,131072,5142.42,154,1,0,10784
TypeHelperBenchmark.'Looping Collection: Normal StringBuilder',DotNetTips.Spargine.Core.BenchmarkTests,TypeHelperBenchmark,'Looping Collection: Normal StringBuilder',Job-XJCAYH,Default,True,Default,Default,Default,Default,Default,Default,Default,Default,Default,Default,Default,Default,Default,Default,Default,Default,Default,Default,Default,True,Default,Default,Default,Default,Default,.NET 6.0,Default,Default,Default,Default,Default,Default,Default,Default,Default,Default,Default,Default,Default,"Job-XJCAYH(EvaluateOverhead=True, Server=True, Toolchain=.NET 6.0)",,1,Workload,Warmup,5,652996500,131072,4981.97,154,1,0,10784
TypeHelperBenchmark.'Looping Collection: Normal StringBuilder',DotNetTips.Spargine.Core.BenchmarkTests,TypeHelperBenchmark,'Looping Collection: Normal StringBuilder',Job-XJCAYH,Default,True,Default,Default,Default,Default,Default,Default,Default,Default,Default,Default,Default,Default,Default,Default,Default,Default,Default,Default,Default,True,Default,Default,Default,Default,Default,.NET 6.0,Default,Default,Default,Default,Default,Default,Default,Default,Default,Default,Default,Default,Default,"Job-XJCAYH(EvaluateOverhead=True, Server=True, Toolchain=.NET 6.0)",,1,Workload,Warmup,6,661881200,131072,5049.75,154,1,0,10784
TypeHelperBenchmark.'Looping Collection: Normal StringBuilder',DotNetTips.Spargine.Core.BenchmarkTests,TypeHelperBenchmark,'Looping Collection: Normal StringBuilder',Job-XJCAYH,Default,True,Default,Default,Default,Default,Default,Default,Default,Default,Default,Default,Default,Default,Default,Default,Default,Default,Default,Default,Default,True,Default,Default,Default,Default,Default,.NET 6.0,Default,Default,Default,Default,Default,Default,Default,Default,Default,Default,Default,Default,Default,"Job-XJCAYH(EvaluateOverhead=True, Server=True, Toolchain=.NET 6.0)",,1,Workload,Warmup,7,671220700,131072,5121.01,154,1,0,10784
TypeHelperBenchmark.'Looping Collection: Normal StringBuilder',DotNetTips.Spargine.Core.BenchmarkTests,TypeHelperBenchmark,'Looping Collection: Normal StringBuilder',Job-XJCAYH,Default,True,Default,Default,Default,Default,Default,Default,Default,Default,Default,Default,Default,Default,Default,Default,Default,Default,Default,Default,Default,True,Default,Default,Default,Default,Default,.NET 6.0,Default,Default,Default,Default,Default,Default,Default,Default,Default,Default,Default,Default,Default,"Job-XJCAYH(EvaluateOverhead=True, Server=True, Toolchain=.NET 6.0)",,1,Workload,Warmup,8,655641800,131072,5002.15,154,1,0,10784
TypeHelperBenchmark.'Looping Collection: Normal StringBuilder',DotNetTips.Spargine.Core.BenchmarkTests,TypeHelperBenchmark,'Looping Collection: Normal StringBuilder',Job-XJCAYH,Default,True,Default,Default,Default,Default,Default,Default,Default,Default,Default,Default,Default,Default,Default,Default,Default,Default,Default,Default,Default,True,Default,Default,Default,Default,Default,.NET 6.0,Default,Default,Default,Default,Default,Default,Default,Default,Default,Default,Default,Default,Default,"Job-XJCAYH(EvaluateOverhead=True, Server=True, Toolchain=.NET 6.0)",,1,Workload,Actual,1,673522800,131072,5138.57,154,1,0,10784
TypeHelperBenchmark.'Looping Collection: Normal StringBuilder',DotNetTips.Spargine.Core.BenchmarkTests,TypeHelperBenchmark,'Looping Collection: Normal StringBuilder',Job-XJCAYH,Default,True,Default,Default,Default,Default,Default,Default,Default,Default,Default,Default,Default,Default,Default,Default,Default,Default,Default,Default,Default,True,Default,Default,Default,Default,Default,.NET 6.0,Default,Default,Default,Default,Default,Default,Default,Default,Default,Default,Default,Default,Default,"Job-XJCAYH(EvaluateOverhead=True, Server=True, Toolchain=.NET 6.0)",,1,Workload,Actual,2,674998800,131072,5149.83,154,1,0,10784
TypeHelperBenchmark.'Looping Collection: Normal StringBuilder',DotNetTips.Spargine.Core.BenchmarkTests,TypeHelperBenchmark,'Looping Collection: Normal StringBuilder',Job-XJCAYH,Default,True,Default,Default,Default,Default,Default,Default,Default,Default,Default,Default,Default,Default,Default,Default,Default,Default,Default,Default,Default,True,Default,Default,Default,Default,Default,.NET 6.0,Default,Default,Default,Default,Default,Default,Default,Default,Default,Default,Default,Default,Default,"Job-XJCAYH(EvaluateOverhead=True, Server=True, Toolchain=.NET 6.0)",,1,Workload,Actual,3,659790500,131072,5033.8,154,1,0,10784
TypeHelperBenchmark.'Looping Collection: Normal StringBuilder',DotNetTips.Spargine.Core.BenchmarkTests,TypeHelperBenchmark,'Looping Collection: Normal StringBuilder',Job-XJCAYH,Default,True,Default,Default,Default,Default,Default,Default,Default,Default,Default,Default,Default,Default,Default,Default,Default,Default,Default,Default,Default,True,Default,Default,Default,Default,Default,.NET 6.0,Default,Default,Default,Default,Default,Default,Default,Default,Default,Default,Default,Default,Default,"Job-XJCAYH(EvaluateOverhead=True, Server=True, Toolchain=.NET 6.0)",,1,Workload,Actual,4,664797700,131072,5072,154,1,0,10784
TypeHelperBenchmark.'Looping Collection: Normal StringBuilder',DotNetTips.Spargine.Core.BenchmarkTests,TypeHelperBenchmark,'Looping Collection: Normal StringBuilder',Job-XJCAYH,Default,True,Default,Default,Default,Default,Default,Default,Default,Default,Default,Default,Default,Default,Default,Default,Default,Default,Default,Default,Default,True,Default,Default,Default,Default,Default,.NET 6.0,Default,Default,Default,Default,Default,Default,Default,Default,Default,Default,Default,Default,Default,"Job-XJCAYH(EvaluateOverhead=True, Server=True, Toolchain=.NET 6.0)",,1,Workload,Actual,5,678424400,131072,5175.97,154,1,0,10784
TypeHelperBenchmark.'Looping Collection: Normal StringBuilder',DotNetTips.Spargine.Core.BenchmarkTests,TypeHelperBenchmark,'Looping Collection: Normal StringBuilder',Job-XJCAYH,Default,True,Default,Default,Default,Default,Default,Default,Default,Default,Default,Default,Default,Default,Default,Default,Default,Default,Default,Default,Default,True,Default,Default,Default,Default,Default,.NET 6.0,Default,Default,Default,Default,Default,Default,Default,Default,Default,Default,Default,Default,Default,"Job-XJCAYH(EvaluateOverhead=True, Server=True, Toolchain=.NET 6.0)",,1,Workload,Actual,6,653308800,131072,4984.35,154,1,0,10784
TypeHelperBenchmark.'Looping Collection: Normal StringBuilder',DotNetTips.Spargine.Core.BenchmarkTests,TypeHelperBenchmark,'Looping Collection: Normal StringBuilder',Job-XJCAYH,Default,True,Default,Default,Default,Default,Default,Default,Default,Default,Default,Default,Default,Default,Default,Default,Default,Default,Default,Default,Default,True,Default,Default,Default,Default,Default,.NET 6.0,Default,Default,Default,Default,Default,Default,Default,Default,Default,Default,Default,Default,Default,"Job-XJCAYH(EvaluateOverhead=True, Server=True, Toolchain=.NET 6.0)",,1,Workload,Actual,7,678467500,131072,5176.3,154,1,0,10784
TypeHelperBenchmark.'Looping Collection: Normal StringBuilder',DotNetTips.Spargine.Core.BenchmarkTests,TypeHelperBenchmark,'Looping Collection: Normal StringBuilder',Job-XJCAYH,Default,True,Default,Default,Default,Default,Default,Default,Default,Default,Default,Default,Default,Default,Default,Default,Default,Default,Default,Default,Default,True,Default,Default,Default,Default,Default,.NET 6.0,Default,Default,Default,Default,Default,Default,Default,Default,Default,Default,Default,Default,Default,"Job-XJCAYH(EvaluateOverhead=True, Server=True, Toolchain=.NET 6.0)",,1,Workload,Actual,8,668162700,131072,5097.68,154,1,0,10784
TypeHelperBenchmark.'Looping Collection: Normal StringBuilder',DotNetTips.Spargine.Core.BenchmarkTests,TypeHelperBenchmark,'Looping Collection: Normal StringBuilder',Job-XJCAYH,Default,True,Default,Default,Default,Default,Default,Default,Default,Default,Default,Default,Default,Default,Default,Default,Default,Default,Default,Default,Default,True,Default,Default,Default,Default,Default,.NET 6.0,Default,Default,Default,Default,Default,Default,Default,Default,Default,Default,Default,Default,Default,"Job-XJCAYH(EvaluateOverhead=True, Server=True, Toolchain=.NET 6.0)",,1,Workload,Actual,9,647105900,131072,4937.03,154,1,0,10784
TypeHelperBenchmark.'Looping Collection: Normal StringBuilder',DotNetTips.Spargine.Core.BenchmarkTests,TypeHelperBenchmark,'Looping Collection: Normal StringBuilder',Job-XJCAYH,Default,True,Default,Default,Default,Default,Default,Default,Default,Default,Default,Default,Default,Default,Default,Default,Default,Default,Default,Default,Default,True,Default,Default,Default,Default,Default,.NET 6.0,Default,Default,Default,Default,Default,Default,Default,Default,Default,Default,Default,Default,Default,"Job-XJCAYH(EvaluateOverhead=True, Server=True, Toolchain=.NET 6.0)",,1,Workload,Actual,10,672926800,131072,5134.02,154,1,0,10784
TypeHelperBenchmark.'Looping Collection: Normal StringBuilder',DotNetTips.Spargine.Core.BenchmarkTests,TypeHelperBenchmark,'Looping Collection: Normal StringBuilder',Job-XJCAYH,Default,True,Default,Default,Default,Default,Default,Default,Default,Default,Default,Default,Default,Default,Default,Default,Default,Default,Default,Default,Default,True,Default,Default,Default,Default,Default,.NET 6.0,Default,Default,Default,Default,Default,Default,Default,Default,Default,Default,Default,Default,Default,"Job-XJCAYH(EvaluateOverhead=True, Server=True, Toolchain=.NET 6.0)",,1,Workload,Actual,11,675124100,131072,5150.79,154,1,0,10784
TypeHelperBenchmark.'Looping Collection: Normal StringBuilder',DotNetTips.Spargine.Core.BenchmarkTests,TypeHelperBenchmark,'Looping Collection: Normal StringBuilder',Job-XJCAYH,Default,True,Default,Default,Default,Default,Default,Default,Default,Default,Default,Default,Default,Default,Default,Default,Default,Default,Default,Default,Default,True,Default,Default,Default,Default,Default,.NET 6.0,Default,Default,Default,Default,Default,Default,Default,Default,Default,Default,Default,Default,Default,"Job-XJCAYH(EvaluateOverhead=True, Server=True, Toolchain=.NET 6.0)",,1,Workload,Actual,12,652552300,131072,4978.58,154,1,0,10784
TypeHelperBenchmark.'Looping Collection: Normal StringBuilder',DotNetTips.Spargine.Core.BenchmarkTests,TypeHelperBenchmark,'Looping Collection: Normal StringBuilder',Job-XJCAYH,Default,True,Default,Default,Default,Default,Default,Default,Default,Default,Default,Default,Default,Default,Default,Default,Default,Default,Default,Default,Default,True,Default,Default,Default,Default,Default,.NET 6.0,Default,Default,Default,Default,Default,Default,Default,Default,Default,Default,Default,Default,Default,"Job-XJCAYH(EvaluateOverhead=True, Server=True, Toolchain=.NET 6.0)",,1,Workload,Actual,13,671299500,131072,5121.61,154,1,0,10784
TypeHelperBenchmark.'Looping Collection: Normal StringBuilder',DotNetTips.Spargine.Core.BenchmarkTests,TypeHelperBenchmark,'Looping Collection: Normal StringBuilder',Job-XJCAYH,Default,True,Default,Default,Default,Default,Default,Default,Default,Default,Default,Default,Default,Default,Default,Default,Default,Default,Default,Default,Default,True,Default,Default,Default,Default,Default,.NET 6.0,Default,Default,Default,Default,Default,Default,Default,Default,Default,Default,Default,Default,Default,"Job-XJCAYH(EvaluateOverhead=True, Server=True, Toolchain=.NET 6.0)",,1,Workload,Actual,14,671412400,131072,5122.47,154,1,0,10784
TypeHelperBenchmark.'Looping Collection: Normal StringBuilder',DotNetTips.Spargine.Core.BenchmarkTests,TypeHelperBenchmark,'Looping Collection: Normal StringBuilder',Job-XJCAYH,Default,True,Default,Default,Default,Default,Default,Default,Default,Default,Default,Default,Default,Default,Default,Default,Default,Default,Default,Default,Default,True,Default,Default,Default,Default,Default,.NET 6.0,Default,Default,Default,Default,Default,Default,Default,Default,Default,Default,Default,Default,Default,"Job-XJCAYH(EvaluateOverhead=True, Server=True, Toolchain=.NET 6.0)",,1,Workload,Actual,15,650046700,131072,4959.46,154,1,0,10784
TypeHelperBenchmark.'Looping Collection: Normal StringBuilder',DotNetTips.Spargine.Core.BenchmarkTests,TypeHelperBenchmark,'Looping Collection: Normal StringBuilder',Job-XJCAYH,Default,True,Default,Default,Default,Default,Default,Default,Default,Default,Default,Default,Default,Default,Default,Default,Default,Default,Default,Default,Default,True,Default,Default,Default,Default,Default,.NET 6.0,Default,Default,Default,Default,Default,Default,Default,Default,Default,Default,Default,Default,Default,"Job-XJCAYH(EvaluateOverhead=True, Server=True, Toolchain=.NET 6.0)",,1,Workload,Result,1,673269800,131072,5136.64,154,1,0,10784
TypeHelperBenchmark.'Looping Collection: Normal StringBuilder',DotNetTips.Spargine.Core.BenchmarkTests,TypeHelperBenchmark,'Looping Collection: Normal StringBuilder',Job-XJCAYH,Default,True,Default,Default,Default,Default,Default,Default,Default,Default,Default,Default,Default,Default,Default,Default,Default,Default,Default,Default,Default,True,Default,Default,Default,Default,Default,.NET 6.0,Default,Default,Default,Default,Default,Default,Default,Default,Default,Default,Default,Default,Default,"Job-XJCAYH(EvaluateOverhead=True, Server=True, Toolchain=.NET 6.0)",,1,Workload,Result,2,674745800,131072,5147.9,154,1,0,10784
TypeHelperBenchmark.'Looping Collection: Normal StringBuilder',DotNetTips.Spargine.Core.BenchmarkTests,TypeHelperBenchmark,'Looping Collection: Normal StringBuilder',Job-XJCAYH,Default,True,Default,Default,Default,Default,Default,Default,Default,Default,Default,Default,Default,Default,Default,Default,Default,Default,Default,Default,Default,True,Default,Default,Default,Default,Default,.NET 6.0,Default,Default,Default,Default,Default,Default,Default,Default,Default,Default,Default,Default,Default,"Job-XJCAYH(EvaluateOverhead=True, Server=True, Toolchain=.NET 6.0)",,1,Workload,Result,3,659537500,131072,5031.87,154,1,0,10784
TypeHelperBenchmark.'Looping Collection: Normal StringBuilder',DotNetTips.Spargine.Core.BenchmarkTests,TypeHelperBenchmark,'Looping Collection: Normal StringBuilder',Job-XJCAYH,Default,True,Default,Default,Default,Default,Default,Default,Default,Default,Default,Default,Default,Default,Default,Default,Default,Default,Default,Default,Default,True,Default,Default,Default,Default,Default,.NET 6.0,Default,Default,Default,Default,Default,Default,Default,Default,Default,Default,Default,Default,Default,"Job-XJCAYH(EvaluateOverhead=True, Server=True, Toolchain=.NET 6.0)",,1,Workload,Result,4,664544700,131072,5070.07,154,1,0,10784
TypeHelperBenchmark.'Looping Collection: Normal StringBuilder',DotNetTips.Spargine.Core.BenchmarkTests,TypeHelperBenchmark,'Looping Collection: Normal StringBuilder',Job-XJCAYH,Default,True,Default,Default,Default,Default,Default,Default,Default,Default,Default,Default,Default,Default,Default,Default,Default,Default,Default,Default,Default,True,Default,Default,Default,Default,Default,.NET 6.0,Default,Default,Default,Default,Default,Default,Default,Default,Default,Default,Default,Default,Default,"Job-XJCAYH(EvaluateOverhead=True, Server=True, Toolchain=.NET 6.0)",,1,Workload,Result,5,678171400,131072,5174.04,154,1,0,10784
TypeHelperBenchmark.'Looping Collection: Normal StringBuilder',DotNetTips.Spargine.Core.BenchmarkTests,TypeHelperBenchmark,'Looping Collection: Normal StringBuilder',Job-XJCAYH,Default,True,Default,Default,Default,Default,Default,Default,Default,Default,Default,Default,Default,Default,Default,Default,Default,Default,Default,Default,Default,True,Default,Default,Default,Default,Default,.NET 6.0,Default,Default,Default,Default,Default,Default,Default,Default,Default,Default,Default,Default,Default,"Job-XJCAYH(EvaluateOverhead=True, Server=True, Toolchain=.NET 6.0)",,1,Workload,Result,6,653055800,131072,4982.42,154,1,0,10784
TypeHelperBenchmark.'Looping Collection: Normal StringBuilder',DotNetTips.Spargine.Core.BenchmarkTests,TypeHelperBenchmark,'Looping Collection: Normal StringBuilder',Job-XJCAYH,Default,True,Default,Default,Default,Default,Default,Default,Default,Default,Default,Default,Default,Default,Default,Default,Default,Default,Default,Default,Default,True,Default,Default,Default,Default,Default,.NET 6.0,Default,Default,Default,Default,Default,Default,Default,Default,Default,Default,Default,Default,Default,"Job-XJCAYH(EvaluateOverhead=True, Server=True, Toolchain=.NET 6.0)",,1,Workload,Result,7,678214500,131072,5174.37,154,1,0,10784
TypeHelperBenchmark.'Looping Collection: Normal StringBuilder',DotNetTips.Spargine.Core.BenchmarkTests,TypeHelperBenchmark,'Looping Collection: Normal StringBuilder',Job-XJCAYH,Default,True,Default,Default,Default,Default,Default,Default,Default,Default,Default,Default,Default,Default,Default,Default,Default,Default,Default,Default,Default,True,Default,Default,Default,Default,Default,.NET 6.0,Default,Default,Default,Default,Default,Default,Default,Default,Default,Default,Default,Default,Default,"Job-XJCAYH(EvaluateOverhead=True, Server=True, Toolchain=.NET 6.0)",,1,Workload,Result,8,667909700,131072,5095.75,154,1,0,10784
TypeHelperBenchmark.'Looping Collection: Normal StringBuilder',DotNetTips.Spargine.Core.BenchmarkTests,TypeHelperBenchmark,'Looping Collection: Normal StringBuilder',Job-XJCAYH,Default,True,Default,Default,Default,Default,Default,Default,Default,Default,Default,Default,Default,Default,Default,Default,Default,Default,Default,Default,Default,True,Default,Default,Default,Default,Default,.NET 6.0,Default,Default,Default,Default,Default,Default,Default,Default,Default,Default,Default,Default,Default,"Job-XJCAYH(EvaluateOverhead=True, Server=True, Toolchain=.NET 6.0)",,1,Workload,Result,9,646852900,131072,4935.1,154,1,0,10784
TypeHelperBenchmark.'Looping Collection: Normal StringBuilder',DotNetTips.Spargine.Core.BenchmarkTests,TypeHelperBenchmark,'Looping Collection: Normal StringBuilder',Job-XJCAYH,Default,True,Default,Default,Default,Default,Default,Default,Default,Default,Default,Default,Default,Default,Default,Default,Default,Default,Default,Default,Default,True,Default,Default,Default,Default,Default,.NET 6.0,Default,Default,Default,Default,Default,Default,Default,Default,Default,Default,Default,Default,Default,"Job-XJCAYH(EvaluateOverhead=True, Server=True, Toolchain=.NET 6.0)",,1,Workload,Result,10,672673800,131072,5132.09,154,1,0,10784
TypeHelperBenchmark.'Looping Collection: Normal StringBuilder',DotNetTips.Spargine.Core.BenchmarkTests,TypeHelperBenchmark,'Looping Collection: Normal StringBuilder',Job-XJCAYH,Default,True,Default,Default,Default,Default,Default,Default,Default,Default,Default,Default,Default,Default,Default,Default,Default,Default,Default,Default,Default,True,Default,Default,Default,Default,Default,.NET 6.0,Default,Default,Default,Default,Default,Default,Default,Default,Default,Default,Default,Default,Default,"Job-XJCAYH(EvaluateOverhead=True, Server=True, Toolchain=.NET 6.0)",,1,Workload,Result,11,674871100,131072,5148.86,154,1,0,10784
TypeHelperBenchmark.'Looping Collection: Normal StringBuilder',DotNetTips.Spargine.Core.BenchmarkTests,TypeHelperBenchmark,'Looping Collection: Normal StringBuilder',Job-XJCAYH,Default,True,Default,Default,Default,Default,Default,Default,Default,Default,Default,Default,Default,Default,Default,Default,Default,Default,Default,Default,Default,True,Default,Default,Default,Default,Default,.NET 6.0,Default,Default,Default,Default,Default,Default,Default,Default,Default,Default,Default,Default,Default,"Job-XJCAYH(EvaluateOverhead=True, Server=True, Toolchain=.NET 6.0)",,1,Workload,Result,12,652299300,131072,4976.65,154,1,0,10784
TypeHelperBenchmark.'Looping Collection: Normal StringBuilder',DotNetTips.Spargine.Core.BenchmarkTests,TypeHelperBenchmark,'Looping Collection: Normal StringBuilder',Job-XJCAYH,Default,True,Default,Default,Default,Default,Default,Default,Default,Default,Default,Default,Default,Default,Default,Default,Default,Default,Default,Default,Default,True,Default,Default,Default,Default,Default,.NET 6.0,Default,Default,Default,Default,Default,Default,Default,Default,Default,Default,Default,Default,Default,"Job-XJCAYH(EvaluateOverhead=True, Server=True, Toolchain=.NET 6.0)",,1,Workload,Result,13,671046500,131072,5119.68,154,1,0,10784
TypeHelperBenchmark.'Looping Collection: Normal StringBuilder',DotNetTips.Spargine.Core.BenchmarkTests,TypeHelperBenchmark,'Looping Collection: Normal StringBuilder',Job-XJCAYH,Default,True,Default,Default,Default,Default,Default,Default,Default,Default,Default,Default,Default,Default,Default,Default,Default,Default,Default,Default,Default,True,Default,Default,Default,Default,Default,.NET 6.0,Default,Default,Default,Default,Default,Default,Default,Default,Default,Default,Default,Default,Default,"Job-XJCAYH(EvaluateOverhead=True, Server=True, Toolchain=.NET 6.0)",,1,Workload,Result,14,671159400,131072,5120.54,154,1,0,10784
TypeHelperBenchmark.'Looping Collection: Normal StringBuilder',DotNetTips.Spargine.Core.BenchmarkTests,TypeHelperBenchmark,'Looping Collection: Normal StringBuilder',Job-XJCAYH,Default,True,Default,Default,Default,Default,Default,Default,Default,Default,Default,Default,Default,Default,Default,Default,Default,Default,Default,Default,Default,True,Default,Default,Default,Default,Default,.NET 6.0,Default,Default,Default,Default,Default,Default,Default,Default,Default,Default,Default,Default,Default,"Job-XJCAYH(EvaluateOverhead=True, Server=True, Toolchain=.NET 6.0)",,1,Workload,Result,15,649793700,131072,4957.53,154,1,0,10784
TypeHelperBenchmark.GetPropertyValues,DotNetTips.Spargine.Core.BenchmarkTests,TypeHelperBenchmark,GetPropertyValues,Job-XJCAYH,Default,True,Default,Default,Default,Default,Default,Default,Default,Default,Default,Default,Default,Default,Default,Default,Default,Default,Default,Default,Default,True,Default,Default,Default,Default,Default,.NET 6.0,Default,Default,Default,Default,Default,Default,Default,Default,Default,Default,Default,Default,Default,"Job-XJCAYH(EvaluateOverhead=True, Server=True, Toolchain=.NET 6.0)",,1,Overhead,Jitting,1,240800,1,240800,11,0,0,6178
TypeHelperBenchmark.GetPropertyValues,DotNetTips.Spargine.Core.BenchmarkTests,TypeHelperBenchmark,GetPropertyValues,Job-XJCAYH,Default,True,Default,Default,Default,Default,Default,Default,Default,Default,Default,Default,Default,Default,Default,Default,Default,Default,Default,Default,Default,True,Default,Default,Default,Default,Default,.NET 6.0,Default,Default,Default,Default,Default,Default,Default,Default,Default,Default,Default,Default,Default,"Job-XJCAYH(EvaluateOverhead=True, Server=True, Toolchain=.NET 6.0)",,1,Workload,Jitting,1,10995800,1,10995800,11,0,0,6178
TypeHelperBenchmark.GetPropertyValues,DotNetTips.Spargine.Core.BenchmarkTests,TypeHelperBenchmark,GetPropertyValues,Job-XJCAYH,Default,True,Default,Default,Default,Default,Default,Default,Default,Default,Default,Default,Default,Default,Default,Default,Default,Default,Default,Default,Default,True,Default,Default,Default,Default,Default,.NET 6.0,Default,Default,Default,Default,Default,Default,Default,Default,Default,Default,Default,Default,Default,"Job-XJCAYH(EvaluateOverhead=True, Server=True, Toolchain=.NET 6.0)",,1,Overhead,Jitting,2,208600,16,13037.5,11,0,0,6178
TypeHelperBenchmark.GetPropertyValues,DotNetTips.Spargine.Core.BenchmarkTests,TypeHelperBenchmark,GetPropertyValues,Job-XJCAYH,Default,True,Default,Default,Default,Default,Default,Default,Default,Default,Default,Default,Default,Default,Default,Default,Default,Default,Default,Default,Default,True,Default,Default,Default,Default,Default,.NET 6.0,Default,Default,Default,Default,Default,Default,Default,Default,Default,Default,Default,Default,Default,"Job-XJCAYH(EvaluateOverhead=True, Server=True, Toolchain=.NET 6.0)",,1,Workload,Jitting,2,1546100,16,96631.25,11,0,0,6178
TypeHelperBenchmark.GetPropertyValues,DotNetTips.Spargine.Core.BenchmarkTests,TypeHelperBenchmark,GetPropertyValues,Job-XJCAYH,Default,True,Default,Default,Default,Default,Default,Default,Default,Default,Default,Default,Default,Default,Default,Default,Default,Default,Default,Default,Default,True,Default,Default,Default,Default,Default,.NET 6.0,Default,Default,Default,Default,Default,Default,Default,Default,Default,Default,Default,Default,Default,"Job-XJCAYH(EvaluateOverhead=True, Server=True, Toolchain=.NET 6.0)",,1,Workload,Pilot,1,996200,16,62262.5,11,0,0,6178
TypeHelperBenchmark.GetPropertyValues,DotNetTips.Spargine.Core.BenchmarkTests,TypeHelperBenchmark,GetPropertyValues,Job-XJCAYH,Default,True,Default,Default,Default,Default,Default,Default,Default,Default,Default,Default,Default,Default,Default,Default,Default,Default,Default,Default,Default,True,Default,Default,Default,Default,Default,.NET 6.0,Default,Default,Default,Default,Default,Default,Default,Default,Default,Default,Default,Default,Default,"Job-XJCAYH(EvaluateOverhead=True, Server=True, Toolchain=.NET 6.0)",,1,Workload,Pilot,2,1939400,32,60606.25,11,0,0,6178
TypeHelperBenchmark.GetPropertyValues,DotNetTips.Spargine.Core.BenchmarkTests,TypeHelperBenchmark,GetPropertyValues,Job-XJCAYH,Default,True,Default,Default,Default,Default,Default,Default,Default,Default,Default,Default,Default,Default,Default,Default,Default,Default,Default,Default,Default,True,Default,Default,Default,Default,Default,.NET 6.0,Default,Default,Default,Default,Default,Default,Default,Default,Default,Default,Default,Default,Default,"Job-XJCAYH(EvaluateOverhead=True, Server=True, Toolchain=.NET 6.0)",,1,Workload,Pilot,3,3879800,64,60621.88,11,0,0,6178
TypeHelperBenchmark.GetPropertyValues,DotNetTips.Spargine.Core.BenchmarkTests,TypeHelperBenchmark,GetPropertyValues,Job-XJCAYH,Default,True,Default,Default,Default,Default,Default,Default,Default,Default,Default,Default,Default,Default,Default,Default,Default,Default,Default,Default,Default,True,Default,Default,Default,Default,Default,.NET 6.0,Default,Default,Default,Default,Default,Default,Default,Default,Default,Default,Default,Default,Default,"Job-XJCAYH(EvaluateOverhead=True, Server=True, Toolchain=.NET 6.0)",,1,Workload,Pilot,4,7059700,128,55153.91,11,0,0,6178
TypeHelperBenchmark.GetPropertyValues,DotNetTips.Spargine.Core.BenchmarkTests,TypeHelperBenchmark,GetPropertyValues,Job-XJCAYH,Default,True,Default,Default,Default,Default,Default,Default,Default,Default,Default,Default,Default,Default,Default,Default,Default,Default,Default,Default,Default,True,Default,Default,Default,Default,Default,.NET 6.0,Default,Default,Default,Default,Default,Default,Default,Default,Default,Default,Default,Default,Default,"Job-XJCAYH(EvaluateOverhead=True, Server=True, Toolchain=.NET 6.0)",,1,Workload,Pilot,5,13268200,256,51828.91,11,0,0,6178
TypeHelperBenchmark.GetPropertyValues,DotNetTips.Spargine.Core.BenchmarkTests,TypeHelperBenchmark,GetPropertyValues,Job-XJCAYH,Default,True,Default,Default,Default,Default,Default,Default,Default,Default,Default,Default,Default,Default,Default,Default,Default,Default,Default,Default,Default,True,Default,Default,Default,Default,Default,.NET 6.0,Default,Default,Default,Default,Default,Default,Default,Default,Default,Default,Default,Default,Default,"Job-XJCAYH(EvaluateOverhead=True, Server=True, Toolchain=.NET 6.0)",,1,Workload,Pilot,6,27152900,512,53033.01,11,0,0,6178
TypeHelperBenchmark.GetPropertyValues,DotNetTips.Spargine.Core.BenchmarkTests,TypeHelperBenchmark,GetPropertyValues,Job-XJCAYH,Default,True,Default,Default,Default,Default,Default,Default,Default,Default,Default,Default,Default,Default,Default,Default,Default,Default,Default,Default,Default,True,Default,Default,Default,Default,Default,.NET 6.0,Default,Default,Default,Default,Default,Default,Default,Default,Default,Default,Default,Default,Default,"Job-XJCAYH(EvaluateOverhead=True, Server=True, Toolchain=.NET 6.0)",,1,Workload,Pilot,7,51781700,1024,50568.07,11,0,0,6178
TypeHelperBenchmark.GetPropertyValues,DotNetTips.Spargine.Core.BenchmarkTests,TypeHelperBenchmark,GetPropertyValues,Job-XJCAYH,Default,True,Default,Default,Default,Default,Default,Default,Default,Default,Default,Default,Default,Default,Default,Default,Default,Default,Default,Default,Default,True,Default,Default,Default,Default,Default,.NET 6.0,Default,Default,Default,Default,Default,Default,Default,Default,Default,Default,Default,Default,Default,"Job-XJCAYH(EvaluateOverhead=True, Server=True, Toolchain=.NET 6.0)",,1,Workload,Pilot,8,96552000,2048,47144.53,11,0,0,6178
TypeHelperBenchmark.GetPropertyValues,DotNetTips.Spargine.Core.BenchmarkTests,TypeHelperBenchmark,GetPropertyValues,Job-XJCAYH,Default,True,Default,Default,Default,Default,Default,Default,Default,Default,Default,Default,Default,Default,Default,Default,Default,Default,Default,Default,Default,True,Default,Default,Default,Default,Default,.NET 6.0,Default,Default,Default,Default,Default,Default,Default,Default,Default,Default,Default,Default,Default,"Job-XJCAYH(EvaluateOverhead=True, Server=True, Toolchain=.NET 6.0)",,1,Workload,Pilot,9,166874600,4096,40740.87,11,0,0,6178
TypeHelperBenchmark.GetPropertyValues,DotNetTips.Spargine.Core.BenchmarkTests,TypeHelperBenchmark,GetPropertyValues,Job-XJCAYH,Default,True,Default,Default,Default,Default,Default,Default,Default,Default,Default,Default,Default,Default,Default,Default,Default,Default,Default,Default,Default,True,Default,Default,Default,Default,Default,.NET 6.0,Default,Default,Default,Default,Default,Default,Default,Default,Default,Default,Default,Default,Default,"Job-XJCAYH(EvaluateOverhead=True, Server=True, Toolchain=.NET 6.0)",,1,Workload,Pilot,10,307763200,8192,37568.75,11,0,0,6178
TypeHelperBenchmark.GetPropertyValues,DotNetTips.Spargine.Core.BenchmarkTests,TypeHelperBenchmark,GetPropertyValues,Job-XJCAYH,Default,True,Default,Default,Default,Default,Default,Default,Default,Default,Default,Default,Default,Default,Default,Default,Default,Default,Default,Default,Default,True,Default,Default,Default,Default,Default,.NET 6.0,Default,Default,Default,Default,Default,Default,Default,Default,Default,Default,Default,Default,Default,"Job-XJCAYH(EvaluateOverhead=True, Server=True, Toolchain=.NET 6.0)",,1,Workload,Pilot,11,586295900,16384,35784.66,11,0,0,6178
TypeHelperBenchmark.GetPropertyValues,DotNetTips.Spargine.Core.BenchmarkTests,TypeHelperBenchmark,GetPropertyValues,Job-XJCAYH,Default,True,Default,Default,Default,Default,Default,Default,Default,Default,Default,Default,Default,Default,Default,Default,Default,Default,Default,Default,Default,True,Default,Default,Default,Default,Default,.NET 6.0,Default,Default,Default,Default,Default,Default,Default,Default,Default,Default,Default,Default,Default,"Job-XJCAYH(EvaluateOverhead=True, Server=True, Toolchain=.NET 6.0)",,1,Overhead,Warmup,1,33800,16384,2.06,11,0,0,6178
TypeHelperBenchmark.GetPropertyValues,DotNetTips.Spargine.Core.BenchmarkTests,TypeHelperBenchmark,GetPropertyValues,Job-XJCAYH,Default,True,Default,Default,Default,Default,Default,Default,Default,Default,Default,Default,Default,Default,Default,Default,Default,Default,Default,Default,Default,True,Default,Default,Default,Default,Default,.NET 6.0,Default,Default,Default,Default,Default,Default,Default,Default,Default,Default,Default,Default,Default,"Job-XJCAYH(EvaluateOverhead=True, Server=True, Toolchain=.NET 6.0)",,1,Overhead,Warmup,2,32000,16384,1.95,11,0,0,6178
TypeHelperBenchmark.GetPropertyValues,DotNetTips.Spargine.Core.BenchmarkTests,TypeHelperBenchmark,GetPropertyValues,Job-XJCAYH,Default,True,Default,Default,Default,Default,Default,Default,Default,Default,Default,Default,Default,Default,Default,Default,Default,Default,Default,Default,Default,True,Default,Default,Default,Default,Default,.NET 6.0,Default,Default,Default,Default,Default,Default,Default,Default,Default,Default,Default,Default,Default,"Job-XJCAYH(EvaluateOverhead=True, Server=True, Toolchain=.NET 6.0)",,1,Overhead,Warmup,3,35200,16384,2.15,11,0,0,6178
TypeHelperBenchmark.GetPropertyValues,DotNetTips.Spargine.Core.BenchmarkTests,TypeHelperBenchmark,GetPropertyValues,Job-XJCAYH,Default,True,Default,Default,Default,Default,Default,Default,Default,Default,Default,Default,Default,Default,Default,Default,Default,Default,Default,Default,Default,True,Default,Default,Default,Default,Default,.NET 6.0,Default,Default,Default,Default,Default,Default,Default,Default,Default,Default,Default,Default,Default,"Job-XJCAYH(EvaluateOverhead=True, Server=True, Toolchain=.NET 6.0)",,1,Overhead,Warmup,4,39200,16384,2.39,11,0,0,6178
TypeHelperBenchmark.GetPropertyValues,DotNetTips.Spargine.Core.BenchmarkTests,TypeHelperBenchmark,GetPropertyValues,Job-XJCAYH,Default,True,Default,Default,Default,Default,Default,Default,Default,Default,Default,Default,Default,Default,Default,Default,Default,Default,Default,Default,Default,True,Default,Default,Default,Default,Default,.NET 6.0,Default,Default,Default,Default,Default,Default,Default,Default,Default,Default,Default,Default,Default,"Job-XJCAYH(EvaluateOverhead=True, Server=True, Toolchain=.NET 6.0)",,1,Overhead,Warmup,5,42800,16384,2.61,11,0,0,6178
TypeHelperBenchmark.GetPropertyValues,DotNetTips.Spargine.Core.BenchmarkTests,TypeHelperBenchmark,GetPropertyValues,Job-XJCAYH,Default,True,Default,Default,Default,Default,Default,Default,Default,Default,Default,Default,Default,Default,Default,Default,Default,Default,Default,Default,Default,True,Default,Default,Default,Default,Default,.NET 6.0,Default,Default,Default,Default,Default,Default,Default,Default,Default,Default,Default,Default,Default,"Job-XJCAYH(EvaluateOverhead=True, Server=True, Toolchain=.NET 6.0)",,1,Overhead,Warmup,6,42500,16384,2.59,11,0,0,6178
TypeHelperBenchmark.GetPropertyValues,DotNetTips.Spargine.Core.BenchmarkTests,TypeHelperBenchmark,GetPropertyValues,Job-XJCAYH,Default,True,Default,Default,Default,Default,Default,Default,Default,Default,Default,Default,Default,Default,Default,Default,Default,Default,Default,Default,Default,True,Default,Default,Default,Default,Default,.NET 6.0,Default,Default,Default,Default,Default,Default,Default,Default,Default,Default,Default,Default,Default,"Job-XJCAYH(EvaluateOverhead=True, Server=True, Toolchain=.NET 6.0)",,1,Overhead,Warmup,7,39600,16384,2.42,11,0,0,6178
TypeHelperBenchmark.GetPropertyValues,DotNetTips.Spargine.Core.BenchmarkTests,TypeHelperBenchmark,GetPropertyValues,Job-XJCAYH,Default,True,Default,Default,Default,Default,Default,Default,Default,Default,Default,Default,Default,Default,Default,Default,Default,Default,Default,Default,Default,True,Default,Default,Default,Default,Default,.NET 6.0,Default,Default,Default,Default,Default,Default,Default,Default,Default,Default,Default,Default,Default,"Job-XJCAYH(EvaluateOverhead=True, Server=True, Toolchain=.NET 6.0)",,1,Overhead,Warmup,8,38200,16384,2.33,11,0,0,6178
TypeHelperBenchmark.GetPropertyValues,DotNetTips.Spargine.Core.BenchmarkTests,TypeHelperBenchmark,GetPropertyValues,Job-XJCAYH,Default,True,Default,Default,Default,Default,Default,Default,Default,Default,Default,Default,Default,Default,Default,Default,Default,Default,Default,Default,Default,True,Default,Default,Default,Default,Default,.NET 6.0,Default,Default,Default,Default,Default,Default,Default,Default,Default,Default,Default,Default,Default,"Job-XJCAYH(EvaluateOverhead=True, Server=True, Toolchain=.NET 6.0)",,1,Overhead,Warmup,9,39100,16384,2.39,11,0,0,6178
TypeHelperBenchmark.GetPropertyValues,DotNetTips.Spargine.Core.BenchmarkTests,TypeHelperBenchmark,GetPropertyValues,Job-XJCAYH,Default,True,Default,Default,Default,Default,Default,Default,Default,Default,Default,Default,Default,Default,Default,Default,Default,Default,Default,Default,Default,True,Default,Default,Default,Default,Default,.NET 6.0,Default,Default,Default,Default,Default,Default,Default,Default,Default,Default,Default,Default,Default,"Job-XJCAYH(EvaluateOverhead=True, Server=True, Toolchain=.NET 6.0)",,1,Overhead,Warmup,10,38000,16384,2.32,11,0,0,6178
TypeHelperBenchmark.GetPropertyValues,DotNetTips.Spargine.Core.BenchmarkTests,TypeHelperBenchmark,GetPropertyValues,Job-XJCAYH,Default,True,Default,Default,Default,Default,Default,Default,Default,Default,Default,Default,Default,Default,Default,Default,Default,Default,Default,Default,Default,True,Default,Default,Default,Default,Default,.NET 6.0,Default,Default,Default,Default,Default,Default,Default,Default,Default,Default,Default,Default,Default,"Job-XJCAYH(EvaluateOverhead=True, Server=True, Toolchain=.NET 6.0)",,1,Overhead,Actual,1,32100,16384,1.96,11,0,0,6178
TypeHelperBenchmark.GetPropertyValues,DotNetTips.Spargine.Core.BenchmarkTests,TypeHelperBenchmark,GetPropertyValues,Job-XJCAYH,Default,True,Default,Default,Default,Default,Default,Default,Default,Default,Default,Default,Default,Default,Default,Default,Default,Default,Default,Default,Default,True,Default,Default,Default,Default,Default,.NET 6.0,Default,Default,Default,Default,Default,Default,Default,Default,Default,Default,Default,Default,Default,"Job-XJCAYH(EvaluateOverhead=True, Server=True, Toolchain=.NET 6.0)",,1,Overhead,Actual,2,32100,16384,1.96,11,0,0,6178
TypeHelperBenchmark.GetPropertyValues,DotNetTips.Spargine.Core.BenchmarkTests,TypeHelperBenchmark,GetPropertyValues,Job-XJCAYH,Default,True,Default,Default,Default,Default,Default,Default,Default,Default,Default,Default,Default,Default,Default,Default,Default,Default,Default,Default,Default,True,Default,Default,Default,Default,Default,.NET 6.0,Default,Default,Default,Default,Default,Default,Default,Default,Default,Default,Default,Default,Default,"Job-XJCAYH(EvaluateOverhead=True, Server=True, Toolchain=.NET 6.0)",,1,Overhead,Actual,3,33300,16384,2.03,11,0,0,6178
TypeHelperBenchmark.GetPropertyValues,DotNetTips.Spargine.Core.BenchmarkTests,TypeHelperBenchmark,GetPropertyValues,Job-XJCAYH,Default,True,Default,Default,Default,Default,Default,Default,Default,Default,Default,Default,Default,Default,Default,Default,Default,Default,Default,Default,Default,True,Default,Default,Default,Default,Default,.NET 6.0,Default,Default,Default,Default,Default,Default,Default,Default,Default,Default,Default,Default,Default,"Job-XJCAYH(EvaluateOverhead=True, Server=True, Toolchain=.NET 6.0)",,1,Overhead,Actual,4,32200,16384,1.97,11,0,0,6178
TypeHelperBenchmark.GetPropertyValues,DotNetTips.Spargine.Core.BenchmarkTests,TypeHelperBenchmark,GetPropertyValues,Job-XJCAYH,Default,True,Default,Default,Default,Default,Default,Default,Default,Default,Default,Default,Default,Default,Default,Default,Default,Default,Default,Default,Default,True,Default,Default,Default,Default,Default,.NET 6.0,Default,Default,Default,Default,Default,Default,Default,Default,Default,Default,Default,Default,Default,"Job-XJCAYH(EvaluateOverhead=True, Server=True, Toolchain=.NET 6.0)",,1,Overhead,Actual,5,32200,16384,1.97,11,0,0,6178
TypeHelperBenchmark.GetPropertyValues,DotNetTips.Spargine.Core.BenchmarkTests,TypeHelperBenchmark,GetPropertyValues,Job-XJCAYH,Default,True,Default,Default,Default,Default,Default,Default,Default,Default,Default,Default,Default,Default,Default,Default,Default,Default,Default,Default,Default,True,Default,Default,Default,Default,Default,.NET 6.0,Default,Default,Default,Default,Default,Default,Default,Default,Default,Default,Default,Default,Default,"Job-XJCAYH(EvaluateOverhead=True, Server=True, Toolchain=.NET 6.0)",,1,Overhead,Actual,6,38100,16384,2.33,11,0,0,6178
TypeHelperBenchmark.GetPropertyValues,DotNetTips.Spargine.Core.BenchmarkTests,TypeHelperBenchmark,GetPropertyValues,Job-XJCAYH,Default,True,Default,Default,Default,Default,Default,Default,Default,Default,Default,Default,Default,Default,Default,Default,Default,Default,Default,Default,Default,True,Default,Default,Default,Default,Default,.NET 6.0,Default,Default,Default,Default,Default,Default,Default,Default,Default,Default,Default,Default,Default,"Job-XJCAYH(EvaluateOverhead=True, Server=True, Toolchain=.NET 6.0)",,1,Overhead,Actual,7,41900,16384,2.56,11,0,0,6178
TypeHelperBenchmark.GetPropertyValues,DotNetTips.Spargine.Core.BenchmarkTests,TypeHelperBenchmark,GetPropertyValues,Job-XJCAYH,Default,True,Default,Default,Default,Default,Default,Default,Default,Default,Default,Default,Default,Default,Default,Default,Default,Default,Default,Default,Default,True,Default,Default,Default,Default,Default,.NET 6.0,Default,Default,Default,Default,Default,Default,Default,Default,Default,Default,Default,Default,Default,"Job-XJCAYH(EvaluateOverhead=True, Server=True, Toolchain=.NET 6.0)",,1,Overhead,Actual,8,36500,16384,2.23,11,0,0,6178
TypeHelperBenchmark.GetPropertyValues,DotNetTips.Spargine.Core.BenchmarkTests,TypeHelperBenchmark,GetPropertyValues,Job-XJCAYH,Default,True,Default,Default,Default,Default,Default,Default,Default,Default,Default,Default,Default,Default,Default,Default,Default,Default,Default,Default,Default,True,Default,Default,Default,Default,Default,.NET 6.0,Default,Default,Default,Default,Default,Default,Default,Default,Default,Default,Default,Default,Default,"Job-XJCAYH(EvaluateOverhead=True, Server=True, Toolchain=.NET 6.0)",,1,Overhead,Actual,9,36800,16384,2.25,11,0,0,6178
TypeHelperBenchmark.GetPropertyValues,DotNetTips.Spargine.Core.BenchmarkTests,TypeHelperBenchmark,GetPropertyValues,Job-XJCAYH,Default,True,Default,Default,Default,Default,Default,Default,Default,Default,Default,Default,Default,Default,Default,Default,Default,Default,Default,Default,Default,True,Default,Default,Default,Default,Default,.NET 6.0,Default,Default,Default,Default,Default,Default,Default,Default,Default,Default,Default,Default,Default,"Job-XJCAYH(EvaluateOverhead=True, Server=True, Toolchain=.NET 6.0)",,1,Overhead,Actual,10,36900,16384,2.25,11,0,0,6178
TypeHelperBenchmark.GetPropertyValues,DotNetTips.Spargine.Core.BenchmarkTests,TypeHelperBenchmark,GetPropertyValues,Job-XJCAYH,Default,True,Default,Default,Default,Default,Default,Default,Default,Default,Default,Default,Default,Default,Default,Default,Default,Default,Default,Default,Default,True,Default,Default,Default,Default,Default,.NET 6.0,Default,Default,Default,Default,Default,Default,Default,Default,Default,Default,Default,Default,Default,"Job-XJCAYH(EvaluateOverhead=True, Server=True, Toolchain=.NET 6.0)",,1,Overhead,Actual,11,39600,16384,2.42,11,0,0,6178
TypeHelperBenchmark.GetPropertyValues,DotNetTips.Spargine.Core.BenchmarkTests,TypeHelperBenchmark,GetPropertyValues,Job-XJCAYH,Default,True,Default,Default,Default,Default,Default,Default,Default,Default,Default,Default,Default,Default,Default,Default,Default,Default,Default,Default,Default,True,Default,Default,Default,Default,Default,.NET 6.0,Default,Default,Default,Default,Default,Default,Default,Default,Default,Default,Default,Default,Default,"Job-XJCAYH(EvaluateOverhead=True, Server=True, Toolchain=.NET 6.0)",,1,Overhead,Actual,12,35600,16384,2.17,11,0,0,6178
TypeHelperBenchmark.GetPropertyValues,DotNetTips.Spargine.Core.BenchmarkTests,TypeHelperBenchmark,GetPropertyValues,Job-XJCAYH,Default,True,Default,Default,Default,Default,Default,Default,Default,Default,Default,Default,Default,Default,Default,Default,Default,Default,Default,Default,Default,True,Default,Default,Default,Default,Default,.NET 6.0,Default,Default,Default,Default,Default,Default,Default,Default,Default,Default,Default,Default,Default,"Job-XJCAYH(EvaluateOverhead=True, Server=True, Toolchain=.NET 6.0)",,1,Overhead,Actual,13,38600,16384,2.36,11,0,0,6178
TypeHelperBenchmark.GetPropertyValues,DotNetTips.Spargine.Core.BenchmarkTests,TypeHelperBenchmark,GetPropertyValues,Job-XJCAYH,Default,True,Default,Default,Default,Default,Default,Default,Default,Default,Default,Default,Default,Default,Default,Default,Default,Default,Default,Default,Default,True,Default,Default,Default,Default,Default,.NET 6.0,Default,Default,Default,Default,Default,Default,Default,Default,Default,Default,Default,Default,Default,"Job-XJCAYH(EvaluateOverhead=True, Server=True, Toolchain=.NET 6.0)",,1,Overhead,Actual,14,40500,16384,2.47,11,0,0,6178
TypeHelperBenchmark.GetPropertyValues,DotNetTips.Spargine.Core.BenchmarkTests,TypeHelperBenchmark,GetPropertyValues,Job-XJCAYH,Default,True,Default,Default,Default,Default,Default,Default,Default,Default,Default,Default,Default,Default,Default,Default,Default,Default,Default,Default,Default,True,Default,Default,Default,Default,Default,.NET 6.0,Default,Default,Default,Default,Default,Default,Default,Default,Default,Default,Default,Default,Default,"Job-XJCAYH(EvaluateOverhead=True, Server=True, Toolchain=.NET 6.0)",,1,Overhead,Actual,15,33000,16384,2.01,11,0,0,6178
TypeHelperBenchmark.GetPropertyValues,DotNetTips.Spargine.Core.BenchmarkTests,TypeHelperBenchmark,GetPropertyValues,Job-XJCAYH,Default,True,Default,Default,Default,Default,Default,Default,Default,Default,Default,Default,Default,Default,Default,Default,Default,Default,Default,Default,Default,True,Default,Default,Default,Default,Default,.NET 6.0,Default,Default,Default,Default,Default,Default,Default,Default,Default,Default,Default,Default,Default,"Job-XJCAYH(EvaluateOverhead=True, Server=True, Toolchain=.NET 6.0)",,1,Overhead,Actual,16,59500,16384,3.63,11,0,0,6178
TypeHelperBenchmark.GetPropertyValues,DotNetTips.Spargine.Core.BenchmarkTests,TypeHelperBenchmark,GetPropertyValues,Job-XJCAYH,Default,True,Default,Default,Default,Default,Default,Default,Default,Default,Default,Default,Default,Default,Default,Default,Default,Default,Default,Default,Default,True,Default,Default,Default,Default,Default,.NET 6.0,Default,Default,Default,Default,Default,Default,Default,Default,Default,Default,Default,Default,Default,"Job-XJCAYH(EvaluateOverhead=True, Server=True, Toolchain=.NET 6.0)",,1,Overhead,Actual,17,42400,16384,2.59,11,0,0,6178
TypeHelperBenchmark.GetPropertyValues,DotNetTips.Spargine.Core.BenchmarkTests,TypeHelperBenchmark,GetPropertyValues,Job-XJCAYH,Default,True,Default,Default,Default,Default,Default,Default,Default,Default,Default,Default,Default,Default,Default,Default,Default,Default,Default,Default,Default,True,Default,Default,Default,Default,Default,.NET 6.0,Default,Default,Default,Default,Default,Default,Default,Default,Default,Default,Default,Default,Default,"Job-XJCAYH(EvaluateOverhead=True, Server=True, Toolchain=.NET 6.0)",,1,Overhead,Actual,18,32200,16384,1.97,11,0,0,6178
TypeHelperBenchmark.GetPropertyValues,DotNetTips.Spargine.Core.BenchmarkTests,TypeHelperBenchmark,GetPropertyValues,Job-XJCAYH,Default,True,Default,Default,Default,Default,Default,Default,Default,Default,Default,Default,Default,Default,Default,Default,Default,Default,Default,Default,Default,True,Default,Default,Default,Default,Default,.NET 6.0,Default,Default,Default,Default,Default,Default,Default,Default,Default,Default,Default,Default,Default,"Job-XJCAYH(EvaluateOverhead=True, Server=True, Toolchain=.NET 6.0)",,1,Overhead,Actual,19,37800,16384,2.31,11,0,0,6178
TypeHelperBenchmark.GetPropertyValues,DotNetTips.Spargine.Core.BenchmarkTests,TypeHelperBenchmark,GetPropertyValues,Job-XJCAYH,Default,True,Default,Default,Default,Default,Default,Default,Default,Default,Default,Default,Default,Default,Default,Default,Default,Default,Default,Default,Default,True,Default,Default,Default,Default,Default,.NET 6.0,Default,Default,Default,Default,Default,Default,Default,Default,Default,Default,Default,Default,Default,"Job-XJCAYH(EvaluateOverhead=True, Server=True, Toolchain=.NET 6.0)",,1,Overhead,Actual,20,41500,16384,2.53,11,0,0,6178
TypeHelperBenchmark.GetPropertyValues,DotNetTips.Spargine.Core.BenchmarkTests,TypeHelperBenchmark,GetPropertyValues,Job-XJCAYH,Default,True,Default,Default,Default,Default,Default,Default,Default,Default,Default,Default,Default,Default,Default,Default,Default,Default,Default,Default,Default,True,Default,Default,Default,Default,Default,.NET 6.0,Default,Default,Default,Default,Default,Default,Default,Default,Default,Default,Default,Default,Default,"Job-XJCAYH(EvaluateOverhead=True, Server=True, Toolchain=.NET 6.0)",,1,Workload,Warmup,1,570967100,16384,34849.07,11,0,0,6178
TypeHelperBenchmark.GetPropertyValues,DotNetTips.Spargine.Core.BenchmarkTests,TypeHelperBenchmark,GetPropertyValues,Job-XJCAYH,Default,True,Default,Default,Default,Default,Default,Default,Default,Default,Default,Default,Default,Default,Default,Default,Default,Default,Default,Default,Default,True,Default,Default,Default,Default,Default,.NET 6.0,Default,Default,Default,Default,Default,Default,Default,Default,Default,Default,Default,Default,Default,"Job-XJCAYH(EvaluateOverhead=True, Server=True, Toolchain=.NET 6.0)",,1,Workload,Warmup,2,545487800,16384,33293.93,11,0,0,6178
TypeHelperBenchmark.GetPropertyValues,DotNetTips.Spargine.Core.BenchmarkTests,TypeHelperBenchmark,GetPropertyValues,Job-XJCAYH,Default,True,Default,Default,Default,Default,Default,Default,Default,Default,Default,Default,Default,Default,Default,Default,Default,Default,Default,Default,Default,True,Default,Default,Default,Default,Default,.NET 6.0,Default,Default,Default,Default,Default,Default,Default,Default,Default,Default,Default,Default,Default,"Job-XJCAYH(EvaluateOverhead=True, Server=True, Toolchain=.NET 6.0)",,1,Workload,Warmup,3,542325000,16384,33100.89,11,0,0,6178
TypeHelperBenchmark.GetPropertyValues,DotNetTips.Spargine.Core.BenchmarkTests,TypeHelperBenchmark,GetPropertyValues,Job-XJCAYH,Default,True,Default,Default,Default,Default,Default,Default,Default,Default,Default,Default,Default,Default,Default,Default,Default,Default,Default,Default,Default,True,Default,Default,Default,Default,Default,.NET 6.0,Default,Default,Default,Default,Default,Default,Default,Default,Default,Default,Default,Default,Default,"Job-XJCAYH(EvaluateOverhead=True, Server=True, Toolchain=.NET 6.0)",,1,Workload,Warmup,4,540186800,16384,32970.39,11,0,0,6178
TypeHelperBenchmark.GetPropertyValues,DotNetTips.Spargine.Core.BenchmarkTests,TypeHelperBenchmark,GetPropertyValues,Job-XJCAYH,Default,True,Default,Default,Default,Default,Default,Default,Default,Default,Default,Default,Default,Default,Default,Default,Default,Default,Default,Default,Default,True,Default,Default,Default,Default,Default,.NET 6.0,Default,Default,Default,Default,Default,Default,Default,Default,Default,Default,Default,Default,Default,"Job-XJCAYH(EvaluateOverhead=True, Server=True, Toolchain=.NET 6.0)",,1,Workload,Warmup,5,535827900,16384,32704.34,11,0,0,6178
TypeHelperBenchmark.GetPropertyValues,DotNetTips.Spargine.Core.BenchmarkTests,TypeHelperBenchmark,GetPropertyValues,Job-XJCAYH,Default,True,Default,Default,Default,Default,Default,Default,Default,Default,Default,Default,Default,Default,Default,Default,Default,Default,Default,Default,Default,True,Default,Default,Default,Default,Default,.NET 6.0,Default,Default,Default,Default,Default,Default,Default,Default,Default,Default,Default,Default,Default,"Job-XJCAYH(EvaluateOverhead=True, Server=True, Toolchain=.NET 6.0)",,1,Workload,Warmup,6,544843500,16384,33254.61,11,0,0,6178
TypeHelperBenchmark.GetPropertyValues,DotNetTips.Spargine.Core.BenchmarkTests,TypeHelperBenchmark,GetPropertyValues,Job-XJCAYH,Default,True,Default,Default,Default,Default,Default,Default,Default,Default,Default,Default,Default,Default,Default,Default,Default,Default,Default,Default,Default,True,Default,Default,Default,Default,Default,.NET 6.0,Default,Default,Default,Default,Default,Default,Default,Default,Default,Default,Default,Default,Default,"Job-XJCAYH(EvaluateOverhead=True, Server=True, Toolchain=.NET 6.0)",,1,Workload,Warmup,7,533031100,16384,32533.64,11,0,0,6178
TypeHelperBenchmark.GetPropertyValues,DotNetTips.Spargine.Core.BenchmarkTests,TypeHelperBenchmark,GetPropertyValues,Job-XJCAYH,Default,True,Default,Default,Default,Default,Default,Default,Default,Default,Default,Default,Default,Default,Default,Default,Default,Default,Default,Default,Default,True,Default,Default,Default,Default,Default,.NET 6.0,Default,Default,Default,Default,Default,Default,Default,Default,Default,Default,Default,Default,Default,"Job-XJCAYH(EvaluateOverhead=True, Server=True, Toolchain=.NET 6.0)",,1,Workload,Warmup,8,543479000,16384,33171.33,11,0,0,6178
TypeHelperBenchmark.GetPropertyValues,DotNetTips.Spargine.Core.BenchmarkTests,TypeHelperBenchmark,GetPropertyValues,Job-XJCAYH,Default,True,Default,Default,Default,Default,Default,Default,Default,Default,Default,Default,Default,Default,Default,Default,Default,Default,Default,Default,Default,True,Default,Default,Default,Default,Default,.NET 6.0,Default,Default,Default,Default,Default,Default,Default,Default,Default,Default,Default,Default,Default,"Job-XJCAYH(EvaluateOverhead=True, Server=True, Toolchain=.NET 6.0)",,1,Workload,Warmup,9,542027800,16384,33082.75,11,0,0,6178
TypeHelperBenchmark.GetPropertyValues,DotNetTips.Spargine.Core.BenchmarkTests,TypeHelperBenchmark,GetPropertyValues,Job-XJCAYH,Default,True,Default,Default,Default,Default,Default,Default,Default,Default,Default,Default,Default,Default,Default,Default,Default,Default,Default,Default,Default,True,Default,Default,Default,Default,Default,.NET 6.0,Default,Default,Default,Default,Default,Default,Default,Default,Default,Default,Default,Default,Default,"Job-XJCAYH(EvaluateOverhead=True, Server=True, Toolchain=.NET 6.0)",,1,Workload,Actual,1,582659500,16384,35562.71,11,0,0,6178
TypeHelperBenchmark.GetPropertyValues,DotNetTips.Spargine.Core.BenchmarkTests,TypeHelperBenchmark,GetPropertyValues,Job-XJCAYH,Default,True,Default,Default,Default,Default,Default,Default,Default,Default,Default,Default,Default,Default,Default,Default,Default,Default,Default,Default,Default,True,Default,Default,Default,Default,Default,.NET 6.0,Default,Default,Default,Default,Default,Default,Default,Default,Default,Default,Default,Default,Default,"Job-XJCAYH(EvaluateOverhead=True, Server=True, Toolchain=.NET 6.0)",,1,Workload,Actual,2,607400700,16384,37072.8,11,0,0,6178
TypeHelperBenchmark.GetPropertyValues,DotNetTips.Spargine.Core.BenchmarkTests,TypeHelperBenchmark,GetPropertyValues,Job-XJCAYH,Default,True,Default,Default,Default,Default,Default,Default,Default,Default,Default,Default,Default,Default,Default,Default,Default,Default,Default,Default,Default,True,Default,Default,Default,Default,Default,.NET 6.0,Default,Default,Default,Default,Default,Default,Default,Default,Default,Default,Default,Default,Default,"Job-XJCAYH(EvaluateOverhead=True, Server=True, Toolchain=.NET 6.0)",,1,Workload,Actual,3,566448700,16384,34573.28,11,0,0,6178
TypeHelperBenchmark.GetPropertyValues,DotNetTips.Spargine.Core.BenchmarkTests,TypeHelperBenchmark,GetPropertyValues,Job-XJCAYH,Default,True,Default,Default,Default,Default,Default,Default,Default,Default,Default,Default,Default,Default,Default,Default,Default,Default,Default,Default,Default,True,Default,Default,Default,Default,Default,.NET 6.0,Default,Default,Default,Default,Default,Default,Default,Default,Default,Default,Default,Default,Default,"Job-XJCAYH(EvaluateOverhead=True, Server=True, Toolchain=.NET 6.0)",,1,Workload,Actual,4,567262800,16384,34622.97,11,0,0,6178
TypeHelperBenchmark.GetPropertyValues,DotNetTips.Spargine.Core.BenchmarkTests,TypeHelperBenchmark,GetPropertyValues,Job-XJCAYH,Default,True,Default,Default,Default,Default,Default,Default,Default,Default,Default,Default,Default,Default,Default,Default,Default,Default,Default,Default,Default,True,Default,Default,Default,Default,Default,.NET 6.0,Default,Default,Default,Default,Default,Default,Default,Default,Default,Default,Default,Default,Default,"Job-XJCAYH(EvaluateOverhead=True, Server=True, Toolchain=.NET 6.0)",,1,Workload,Actual,5,559516200,16384,34150.16,11,0,0,6178
TypeHelperBenchmark.GetPropertyValues,DotNetTips.Spargine.Core.BenchmarkTests,TypeHelperBenchmark,GetPropertyValues,Job-XJCAYH,Default,True,Default,Default,Default,Default,Default,Default,Default,Default,Default,Default,Default,Default,Default,Default,Default,Default,Default,Default,Default,True,Default,Default,Default,Default,Default,.NET 6.0,Default,Default,Default,Default,Default,Default,Default,Default,Default,Default,Default,Default,Default,"Job-XJCAYH(EvaluateOverhead=True, Server=True, Toolchain=.NET 6.0)",,1,Workload,Actual,6,565331200,16384,34505.08,11,0,0,6178
TypeHelperBenchmark.GetPropertyValues,DotNetTips.Spargine.Core.BenchmarkTests,TypeHelperBenchmark,GetPropertyValues,Job-XJCAYH,Default,True,Default,Default,Default,Default,Default,Default,Default,Default,Default,Default,Default,Default,Default,Default,Default,Default,Default,Default,Default,True,Default,Default,Default,Default,Default,.NET 6.0,Default,Default,Default,Default,Default,Default,Default,Default,Default,Default,Default,Default,Default,"Job-XJCAYH(EvaluateOverhead=True, Server=True, Toolchain=.NET 6.0)",,1,Workload,Actual,7,565139000,16384,34493.35,11,0,0,6178
TypeHelperBenchmark.GetPropertyValues,DotNetTips.Spargine.Core.BenchmarkTests,TypeHelperBenchmark,GetPropertyValues,Job-XJCAYH,Default,True,Default,Default,Default,Default,Default,Default,Default,Default,Default,Default,Default,Default,Default,Default,Default,Default,Default,Default,Default,True,Default,Default,Default,Default,Default,.NET 6.0,Default,Default,Default,Default,Default,Default,Default,Default,Default,Default,Default,Default,Default,"Job-XJCAYH(EvaluateOverhead=True, Server=True, Toolchain=.NET 6.0)",,1,Workload,Actual,8,565463200,16384,34513.13,11,0,0,6178
TypeHelperBenchmark.GetPropertyValues,DotNetTips.Spargine.Core.BenchmarkTests,TypeHelperBenchmark,GetPropertyValues,Job-XJCAYH,Default,True,Default,Default,Default,Default,Default,Default,Default,Default,Default,Default,Default,Default,Default,Default,Default,Default,Default,Default,Default,True,Default,Default,Default,Default,Default,.NET 6.0,Default,Default,Default,Default,Default,Default,Default,Default,Default,Default,Default,Default,Default,"Job-XJCAYH(EvaluateOverhead=True, Server=True, Toolchain=.NET 6.0)",,1,Workload,Actual,9,581277500,16384,35478.36,11,0,0,6178
TypeHelperBenchmark.GetPropertyValues,DotNetTips.Spargine.Core.BenchmarkTests,TypeHelperBenchmark,GetPropertyValues,Job-XJCAYH,Default,True,Default,Default,Default,Default,Default,Default,Default,Default,Default,Default,Default,Default,Default,Default,Default,Default,Default,Default,Default,True,Default,Default,Default,Default,Default,.NET 6.0,Default,Default,Default,Default,Default,Default,Default,Default,Default,Default,Default,Default,Default,"Job-XJCAYH(EvaluateOverhead=True, Server=True, Toolchain=.NET 6.0)",,1,Workload,Actual,10,564835700,16384,34474.84,11,0,0,6178
TypeHelperBenchmark.GetPropertyValues,DotNetTips.Spargine.Core.BenchmarkTests,TypeHelperBenchmark,GetPropertyValues,Job-XJCAYH,Default,True,Default,Default,Default,Default,Default,Default,Default,Default,Default,Default,Default,Default,Default,Default,Default,Default,Default,Default,Default,True,Default,Default,Default,Default,Default,.NET 6.0,Default,Default,Default,Default,Default,Default,Default,Default,Default,Default,Default,Default,Default,"Job-XJCAYH(EvaluateOverhead=True, Server=True, Toolchain=.NET 6.0)",,1,Workload,Actual,11,565786300,16384,34532.86,11,0,0,6178
TypeHelperBenchmark.GetPropertyValues,DotNetTips.Spargine.Core.BenchmarkTests,TypeHelperBenchmark,GetPropertyValues,Job-XJCAYH,Default,True,Default,Default,Default,Default,Default,Default,Default,Default,Default,Default,Default,Default,Default,Default,Default,Default,Default,Default,Default,True,Default,Default,Default,Default,Default,.NET 6.0,Default,Default,Default,Default,Default,Default,Default,Default,Default,Default,Default,Default,Default,"Job-XJCAYH(EvaluateOverhead=True, Server=True, Toolchain=.NET 6.0)",,1,Workload,Actual,12,559718200,16384,34162.49,11,0,0,6178
TypeHelperBenchmark.GetPropertyValues,DotNetTips.Spargine.Core.BenchmarkTests,TypeHelperBenchmark,GetPropertyValues,Job-XJCAYH,Default,True,Default,Default,Default,Default,Default,Default,Default,Default,Default,Default,Default,Default,Default,Default,Default,Default,Default,Default,Default,True,Default,Default,Default,Default,Default,.NET 6.0,Default,Default,Default,Default,Default,Default,Default,Default,Default,Default,Default,Default,Default,"Job-XJCAYH(EvaluateOverhead=True, Server=True, Toolchain=.NET 6.0)",,1,Workload,Actual,13,564924600,16384,34480.26,11,0,0,6178
TypeHelperBenchmark.GetPropertyValues,DotNetTips.Spargine.Core.BenchmarkTests,TypeHelperBenchmark,GetPropertyValues,Job-XJCAYH,Default,True,Default,Default,Default,Default,Default,Default,Default,Default,Default,Default,Default,Default,Default,Default,Default,Default,Default,Default,Default,True,Default,Default,Default,Default,Default,.NET 6.0,Default,Default,Default,Default,Default,Default,Default,Default,Default,Default,Default,Default,Default,"Job-XJCAYH(EvaluateOverhead=True, Server=True, Toolchain=.NET 6.0)",,1,Workload,Actual,14,570036000,16384,34792.24,11,0,0,6178
TypeHelperBenchmark.GetPropertyValues,DotNetTips.Spargine.Core.BenchmarkTests,TypeHelperBenchmark,GetPropertyValues,Job-XJCAYH,Default,True,Default,Default,Default,Default,Default,Default,Default,Default,Default,Default,Default,Default,Default,Default,Default,Default,Default,Default,Default,True,Default,Default,Default,Default,Default,.NET 6.0,Default,Default,Default,Default,Default,Default,Default,Default,Default,Default,Default,Default,Default,"Job-XJCAYH(EvaluateOverhead=True, Server=True, Toolchain=.NET 6.0)",,1,Workload,Actual,15,567794400,16384,34655.42,11,0,0,6178
TypeHelperBenchmark.GetPropertyValues,DotNetTips.Spargine.Core.BenchmarkTests,TypeHelperBenchmark,GetPropertyValues,Job-XJCAYH,Default,True,Default,Default,Default,Default,Default,Default,Default,Default,Default,Default,Default,Default,Default,Default,Default,Default,Default,Default,Default,True,Default,Default,Default,Default,Default,.NET 6.0,Default,Default,Default,Default,Default,Default,Default,Default,Default,Default,Default,Default,Default,"Job-XJCAYH(EvaluateOverhead=True, Server=True, Toolchain=.NET 6.0)",,1,Workload,Result,1,566411850,16384,34571.04,11,0,0,6178
TypeHelperBenchmark.GetPropertyValues,DotNetTips.Spargine.Core.BenchmarkTests,TypeHelperBenchmark,GetPropertyValues,Job-XJCAYH,Default,True,Default,Default,Default,Default,Default,Default,Default,Default,Default,Default,Default,Default,Default,Default,Default,Default,Default,Default,Default,True,Default,Default,Default,Default,Default,.NET 6.0,Default,Default,Default,Default,Default,Default,Default,Default,Default,Default,Default,Default,Default,"Job-XJCAYH(EvaluateOverhead=True, Server=True, Toolchain=.NET 6.0)",,1,Workload,Result,2,567225950,16384,34620.72,11,0,0,6178
TypeHelperBenchmark.GetPropertyValues,DotNetTips.Spargine.Core.BenchmarkTests,TypeHelperBenchmark,GetPropertyValues,Job-XJCAYH,Default,True,Default,Default,Default,Default,Default,Default,Default,Default,Default,Default,Default,Default,Default,Default,Default,Default,Default,Default,Default,True,Default,Default,Default,Default,Default,.NET 6.0,Default,Default,Default,Default,Default,Default,Default,Default,Default,Default,Default,Default,Default,"Job-XJCAYH(EvaluateOverhead=True, Server=True, Toolchain=.NET 6.0)",,1,Workload,Result,3,559479350,16384,34147.91,11,0,0,6178
TypeHelperBenchmark.GetPropertyValues,DotNetTips.Spargine.Core.BenchmarkTests,TypeHelperBenchmark,GetPropertyValues,Job-XJCAYH,Default,True,Default,Default,Default,Default,Default,Default,Default,Default,Default,Default,Default,Default,Default,Default,Default,Default,Default,Default,Default,True,Default,Default,Default,Default,Default,.NET 6.0,Default,Default,Default,Default,Default,Default,Default,Default,Default,Default,Default,Default,Default,"Job-XJCAYH(EvaluateOverhead=True, Server=True, Toolchain=.NET 6.0)",,1,Workload,Result,4,565294350,16384,34502.83,11,0,0,6178
TypeHelperBenchmark.GetPropertyValues,DotNetTips.Spargine.Core.BenchmarkTests,TypeHelperBenchmark,GetPropertyValues,Job-XJCAYH,Default,True,Default,Default,Default,Default,Default,Default,Default,Default,Default,Default,Default,Default,Default,Default,Default,Default,Default,Default,Default,True,Default,Default,Default,Default,Default,.NET 6.0,Default,Default,Default,Default,Default,Default,Default,Default,Default,Default,Default,Default,Default,"Job-XJCAYH(EvaluateOverhead=True, Server=True, Toolchain=.NET 6.0)",,1,Workload,Result,5,565102150,16384,34491.1,11,0,0,6178
TypeHelperBenchmark.GetPropertyValues,DotNetTips.Spargine.Core.BenchmarkTests,TypeHelperBenchmark,GetPropertyValues,Job-XJCAYH,Default,True,Default,Default,Default,Default,Default,Default,Default,Default,Default,Default,Default,Default,Default,Default,Default,Default,Default,Default,Default,True,Default,Default,Default,Default,Default,.NET 6.0,Default,Default,Default,Default,Default,Default,Default,Default,Default,Default,Default,Default,Default,"Job-XJCAYH(EvaluateOverhead=True, Server=True, Toolchain=.NET 6.0)",,1,Workload,Result,6,565426350,16384,34510.89,11,0,0,6178
TypeHelperBenchmark.GetPropertyValues,DotNetTips.Spargine.Core.BenchmarkTests,TypeHelperBenchmark,GetPropertyValues,Job-XJCAYH,Default,True,Default,Default,Default,Default,Default,Default,Default,Default,Default,Default,Default,Default,Default,Default,Default,Default,Default,Default,Default,True,Default,Default,Default,Default,Default,.NET 6.0,Default,Default,Default,Default,Default,Default,Default,Default,Default,Default,Default,Default,Default,"Job-XJCAYH(EvaluateOverhead=True, Server=True, Toolchain=.NET 6.0)",,1,Workload,Result,7,564798850,16384,34472.59,11,0,0,6178
TypeHelperBenchmark.GetPropertyValues,DotNetTips.Spargine.Core.BenchmarkTests,TypeHelperBenchmark,GetPropertyValues,Job-XJCAYH,Default,True,Default,Default,Default,Default,Default,Default,Default,Default,Default,Default,Default,Default,Default,Default,Default,Default,Default,Default,Default,True,Default,Default,Default,Default,Default,.NET 6.0,Default,Default,Default,Default,Default,Default,Default,Default,Default,Default,Default,Default,Default,"Job-XJCAYH(EvaluateOverhead=True, Server=True, Toolchain=.NET 6.0)",,1,Workload,Result,8,565749450,16384,34530.61,11,0,0,6178
TypeHelperBenchmark.GetPropertyValues,DotNetTips.Spargine.Core.BenchmarkTests,TypeHelperBenchmark,GetPropertyValues,Job-XJCAYH,Default,True,Default,Default,Default,Default,Default,Default,Default,Default,Default,Default,Default,Default,Default,Default,Default,Default,Default,Default,Default,True,Default,Default,Default,Default,Default,.NET 6.0,Default,Default,Default,Default,Default,Default,Default,Default,Default,Default,Default,Default,Default,"Job-XJCAYH(EvaluateOverhead=True, Server=True, Toolchain=.NET 6.0)",,1,Workload,Result,9,559681350,16384,34160.24,11,0,0,6178
TypeHelperBenchmark.GetPropertyValues,DotNetTips.Spargine.Core.BenchmarkTests,TypeHelperBenchmark,GetPropertyValues,Job-XJCAYH,Default,True,Default,Default,Default,Default,Default,Default,Default,Default,Default,Default,Default,Default,Default,Default,Default,Default,Default,Default,Default,True,Default,Default,Default,Default,Default,.NET 6.0,Default,Default,Default,Default,Default,Default,Default,Default,Default,Default,Default,Default,Default,"Job-XJCAYH(EvaluateOverhead=True, Server=True, Toolchain=.NET 6.0)",,1,Workload,Result,10,564887750,16384,34478.01,11,0,0,6178
TypeHelperBenchmark.GetPropertyValues,DotNetTips.Spargine.Core.BenchmarkTests,TypeHelperBenchmark,GetPropertyValues,Job-XJCAYH,Default,True,Default,Default,Default,Default,Default,Default,Default,Default,Default,Default,Default,Default,Default,Default,Default,Default,Default,Default,Default,True,Default,Default,Default,Default,Default,.NET 6.0,Default,Default,Default,Default,Default,Default,Default,Default,Default,Default,Default,Default,Default,"Job-XJCAYH(EvaluateOverhead=True, Server=True, Toolchain=.NET 6.0)",,1,Workload,Result,11,569999150,16384,34789.99,11,0,0,6178
TypeHelperBenchmark.GetPropertyValues,DotNetTips.Spargine.Core.BenchmarkTests,TypeHelperBenchmark,GetPropertyValues,Job-XJCAYH,Default,True,Default,Default,Default,Default,Default,Default,Default,Default,Default,Default,Default,Default,Default,Default,Default,Default,Default,Default,Default,True,Default,Default,Default,Default,Default,.NET 6.0,Default,Default,Default,Default,Default,Default,Default,Default,Default,Default,Default,Default,Default,"Job-XJCAYH(EvaluateOverhead=True, Server=True, Toolchain=.NET 6.0)",,1,Workload,Result,12,567757550,16384,34653.17,11,0,0,6178
