Method,Job,AnalyzeLaunchVariance,EvaluateOverhead,MaxAbsoluteError,MaxRelativeError,MinInvokeCount,MinIterationTime,OutlierMode,Affinity,EnvironmentVariables,Jit,Platform,PowerPlanMode,Runtime,AllowVeryLargeObjects,Concurrent,CpuGroups,Force,HeapAffinitizeMask,HeapCount,NoAffinitize,RetainVm,Server,Arguments,BuildConfiguration,Clock,EngineFactory,NuGetReferences,Toolchain,IsMutator,InvocationCount,IterationCount,IterationTime,LaunchCount,MaxIterationCount,MaxWarmupIterationCount,MemoryRandomization,MinIterationCount,MinWarmupIterationCount,RunStrategy,UnrollFactor,WarmupCount,Namespace,Categories,Count,Mean,Error,StdDev,StdErr,Min,Q1,Median,Q3,Max,Op/s,CI99.9% Margin,Iterations,Kurtosis,MValue,Skewness,Rank,LogicalGroup,Baseline,Gen 0,Code Size,Gen 1,Gen 2,Allocated
'AddIfNotExists: Params with dups',Job-SPYWVM,False,True,Default,Default,Default,Default,Default,1111,Empty,RyuJit,X64,8c5e7fda-e8bf-4a96-9a85-a6e23a8c635c,.NET 6.0,False,True,False,True,Default,Default,False,False,True,Default,Default,Default,Default,Default,.NET 6.0,Default,1,Default,Default,Default,Default,Default,Default,Default,Default,Default,16,Default,DotNetTips.Spargine.Extensions.BenchmarkTests,Collections,10,"92,094.978 ns",654.4866 ns,612.2071 ns,158.0712 ns,"90,800.677 ns","91,699.304 ns","92,005.621 ns","92,555.017 ns","93,042.853 ns","10,858.36",654.4866 ns,15.00,2.214,2.000,-0.2427,20,*,No,3.1738,"1,432 B",-,-,"30,944 B"
'AddIfNotExists: Params with dups',Job-SPYWVM,False,True,Default,Default,Default,Default,Default,1111,Empty,RyuJit,X64,8c5e7fda-e8bf-4a96-9a85-a6e23a8c635c,.NET 6.0,False,True,False,True,Default,Default,False,False,True,Default,Default,Default,Default,Default,.NET 6.0,Default,1,Default,Default,Default,Default,Default,Default,Default,Default,Default,16,Default,DotNetTips.Spargine.Extensions.BenchmarkTests,Collections,25,"218,968.963 ns","2,626.5142 ns","2,328.3364 ns",622.2741 ns,"214,820.874 ns","217,317.871 ns","218,872.241 ns","220,590.405 ns","223,261.377 ns","4,566.86","2,626.5142 ns",14.00,2.013,2.000,0.0654,25,*,No,8.0566,"1,432 B",0.4883,-,"73,240 B"
'AddIfNotExists: Params with dups',Job-SPYWVM,False,True,Default,Default,Default,Default,Default,1111,Empty,RyuJit,X64,8c5e7fda-e8bf-4a96-9a85-a6e23a8c635c,.NET 6.0,False,True,False,True,Default,Default,False,False,True,Default,Default,Default,Default,Default,.NET 6.0,Default,1,Default,Default,Default,Default,Default,Default,Default,Default,Default,16,Default,DotNetTips.Spargine.Extensions.BenchmarkTests,Collections,50,"468,039.486 ns","4,750.9653 ns","4,444.0559 ns","1,147.4503 ns","460,568.262 ns","464,763.428 ns","468,674.609 ns","471,217.236 ns","475,066.992 ns","2,136.57","4,750.9653 ns",15.00,1.691,2.000,0.0200,30,*,No,15.6250,"1,432 B",1.9531,-,"147,721 B"
'AddIfNotExists: Params with dups',Job-SPYWVM,False,True,Default,Default,Default,Default,Default,1111,Empty,RyuJit,X64,8c5e7fda-e8bf-4a96-9a85-a6e23a8c635c,.NET 6.0,False,True,False,True,Default,Default,False,False,True,Default,Default,Default,Default,Default,.NET 6.0,Default,1,Default,Default,Default,Default,Default,Default,Default,Default,Default,16,Default,DotNetTips.Spargine.Extensions.BenchmarkTests,Collections,100,"999,514.375 ns","18,977.6502 ns","28,404.8533 ns","5,185.9930 ns","962,507.422 ns","980,983.350 ns","991,240.137 ns","1,009,380.371 ns","1,078,116.797 ns","1,000.49","18,977.6502 ns",30.00,3.315,2.000,1.0334,35,*,No,27.3438,"1,432 B",13.6719,9.7656,"292,576 B"
'AddIfNotExists: Params with dups',Job-SPYWVM,False,True,Default,Default,Default,Default,Default,1111,Empty,RyuJit,X64,8c5e7fda-e8bf-4a96-9a85-a6e23a8c635c,.NET 6.0,False,True,False,True,Default,Default,False,False,True,Default,Default,Default,Default,Default,.NET 6.0,Default,1,Default,Default,Default,Default,Default,Default,Default,Default,Default,16,Default,DotNetTips.Spargine.Extensions.BenchmarkTests,Collections,250,"2,964,175.147 ns","98,910.5386 ns","286,957.4074 ns","29,136.1103 ns","2,522,553.320 ns","2,747,853.320 ns","2,959,387.305 ns","3,153,451.367 ns","3,682,075.977 ns",337.36,"98,910.5386 ns",97.00,2.640,3.680,0.5135,42,*,No,74.2188,"1,432 B",42.9688,39.0625,"725,222 B"
'AddIfNotExists: Params with dups',Job-SPYWVM,False,True,Default,Default,Default,Default,Default,1111,Empty,RyuJit,X64,8c5e7fda-e8bf-4a96-9a85-a6e23a8c635c,.NET 6.0,False,True,False,True,Default,Default,False,False,True,Default,Default,Default,Default,Default,.NET 6.0,Default,1,Default,Default,Default,Default,Default,Default,Default,Default,Default,16,Default,DotNetTips.Spargine.Extensions.BenchmarkTests,Collections,500,"5,345,484.736 ns","62,810.3520 ns","52,449.4887 ns","14,546.8708 ns","5,266,837.500 ns","5,300,411.719 ns","5,355,023.438 ns","5,363,661.719 ns","5,448,794.531 ns",187.07,"62,810.3520 ns",13.00,2.161,2.000,0.3435,46,*,No,117.1875,"1,432 B",101.5625,70.3125,"1,447,417 B"
'AddIfNotExists: Params with dups',Job-SPYWVM,False,True,Default,Default,Default,Default,Default,1111,Empty,RyuJit,X64,8c5e7fda-e8bf-4a96-9a85-a6e23a8c635c,.NET 6.0,False,True,False,True,Default,Default,False,False,True,Default,Default,Default,Default,Default,.NET 6.0,Default,1,Default,Default,Default,Default,Default,Default,Default,Default,Default,16,Default,DotNetTips.Spargine.Extensions.BenchmarkTests,Collections,1000,"12,015,807.589 ns","72,601.9824 ns","64,359.7664 ns","17,200.8711 ns","11,923,803.125 ns","11,974,537.891 ns","12,013,548.438 ns","12,071,824.219 ns","12,132,776.562 ns",83.22,"72,601.9824 ns",14.00,1.767,2.000,0.1090,51,*,No,218.7500,"1,432 B",203.1250,171.8750,"3,379,857 B"
'AddIfNotExists: Params with dups',Job-SPYWVM,False,True,Default,Default,Default,Default,Default,1111,Empty,RyuJit,X64,8c5e7fda-e8bf-4a96-9a85-a6e23a8c635c,.NET 6.0,False,True,False,True,Default,Default,False,False,True,Default,Default,Default,Default,Default,.NET 6.0,Default,1,Default,Default,Default,Default,Default,Default,Default,Default,Default,16,Default,DotNetTips.Spargine.Extensions.BenchmarkTests,Collections,2500,"38,422,851.681 ns","445,612.6823 ns","457,611.4166 ns","110,987.0710 ns","37,832,807.143 ns","38,113,464.286 ns","38,282,721.429 ns","38,625,707.143 ns","39,795,121.429 ns",26.03,"445,612.6823 ns",17.00,5.087,2.000,1.4288,57,*,No,285.7143,"1,432 B",214.2857,214.2857,"9,074,147 B"
'AddIfNotExists: Params',Job-SPYWVM,False,True,Default,Default,Default,Default,Default,1111,Empty,RyuJit,X64,8c5e7fda-e8bf-4a96-9a85-a6e23a8c635c,.NET 6.0,False,True,False,True,Default,Default,False,False,True,Default,Default,Default,Default,Default,.NET 6.0,Default,1,Default,Default,Default,Default,Default,Default,Default,Default,Default,16,Default,DotNetTips.Spargine.Extensions.BenchmarkTests,Collections,10,"93,796.974 ns",829.3541 ns,775.7784 ns,200.3051 ns,"92,410.858 ns","93,398.267 ns","93,802.496 ns","94,300.378 ns","95,000.983 ns","10,661.32",829.3541 ns,15.00,2.089,2.000,-0.2007,21,*,No,3.2959,"1,432 B",-,-,"31,320 B"
'AddIfNotExists: Params',Job-SPYWVM,False,True,Default,Default,Default,Default,Default,1111,Empty,RyuJit,X64,8c5e7fda-e8bf-4a96-9a85-a6e23a8c635c,.NET 6.0,False,True,False,True,Default,Default,False,False,True,Default,Default,Default,Default,Default,.NET 6.0,Default,1,Default,Default,Default,Default,Default,Default,Default,Default,Default,16,Default,DotNetTips.Spargine.Extensions.BenchmarkTests,Collections,25,"225,702.228 ns","1,223.0454 ns","1,021.2983 ns",283.2572 ns,"223,469.421 ns","225,329.504 ns","225,608.069 ns","226,261.389 ns","227,452.649 ns","4,430.62","1,223.0454 ns",13.00,2.707,2.000,-0.3957,26,*,No,8.0566,"1,432 B",0.2441,-,"73,832 B"
'AddIfNotExists: Params',Job-SPYWVM,False,True,Default,Default,Default,Default,Default,1111,Empty,RyuJit,X64,8c5e7fda-e8bf-4a96-9a85-a6e23a8c635c,.NET 6.0,False,True,False,True,Default,Default,False,False,True,Default,Default,Default,Default,Default,.NET 6.0,Default,1,Default,Default,Default,Default,Default,Default,Default,Default,Default,16,Default,DotNetTips.Spargine.Extensions.BenchmarkTests,Collections,50,"466,422.345 ns","3,083.7188 ns","2,884.5125 ns",744.7779 ns,"463,282.837 ns","463,903.857 ns","466,279.126 ns","468,433.813 ns","473,041.772 ns","2,143.98","3,083.7188 ns",15.00,2.364,2.000,0.6361,30,*,No,16.1133,"1,432 B",1.4648,-,"147,160 B"
'AddIfNotExists: Params',Job-SPYWVM,False,True,Default,Default,Default,Default,Default,1111,Empty,RyuJit,X64,8c5e7fda-e8bf-4a96-9a85-a6e23a8c635c,.NET 6.0,False,True,False,True,Default,Default,False,False,True,Default,Default,Default,Default,Default,.NET 6.0,Default,1,Default,Default,Default,Default,Default,Default,Default,Default,Default,16,Default,DotNetTips.Spargine.Extensions.BenchmarkTests,Collections,100,"1,008,386.525 ns","19,937.7389 ns","39,355.1514 ns","5,680.4268 ns","957,129.395 ns","976,142.798 ns","999,927.686 ns","1,027,424.609 ns","1,118,056.641 ns",991.68,"19,937.7389 ns",48.00,3.067,2.706,0.9059,35,*,No,32.2266,"1,432 B",21.4844,10.7422,"290,795 B"
'AddIfNotExists: Params',Job-SPYWVM,False,True,Default,Default,Default,Default,Default,1111,Empty,RyuJit,X64,8c5e7fda-e8bf-4a96-9a85-a6e23a8c635c,.NET 6.0,False,True,False,True,Default,Default,False,False,True,Default,Default,Default,Default,Default,.NET 6.0,Default,1,Default,Default,Default,Default,Default,Default,Default,Default,Default,16,Default,DotNetTips.Spargine.Extensions.BenchmarkTests,Collections,250,"2,939,721.375 ns","107,772.6433 ns","310,948.7177 ns","31,736.0706 ns","2,491,575.391 ns","2,698,171.973 ns","2,913,802.734 ns","3,057,023.242 ns","3,692,840.234 ns",340.17,"107,772.6433 ns",96.00,2.669,3.310,0.7064,42,*,No,66.4063,"1,432 B",50.7813,39.0625,"724,866 B"
'AddIfNotExists: Params',Job-SPYWVM,False,True,Default,Default,Default,Default,Default,1111,Empty,RyuJit,X64,8c5e7fda-e8bf-4a96-9a85-a6e23a8c635c,.NET 6.0,False,True,False,True,Default,Default,False,False,True,Default,Default,Default,Default,Default,.NET 6.0,Default,1,Default,Default,Default,Default,Default,Default,Default,Default,Default,16,Default,DotNetTips.Spargine.Extensions.BenchmarkTests,Collections,500,"5,371,237.946 ns","63,557.3607 ns","56,341.9448 ns","15,058.0181 ns","5,285,652.344 ns","5,342,350.977 ns","5,366,998.438 ns","5,380,923.828 ns","5,525,830.469 ns",186.18,"63,557.3607 ns",14.00,4.623,2.000,1.2432,46,*,No,132.8125,"1,432 B",109.3750,62.5000,"1,450,479 B"
'AddIfNotExists: Params',Job-SPYWVM,False,True,Default,Default,Default,Default,Default,1111,Empty,RyuJit,X64,8c5e7fda-e8bf-4a96-9a85-a6e23a8c635c,.NET 6.0,False,True,False,True,Default,Default,False,False,True,Default,Default,Default,Default,Default,.NET 6.0,Default,1,Default,Default,Default,Default,Default,Default,Default,Default,Default,16,Default,DotNetTips.Spargine.Extensions.BenchmarkTests,Collections,1000,"12,143,126.228 ns","91,876.5894 ns","81,446.2034 ns","21,767.4135 ns","11,958,737.500 ns","12,107,700.000 ns","12,145,575.781 ns","12,196,198.828 ns","12,264,176.562 ns",82.35,"91,876.5894 ns",14.00,2.730,2.000,-0.6231,51,*,No,218.7500,"1,432 B",203.1250,171.8750,"3,376,492 B"
'AddIfNotExists: Params',Job-SPYWVM,False,True,Default,Default,Default,Default,Default,1111,Empty,RyuJit,X64,8c5e7fda-e8bf-4a96-9a85-a6e23a8c635c,.NET 6.0,False,True,False,True,Default,Default,False,False,True,Default,Default,Default,Default,Default,.NET 6.0,Default,1,Default,Default,Default,Default,Default,Default,Default,Default,Default,16,Default,DotNetTips.Spargine.Extensions.BenchmarkTests,Collections,2500,"37,114,068.367 ns","297,008.4426 ns","263,290.2482 ns","70,367.2787 ns","36,609,992.857 ns","36,976,839.286 ns","37,062,439.286 ns","37,325,964.286 ns","37,583,521.429 ns",26.94,"297,008.4426 ns",14.00,2.077,2.000,0.0449,56,*,No,285.7143,"1,432 B",214.2857,214.2857,"9,076,677 B"
'BytesToString ReadOnlySpan<>',Job-SPYWVM,False,True,Default,Default,Default,Default,Default,1111,Empty,RyuJit,X64,8c5e7fda-e8bf-4a96-9a85-a6e23a8c635c,.NET 6.0,False,True,False,True,Default,Default,False,False,True,Default,Default,Default,Default,Default,.NET 6.0,Default,1,Default,Default,Default,Default,Default,Default,Default,Default,Default,16,Default,DotNetTips.Spargine.Extensions.BenchmarkTests,"Strings,Collections",10,"29,653.343 ns",304.7023 ns,285.0188 ns,73.5915 ns,"29,005.333 ns","29,433.208 ns","29,771.129 ns","29,841.034 ns","30,017.998 ns","33,723.01",304.7023 ns,15.00,2.373,2.000,-0.6125,12,*,No,4.5776,"1,980 B",0.0305,-,"41,128 B"
'BytesToString ReadOnlySpan<>',Job-SPYWVM,False,True,Default,Default,Default,Default,Default,1111,Empty,RyuJit,X64,8c5e7fda-e8bf-4a96-9a85-a6e23a8c635c,.NET 6.0,False,True,False,True,Default,Default,False,False,True,Default,Default,Default,Default,Default,.NET 6.0,Default,1,Default,Default,Default,Default,Default,Default,Default,Default,Default,16,Default,DotNetTips.Spargine.Extensions.BenchmarkTests,"Strings,Collections",25,"29,507.575 ns",548.7521 ns,563.5280 ns,136.6756 ns,"28,654.132 ns","28,996.445 ns","29,610.776 ns","30,040.366 ns","30,558.676 ns","33,889.60",548.7521 ns,17.00,1.659,2.000,0.0330,12,*,No,4.5776,"1,980 B",0.0305,-,"41,128 B"
'BytesToString ReadOnlySpan<>',Job-SPYWVM,False,True,Default,Default,Default,Default,Default,1111,Empty,RyuJit,X64,8c5e7fda-e8bf-4a96-9a85-a6e23a8c635c,.NET 6.0,False,True,False,True,Default,Default,False,False,True,Default,Default,Default,Default,Default,.NET 6.0,Default,1,Default,Default,Default,Default,Default,Default,Default,Default,Default,16,Default,DotNetTips.Spargine.Extensions.BenchmarkTests,"Strings,Collections",50,"29,727.968 ns",309.2338 ns,274.1277 ns,73.2637 ns,"29,118.716 ns","29,632.527 ns","29,762.973 ns","29,879.263 ns","30,155.637 ns","33,638.36",309.2338 ns,14.00,2.897,2.000,-0.7445,12,*,No,4.5776,"1,980 B",-,-,"41,128 B"
'BytesToString ReadOnlySpan<>',Job-SPYWVM,False,True,Default,Default,Default,Default,Default,1111,Empty,RyuJit,X64,8c5e7fda-e8bf-4a96-9a85-a6e23a8c635c,.NET 6.0,False,True,False,True,Default,Default,False,False,True,Default,Default,Default,Default,Default,.NET 6.0,Default,1,Default,Default,Default,Default,Default,Default,Default,Default,Default,16,Default,DotNetTips.Spargine.Extensions.BenchmarkTests,"Strings,Collections",100,"28,871.594 ns",542.0490 ns,532.3646 ns,133.0911 ns,"28,216.638 ns","28,421.751 ns","28,708.009 ns","29,391.776 ns","29,742.178 ns","34,636.12",542.0490 ns,16.00,1.446,2.000,0.4003,12,*,No,4.5776,"1,980 B",0.0305,-,"41,128 B"
'BytesToString ReadOnlySpan<>',Job-SPYWVM,False,True,Default,Default,Default,Default,Default,1111,Empty,RyuJit,X64,8c5e7fda-e8bf-4a96-9a85-a6e23a8c635c,.NET 6.0,False,True,False,True,Default,Default,False,False,True,Default,Default,Default,Default,Default,.NET 6.0,Default,1,Default,Default,Default,Default,Default,Default,Default,Default,Default,16,Default,DotNetTips.Spargine.Extensions.BenchmarkTests,"Strings,Collections",250,"31,140.997 ns",448.3319 ns,419.3699 ns,108.2809 ns,"30,103.934 ns","31,037.001 ns","31,277.789 ns","31,356.154 ns","31,812.988 ns","32,112.01",448.3319 ns,15.00,3.629,2.000,-1.0593,13,*,No,4.5471,"1,980 B",-,-,"41,128 B"
'BytesToString ReadOnlySpan<>',Job-SPYWVM,False,True,Default,Default,Default,Default,Default,1111,Empty,RyuJit,X64,8c5e7fda-e8bf-4a96-9a85-a6e23a8c635c,.NET 6.0,False,True,False,True,Default,Default,False,False,True,Default,Default,Default,Default,Default,.NET 6.0,Default,1,Default,Default,Default,Default,Default,Default,Default,Default,Default,16,Default,DotNetTips.Spargine.Extensions.BenchmarkTests,"Strings,Collections",500,"28,159.898 ns",242.4209 ns,214.8998 ns,57.4344 ns,"27,893.715 ns","27,994.918 ns","28,172.914 ns","28,249.447 ns","28,691.707 ns","35,511.49",242.4209 ns,14.00,3.172,2.000,0.7828,12,*,No,4.3945,"1,980 B",-,-,"41,128 B"
'BytesToString ReadOnlySpan<>',Job-SPYWVM,False,True,Default,Default,Default,Default,Default,1111,Empty,RyuJit,X64,8c5e7fda-e8bf-4a96-9a85-a6e23a8c635c,.NET 6.0,False,True,False,True,Default,Default,False,False,True,Default,Default,Default,Default,Default,.NET 6.0,Default,1,Default,Default,Default,Default,Default,Default,Default,Default,Default,16,Default,DotNetTips.Spargine.Extensions.BenchmarkTests,"Strings,Collections",1000,"28,283.444 ns",312.1135 ns,291.9511 ns,75.3815 ns,"27,908.820 ns","28,029.517 ns","28,260.080 ns","28,552.599 ns","28,720.123 ns","35,356.37",312.1135 ns,15.00,1.301,2.000,0.1947,12,*,No,4.5776,"1,980 B",0.0305,-,"41,128 B"
'BytesToString ReadOnlySpan<>',Job-SPYWVM,False,True,Default,Default,Default,Default,Default,1111,Empty,RyuJit,X64,8c5e7fda-e8bf-4a96-9a85-a6e23a8c635c,.NET 6.0,False,True,False,True,Default,Default,False,False,True,Default,Default,Default,Default,Default,.NET 6.0,Default,1,Default,Default,Default,Default,Default,Default,Default,Default,Default,16,Default,DotNetTips.Spargine.Extensions.BenchmarkTests,"Strings,Collections",2500,"31,562.309 ns",624.8947 ns,668.6303 ns,157.5977 ns,"30,025.055 ns","31,388.076 ns","31,753.317 ns","31,927.771 ns","32,571.970 ns","31,683.36",624.8947 ns,18.00,3.134,2.000,-1.0155,14,*,No,3.6926,"1,980 B",-,-,"41,128 B"
'Clone: Array-CoordinateProper',Job-SPYWVM,False,True,Default,Default,Default,Default,Default,1111,Empty,RyuJit,X64,8c5e7fda-e8bf-4a96-9a85-a6e23a8c635c,.NET 6.0,False,True,False,True,Default,Default,False,False,True,Default,Default,Default,Default,Default,.NET 6.0,Default,1,Default,Default,Default,Default,Default,Default,Default,Default,Default,16,Default,DotNetTips.Spargine.Extensions.BenchmarkTests,Collections,10,"12,778.539 ns",67.0058 ns,62.6773 ns,16.1832 ns,"12,628.693 ns","12,745.647 ns","12,776.928 ns","12,828.799 ns","12,856.663 ns","78,256.21",67.0058 ns,15.00,2.756,2.000,-0.7888,9,*,No,0.5341,221 B,-,-,"4,944 B"
'Clone: Array-CoordinateProper',Job-SPYWVM,False,True,Default,Default,Default,Default,Default,1111,Empty,RyuJit,X64,8c5e7fda-e8bf-4a96-9a85-a6e23a8c635c,.NET 6.0,False,True,False,True,Default,Default,False,False,True,Default,Default,Default,Default,Default,.NET 6.0,Default,1,Default,Default,Default,Default,Default,Default,Default,Default,Default,16,Default,DotNetTips.Spargine.Extensions.BenchmarkTests,Collections,25,"29,281.837 ns",127.1700 ns,118.9549 ns,30.7140 ns,"29,072.244 ns","29,219.255 ns","29,302.231 ns","29,340.950 ns","29,510.779 ns","34,150.86",127.1700 ns,15.00,2.219,2.000,-0.0245,12,*,No,1.0071,221 B,-,-,"9,136 B"
'Clone: Array-CoordinateProper',Job-SPYWVM,False,True,Default,Default,Default,Default,Default,1111,Empty,RyuJit,X64,8c5e7fda-e8bf-4a96-9a85-a6e23a8c635c,.NET 6.0,False,True,False,True,Default,Default,False,False,True,Default,Default,Default,Default,Default,.NET 6.0,Default,1,Default,Default,Default,Default,Default,Default,Default,Default,Default,16,Default,DotNetTips.Spargine.Extensions.BenchmarkTests,Collections,50,"56,605.057 ns",366.8294 ns,325.1847 ns,86.9093 ns,"56,052.026 ns","56,375.069 ns","56,594.803 ns","56,809.621 ns","57,181.390 ns","17,666.27",366.8294 ns,14.00,2.069,2.000,0.2062,17,*,No,1.7090,221 B,-,-,"16,176 B"
'Clone: Array-CoordinateProper',Job-SPYWVM,False,True,Default,Default,Default,Default,Default,1111,Empty,RyuJit,X64,8c5e7fda-e8bf-4a96-9a85-a6e23a8c635c,.NET 6.0,False,True,False,True,Default,Default,False,False,True,Default,Default,Default,Default,Default,.NET 6.0,Default,1,Default,Default,Default,Default,Default,Default,Default,Default,Default,16,Default,DotNetTips.Spargine.Extensions.BenchmarkTests,Collections,100,"117,019.193 ns",676.2646 ns,599.4910 ns,160.2207 ns,"115,414.288 ns","116,789.346 ns","117,247.955 ns","117,372.479 ns","117,618.805 ns","8,545.61",676.2646 ns,14.00,4.061,2.000,-1.3554,24,*,No,3.2959,221 B,-,-,"30,192 B"
'Clone: Array-CoordinateProper',Job-SPYWVM,False,True,Default,Default,Default,Default,Default,1111,Empty,RyuJit,X64,8c5e7fda-e8bf-4a96-9a85-a6e23a8c635c,.NET 6.0,False,True,False,True,Default,Default,False,False,True,Default,Default,Default,Default,Default,.NET 6.0,Default,1,Default,Default,Default,Default,Default,Default,Default,Default,Default,16,Default,DotNetTips.Spargine.Extensions.BenchmarkTests,Collections,250,"286,427.801 ns","3,791.7153 ns","3,361.2569 ns",898.3337 ns,"280,443.115 ns","284,329.736 ns","287,880.444 ns","288,745.715 ns","290,600.732 ns","3,491.28","3,791.7153 ns",14.00,1.794,2.000,-0.5971,28,*,No,7.3242,221 B,-,-,"70,416 B"
'Clone: Array-CoordinateProper',Job-SPYWVM,False,True,Default,Default,Default,Default,Default,1111,Empty,RyuJit,X64,8c5e7fda-e8bf-4a96-9a85-a6e23a8c635c,.NET 6.0,False,True,False,True,Default,Default,False,False,True,Default,Default,Default,Default,Default,.NET 6.0,Default,1,Default,Default,Default,Default,Default,Default,Default,Default,Default,16,Default,DotNetTips.Spargine.Extensions.BenchmarkTests,Collections,500,"564,451.898 ns","4,519.7006 ns","4,227.7308 ns","1,091.5954 ns","555,248.486 ns","562,045.557 ns","565,646.631 ns","566,963.477 ns","570,491.064 ns","1,771.63","4,519.7006 ns",15.00,2.336,2.000,-0.6927,31,*,No,11.7188,221 B,-,-,"138,625 B"
'Clone: Array-CoordinateProper',Job-SPYWVM,False,True,Default,Default,Default,Default,Default,1111,Empty,RyuJit,X64,8c5e7fda-e8bf-4a96-9a85-a6e23a8c635c,.NET 6.0,False,True,False,True,Default,Default,False,False,True,Default,Default,Default,Default,Default,.NET 6.0,Default,1,Default,Default,Default,Default,Default,Default,Default,Default,Default,16,Default,DotNetTips.Spargine.Extensions.BenchmarkTests,Collections,1000,"1,139,917.852 ns","12,869.7918 ns","12,038.4112 ns","3,108.3044 ns","1,118,645.312 ns","1,133,879.395 ns","1,138,843.359 ns","1,146,735.547 ns","1,157,485.156 ns",877.26,"12,869.7918 ns",15.00,1.999,2.000,-0.1674,36,*,No,29.2969,221 B,1.9531,-,"274,897 B"
'Clone: Array-CoordinateProper',Job-SPYWVM,False,True,Default,Default,Default,Default,Default,1111,Empty,RyuJit,X64,8c5e7fda-e8bf-4a96-9a85-a6e23a8c635c,.NET 6.0,False,True,False,True,Default,Default,False,False,True,Default,Default,Default,Default,Default,.NET 6.0,Default,1,Default,Default,Default,Default,Default,Default,Default,Default,Default,16,Default,DotNetTips.Spargine.Extensions.BenchmarkTests,Collections,2500,"3,187,621.218 ns","62,734.0328 ns","117,829.7200 ns","17,763.4987 ns","2,958,556.641 ns","3,110,598.926 ns","3,203,052.734 ns","3,250,407.715 ns","3,420,545.312 ns",313.71,"62,734.0328 ns",44.00,2.386,2.000,-0.0600,43,*,No,70.3125,221 B,27.3438,23.4375,"733,199 B"
'Clone: Array-PersonProper',Job-SPYWVM,False,True,Default,Default,Default,Default,Default,1111,Empty,RyuJit,X64,8c5e7fda-e8bf-4a96-9a85-a6e23a8c635c,.NET 6.0,False,True,False,True,Default,Default,False,False,True,Default,Default,Default,Default,Default,.NET 6.0,Default,1,Default,Default,Default,Default,Default,Default,Default,Default,Default,16,Default,DotNetTips.Spargine.Extensions.BenchmarkTests,Collections,10,"41,497.308 ns",543.4394 ns,481.7449 ns,128.7517 ns,"40,683.975 ns","41,246.526 ns","41,352.124 ns","41,779.951 ns","42,586.209 ns","24,097.95",543.4394 ns,14.00,2.814,2.000,0.6676,15,*,No,2.3193,203 B,0.0610,-,"19,784 B"
'Clone: Array-PersonProper',Job-SPYWVM,False,True,Default,Default,Default,Default,Default,1111,Empty,RyuJit,X64,8c5e7fda-e8bf-4a96-9a85-a6e23a8c635c,.NET 6.0,False,True,False,True,Default,Default,False,False,True,Default,Default,Default,Default,Default,.NET 6.0,Default,1,Default,Default,Default,Default,Default,Default,Default,Default,Default,16,Default,DotNetTips.Spargine.Extensions.BenchmarkTests,Collections,25,"107,412.209 ns",533.3890 ns,472.8355 ns,126.3706 ns,"106,863.123 ns","107,026.019 ns","107,368.237 ns","107,619.733 ns","108,323.438 ns","9,309.93",533.3890 ns,14.00,1.851,2.000,0.5170,22,*,No,5.2490,203 B,0.4883,-,"47,920 B"
'Clone: Array-PersonProper',Job-SPYWVM,False,True,Default,Default,Default,Default,Default,1111,Empty,RyuJit,X64,8c5e7fda-e8bf-4a96-9a85-a6e23a8c635c,.NET 6.0,False,True,False,True,Default,Default,False,False,True,Default,Default,Default,Default,Default,.NET 6.0,Default,1,Default,Default,Default,Default,Default,Default,Default,Default,Default,16,Default,DotNetTips.Spargine.Extensions.BenchmarkTests,Collections,50,"225,740.995 ns","2,021.0831 ns","1,791.6376 ns",478.8353 ns,"222,002.515 ns","225,076.611 ns","225,635.681 ns","227,119.373 ns","228,123.682 ns","4,429.86","2,021.0831 ns",14.00,2.327,2.000,-0.5787,26,*,No,10.9863,203 B,2.1973,-,"95,488 B"
'Clone: Array-PersonProper',Job-SPYWVM,False,True,Default,Default,Default,Default,Default,1111,Empty,RyuJit,X64,8c5e7fda-e8bf-4a96-9a85-a6e23a8c635c,.NET 6.0,False,True,False,True,Default,Default,False,False,True,Default,Default,Default,Default,Default,.NET 6.0,Default,1,Default,Default,Default,Default,Default,Default,Default,Default,Default,16,Default,DotNetTips.Spargine.Extensions.BenchmarkTests,Collections,100,"623,177.287 ns","31,404.2737 ns","92,596.2095 ns","9,259.6209 ns","488,828.027 ns","544,372.852 ns","609,546.436 ns","694,726.660 ns","887,890.137 ns","1,604.68","31,404.2737 ns",100.00,2.465,3.059,0.5506,31,*,No,20.5078,203 B,17.5781,10.7422,"188,973 B"
'Clone: Array-PersonProper',Job-SPYWVM,False,True,Default,Default,Default,Default,Default,1111,Empty,RyuJit,X64,8c5e7fda-e8bf-4a96-9a85-a6e23a8c635c,.NET 6.0,False,True,False,True,Default,Default,False,False,True,Default,Default,Default,Default,Default,.NET 6.0,Default,1,Default,Default,Default,Default,Default,Default,Default,Default,Default,16,Default,DotNetTips.Spargine.Extensions.BenchmarkTests,Collections,250,"1,639,244.734 ns","55,918.5771 ns","164,877.1862 ns","16,487.7186 ns","1,264,718.555 ns","1,531,550.488 ns","1,625,253.613 ns","1,743,555.713 ns","2,055,735.742 ns",610.04,"55,918.5771 ns",100.00,2.671,2.733,0.1171,40,*,No,39.0625,203 B,29.2969,23.4375,"470,035 B"
'Clone: Array-PersonProper',Job-SPYWVM,False,True,Default,Default,Default,Default,Default,1111,Empty,RyuJit,X64,8c5e7fda-e8bf-4a96-9a85-a6e23a8c635c,.NET 6.0,False,True,False,True,Default,Default,False,False,True,Default,Default,Default,Default,Default,.NET 6.0,Default,1,Default,Default,Default,Default,Default,Default,Default,Default,Default,16,Default,DotNetTips.Spargine.Extensions.BenchmarkTests,Collections,500,"2,453,643.570 ns","45,867.4318 ns","38,301.3829 ns","10,622.8923 ns","2,404,490.234 ns","2,431,183.594 ns","2,446,602.734 ns","2,459,013.281 ns","2,542,680.859 ns",407.56,"45,867.4318 ns",13.00,3.219,2.000,1.1046,41,*,No,66.4063,203 B,54.6875,46.8750,"939,500 B"
'Clone: Array-PersonProper',Job-SPYWVM,False,True,Default,Default,Default,Default,Default,1111,Empty,RyuJit,X64,8c5e7fda-e8bf-4a96-9a85-a6e23a8c635c,.NET 6.0,False,True,False,True,Default,Default,False,False,True,Default,Default,Default,Default,Default,.NET 6.0,Default,1,Default,Default,Default,Default,Default,Default,Default,Default,Default,16,Default,DotNetTips.Spargine.Extensions.BenchmarkTests,Collections,1000,"5,086,059.818 ns","77,245.1582 ns","72,255.1690 ns","18,656.2044 ns","5,003,776.953 ns","5,035,832.031 ns","5,054,126.953 ns","5,126,168.750 ns","5,244,553.516 ns",196.62,"77,245.1582 ns",15.00,2.320,2.000,0.8316,45,*,No,164.0625,203 B,140.6250,140.6250,"2,359,059 B"
'Clone: Array-PersonProper',Job-SPYWVM,False,True,Default,Default,Default,Default,Default,1111,Empty,RyuJit,X64,8c5e7fda-e8bf-4a96-9a85-a6e23a8c635c,.NET 6.0,False,True,False,True,Default,Default,False,False,True,Default,Default,Default,Default,Default,.NET 6.0,Default,1,Default,Default,Default,Default,Default,Default,Default,Default,Default,16,Default,DotNetTips.Spargine.Extensions.BenchmarkTests,Collections,2500,"12,693,038.393 ns","67,842.8597 ns","60,140.9281 ns","16,073.3391 ns","12,576,482.812 ns","12,672,840.234 ns","12,696,025.000 ns","12,720,992.578 ns","12,803,506.250 ns",78.78,"67,842.8597 ns",14.00,2.446,2.000,-0.1458,52,*,No,203.1250,203 B,187.5000,187.5000,"5,924,636 B"
'Clone: Array-PersonRecord',Job-SPYWVM,False,True,Default,Default,Default,Default,Default,1111,Empty,RyuJit,X64,8c5e7fda-e8bf-4a96-9a85-a6e23a8c635c,.NET 6.0,False,True,False,True,Default,Default,False,False,True,Default,Default,Default,Default,Default,.NET 6.0,Default,1,Default,Default,Default,Default,Default,Default,Default,Default,Default,16,Default,DotNetTips.Spargine.Extensions.BenchmarkTests,Collections,10,"115,885.226 ns","1,420.9438 ns","1,109.3794 ns",320.2503 ns,"113,981.451 ns","115,392.529 ns","115,603.680 ns","116,431.573 ns","118,448.615 ns","8,629.23","1,420.9438 ns",12.00,3.206,2.000,0.6024,24,*,No,4.3945,203 B,0.1221,-,"41,064 B"
'Clone: Array-PersonRecord',Job-SPYWVM,False,True,Default,Default,Default,Default,Default,1111,Empty,RyuJit,X64,8c5e7fda-e8bf-4a96-9a85-a6e23a8c635c,.NET 6.0,False,True,False,True,Default,Default,False,False,True,Default,Default,Default,Default,Default,.NET 6.0,Default,1,Default,Default,Default,Default,Default,Default,Default,Default,Default,16,Default,DotNetTips.Spargine.Extensions.BenchmarkTests,Collections,25,"308,892.388 ns","3,846.4141 ns","3,597.9381 ns",928.9836 ns,"300,489.722 ns","306,915.332 ns","310,032.739 ns","310,740.845 ns","314,971.265 ns","3,237.37","3,846.4141 ns",15.00,2.990,2.000,-0.7038,29,*,No,11.2305,203 B,1.9531,-,"101,145 B"
'Clone: Array-PersonRecord',Job-SPYWVM,False,True,Default,Default,Default,Default,Default,1111,Empty,RyuJit,X64,8c5e7fda-e8bf-4a96-9a85-a6e23a8c635c,.NET 6.0,False,True,False,True,Default,Default,False,False,True,Default,Default,Default,Default,Default,.NET 6.0,Default,1,Default,Default,Default,Default,Default,Default,Default,Default,Default,16,Default,DotNetTips.Spargine.Extensions.BenchmarkTests,Collections,50,"828,240.632 ns","24,994.2355 ns","72,909.3582 ns","7,364.9574 ns","686,302.246 ns","771,687.549 ns","820,200.146 ns","866,505.176 ns","1,013,732.324 ns","1,207.38","24,994.2355 ns",98.00,2.604,3.929,0.5470,33,*,No,20.5078,203 B,17.5781,9.7656,"200,296 B"
'Clone: Array-PersonRecord',Job-SPYWVM,False,True,Default,Default,Default,Default,Default,1111,Empty,RyuJit,X64,8c5e7fda-e8bf-4a96-9a85-a6e23a8c635c,.NET 6.0,False,True,False,True,Default,Default,False,False,True,Default,Default,Default,Default,Default,.NET 6.0,Default,1,Default,Default,Default,Default,Default,Default,Default,Default,Default,16,Default,DotNetTips.Spargine.Extensions.BenchmarkTests,Collections,100,"1,297,728.309 ns","25,565.7815 ns","34,129.5839 ns","6,825.9168 ns","1,268,736.230 ns","1,276,574.707 ns","1,286,928.809 ns","1,297,884.668 ns","1,393,894.434 ns",770.58,"25,565.7815 ns",25.00,4.937,2.000,1.7134,38,*,No,39.0625,203 B,27.3438,17.5781,"400,011 B"
'Clone: Array-PersonRecord',Job-SPYWVM,False,True,Default,Default,Default,Default,Default,1111,Empty,RyuJit,X64,8c5e7fda-e8bf-4a96-9a85-a6e23a8c635c,.NET 6.0,False,True,False,True,Default,Default,False,False,True,Default,Default,Default,Default,Default,.NET 6.0,Default,1,Default,Default,Default,Default,Default,Default,Default,Default,Default,16,Default,DotNetTips.Spargine.Extensions.BenchmarkTests,Collections,250,"3,259,125.747 ns","63,238.0559 ns","64,940.8276 ns","15,750.4642 ns","3,195,854.883 ns","3,222,248.242 ns","3,237,400.977 ns","3,257,057.227 ns","3,416,161.523 ns",306.83,"63,238.0559 ns",17.00,3.634,2.000,1.3625,43,*,No,58.5938,203 B,54.6875,42.9688,"996,397 B"
'Clone: Array-PersonRecord',Job-SPYWVM,False,True,Default,Default,Default,Default,Default,1111,Empty,RyuJit,X64,8c5e7fda-e8bf-4a96-9a85-a6e23a8c635c,.NET 6.0,False,True,False,True,Default,Default,False,False,True,Default,Default,Default,Default,Default,.NET 6.0,Default,1,Default,Default,Default,Default,Default,Default,Default,Default,Default,16,Default,DotNetTips.Spargine.Extensions.BenchmarkTests,Collections,500,"6,765,245.871 ns","65,432.0277 ns","58,003.7883 ns","15,502.1645 ns","6,684,654.688 ns","6,727,220.312 ns","6,750,750.391 ns","6,794,757.422 ns","6,875,010.156 ns",147.81,"65,432.0277 ns",14.00,1.972,2.000,0.5911,48,*,No,156.2500,203 B,148.4375,140.6250,"2,452,204 B"
'Clone: Array-PersonRecord',Job-SPYWVM,False,True,Default,Default,Default,Default,Default,1111,Empty,RyuJit,X64,8c5e7fda-e8bf-4a96-9a85-a6e23a8c635c,.NET 6.0,False,True,False,True,Default,Default,False,False,True,Default,Default,Default,Default,Default,.NET 6.0,Default,1,Default,Default,Default,Default,Default,Default,Default,Default,Default,16,Default,DotNetTips.Spargine.Extensions.BenchmarkTests,Collections,1000,"13,393,260.379 ns","196,892.7126 ns","174,540.2612 ns","46,647.8470 ns","13,042,387.500 ns","13,411,144.922 ns","13,453,506.250 ns","13,502,286.719 ns","13,569,032.812 ns",74.66,"196,892.7126 ns",14.00,2.548,2.000,-1.1012,53,*,No,218.7500,203 B,203.1250,187.5000,"4,898,362 B"
'Clone: Array-PersonRecord',Job-SPYWVM,False,True,Default,Default,Default,Default,Default,1111,Empty,RyuJit,X64,8c5e7fda-e8bf-4a96-9a85-a6e23a8c635c,.NET 6.0,False,True,False,True,Default,Default,False,False,True,Default,Default,Default,Default,Default,.NET 6.0,Default,1,Default,Default,Default,Default,Default,Default,Default,Default,Default,16,Default,DotNetTips.Spargine.Extensions.BenchmarkTests,Collections,2500,"33,640,939.286 ns","414,870.8268 ns","367,772.1818 ns","98,291.2501 ns","33,144,625.000 ns","33,414,362.500 ns","33,533,771.875 ns","33,853,096.875 ns","34,308,262.500 ns",29.73,"414,870.8268 ns",14.00,1.893,2.000,0.3862,55,*,No,250.0000,203 B,187.5000,187.5000,"12,294,067 B"
AddFirst,Job-SPYWVM,False,True,Default,Default,Default,Default,Default,1111,Empty,RyuJit,X64,8c5e7fda-e8bf-4a96-9a85-a6e23a8c635c,.NET 6.0,False,True,False,True,Default,Default,False,False,True,Default,Default,Default,Default,Default,.NET 6.0,Default,1,Default,Default,Default,Default,Default,Default,Default,Default,Default,16,Default,DotNetTips.Spargine.Extensions.BenchmarkTests,Collections,10,"84,859.596 ns",800.3129 ns,748.6132 ns,193.2911 ns,"83,707.361 ns","84,224.982 ns","85,203.918 ns","85,392.670 ns","85,973.682 ns","11,784.17",800.3129 ns,15.00,1.462,2.000,-0.2496,19,*,No,4.6387,748 B,0.1221,-,"39,936 B"
AddFirst,Job-SPYWVM,False,True,Default,Default,Default,Default,Default,1111,Empty,RyuJit,X64,8c5e7fda-e8bf-4a96-9a85-a6e23a8c635c,.NET 6.0,False,True,False,True,Default,Default,False,False,True,Default,Default,Default,Default,Default,.NET 6.0,Default,1,Default,Default,Default,Default,Default,Default,Default,Default,Default,16,Default,DotNetTips.Spargine.Extensions.BenchmarkTests,Collections,25,"219,658.847 ns","2,088.3845 ns","1,851.2984 ns",494.7803 ns,"216,844.202 ns","218,235.590 ns","219,257.812 ns","221,188.995 ns","222,951.746 ns","4,552.51","2,088.3845 ns",14.00,1.700,2.000,0.2876,25,*,No,10.7422,748 B,0.7324,-,"96,424 B"
AddFirst,Job-SPYWVM,False,True,Default,Default,Default,Default,Default,1111,Empty,RyuJit,X64,8c5e7fda-e8bf-4a96-9a85-a6e23a8c635c,.NET 6.0,False,True,False,True,Default,Default,False,False,True,Default,Default,Default,Default,Default,.NET 6.0,Default,1,Default,Default,Default,Default,Default,Default,Default,Default,Default,16,Default,DotNetTips.Spargine.Extensions.BenchmarkTests,Collections,50,"461,962.178 ns","4,734.5679 ns","4,428.7177 ns","1,143.4900 ns","453,505.371 ns","459,582.690 ns","462,371.729 ns","464,312.305 ns","468,727.881 ns","2,164.68","4,734.5679 ns",15.00,2.039,2.000,-0.1597,30,*,No,21.9727,748 B,-,-,"191,088 B"
AddFirst,Job-SPYWVM,False,True,Default,Default,Default,Default,Default,1111,Empty,RyuJit,X64,8c5e7fda-e8bf-4a96-9a85-a6e23a8c635c,.NET 6.0,False,True,False,True,Default,Default,False,False,True,Default,Default,Default,Default,Default,.NET 6.0,Default,1,Default,Default,Default,Default,Default,Default,Default,Default,Default,16,Default,DotNetTips.Spargine.Extensions.BenchmarkTests,Collections,100,"1,232,665.037 ns","56,256.0879 ns","164,101.6489 ns","16,576.7698 ns","985,934.180 ns","1,125,940.674 ns","1,190,849.805 ns","1,323,707.178 ns","1,658,279.883 ns",811.25,"56,256.0879 ns",98.00,2.462,4.000,0.5913,37,*,No,37.1094,748 B,35.1563,21.4844,"380,713 B"
AddFirst,Job-SPYWVM,False,True,Default,Default,Default,Default,Default,1111,Empty,RyuJit,X64,8c5e7fda-e8bf-4a96-9a85-a6e23a8c635c,.NET 6.0,False,True,False,True,Default,Default,False,False,True,Default,Default,Default,Default,Default,.NET 6.0,Default,1,Default,Default,Default,Default,Default,Default,Default,Default,Default,16,Default,DotNetTips.Spargine.Extensions.BenchmarkTests,Collections,250,"3,318,388.174 ns","101,854.2499 ns","297,113.6277 ns","30,013.0087 ns","2,626,289.844 ns","3,100,660.547 ns","3,347,339.648 ns","3,504,560.742 ns","4,039,332.422 ns",301.35,"101,854.2499 ns",98.00,2.515,3.481,0.1105,43,*,No,62.5000,748 B,62.5000,50.7813,"940,749 B"
AddFirst,Job-SPYWVM,False,True,Default,Default,Default,Default,Default,1111,Empty,RyuJit,X64,8c5e7fda-e8bf-4a96-9a85-a6e23a8c635c,.NET 6.0,False,True,False,True,Default,Default,False,False,True,Default,Default,Default,Default,Default,.NET 6.0,Default,1,Default,Default,Default,Default,Default,Default,Default,Default,Default,16,Default,DotNetTips.Spargine.Extensions.BenchmarkTests,Collections,500,"4,926,971.763 ns","69,436.9482 ns","61,554.0460 ns","16,451.0108 ns","4,830,314.844 ns","4,884,757.031 ns","4,938,653.906 ns","4,967,574.805 ns","5,039,412.500 ns",202.96,"69,436.9482 ns",14.00,1.886,2.000,-0.1225,44,*,No,125.0000,748 B,117.1875,93.7500,"1,882,854 B"
AddFirst,Job-SPYWVM,False,True,Default,Default,Default,Default,Default,1111,Empty,RyuJit,X64,8c5e7fda-e8bf-4a96-9a85-a6e23a8c635c,.NET 6.0,False,True,False,True,Default,Default,False,False,True,Default,Default,Default,Default,Default,.NET 6.0,Default,1,Default,Default,Default,Default,Default,Default,Default,Default,Default,16,Default,DotNetTips.Spargine.Extensions.BenchmarkTests,Collections,1000,"10,384,661.760 ns","206,470.6131 ns","356,151.6631 ns","57,775.4289 ns","9,931,090.625 ns","10,087,087.500 ns","10,309,113.281 ns","10,543,760.156 ns","11,212,415.625 ns",96.30,"206,470.6131 ns",38.00,2.612,2.143,0.7877,50,*,No,328.1250,748 B,312.5000,281.2500,"4,722,639 B"
AddFirst,Job-SPYWVM,False,True,Default,Default,Default,Default,Default,1111,Empty,RyuJit,X64,8c5e7fda-e8bf-4a96-9a85-a6e23a8c635c,.NET 6.0,False,True,False,True,Default,Default,False,False,True,Default,Default,Default,Default,Default,.NET 6.0,Default,1,Default,Default,Default,Default,Default,Default,Default,Default,Default,16,Default,DotNetTips.Spargine.Extensions.BenchmarkTests,Collections,2500,"25,836,030.974 ns","473,272.4987 ns","764,246.8672 ns","131,067.2564 ns","25,190,193.750 ns","25,432,956.250 ns","25,569,439.062 ns","25,802,296.875 ns","28,495,037.500 ns",38.71,"473,272.4987 ns",34.00,7.232,2.000,2.2217,54,*,No,406.2500,748 B,375.0000,375.0000,"11,861,049 B"
AddLast,Job-SPYWVM,False,True,Default,Default,Default,Default,Default,1111,Empty,RyuJit,X64,8c5e7fda-e8bf-4a96-9a85-a6e23a8c635c,.NET 6.0,False,True,False,True,Default,Default,False,False,True,Default,Default,Default,Default,Default,.NET 6.0,Default,1,Default,Default,Default,Default,Default,Default,Default,Default,Default,16,Default,DotNetTips.Spargine.Extensions.BenchmarkTests,Collections,10,"21,107.316 ns",91.1215 ns,85.2351 ns,22.0076 ns,"20,969.215 ns","21,044.495 ns","21,097.353 ns","21,185.135 ns","21,235.939 ns","47,376.94",91.1215 ns,15.00,1.561,2.000,0.1255,10,*,No,1.1292,501 B,-,-,"10,512 B"
AddLast,Job-SPYWVM,False,True,Default,Default,Default,Default,Default,1111,Empty,RyuJit,X64,8c5e7fda-e8bf-4a96-9a85-a6e23a8c635c,.NET 6.0,False,True,False,True,Default,Default,False,False,True,Default,Default,Default,Default,Default,.NET 6.0,Default,1,Default,Default,Default,Default,Default,Default,Default,Default,Default,16,Default,DotNetTips.Spargine.Extensions.BenchmarkTests,Collections,25,"49,720.020 ns",517.8268 ns,484.3756 ns,125.0652 ns,"48,856.812 ns","49,378.690 ns","49,876.050 ns","49,974.490 ns","50,774.298 ns","20,112.62",517.8268 ns,15.00,2.632,2.000,0.0293,16,*,No,2.6245,501 B,0.1221,-,"23,800 B"
AddLast,Job-SPYWVM,False,True,Default,Default,Default,Default,Default,1111,Empty,RyuJit,X64,8c5e7fda-e8bf-4a96-9a85-a6e23a8c635c,.NET 6.0,False,True,False,True,Default,Default,False,False,True,Default,Default,Default,Default,Default,.NET 6.0,Default,1,Default,Default,Default,Default,Default,Default,Default,Default,Default,16,Default,DotNetTips.Spargine.Extensions.BenchmarkTests,Collections,50,"111,720.833 ns",900.6234 ns,842.4437 ns,217.5180 ns,"110,695.050 ns","110,933.569 ns","111,466.876 ns","112,462.244 ns","112,827.155 ns","8,950.88",900.6234 ns,15.00,1.116,2.000,0.0622,23,*,No,5.3711,501 B,0.1221,-,"48,344 B"
AddLast,Job-SPYWVM,False,True,Default,Default,Default,Default,Default,1111,Empty,RyuJit,X64,8c5e7fda-e8bf-4a96-9a85-a6e23a8c635c,.NET 6.0,False,True,False,True,Default,Default,False,False,True,Default,Default,Default,Default,Default,.NET 6.0,Default,1,Default,Default,Default,Default,Default,Default,Default,Default,Default,16,Default,DotNetTips.Spargine.Extensions.BenchmarkTests,Collections,100,"229,391.966 ns","2,555.5210 ns","2,390.4359 ns",617.2079 ns,"225,358.618 ns","227,778.003 ns","229,488.354 ns","231,576.013 ns","232,185.425 ns","4,359.35","2,555.5210 ns",15.00,1.615,2.000,-0.3855,27,*,No,10.9863,501 B,2.4414,-,"95,432 B"
AddLast,Job-SPYWVM,False,True,Default,Default,Default,Default,Default,1111,Empty,RyuJit,X64,8c5e7fda-e8bf-4a96-9a85-a6e23a8c635c,.NET 6.0,False,True,False,True,Default,Default,False,False,True,Default,Default,Default,Default,Default,.NET 6.0,Default,1,Default,Default,Default,Default,Default,Default,Default,Default,Default,16,Default,DotNetTips.Spargine.Extensions.BenchmarkTests,Collections,250,"775,210.965 ns","27,861.5309 ns","82,150.3524 ns","8,215.0352 ns","618,903.809 ns","722,852.637 ns","772,512.354 ns","834,144.019 ns","965,678.809 ns","1,289.97","27,861.5309 ns",100.00,2.265,2.960,0.0663,32,*,No,25.3906,501 B,19.5313,13.6719,"236,833 B"
AddLast,Job-SPYWVM,False,True,Default,Default,Default,Default,Default,1111,Empty,RyuJit,X64,8c5e7fda-e8bf-4a96-9a85-a6e23a8c635c,.NET 6.0,False,True,False,True,Default,Default,False,False,True,Default,Default,Default,Default,Default,.NET 6.0,Default,1,Default,Default,Default,Default,Default,Default,Default,Default,Default,16,Default,DotNetTips.Spargine.Extensions.BenchmarkTests,Collections,500,"1,547,498.740 ns","57,600.8118 ns","167,110.3995 ns","16,967.4903 ns","1,223,351.953 ns","1,454,657.617 ns","1,532,373.633 ns","1,657,137.109 ns","1,936,097.266 ns",646.20,"57,600.8118 ns",97.00,2.671,3.000,0.3228,39,*,No,37.1094,501 B,27.3438,25.3906,"472,671 B"
AddLast,Job-SPYWVM,False,True,Default,Default,Default,Default,Default,1111,Empty,RyuJit,X64,8c5e7fda-e8bf-4a96-9a85-a6e23a8c635c,.NET 6.0,False,True,False,True,Default,Default,False,False,True,Default,Default,Default,Default,Default,.NET 6.0,Default,1,Default,Default,Default,Default,Default,Default,Default,Default,Default,16,Default,DotNetTips.Spargine.Extensions.BenchmarkTests,Collections,1000,"3,326,115.828 ns","99,932.8127 ns","293,085.6407 ns","29,456.2152 ns","2,837,408.398 ns","3,087,611.133 ns","3,287,858.789 ns","3,481,383.789 ns","4,012,339.648 ns",300.65,"99,932.8127 ns",99.00,2.593,4.154,0.6000,43,*,No,66.4063,501 B,58.5938,46.8750,"943,833 B"
AddLast,Job-SPYWVM,False,True,Default,Default,Default,Default,Default,1111,Empty,RyuJit,X64,8c5e7fda-e8bf-4a96-9a85-a6e23a8c635c,.NET 6.0,False,True,False,True,Default,Default,False,False,True,Default,Default,Default,Default,Default,.NET 6.0,Default,1,Default,Default,Default,Default,Default,Default,Default,Default,Default,16,Default,DotNetTips.Spargine.Extensions.BenchmarkTests,Collections,2500,"7,583,123.174 ns","177,788.9671 ns","518,618.7620 ns","52,388.4062 ns","6,342,579.688 ns","7,288,164.844 ns","7,556,621.094 ns","7,888,340.039 ns","8,802,446.094 ns",131.87,"177,788.9671 ns",98.00,2.974,2.741,0.0929,49,*,No,117.1875,501 B,109.3750,101.5625,"2,971,357 B"
AreEqual,Job-SPYWVM,False,True,Default,Default,Default,Default,Default,1111,Empty,RyuJit,X64,8c5e7fda-e8bf-4a96-9a85-a6e23a8c635c,.NET 6.0,False,True,False,True,Default,Default,False,False,True,Default,Default,Default,Default,Default,.NET 6.0,Default,1,Default,Default,Default,Default,Default,Default,Default,Default,Default,16,Default,DotNetTips.Spargine.Extensions.BenchmarkTests,Collections,10,4.472 ns,0.0780 ns,0.0729 ns,0.0188 ns,4.381 ns,4.396 ns,4.496 ns,4.545 ns,4.560 ns,"223,635,660.25",0.0780 ns,15.00,1.058,2.000,-0.0321,3,*,No,-,272 B,-,-,0 B
AreEqual,Job-SPYWVM,False,True,Default,Default,Default,Default,Default,1111,Empty,RyuJit,X64,8c5e7fda-e8bf-4a96-9a85-a6e23a8c635c,.NET 6.0,False,True,False,True,Default,Default,False,False,True,Default,Default,Default,Default,Default,.NET 6.0,Default,1,Default,Default,Default,Default,Default,Default,Default,Default,Default,16,Default,DotNetTips.Spargine.Extensions.BenchmarkTests,Collections,25,4.426 ns,0.0895 ns,0.0837 ns,0.0216 ns,4.364 ns,4.373 ns,4.380 ns,4.468 ns,4.575 ns,"225,924,483.93",0.0895 ns,15.00,1.972,2.000,0.9502,3,*,No,-,272 B,-,-,0 B
AreEqual,Job-SPYWVM,False,True,Default,Default,Default,Default,Default,1111,Empty,RyuJit,X64,8c5e7fda-e8bf-4a96-9a85-a6e23a8c635c,.NET 6.0,False,True,False,True,Default,Default,False,False,True,Default,Default,Default,Default,Default,.NET 6.0,Default,1,Default,Default,Default,Default,Default,Default,Default,Default,Default,16,Default,DotNetTips.Spargine.Extensions.BenchmarkTests,Collections,50,4.271 ns,0.0844 ns,0.0789 ns,0.0204 ns,4.206 ns,4.216 ns,4.220 ns,4.309 ns,4.429 ns,"234,153,571.68",0.0844 ns,15.00,2.185,2.000,0.9328,3,*,No,-,272 B,-,-,0 B
AreEqual,Job-SPYWVM,False,True,Default,Default,Default,Default,Default,1111,Empty,RyuJit,X64,8c5e7fda-e8bf-4a96-9a85-a6e23a8c635c,.NET 6.0,False,True,False,True,Default,Default,False,False,True,Default,Default,Default,Default,Default,.NET 6.0,Default,1,Default,Default,Default,Default,Default,Default,Default,Default,Default,16,Default,DotNetTips.Spargine.Extensions.BenchmarkTests,Collections,100,4.319 ns,0.0959 ns,0.0897 ns,0.0232 ns,4.215 ns,4.228 ns,4.383 ns,4.393 ns,4.447 ns,"231,519,483.04",0.0959 ns,15.00,1.016,3.750,-0.0651,3,*,No,-,272 B,-,-,0 B
AreEqual,Job-SPYWVM,False,True,Default,Default,Default,Default,Default,1111,Empty,RyuJit,X64,8c5e7fda-e8bf-4a96-9a85-a6e23a8c635c,.NET 6.0,False,True,False,True,Default,Default,False,False,True,Default,Default,Default,Default,Default,.NET 6.0,Default,1,Default,Default,Default,Default,Default,Default,Default,Default,Default,16,Default,DotNetTips.Spargine.Extensions.BenchmarkTests,Collections,250,4.181 ns,0.0140 ns,0.0117 ns,0.0032 ns,4.168 ns,4.174 ns,4.179 ns,4.185 ns,4.203 ns,"239,150,488.92",0.0140 ns,13.00,1.990,2.000,0.6230,3,*,No,-,272 B,-,-,0 B
AreEqual,Job-SPYWVM,False,True,Default,Default,Default,Default,Default,1111,Empty,RyuJit,X64,8c5e7fda-e8bf-4a96-9a85-a6e23a8c635c,.NET 6.0,False,True,False,True,Default,Default,False,False,True,Default,Default,Default,Default,Default,.NET 6.0,Default,1,Default,Default,Default,Default,Default,Default,Default,Default,Default,16,Default,DotNetTips.Spargine.Extensions.BenchmarkTests,Collections,500,4.318 ns,0.0776 ns,0.0726 ns,0.0187 ns,4.185 ns,4.285 ns,4.356 ns,4.359 ns,4.382 ns,"231,573,393.30",0.0776 ns,15.00,1.929,2.000,-0.9500,3,*,No,-,272 B,-,-,0 B
AreEqual,Job-SPYWVM,False,True,Default,Default,Default,Default,Default,1111,Empty,RyuJit,X64,8c5e7fda-e8bf-4a96-9a85-a6e23a8c635c,.NET 6.0,False,True,False,True,Default,Default,False,False,True,Default,Default,Default,Default,Default,.NET 6.0,Default,1,Default,Default,Default,Default,Default,Default,Default,Default,Default,16,Default,DotNetTips.Spargine.Extensions.BenchmarkTests,Collections,1000,4.306 ns,0.0777 ns,0.0727 ns,0.0188 ns,4.208 ns,4.243 ns,4.307 ns,4.371 ns,4.398 ns,"232,245,154.90",0.0777 ns,15.00,1.183,2.000,-0.1217,3,*,No,-,272 B,-,-,0 B
AreEqual,Job-SPYWVM,False,True,Default,Default,Default,Default,Default,1111,Empty,RyuJit,X64,8c5e7fda-e8bf-4a96-9a85-a6e23a8c635c,.NET 6.0,False,True,False,True,Default,Default,False,False,True,Default,Default,Default,Default,Default,.NET 6.0,Default,1,Default,Default,Default,Default,Default,Default,Default,Default,Default,16,Default,DotNetTips.Spargine.Extensions.BenchmarkTests,Collections,2500,5.093 ns,0.0872 ns,0.0816 ns,0.0211 ns,4.973 ns,5.004 ns,5.151 ns,5.155 ns,5.169 ns,"196,344,210.40",0.0872 ns,15.00,1.249,2.000,-0.4855,4,*,No,-,272 B,-,-,0 B
BytesToString,Job-SPYWVM,False,True,Default,Default,Default,Default,Default,1111,Empty,RyuJit,X64,8c5e7fda-e8bf-4a96-9a85-a6e23a8c635c,.NET 6.0,False,True,False,True,Default,Default,False,False,True,Default,Default,Default,Default,Default,.NET 6.0,Default,1,Default,Default,Default,Default,Default,Default,Default,Default,Default,16,Default,DotNetTips.Spargine.Extensions.BenchmarkTests,"Strings,Collections",10,"27,758.481 ns",438.0867 ns,409.7866 ns,105.8064 ns,"27,280.757 ns","27,410.330 ns","27,790.947 ns","28,065.125 ns","28,486.717 ns","36,025.03",438.0867 ns,15.00,1.650,2.000,0.4173,12,*,No,4.5776,"1,956 B",0.0305,-,"41,128 B"
BytesToString,Job-SPYWVM,False,True,Default,Default,Default,Default,Default,1111,Empty,RyuJit,X64,8c5e7fda-e8bf-4a96-9a85-a6e23a8c635c,.NET 6.0,False,True,False,True,Default,Default,False,False,True,Default,Default,Default,Default,Default,.NET 6.0,Default,1,Default,Default,Default,Default,Default,Default,Default,Default,Default,16,Default,DotNetTips.Spargine.Extensions.BenchmarkTests,"Strings,Collections",25,"28,415.842 ns",306.2172 ns,286.4358 ns,73.9574 ns,"27,885.564 ns","28,272.888 ns","28,356.664 ns","28,692.509 ns","28,838.499 ns","35,191.64",306.2172 ns,15.00,1.763,2.000,-0.1375,12,*,No,4.5776,"1,956 B",0.0305,-,"41,128 B"
BytesToString,Job-SPYWVM,False,True,Default,Default,Default,Default,Default,1111,Empty,RyuJit,X64,8c5e7fda-e8bf-4a96-9a85-a6e23a8c635c,.NET 6.0,False,True,False,True,Default,Default,False,False,True,Default,Default,Default,Default,Default,.NET 6.0,Default,1,Default,Default,Default,Default,Default,Default,Default,Default,Default,16,Default,DotNetTips.Spargine.Extensions.BenchmarkTests,"Strings,Collections",50,"29,421.567 ns",572.0679 ns,723.4827 ns,150.8566 ns,"28,095.787 ns","28,934.068 ns","29,316.374 ns","30,072.920 ns","30,320.766 ns","33,988.67",572.0679 ns,23.00,1.683,2.000,-0.3513,12,*,No,4.5471,"1,956 B",0.0305,-,"41,128 B"
BytesToString,Job-SPYWVM,False,True,Default,Default,Default,Default,Default,1111,Empty,RyuJit,X64,8c5e7fda-e8bf-4a96-9a85-a6e23a8c635c,.NET 6.0,False,True,False,True,Default,Default,False,False,True,Default,Default,Default,Default,Default,.NET 6.0,Default,1,Default,Default,Default,Default,Default,Default,Default,Default,Default,16,Default,DotNetTips.Spargine.Extensions.BenchmarkTests,"Strings,Collections",100,"27,942.446 ns",549.2271 ns,539.4145 ns,134.8536 ns,"27,283.218 ns","27,483.041 ns","27,958.649 ns","28,241.634 ns","29,258.041 ns","35,787.85",549.2271 ns,16.00,2.786,2.000,0.6204,12,*,No,4.5776,"1,956 B",0.0305,-,"41,128 B"
BytesToString,Job-SPYWVM,False,True,Default,Default,Default,Default,Default,1111,Empty,RyuJit,X64,8c5e7fda-e8bf-4a96-9a85-a6e23a8c635c,.NET 6.0,False,True,False,True,Default,Default,False,False,True,Default,Default,Default,Default,Default,.NET 6.0,Default,1,Default,Default,Default,Default,Default,Default,Default,Default,Default,16,Default,DotNetTips.Spargine.Extensions.BenchmarkTests,"Strings,Collections",250,"29,178.360 ns",571.1856 ns,837.2364 ns,155.4709 ns,"27,367.152 ns","28,955.608 ns","29,533.263 ns","29,829.097 ns","30,189.046 ns","34,271.97",571.1856 ns,29.00,2.359,2.000,-0.8957,12,*,No,4.5166,"1,956 B",0.0305,-,"41,128 B"
BytesToString,Job-SPYWVM,False,True,Default,Default,Default,Default,Default,1111,Empty,RyuJit,X64,8c5e7fda-e8bf-4a96-9a85-a6e23a8c635c,.NET 6.0,False,True,False,True,Default,Default,False,False,True,Default,Default,Default,Default,Default,.NET 6.0,Default,1,Default,Default,Default,Default,Default,Default,Default,Default,Default,16,Default,DotNetTips.Spargine.Extensions.BenchmarkTests,"Strings,Collections",500,"26,898.188 ns",159.2859 ns,148.9962 ns,38.4706 ns,"26,549.806 ns","26,834.991 ns","26,883.125 ns","27,031.285 ns","27,128.621 ns","37,177.22",159.2859 ns,15.00,2.796,2.000,-0.4410,11,*,No,4.4861,"1,956 B",-,-,"41,128 B"
BytesToString,Job-SPYWVM,False,True,Default,Default,Default,Default,Default,1111,Empty,RyuJit,X64,8c5e7fda-e8bf-4a96-9a85-a6e23a8c635c,.NET 6.0,False,True,False,True,Default,Default,False,False,True,Default,Default,Default,Default,Default,.NET 6.0,Default,1,Default,Default,Default,Default,Default,Default,Default,Default,Default,16,Default,DotNetTips.Spargine.Extensions.BenchmarkTests,"Strings,Collections",1000,"28,260.392 ns",561.8095 ns,874.6698 ns,154.6212 ns,"26,438.174 ns","28,164.685 ns","28,438.606 ns","28,867.059 ns","29,525.650 ns","35,385.21",561.8095 ns,32.00,2.592,2.000,-0.8264,12,*,No,4.5166,"1,956 B",0.0305,-,"41,128 B"
BytesToString,Job-SPYWVM,False,True,Default,Default,Default,Default,Default,1111,Empty,RyuJit,X64,8c5e7fda-e8bf-4a96-9a85-a6e23a8c635c,.NET 6.0,False,True,False,True,Default,Default,False,False,True,Default,Default,Default,Default,Default,.NET 6.0,Default,1,Default,Default,Default,Default,Default,Default,Default,Default,Default,16,Default,DotNetTips.Spargine.Extensions.BenchmarkTests,"Strings,Collections",2500,"27,856.636 ns",532.0418 ns,633.3580 ns,138.2100 ns,"26,717.744 ns","27,544.414 ns","28,028.499 ns","28,457.692 ns","28,580.467 ns","35,898.09",532.0418 ns,21.00,1.593,2.000,-0.3575,12,*,No,4.5776,"1,956 B",0.0305,-,"41,128 B"
ContainsAny,Job-SPYWVM,False,True,Default,Default,Default,Default,Default,1111,Empty,RyuJit,X64,8c5e7fda-e8bf-4a96-9a85-a6e23a8c635c,.NET 6.0,False,True,False,True,Default,Default,False,False,True,Default,Default,Default,Default,Default,.NET 6.0,Default,1,Default,Default,Default,Default,Default,Default,Default,Default,Default,16,Default,DotNetTips.Spargine.Extensions.BenchmarkTests,Collections,10,419.224 ns,4.5821 ns,4.2861 ns,1.1067 ns,411.617 ns,416.701 ns,419.243 ns,421.915 ns,427.753 ns,"2,385,359.93",4.5821 ns,15.00,2.280,2.000,-0.0068,5,*,No,0.0219,551 B,-,-,200 B
ContainsAny,Job-SPYWVM,False,True,Default,Default,Default,Default,Default,1111,Empty,RyuJit,X64,8c5e7fda-e8bf-4a96-9a85-a6e23a8c635c,.NET 6.0,False,True,False,True,Default,Default,False,False,True,Default,Default,Default,Default,Default,.NET 6.0,Default,1,Default,Default,Default,Default,Default,Default,Default,Default,Default,16,Default,DotNetTips.Spargine.Extensions.BenchmarkTests,Collections,25,"1,261.373 ns",6.4871 ns,6.0681 ns,1.5668 ns,"1,248.620 ns","1,258.474 ns","1,262.305 ns","1,264.803 ns","1,271.350 ns","792,787.18",6.4871 ns,15.00,2.378,2.000,-0.4224,6,*,No,0.0210,551 B,-,-,200 B
ContainsAny,Job-SPYWVM,False,True,Default,Default,Default,Default,Default,1111,Empty,RyuJit,X64,8c5e7fda-e8bf-4a96-9a85-a6e23a8c635c,.NET 6.0,False,True,False,True,Default,Default,False,False,True,Default,Default,Default,Default,Default,.NET 6.0,Default,1,Default,Default,Default,Default,Default,Default,Default,Default,Default,16,Default,DotNetTips.Spargine.Extensions.BenchmarkTests,Collections,50,"3,306.854 ns",18.0845 ns,16.9163 ns,4.3678 ns,"3,274.569 ns","3,295.437 ns","3,309.137 ns","3,317.956 ns","3,330.318 ns","302,402.20",18.0845 ns,15.00,1.916,2.000,-0.4152,7,*,No,0.0191,551 B,-,-,200 B
ContainsAny,Job-SPYWVM,False,True,Default,Default,Default,Default,Default,1111,Empty,RyuJit,X64,8c5e7fda-e8bf-4a96-9a85-a6e23a8c635c,.NET 6.0,False,True,False,True,Default,Default,False,False,True,Default,Default,Default,Default,Default,.NET 6.0,Default,1,Default,Default,Default,Default,Default,Default,Default,Default,Default,16,Default,DotNetTips.Spargine.Extensions.BenchmarkTests,Collections,100,"11,612.223 ns",119.7340 ns,111.9992 ns,28.9181 ns,"11,460.513 ns","11,514.894 ns","11,594.083 ns","11,719.103 ns","11,772.385 ns","86,116.16",119.7340 ns,15.00,1.311,2.000,0.0061,8,*,No,0.0153,551 B,-,-,200 B
ContainsAny,Job-SPYWVM,False,True,Default,Default,Default,Default,Default,1111,Empty,RyuJit,X64,8c5e7fda-e8bf-4a96-9a85-a6e23a8c635c,.NET 6.0,False,True,False,True,Default,Default,False,False,True,Default,Default,Default,Default,Default,.NET 6.0,Default,1,Default,Default,Default,Default,Default,Default,Default,Default,Default,16,Default,DotNetTips.Spargine.Extensions.BenchmarkTests,Collections,250,"58,087.163 ns",409.3223 ns,382.8803 ns,98.8593 ns,"57,037.796 ns","58,176.425 ns","58,221.561 ns","58,258.047 ns","58,296.451 ns","17,215.51",409.3223 ns,15.00,5.142,2.000,-1.9529,18,*,No,-,551 B,-,-,200 B
ContainsAny,Job-SPYWVM,False,True,Default,Default,Default,Default,Default,1111,Empty,RyuJit,X64,8c5e7fda-e8bf-4a96-9a85-a6e23a8c635c,.NET 6.0,False,True,False,True,Default,Default,False,False,True,Default,Default,Default,Default,Default,.NET 6.0,Default,1,Default,Default,Default,Default,Default,Default,Default,Default,Default,16,Default,DotNetTips.Spargine.Extensions.BenchmarkTests,Collections,500,"219,883.300 ns","2,830.6845 ns","2,647.8240 ns",683.6652 ns,"215,456.067 ns","216,933.337 ns","221,474.646 ns","221,745.068 ns","222,198.254 ns","4,547.87","2,830.6845 ns",15.00,1.468,2.000,-0.6804,25,*,No,-,551 B,-,-,200 B
ContainsAny,Job-SPYWVM,False,True,Default,Default,Default,Default,Default,1111,Empty,RyuJit,X64,8c5e7fda-e8bf-4a96-9a85-a6e23a8c635c,.NET 6.0,False,True,False,True,Default,Default,False,False,True,Default,Default,Default,Default,Default,.NET 6.0,Default,1,Default,Default,Default,Default,Default,Default,Default,Default,Default,16,Default,DotNetTips.Spargine.Extensions.BenchmarkTests,Collections,1000,"955,519.525 ns","8,884.2740 ns","8,310.3554 ns","2,145.7245 ns","939,484.668 ns","950,942.969 ns","959,308.984 ns","961,068.262 ns","966,123.926 ns","1,046.55","8,884.2740 ns",15.00,2.195,2.000,-0.8035,34,*,No,-,551 B,-,-,201 B
ContainsAny,Job-SPYWVM,False,True,Default,Default,Default,Default,Default,1111,Empty,RyuJit,X64,8c5e7fda-e8bf-4a96-9a85-a6e23a8c635c,.NET 6.0,False,True,False,True,Default,Default,False,False,True,Default,Default,Default,Default,Default,.NET 6.0,Default,1,Default,Default,Default,Default,Default,Default,Default,Default,Default,16,Default,DotNetTips.Spargine.Extensions.BenchmarkTests,Collections,2500,"5,899,877.995 ns","78,544.3996 ns","73,470.4801 ns","18,969.9964 ns","5,809,919.141 ns","5,828,968.359 ns","5,876,164.453 ns","5,973,488.672 ns","5,982,530.859 ns",169.50,"78,544.3996 ns",15.00,1.041,2.000,-0.0061,47,*,No,-,551 B,-,-,204 B
GetHashCode,Job-SPYWVM,False,True,Default,Default,Default,Default,Default,1111,Empty,RyuJit,X64,8c5e7fda-e8bf-4a96-9a85-a6e23a8c635c,.NET 6.0,False,True,False,True,Default,Default,False,False,True,Default,Default,Default,Default,Default,.NET 6.0,Default,1,Default,Default,Default,Default,Default,Default,Default,Default,Default,16,Default,DotNetTips.Spargine.Extensions.BenchmarkTests,Collections,10,1.085 ns,0.0345 ns,0.0323 ns,0.0083 ns,1.051 ns,1.054 ns,1.081 ns,1.115 ns,1.136 ns,"921,912,476.22",0.0345 ns,15.00,1.342,2.750,0.3121,1,*,No,-,35 B,-,-,0 B
GetHashCode,Job-SPYWVM,False,True,Default,Default,Default,Default,Default,1111,Empty,RyuJit,X64,8c5e7fda-e8bf-4a96-9a85-a6e23a8c635c,.NET 6.0,False,True,False,True,Default,Default,False,False,True,Default,Default,Default,Default,Default,.NET 6.0,Default,1,Default,Default,Default,Default,Default,Default,Default,Default,Default,16,Default,DotNetTips.Spargine.Extensions.BenchmarkTests,Collections,25,1.296 ns,0.0460 ns,0.0430 ns,0.0111 ns,1.254 ns,1.262 ns,1.266 ns,1.345 ns,1.352 ns,"771,656,496.24",0.0460 ns,15.00,1.042,3.333,0.3579,2,*,No,-,35 B,-,-,0 B
GetHashCode,Job-SPYWVM,False,True,Default,Default,Default,Default,Default,1111,Empty,RyuJit,X64,8c5e7fda-e8bf-4a96-9a85-a6e23a8c635c,.NET 6.0,False,True,False,True,Default,Default,False,False,True,Default,Default,Default,Default,Default,.NET 6.0,Default,1,Default,Default,Default,Default,Default,Default,Default,Default,Default,16,Default,DotNetTips.Spargine.Extensions.BenchmarkTests,Collections,50,1.120 ns,0.0383 ns,0.0358 ns,0.0092 ns,1.080 ns,1.086 ns,1.107 ns,1.158 ns,1.161 ns,"893,193,401.03",0.0383 ns,15.00,1.019,2.000,0.1205,1,*,No,-,35 B,-,-,0 B
GetHashCode,Job-SPYWVM,False,True,Default,Default,Default,Default,Default,1111,Empty,RyuJit,X64,8c5e7fda-e8bf-4a96-9a85-a6e23a8c635c,.NET 6.0,False,True,False,True,Default,Default,False,False,True,Default,Default,Default,Default,Default,.NET 6.0,Default,1,Default,Default,Default,Default,Default,Default,Default,Default,Default,16,Default,DotNetTips.Spargine.Extensions.BenchmarkTests,Collections,100,1.100 ns,0.0392 ns,0.0366 ns,0.0095 ns,1.060 ns,1.065 ns,1.092 ns,1.139 ns,1.149 ns,"909,180,350.31",0.0392 ns,15.00,1.153,2.000,0.1877,1,*,No,-,35 B,-,-,0 B
GetHashCode,Job-SPYWVM,False,True,Default,Default,Default,Default,Default,1111,Empty,RyuJit,X64,8c5e7fda-e8bf-4a96-9a85-a6e23a8c635c,.NET 6.0,False,True,False,True,Default,Default,False,False,True,Default,Default,Default,Default,Default,.NET 6.0,Default,1,Default,Default,Default,Default,Default,Default,Default,Default,Default,16,Default,DotNetTips.Spargine.Extensions.BenchmarkTests,Collections,250,1.128 ns,0.0361 ns,0.0338 ns,0.0087 ns,1.075 ns,1.093 ns,1.140 ns,1.157 ns,1.162 ns,"886,282,801.50",0.0361 ns,15.00,1.392,3.000,-0.4809,1,*,No,-,35 B,-,-,0 B
GetHashCode,Job-SPYWVM,False,True,Default,Default,Default,Default,Default,1111,Empty,RyuJit,X64,8c5e7fda-e8bf-4a96-9a85-a6e23a8c635c,.NET 6.0,False,True,False,True,Default,Default,False,False,True,Default,Default,Default,Default,Default,.NET 6.0,Default,1,Default,Default,Default,Default,Default,Default,Default,Default,Default,16,Default,DotNetTips.Spargine.Extensions.BenchmarkTests,Collections,500,1.318 ns,0.0390 ns,0.0364 ns,0.0094 ns,1.253 ns,1.301 ns,1.338 ns,1.340 ns,1.344 ns,"758,572,677.62",0.0390 ns,15.00,1.885,2.727,-0.9566,2,*,No,-,35 B,-,-,0 B
GetHashCode,Job-SPYWVM,False,True,Default,Default,Default,Default,Default,1111,Empty,RyuJit,X64,8c5e7fda-e8bf-4a96-9a85-a6e23a8c635c,.NET 6.0,False,True,False,True,Default,Default,False,False,True,Default,Default,Default,Default,Default,.NET 6.0,Default,1,Default,Default,Default,Default,Default,Default,Default,Default,Default,16,Default,DotNetTips.Spargine.Extensions.BenchmarkTests,Collections,1000,1.101 ns,0.0382 ns,0.0357 ns,0.0092 ns,1.052 ns,1.059 ns,1.125 ns,1.128 ns,1.137 ns,"908,217,224.62",0.0382 ns,15.00,1.108,3.333,-0.3770,1,*,No,-,35 B,-,-,0 B
GetHashCode,Job-SPYWVM,False,True,Default,Default,Default,Default,Default,1111,Empty,RyuJit,X64,8c5e7fda-e8bf-4a96-9a85-a6e23a8c635c,.NET 6.0,False,True,False,True,Default,Default,False,False,True,Default,Default,Default,Default,Default,.NET 6.0,Default,1,Default,Default,Default,Default,Default,Default,Default,Default,Default,16,Default,DotNetTips.Spargine.Extensions.BenchmarkTests,Collections,2500,1.288 ns,0.0304 ns,0.0284 ns,0.0073 ns,1.250 ns,1.261 ns,1.287 ns,1.312 ns,1.333 ns,"776,114,751.89",0.0304 ns,15.00,1.417,2.000,0.0678,2,*,No,-,35 B,-,-,0 B
