<?xml version="1.0" encoding="utf-8"?>
<Summary>
  <Title>DotNetTips.Spargine.Extensions.BenchmarkTests.EnumExtensionsBenchmark-20220530-161821</Title>
  <HostEnvironmentInfo>
    <BenchmarkDotNetCaption>BenchmarkDotNet</BenchmarkDotNetCaption>
    <BenchmarkDotNetVersion>0.13.1</BenchmarkDotNetVersion>
    <OsVersion>Windows 10.0.19044.1706 (21H2)</OsVersion>
    <ProcessorName>Intel Core i7-7660U CPU 2.50GHz (Kaby Lake)</ProcessorName>
    <PhysicalProcessorCount>1</PhysicalProcessorCount>
    <PhysicalCoreCount>2</PhysicalCoreCount>
    <LogicalCoreCount>4</LogicalCoreCount>
    <RuntimeVersion>.NET 6.0.5 (6.0.522.21309)</RuntimeVersion>
    <Architecture>X64</Architecture>
    <HasAttachedDebugger>False</HasAttachedDebugger>
    <HasRyuJit>True</HasRyuJit>
    <Configuration>RELEASE</Configuration>
    <DotNetSdkVersion>6.0.300</DotNetSdkVersion>
    <ChronometerFrequency>
      <Hertz>10000000</Hertz>
    </ChronometerFrequency>
    <HardwareTimerKind>Unknown</HardwareTimerKind>
  </HostEnvironmentInfo>
  <Benchmarks>
    <BenchmarkCase>
      <DisplayInfo>EnumExtensionsBenchmark.GetDescription: Job-SPYWVM(EvaluateOverhead=True, Server=True, Toolchain=.NET 6.0)</DisplayInfo>
      <Namespace>DotNetTips.Spargine.Extensions.BenchmarkTests</Namespace>
      <Type>EnumExtensionsBenchmark</Type>
      <Method>GetDescription01</Method>
      <MethodTitle>GetDescription</MethodTitle>
      <Statistics>
        <OriginalValues>
          <Item>247.2647190093994</Item>
          <Item>249.3751049041748</Item>
          <Item>249.12757873535156</Item>
          <Item>247.96385765075684</Item>
          <Item>247.22108840942383</Item>
          <Item>243.89028549194336</Item>
          <Item>247.73211479187012</Item>
          <Item>248.00853729248047</Item>
          <Item>249.07293319702148</Item>
          <Item>247.98741340637207</Item>
          <Item>249.90229606628418</Item>
          <Item>247.33943939208984</Item>
          <Item>247.75004386901855</Item>
          <Item>249.0565299987793</Item>
        </OriginalValues>
        <N>14</N>
        <Min>243.89028549194336</Min>
        <LowerFence>244.99077200889587</LowerFence>
        <Q1>247.4376082420349</Q1>
        <Median>247.97563552856445</Median>
        <Mean>247.97799587249756</Mean>
        <Q3>249.06883239746094</Q3>
        <UpperFence>251.51566863059998</UpperFence>
        <Max>249.90229606628418</Max>
        <InterquartileRange>1.6312241554260254</InterquartileRange>
        <LowerOutliers>
          <Item>243.89028549194336</Item>
        </LowerOutliers>
        <AllOutliers>
          <Outlier>243.89028549194336</Outlier>
        </AllOutliers>
        <StandardError>0.3897798304375714</StandardError>
        <Variance>2.1269964270231867</Variance>
        <StandardDeviation>1.4584225817722334</StandardDeviation>
        <Skewness>-1.276745568339473</Skewness>
        <Kurtosis>4.7684401525341</Kurtosis>
        <ConfidenceInterval>
          <N>14</N>
          <Mean>247.97799587249756</Mean>
          <StandardError>0.3897798304375714</StandardError>
          <Level>L999</Level>
          <Margin>1.645195075131259</Margin>
          <Lower>246.3328007973663</Lower>
          <Upper>249.6231909476288</Upper>
        </ConfidenceInterval>
        <Percentiles>
          <P0>243.89028549194336</P0>
          <P25>247.4376082420349</P25>
          <P50>247.97563552856445</P50>
          <P67>248.75261211395264</P67>
          <P80>249.09479141235352</P80>
          <P85>249.13995504379272</P85>
          <P90>249.30084705352783</P90>
          <P95>249.5596218109131</P95>
          <P100>249.90229606628418</P100>
        </Percentiles>
      </Statistics>
      <Memory>
        <Gen0Collections>5</Gen0Collections>
        <Gen1Collections>0</Gen1Collections>
        <Gen2Collections>0</Gen2Collections>
        <TotalOperations>2097152</TotalOperations>
      </Memory>
      <Measurements>
        <Measurement>
          <IterationMode>Overhead</IterationMode>
          <IterationStage>Jitting</IterationStage>
          <LaunchIndex>1</LaunchIndex>
          <IterationIndex>1</IterationIndex>
          <Operations>1</Operations>
          <Nanoseconds>252300</Nanoseconds>
        </Measurement>
        <Measurement>
          <IterationMode>Workload</IterationMode>
          <IterationStage>Jitting</IterationStage>
          <LaunchIndex>1</LaunchIndex>
          <IterationIndex>1</IterationIndex>
          <Operations>1</Operations>
          <Nanoseconds>1289900</Nanoseconds>
        </Measurement>
        <Measurement>
          <IterationMode>Overhead</IterationMode>
          <IterationStage>Jitting</IterationStage>
          <LaunchIndex>1</LaunchIndex>
          <IterationIndex>2</IterationIndex>
          <Operations>16</Operations>
          <Nanoseconds>214500</Nanoseconds>
        </Measurement>
        <Measurement>
          <IterationMode>Workload</IterationMode>
          <IterationStage>Jitting</IterationStage>
          <LaunchIndex>1</LaunchIndex>
          <IterationIndex>2</IterationIndex>
          <Operations>16</Operations>
          <Nanoseconds>261500</Nanoseconds>
        </Measurement>
        <Measurement>
          <IterationMode>Workload</IterationMode>
          <IterationStage>Pilot</IterationStage>
          <LaunchIndex>1</LaunchIndex>
          <IterationIndex>1</IterationIndex>
          <Operations>16</Operations>
          <Nanoseconds>55800</Nanoseconds>
        </Measurement>
        <Measurement>
          <IterationMode>Workload</IterationMode>
          <IterationStage>Pilot</IterationStage>
          <LaunchIndex>1</LaunchIndex>
          <IterationIndex>2</IterationIndex>
          <Operations>32</Operations>
          <Nanoseconds>41200</Nanoseconds>
        </Measurement>
        <Measurement>
          <IterationMode>Workload</IterationMode>
          <IterationStage>Pilot</IterationStage>
          <LaunchIndex>1</LaunchIndex>
          <IterationIndex>3</IterationIndex>
          <Operations>64</Operations>
          <Nanoseconds>61700</Nanoseconds>
        </Measurement>
        <Measurement>
          <IterationMode>Workload</IterationMode>
          <IterationStage>Pilot</IterationStage>
          <LaunchIndex>1</LaunchIndex>
          <IterationIndex>4</IterationIndex>
          <Operations>128</Operations>
          <Nanoseconds>93200</Nanoseconds>
        </Measurement>
        <Measurement>
          <IterationMode>Workload</IterationMode>
          <IterationStage>Pilot</IterationStage>
          <LaunchIndex>1</LaunchIndex>
          <IterationIndex>5</IterationIndex>
          <Operations>256</Operations>
          <Nanoseconds>137200</Nanoseconds>
        </Measurement>
        <Measurement>
          <IterationMode>Workload</IterationMode>
          <IterationStage>Pilot</IterationStage>
          <LaunchIndex>1</LaunchIndex>
          <IterationIndex>6</IterationIndex>
          <Operations>512</Operations>
          <Nanoseconds>240100</Nanoseconds>
        </Measurement>
        <Measurement>
          <IterationMode>Workload</IterationMode>
          <IterationStage>Pilot</IterationStage>
          <LaunchIndex>1</LaunchIndex>
          <IterationIndex>7</IterationIndex>
          <Operations>1024</Operations>
          <Nanoseconds>436400</Nanoseconds>
        </Measurement>
        <Measurement>
          <IterationMode>Workload</IterationMode>
          <IterationStage>Pilot</IterationStage>
          <LaunchIndex>1</LaunchIndex>
          <IterationIndex>8</IterationIndex>
          <Operations>2048</Operations>
          <Nanoseconds>857400</Nanoseconds>
        </Measurement>
        <Measurement>
          <IterationMode>Workload</IterationMode>
          <IterationStage>Pilot</IterationStage>
          <LaunchIndex>1</LaunchIndex>
          <IterationIndex>9</IterationIndex>
          <Operations>4096</Operations>
          <Nanoseconds>1611200</Nanoseconds>
        </Measurement>
        <Measurement>
          <IterationMode>Workload</IterationMode>
          <IterationStage>Pilot</IterationStage>
          <LaunchIndex>1</LaunchIndex>
          <IterationIndex>10</IterationIndex>
          <Operations>8192</Operations>
          <Nanoseconds>3531500</Nanoseconds>
        </Measurement>
        <Measurement>
          <IterationMode>Workload</IterationMode>
          <IterationStage>Pilot</IterationStage>
          <LaunchIndex>1</LaunchIndex>
          <IterationIndex>11</IterationIndex>
          <Operations>16384</Operations>
          <Nanoseconds>6714700</Nanoseconds>
        </Measurement>
        <Measurement>
          <IterationMode>Workload</IterationMode>
          <IterationStage>Pilot</IterationStage>
          <LaunchIndex>1</LaunchIndex>
          <IterationIndex>12</IterationIndex>
          <Operations>32768</Operations>
          <Nanoseconds>13233500</Nanoseconds>
        </Measurement>
        <Measurement>
          <IterationMode>Workload</IterationMode>
          <IterationStage>Pilot</IterationStage>
          <LaunchIndex>1</LaunchIndex>
          <IterationIndex>13</IterationIndex>
          <Operations>65536</Operations>
          <Nanoseconds>26072900</Nanoseconds>
        </Measurement>
        <Measurement>
          <IterationMode>Workload</IterationMode>
          <IterationStage>Pilot</IterationStage>
          <LaunchIndex>1</LaunchIndex>
          <IterationIndex>14</IterationIndex>
          <Operations>131072</Operations>
          <Nanoseconds>48340600</Nanoseconds>
        </Measurement>
        <Measurement>
          <IterationMode>Workload</IterationMode>
          <IterationStage>Pilot</IterationStage>
          <LaunchIndex>1</LaunchIndex>
          <IterationIndex>15</IterationIndex>
          <Operations>262144</Operations>
          <Nanoseconds>87921400</Nanoseconds>
        </Measurement>
        <Measurement>
          <IterationMode>Workload</IterationMode>
          <IterationStage>Pilot</IterationStage>
          <LaunchIndex>1</LaunchIndex>
          <IterationIndex>16</IterationIndex>
          <Operations>524288</Operations>
          <Nanoseconds>130063000</Nanoseconds>
        </Measurement>
        <Measurement>
          <IterationMode>Workload</IterationMode>
          <IterationStage>Pilot</IterationStage>
          <LaunchIndex>1</LaunchIndex>
          <IterationIndex>17</IterationIndex>
          <Operations>1048576</Operations>
          <Nanoseconds>258536700</Nanoseconds>
        </Measurement>
        <Measurement>
          <IterationMode>Workload</IterationMode>
          <IterationStage>Pilot</IterationStage>
          <LaunchIndex>1</LaunchIndex>
          <IterationIndex>18</IterationIndex>
          <Operations>2097152</Operations>
          <Nanoseconds>510847800</Nanoseconds>
        </Measurement>
        <Measurement>
          <IterationMode>Overhead</IterationMode>
          <IterationStage>Warmup</IterationStage>
          <LaunchIndex>1</LaunchIndex>
          <IterationIndex>1</IterationIndex>
          <Operations>2097152</Operations>
          <Nanoseconds>3962100</Nanoseconds>
        </Measurement>
        <Measurement>
          <IterationMode>Overhead</IterationMode>
          <IterationStage>Warmup</IterationStage>
          <LaunchIndex>1</LaunchIndex>
          <IterationIndex>2</IterationIndex>
          <Operations>2097152</Operations>
          <Nanoseconds>3824400</Nanoseconds>
        </Measurement>
        <Measurement>
          <IterationMode>Overhead</IterationMode>
          <IterationStage>Warmup</IterationStage>
          <LaunchIndex>1</LaunchIndex>
          <IterationIndex>3</IterationIndex>
          <Operations>2097152</Operations>
          <Nanoseconds>3953700</Nanoseconds>
        </Measurement>
        <Measurement>
          <IterationMode>Overhead</IterationMode>
          <IterationStage>Warmup</IterationStage>
          <LaunchIndex>1</LaunchIndex>
          <IterationIndex>4</IterationIndex>
          <Operations>2097152</Operations>
          <Nanoseconds>4147200</Nanoseconds>
        </Measurement>
        <Measurement>
          <IterationMode>Overhead</IterationMode>
          <IterationStage>Warmup</IterationStage>
          <LaunchIndex>1</LaunchIndex>
          <IterationIndex>5</IterationIndex>
          <Operations>2097152</Operations>
          <Nanoseconds>4191300</Nanoseconds>
        </Measurement>
        <Measurement>
          <IterationMode>Overhead</IterationMode>
          <IterationStage>Warmup</IterationStage>
          <LaunchIndex>1</LaunchIndex>
          <IterationIndex>6</IterationIndex>
          <Operations>2097152</Operations>
          <Nanoseconds>3849000</Nanoseconds>
        </Measurement>
        <Measurement>
          <IterationMode>Overhead</IterationMode>
          <IterationStage>Warmup</IterationStage>
          <LaunchIndex>1</LaunchIndex>
          <IterationIndex>7</IterationIndex>
          <Operations>2097152</Operations>
          <Nanoseconds>4105900</Nanoseconds>
        </Measurement>
        <Measurement>
          <IterationMode>Overhead</IterationMode>
          <IterationStage>Warmup</IterationStage>
          <LaunchIndex>1</LaunchIndex>
          <IterationIndex>8</IterationIndex>
          <Operations>2097152</Operations>
          <Nanoseconds>4012300</Nanoseconds>
        </Measurement>
        <Measurement>
          <IterationMode>Overhead</IterationMode>
          <IterationStage>Actual</IterationStage>
          <LaunchIndex>1</LaunchIndex>
          <IterationIndex>1</IterationIndex>
          <Operations>2097152</Operations>
          <Nanoseconds>3810500</Nanoseconds>
        </Measurement>
        <Measurement>
          <IterationMode>Overhead</IterationMode>
          <IterationStage>Actual</IterationStage>
          <LaunchIndex>1</LaunchIndex>
          <IterationIndex>2</IterationIndex>
          <Operations>2097152</Operations>
          <Nanoseconds>3809400</Nanoseconds>
        </Measurement>
        <Measurement>
          <IterationMode>Overhead</IterationMode>
          <IterationStage>Actual</IterationStage>
          <LaunchIndex>1</LaunchIndex>
          <IterationIndex>3</IterationIndex>
          <Operations>2097152</Operations>
          <Nanoseconds>3931100</Nanoseconds>
        </Measurement>
        <Measurement>
          <IterationMode>Overhead</IterationMode>
          <IterationStage>Actual</IterationStage>
          <LaunchIndex>1</LaunchIndex>
          <IterationIndex>4</IterationIndex>
          <Operations>2097152</Operations>
          <Nanoseconds>3812700</Nanoseconds>
        </Measurement>
        <Measurement>
          <IterationMode>Overhead</IterationMode>
          <IterationStage>Actual</IterationStage>
          <LaunchIndex>1</LaunchIndex>
          <IterationIndex>5</IterationIndex>
          <Operations>2097152</Operations>
          <Nanoseconds>4105000</Nanoseconds>
        </Measurement>
        <Measurement>
          <IterationMode>Overhead</IterationMode>
          <IterationStage>Actual</IterationStage>
          <LaunchIndex>1</LaunchIndex>
          <IterationIndex>6</IterationIndex>
          <Operations>2097152</Operations>
          <Nanoseconds>3978700</Nanoseconds>
        </Measurement>
        <Measurement>
          <IterationMode>Overhead</IterationMode>
          <IterationStage>Actual</IterationStage>
          <LaunchIndex>1</LaunchIndex>
          <IterationIndex>7</IterationIndex>
          <Operations>2097152</Operations>
          <Nanoseconds>3860300</Nanoseconds>
        </Measurement>
        <Measurement>
          <IterationMode>Overhead</IterationMode>
          <IterationStage>Actual</IterationStage>
          <LaunchIndex>1</LaunchIndex>
          <IterationIndex>8</IterationIndex>
          <Operations>2097152</Operations>
          <Nanoseconds>4374100</Nanoseconds>
        </Measurement>
        <Measurement>
          <IterationMode>Overhead</IterationMode>
          <IterationStage>Actual</IterationStage>
          <LaunchIndex>1</LaunchIndex>
          <IterationIndex>9</IterationIndex>
          <Operations>2097152</Operations>
          <Nanoseconds>3840000</Nanoseconds>
        </Measurement>
        <Measurement>
          <IterationMode>Overhead</IterationMode>
          <IterationStage>Actual</IterationStage>
          <LaunchIndex>1</LaunchIndex>
          <IterationIndex>10</IterationIndex>
          <Operations>2097152</Operations>
          <Nanoseconds>4036300</Nanoseconds>
        </Measurement>
        <Measurement>
          <IterationMode>Overhead</IterationMode>
          <IterationStage>Actual</IterationStage>
          <LaunchIndex>1</LaunchIndex>
          <IterationIndex>11</IterationIndex>
          <Operations>2097152</Operations>
          <Nanoseconds>4384000</Nanoseconds>
        </Measurement>
        <Measurement>
          <IterationMode>Overhead</IterationMode>
          <IterationStage>Actual</IterationStage>
          <LaunchIndex>1</LaunchIndex>
          <IterationIndex>12</IterationIndex>
          <Operations>2097152</Operations>
          <Nanoseconds>4132800</Nanoseconds>
        </Measurement>
        <Measurement>
          <IterationMode>Overhead</IterationMode>
          <IterationStage>Actual</IterationStage>
          <LaunchIndex>1</LaunchIndex>
          <IterationIndex>13</IterationIndex>
          <Operations>2097152</Operations>
          <Nanoseconds>4033300</Nanoseconds>
        </Measurement>
        <Measurement>
          <IterationMode>Overhead</IterationMode>
          <IterationStage>Actual</IterationStage>
          <LaunchIndex>1</LaunchIndex>
          <IterationIndex>14</IterationIndex>
          <Operations>2097152</Operations>
          <Nanoseconds>4252300</Nanoseconds>
        </Measurement>
        <Measurement>
          <IterationMode>Overhead</IterationMode>
          <IterationStage>Actual</IterationStage>
          <LaunchIndex>1</LaunchIndex>
          <IterationIndex>15</IterationIndex>
          <Operations>2097152</Operations>
          <Nanoseconds>4133300</Nanoseconds>
        </Measurement>
        <Measurement>
          <IterationMode>Overhead</IterationMode>
          <IterationStage>Actual</IterationStage>
          <LaunchIndex>1</LaunchIndex>
          <IterationIndex>16</IterationIndex>
          <Operations>2097152</Operations>
          <Nanoseconds>4029500</Nanoseconds>
        </Measurement>
        <Measurement>
          <IterationMode>Workload</IterationMode>
          <IterationStage>Warmup</IterationStage>
          <LaunchIndex>1</LaunchIndex>
          <IterationIndex>1</IterationIndex>
          <Operations>2097152</Operations>
          <Nanoseconds>534565200</Nanoseconds>
        </Measurement>
        <Measurement>
          <IterationMode>Workload</IterationMode>
          <IterationStage>Warmup</IterationStage>
          <LaunchIndex>1</LaunchIndex>
          <IterationIndex>2</IterationIndex>
          <Operations>2097152</Operations>
          <Nanoseconds>529358100</Nanoseconds>
        </Measurement>
        <Measurement>
          <IterationMode>Workload</IterationMode>
          <IterationStage>Warmup</IterationStage>
          <LaunchIndex>1</LaunchIndex>
          <IterationIndex>3</IterationIndex>
          <Operations>2097152</Operations>
          <Nanoseconds>531532300</Nanoseconds>
        </Measurement>
        <Measurement>
          <IterationMode>Workload</IterationMode>
          <IterationStage>Warmup</IterationStage>
          <LaunchIndex>1</LaunchIndex>
          <IterationIndex>4</IterationIndex>
          <Operations>2097152</Operations>
          <Nanoseconds>535157100</Nanoseconds>
        </Measurement>
        <Measurement>
          <IterationMode>Workload</IterationMode>
          <IterationStage>Warmup</IterationStage>
          <LaunchIndex>1</LaunchIndex>
          <IterationIndex>5</IterationIndex>
          <Operations>2097152</Operations>
          <Nanoseconds>527331000</Nanoseconds>
        </Measurement>
        <Measurement>
          <IterationMode>Workload</IterationMode>
          <IterationStage>Warmup</IterationStage>
          <LaunchIndex>1</LaunchIndex>
          <IterationIndex>6</IterationIndex>
          <Operations>2097152</Operations>
          <Nanoseconds>535626600</Nanoseconds>
        </Measurement>
        <Measurement>
          <IterationMode>Workload</IterationMode>
          <IterationStage>Warmup</IterationStage>
          <LaunchIndex>1</LaunchIndex>
          <IterationIndex>7</IterationIndex>
          <Operations>2097152</Operations>
          <Nanoseconds>529781800</Nanoseconds>
        </Measurement>
        <Measurement>
          <IterationMode>Workload</IterationMode>
          <IterationStage>Actual</IterationStage>
          <LaunchIndex>1</LaunchIndex>
          <IterationIndex>1</IterationIndex>
          <Operations>2097152</Operations>
          <Nanoseconds>522583100</Nanoseconds>
        </Measurement>
        <Measurement>
          <IterationMode>Workload</IterationMode>
          <IterationStage>Actual</IterationStage>
          <LaunchIndex>1</LaunchIndex>
          <IterationIndex>2</IterationIndex>
          <Operations>2097152</Operations>
          <Nanoseconds>527008900</Nanoseconds>
        </Measurement>
        <Measurement>
          <IterationMode>Workload</IterationMode>
          <IterationStage>Actual</IterationStage>
          <LaunchIndex>1</LaunchIndex>
          <IterationIndex>3</IterationIndex>
          <Operations>2097152</Operations>
          <Nanoseconds>526489800</Nanoseconds>
        </Measurement>
        <Measurement>
          <IterationMode>Workload</IterationMode>
          <IterationStage>Actual</IterationStage>
          <LaunchIndex>1</LaunchIndex>
          <IterationIndex>4</IterationIndex>
          <Operations>2097152</Operations>
          <Nanoseconds>524049300</Nanoseconds>
        </Measurement>
        <Measurement>
          <IterationMode>Workload</IterationMode>
          <IterationStage>Actual</IterationStage>
          <LaunchIndex>1</LaunchIndex>
          <IterationIndex>5</IterationIndex>
          <Operations>2097152</Operations>
          <Nanoseconds>522491600</Nanoseconds>
        </Measurement>
        <Measurement>
          <IterationMode>Workload</IterationMode>
          <IterationStage>Actual</IterationStage>
          <LaunchIndex>1</LaunchIndex>
          <IterationIndex>6</IterationIndex>
          <Operations>2097152</Operations>
          <Nanoseconds>515506400</Nanoseconds>
        </Measurement>
        <Measurement>
          <IterationMode>Workload</IterationMode>
          <IterationStage>Actual</IterationStage>
          <LaunchIndex>1</LaunchIndex>
          <IterationIndex>7</IterationIndex>
          <Operations>2097152</Operations>
          <Nanoseconds>523563300</Nanoseconds>
        </Measurement>
        <Measurement>
          <IterationMode>Workload</IterationMode>
          <IterationStage>Actual</IterationStage>
          <LaunchIndex>1</LaunchIndex>
          <IterationIndex>8</IterationIndex>
          <Operations>2097152</Operations>
          <Nanoseconds>524143000</Nanoseconds>
        </Measurement>
        <Measurement>
          <IterationMode>Workload</IterationMode>
          <IterationStage>Actual</IterationStage>
          <LaunchIndex>1</LaunchIndex>
          <IterationIndex>9</IterationIndex>
          <Operations>2097152</Operations>
          <Nanoseconds>526375200</Nanoseconds>
        </Measurement>
        <Measurement>
          <IterationMode>Workload</IterationMode>
          <IterationStage>Actual</IterationStage>
          <LaunchIndex>1</LaunchIndex>
          <IterationIndex>10</IterationIndex>
          <Operations>2097152</Operations>
          <Nanoseconds>524098700</Nanoseconds>
        </Measurement>
        <Measurement>
          <IterationMode>Workload</IterationMode>
          <IterationStage>Actual</IterationStage>
          <LaunchIndex>1</LaunchIndex>
          <IterationIndex>11</IterationIndex>
          <Operations>2097152</Operations>
          <Nanoseconds>528114500</Nanoseconds>
        </Measurement>
        <Measurement>
          <IterationMode>Workload</IterationMode>
          <IterationStage>Actual</IterationStage>
          <LaunchIndex>1</LaunchIndex>
          <IterationIndex>12</IterationIndex>
          <Operations>2097152</Operations>
          <Nanoseconds>531502000</Nanoseconds>
        </Measurement>
        <Measurement>
          <IterationMode>Workload</IterationMode>
          <IterationStage>Actual</IterationStage>
          <LaunchIndex>1</LaunchIndex>
          <IterationIndex>13</IterationIndex>
          <Operations>2097152</Operations>
          <Nanoseconds>522739800</Nanoseconds>
        </Measurement>
        <Measurement>
          <IterationMode>Workload</IterationMode>
          <IterationStage>Actual</IterationStage>
          <LaunchIndex>1</LaunchIndex>
          <IterationIndex>14</IterationIndex>
          <Operations>2097152</Operations>
          <Nanoseconds>523600900</Nanoseconds>
        </Measurement>
        <Measurement>
          <IterationMode>Workload</IterationMode>
          <IterationStage>Actual</IterationStage>
          <LaunchIndex>1</LaunchIndex>
          <IterationIndex>15</IterationIndex>
          <Operations>2097152</Operations>
          <Nanoseconds>526340800</Nanoseconds>
        </Measurement>
        <Measurement>
          <IterationMode>Workload</IterationMode>
          <IterationStage>Result</IterationStage>
          <LaunchIndex>1</LaunchIndex>
          <IterationIndex>1</IterationIndex>
          <Operations>2097152</Operations>
          <Nanoseconds>518551700</Nanoseconds>
        </Measurement>
        <Measurement>
          <IterationMode>Workload</IterationMode>
          <IterationStage>Result</IterationStage>
          <LaunchIndex>1</LaunchIndex>
          <IterationIndex>2</IterationIndex>
          <Operations>2097152</Operations>
          <Nanoseconds>522977500</Nanoseconds>
        </Measurement>
        <Measurement>
          <IterationMode>Workload</IterationMode>
          <IterationStage>Result</IterationStage>
          <LaunchIndex>1</LaunchIndex>
          <IterationIndex>3</IterationIndex>
          <Operations>2097152</Operations>
          <Nanoseconds>522458400</Nanoseconds>
        </Measurement>
        <Measurement>
          <IterationMode>Workload</IterationMode>
          <IterationStage>Result</IterationStage>
          <LaunchIndex>1</LaunchIndex>
          <IterationIndex>4</IterationIndex>
          <Operations>2097152</Operations>
          <Nanoseconds>520017900</Nanoseconds>
        </Measurement>
        <Measurement>
          <IterationMode>Workload</IterationMode>
          <IterationStage>Result</IterationStage>
          <LaunchIndex>1</LaunchIndex>
          <IterationIndex>5</IterationIndex>
          <Operations>2097152</Operations>
          <Nanoseconds>518460200</Nanoseconds>
        </Measurement>
        <Measurement>
          <IterationMode>Workload</IterationMode>
          <IterationStage>Result</IterationStage>
          <LaunchIndex>1</LaunchIndex>
          <IterationIndex>6</IterationIndex>
          <Operations>2097152</Operations>
          <Nanoseconds>511475000</Nanoseconds>
        </Measurement>
        <Measurement>
          <IterationMode>Workload</IterationMode>
          <IterationStage>Result</IterationStage>
          <LaunchIndex>1</LaunchIndex>
          <IterationIndex>7</IterationIndex>
          <Operations>2097152</Operations>
          <Nanoseconds>519531900</Nanoseconds>
        </Measurement>
        <Measurement>
          <IterationMode>Workload</IterationMode>
          <IterationStage>Result</IterationStage>
          <LaunchIndex>1</LaunchIndex>
          <IterationIndex>8</IterationIndex>
          <Operations>2097152</Operations>
          <Nanoseconds>520111600</Nanoseconds>
        </Measurement>
        <Measurement>
          <IterationMode>Workload</IterationMode>
          <IterationStage>Result</IterationStage>
          <LaunchIndex>1</LaunchIndex>
          <IterationIndex>9</IterationIndex>
          <Operations>2097152</Operations>
          <Nanoseconds>522343800</Nanoseconds>
        </Measurement>
        <Measurement>
          <IterationMode>Workload</IterationMode>
          <IterationStage>Result</IterationStage>
          <LaunchIndex>1</LaunchIndex>
          <IterationIndex>10</IterationIndex>
          <Operations>2097152</Operations>
          <Nanoseconds>520067300</Nanoseconds>
        </Measurement>
        <Measurement>
          <IterationMode>Workload</IterationMode>
          <IterationStage>Result</IterationStage>
          <LaunchIndex>1</LaunchIndex>
          <IterationIndex>11</IterationIndex>
          <Operations>2097152</Operations>
          <Nanoseconds>524083100</Nanoseconds>
        </Measurement>
        <Measurement>
          <IterationMode>Workload</IterationMode>
          <IterationStage>Result</IterationStage>
          <LaunchIndex>1</LaunchIndex>
          <IterationIndex>12</IterationIndex>
          <Operations>2097152</Operations>
          <Nanoseconds>518708400</Nanoseconds>
        </Measurement>
        <Measurement>
          <IterationMode>Workload</IterationMode>
          <IterationStage>Result</IterationStage>
          <LaunchIndex>1</LaunchIndex>
          <IterationIndex>13</IterationIndex>
          <Operations>2097152</Operations>
          <Nanoseconds>519569500</Nanoseconds>
        </Measurement>
        <Measurement>
          <IterationMode>Workload</IterationMode>
          <IterationStage>Result</IterationStage>
          <LaunchIndex>1</LaunchIndex>
          <IterationIndex>14</IterationIndex>
          <Operations>2097152</Operations>
          <Nanoseconds>522309400</Nanoseconds>
        </Measurement>
      </Measurements>
    </BenchmarkCase>
    <BenchmarkCase>
      <DisplayInfo>EnumExtensionsBenchmark.GetItems: Job-SPYWVM(EvaluateOverhead=True, Server=True, Toolchain=.NET 6.0)</DisplayInfo>
      <Namespace>DotNetTips.Spargine.Extensions.BenchmarkTests</Namespace>
      <Type>EnumExtensionsBenchmark</Type>
      <Method>GetItems01</Method>
      <MethodTitle>GetItems</MethodTitle>
      <Statistics>
        <OriginalValues>
          <Item>858.071231842041</Item>
          <Item>861.6872787475586</Item>
          <Item>852.4420738220215</Item>
          <Item>865.446662902832</Item>
          <Item>847.0020294189453</Item>
          <Item>862.8534317016602</Item>
          <Item>851.0464668273926</Item>
          <Item>851.2160301208496</Item>
          <Item>850.7761001586914</Item>
          <Item>861.3862991333008</Item>
          <Item>876.3232231140137</Item>
          <Item>854.084300994873</Item>
          <Item>846.7708587646484</Item>
          <Item>842.5533294677734</Item>
        </OriginalValues>
        <N>14</N>
        <Min>842.5533294677734</Min>
        <LowerFence>834.6911787986755</LowerFence>
        <Q1>850.8436918258667</Q1>
        <Median>853.2631874084473</Median>
        <Mean>855.8328083583286</Mean>
        <Q3>861.6120338439941</Q3>
        <UpperFence>877.7645468711853</UpperFence>
        <Max>876.3232231140137</Max>
        <InterquartileRange>10.768342018127441</InterquartileRange>
        <StandardError>2.4047727051973595</StandardError>
        <Variance>80.96104469127118</Variance>
        <StandardDeviation>8.997835555914055</StandardDeviation>
        <Skewness>0.5946437512033073</Skewness>
        <Kurtosis>2.5619578838239465</Kurtosis>
        <ConfidenceInterval>
          <N>14</N>
          <Mean>855.8328083583286</Mean>
          <StandardError>2.4047727051973595</StandardError>
          <Level>L999</Level>
          <Margin>10.150140932021442</Margin>
          <Lower>845.6826674263071</Lower>
          <Upper>865.9829492903501</Upper>
        </ConfidenceInterval>
        <Percentiles>
          <P0>842.5533294677734</P0>
          <P25>850.8436918258667</P25>
          <P50>853.2631874084473</P50>
          <P67>860.4249296188354</P67>
          <P80>862.1537399291992</P80>
          <P85>862.9830932617188</P85>
          <P90>864.6686935424805</P90>
          <P95>869.2534589767456</P95>
          <P100>876.3232231140137</P100>
        </Percentiles>
      </Statistics>
      <Memory>
        <Gen0Collections>59</Gen0Collections>
        <Gen1Collections>0</Gen1Collections>
        <Gen2Collections>0</Gen2Collections>
        <TotalOperations>1048576</TotalOperations>
      </Memory>
      <Measurements>
        <Measurement>
          <IterationMode>Overhead</IterationMode>
          <IterationStage>Jitting</IterationStage>
          <LaunchIndex>1</LaunchIndex>
          <IterationIndex>1</IterationIndex>
          <Operations>1</Operations>
          <Nanoseconds>222000</Nanoseconds>
        </Measurement>
        <Measurement>
          <IterationMode>Workload</IterationMode>
          <IterationStage>Jitting</IterationStage>
          <LaunchIndex>1</LaunchIndex>
          <IterationIndex>1</IterationIndex>
          <Operations>1</Operations>
          <Nanoseconds>1325900</Nanoseconds>
        </Measurement>
        <Measurement>
          <IterationMode>Overhead</IterationMode>
          <IterationStage>Jitting</IterationStage>
          <LaunchIndex>1</LaunchIndex>
          <IterationIndex>2</IterationIndex>
          <Operations>16</Operations>
          <Nanoseconds>221300</Nanoseconds>
        </Measurement>
        <Measurement>
          <IterationMode>Workload</IterationMode>
          <IterationStage>Jitting</IterationStage>
          <LaunchIndex>1</LaunchIndex>
          <IterationIndex>2</IterationIndex>
          <Operations>16</Operations>
          <Nanoseconds>258600</Nanoseconds>
        </Measurement>
        <Measurement>
          <IterationMode>Workload</IterationMode>
          <IterationStage>Pilot</IterationStage>
          <LaunchIndex>1</LaunchIndex>
          <IterationIndex>1</IterationIndex>
          <Operations>16</Operations>
          <Nanoseconds>57600</Nanoseconds>
        </Measurement>
        <Measurement>
          <IterationMode>Workload</IterationMode>
          <IterationStage>Pilot</IterationStage>
          <LaunchIndex>1</LaunchIndex>
          <IterationIndex>2</IterationIndex>
          <Operations>32</Operations>
          <Nanoseconds>79700</Nanoseconds>
        </Measurement>
        <Measurement>
          <IterationMode>Workload</IterationMode>
          <IterationStage>Pilot</IterationStage>
          <LaunchIndex>1</LaunchIndex>
          <IterationIndex>3</IterationIndex>
          <Operations>64</Operations>
          <Nanoseconds>121500</Nanoseconds>
        </Measurement>
        <Measurement>
          <IterationMode>Workload</IterationMode>
          <IterationStage>Pilot</IterationStage>
          <LaunchIndex>1</LaunchIndex>
          <IterationIndex>4</IterationIndex>
          <Operations>128</Operations>
          <Nanoseconds>306100</Nanoseconds>
        </Measurement>
        <Measurement>
          <IterationMode>Workload</IterationMode>
          <IterationStage>Pilot</IterationStage>
          <LaunchIndex>1</LaunchIndex>
          <IterationIndex>5</IterationIndex>
          <Operations>256</Operations>
          <Nanoseconds>403700</Nanoseconds>
        </Measurement>
        <Measurement>
          <IterationMode>Workload</IterationMode>
          <IterationStage>Pilot</IterationStage>
          <LaunchIndex>1</LaunchIndex>
          <IterationIndex>6</IterationIndex>
          <Operations>512</Operations>
          <Nanoseconds>823700</Nanoseconds>
        </Measurement>
        <Measurement>
          <IterationMode>Workload</IterationMode>
          <IterationStage>Pilot</IterationStage>
          <LaunchIndex>1</LaunchIndex>
          <IterationIndex>7</IterationIndex>
          <Operations>1024</Operations>
          <Nanoseconds>1177600</Nanoseconds>
        </Measurement>
        <Measurement>
          <IterationMode>Workload</IterationMode>
          <IterationStage>Pilot</IterationStage>
          <LaunchIndex>1</LaunchIndex>
          <IterationIndex>8</IterationIndex>
          <Operations>2048</Operations>
          <Nanoseconds>2980700</Nanoseconds>
        </Measurement>
        <Measurement>
          <IterationMode>Workload</IterationMode>
          <IterationStage>Pilot</IterationStage>
          <LaunchIndex>1</LaunchIndex>
          <IterationIndex>9</IterationIndex>
          <Operations>4096</Operations>
          <Nanoseconds>4423500</Nanoseconds>
        </Measurement>
        <Measurement>
          <IterationMode>Workload</IterationMode>
          <IterationStage>Pilot</IterationStage>
          <LaunchIndex>1</LaunchIndex>
          <IterationIndex>10</IterationIndex>
          <Operations>8192</Operations>
          <Nanoseconds>10339100</Nanoseconds>
        </Measurement>
        <Measurement>
          <IterationMode>Workload</IterationMode>
          <IterationStage>Pilot</IterationStage>
          <LaunchIndex>1</LaunchIndex>
          <IterationIndex>11</IterationIndex>
          <Operations>16384</Operations>
          <Nanoseconds>19989900</Nanoseconds>
        </Measurement>
        <Measurement>
          <IterationMode>Workload</IterationMode>
          <IterationStage>Pilot</IterationStage>
          <LaunchIndex>1</LaunchIndex>
          <IterationIndex>12</IterationIndex>
          <Operations>32768</Operations>
          <Nanoseconds>39175700</Nanoseconds>
        </Measurement>
        <Measurement>
          <IterationMode>Workload</IterationMode>
          <IterationStage>Pilot</IterationStage>
          <LaunchIndex>1</LaunchIndex>
          <IterationIndex>13</IterationIndex>
          <Operations>65536</Operations>
          <Nanoseconds>73738800</Nanoseconds>
        </Measurement>
        <Measurement>
          <IterationMode>Workload</IterationMode>
          <IterationStage>Pilot</IterationStage>
          <LaunchIndex>1</LaunchIndex>
          <IterationIndex>14</IterationIndex>
          <Operations>131072</Operations>
          <Nanoseconds>139327000</Nanoseconds>
        </Measurement>
        <Measurement>
          <IterationMode>Workload</IterationMode>
          <IterationStage>Pilot</IterationStage>
          <LaunchIndex>1</LaunchIndex>
          <IterationIndex>15</IterationIndex>
          <Operations>262144</Operations>
          <Nanoseconds>245447900</Nanoseconds>
        </Measurement>
        <Measurement>
          <IterationMode>Workload</IterationMode>
          <IterationStage>Pilot</IterationStage>
          <LaunchIndex>1</LaunchIndex>
          <IterationIndex>16</IterationIndex>
          <Operations>524288</Operations>
          <Nanoseconds>463820200</Nanoseconds>
        </Measurement>
        <Measurement>
          <IterationMode>Workload</IterationMode>
          <IterationStage>Pilot</IterationStage>
          <LaunchIndex>1</LaunchIndex>
          <IterationIndex>17</IterationIndex>
          <Operations>1048576</Operations>
          <Nanoseconds>910015900</Nanoseconds>
        </Measurement>
        <Measurement>
          <IterationMode>Overhead</IterationMode>
          <IterationStage>Warmup</IterationStage>
          <LaunchIndex>1</LaunchIndex>
          <IterationIndex>1</IterationIndex>
          <Operations>1048576</Operations>
          <Nanoseconds>2029100</Nanoseconds>
        </Measurement>
        <Measurement>
          <IterationMode>Overhead</IterationMode>
          <IterationStage>Warmup</IterationStage>
          <LaunchIndex>1</LaunchIndex>
          <IterationIndex>2</IterationIndex>
          <Operations>1048576</Operations>
          <Nanoseconds>2291100</Nanoseconds>
        </Measurement>
        <Measurement>
          <IterationMode>Overhead</IterationMode>
          <IterationStage>Warmup</IterationStage>
          <LaunchIndex>1</LaunchIndex>
          <IterationIndex>3</IterationIndex>
          <Operations>1048576</Operations>
          <Nanoseconds>2178600</Nanoseconds>
        </Measurement>
        <Measurement>
          <IterationMode>Overhead</IterationMode>
          <IterationStage>Warmup</IterationStage>
          <LaunchIndex>1</LaunchIndex>
          <IterationIndex>4</IterationIndex>
          <Operations>1048576</Operations>
          <Nanoseconds>2146700</Nanoseconds>
        </Measurement>
        <Measurement>
          <IterationMode>Overhead</IterationMode>
          <IterationStage>Warmup</IterationStage>
          <LaunchIndex>1</LaunchIndex>
          <IterationIndex>5</IterationIndex>
          <Operations>1048576</Operations>
          <Nanoseconds>2136500</Nanoseconds>
        </Measurement>
        <Measurement>
          <IterationMode>Overhead</IterationMode>
          <IterationStage>Warmup</IterationStage>
          <LaunchIndex>1</LaunchIndex>
          <IterationIndex>6</IterationIndex>
          <Operations>1048576</Operations>
          <Nanoseconds>2170100</Nanoseconds>
        </Measurement>
        <Measurement>
          <IterationMode>Overhead</IterationMode>
          <IterationStage>Warmup</IterationStage>
          <LaunchIndex>1</LaunchIndex>
          <IterationIndex>7</IterationIndex>
          <Operations>1048576</Operations>
          <Nanoseconds>2402400</Nanoseconds>
        </Measurement>
        <Measurement>
          <IterationMode>Overhead</IterationMode>
          <IterationStage>Warmup</IterationStage>
          <LaunchIndex>1</LaunchIndex>
          <IterationIndex>8</IterationIndex>
          <Operations>1048576</Operations>
          <Nanoseconds>2185900</Nanoseconds>
        </Measurement>
        <Measurement>
          <IterationMode>Overhead</IterationMode>
          <IterationStage>Actual</IterationStage>
          <LaunchIndex>1</LaunchIndex>
          <IterationIndex>1</IterationIndex>
          <Operations>1048576</Operations>
          <Nanoseconds>2134200</Nanoseconds>
        </Measurement>
        <Measurement>
          <IterationMode>Overhead</IterationMode>
          <IterationStage>Actual</IterationStage>
          <LaunchIndex>1</LaunchIndex>
          <IterationIndex>2</IterationIndex>
          <Operations>1048576</Operations>
          <Nanoseconds>2358900</Nanoseconds>
        </Measurement>
        <Measurement>
          <IterationMode>Overhead</IterationMode>
          <IterationStage>Actual</IterationStage>
          <LaunchIndex>1</LaunchIndex>
          <IterationIndex>3</IterationIndex>
          <Operations>1048576</Operations>
          <Nanoseconds>1932000</Nanoseconds>
        </Measurement>
        <Measurement>
          <IterationMode>Overhead</IterationMode>
          <IterationStage>Actual</IterationStage>
          <LaunchIndex>1</LaunchIndex>
          <IterationIndex>4</IterationIndex>
          <Operations>1048576</Operations>
          <Nanoseconds>1921300</Nanoseconds>
        </Measurement>
        <Measurement>
          <IterationMode>Overhead</IterationMode>
          <IterationStage>Actual</IterationStage>
          <LaunchIndex>1</LaunchIndex>
          <IterationIndex>5</IterationIndex>
          <Operations>1048576</Operations>
          <Nanoseconds>2302000</Nanoseconds>
        </Measurement>
        <Measurement>
          <IterationMode>Overhead</IterationMode>
          <IterationStage>Actual</IterationStage>
          <LaunchIndex>1</LaunchIndex>
          <IterationIndex>6</IterationIndex>
          <Operations>1048576</Operations>
          <Nanoseconds>1929400</Nanoseconds>
        </Measurement>
        <Measurement>
          <IterationMode>Overhead</IterationMode>
          <IterationStage>Actual</IterationStage>
          <LaunchIndex>1</LaunchIndex>
          <IterationIndex>7</IterationIndex>
          <Operations>1048576</Operations>
          <Nanoseconds>1940800</Nanoseconds>
        </Measurement>
        <Measurement>
          <IterationMode>Overhead</IterationMode>
          <IterationStage>Actual</IterationStage>
          <LaunchIndex>1</LaunchIndex>
          <IterationIndex>8</IterationIndex>
          <Operations>1048576</Operations>
          <Nanoseconds>1933200</Nanoseconds>
        </Measurement>
        <Measurement>
          <IterationMode>Overhead</IterationMode>
          <IterationStage>Actual</IterationStage>
          <LaunchIndex>1</LaunchIndex>
          <IterationIndex>9</IterationIndex>
          <Operations>1048576</Operations>
          <Nanoseconds>1957300</Nanoseconds>
        </Measurement>
        <Measurement>
          <IterationMode>Overhead</IterationMode>
          <IterationStage>Actual</IterationStage>
          <LaunchIndex>1</LaunchIndex>
          <IterationIndex>10</IterationIndex>
          <Operations>1048576</Operations>
          <Nanoseconds>2192300</Nanoseconds>
        </Measurement>
        <Measurement>
          <IterationMode>Overhead</IterationMode>
          <IterationStage>Actual</IterationStage>
          <LaunchIndex>1</LaunchIndex>
          <IterationIndex>11</IterationIndex>
          <Operations>1048576</Operations>
          <Nanoseconds>1997000</Nanoseconds>
        </Measurement>
        <Measurement>
          <IterationMode>Overhead</IterationMode>
          <IterationStage>Actual</IterationStage>
          <LaunchIndex>1</LaunchIndex>
          <IterationIndex>12</IterationIndex>
          <Operations>1048576</Operations>
          <Nanoseconds>1981500</Nanoseconds>
        </Measurement>
        <Measurement>
          <IterationMode>Overhead</IterationMode>
          <IterationStage>Actual</IterationStage>
          <LaunchIndex>1</LaunchIndex>
          <IterationIndex>13</IterationIndex>
          <Operations>1048576</Operations>
          <Nanoseconds>1959500</Nanoseconds>
        </Measurement>
        <Measurement>
          <IterationMode>Overhead</IterationMode>
          <IterationStage>Actual</IterationStage>
          <LaunchIndex>1</LaunchIndex>
          <IterationIndex>14</IterationIndex>
          <Operations>1048576</Operations>
          <Nanoseconds>2000800</Nanoseconds>
        </Measurement>
        <Measurement>
          <IterationMode>Overhead</IterationMode>
          <IterationStage>Actual</IterationStage>
          <LaunchIndex>1</LaunchIndex>
          <IterationIndex>15</IterationIndex>
          <Operations>1048576</Operations>
          <Nanoseconds>2259400</Nanoseconds>
        </Measurement>
        <Measurement>
          <IterationMode>Overhead</IterationMode>
          <IterationStage>Actual</IterationStage>
          <LaunchIndex>1</LaunchIndex>
          <IterationIndex>16</IterationIndex>
          <Operations>1048576</Operations>
          <Nanoseconds>2341500</Nanoseconds>
        </Measurement>
        <Measurement>
          <IterationMode>Overhead</IterationMode>
          <IterationStage>Actual</IterationStage>
          <LaunchIndex>1</LaunchIndex>
          <IterationIndex>17</IterationIndex>
          <Operations>1048576</Operations>
          <Nanoseconds>1967900</Nanoseconds>
        </Measurement>
        <Measurement>
          <IterationMode>Overhead</IterationMode>
          <IterationStage>Actual</IterationStage>
          <LaunchIndex>1</LaunchIndex>
          <IterationIndex>18</IterationIndex>
          <Operations>1048576</Operations>
          <Nanoseconds>1942100</Nanoseconds>
        </Measurement>
        <Measurement>
          <IterationMode>Overhead</IterationMode>
          <IterationStage>Actual</IterationStage>
          <LaunchIndex>1</LaunchIndex>
          <IterationIndex>19</IterationIndex>
          <Operations>1048576</Operations>
          <Nanoseconds>1950600</Nanoseconds>
        </Measurement>
        <Measurement>
          <IterationMode>Overhead</IterationMode>
          <IterationStage>Actual</IterationStage>
          <LaunchIndex>1</LaunchIndex>
          <IterationIndex>20</IterationIndex>
          <Operations>1048576</Operations>
          <Nanoseconds>2220000</Nanoseconds>
        </Measurement>
        <Measurement>
          <IterationMode>Workload</IterationMode>
          <IterationStage>Warmup</IterationStage>
          <LaunchIndex>1</LaunchIndex>
          <IterationIndex>1</IterationIndex>
          <Operations>1048576</Operations>
          <Nanoseconds>914517900</Nanoseconds>
        </Measurement>
        <Measurement>
          <IterationMode>Workload</IterationMode>
          <IterationStage>Warmup</IterationStage>
          <LaunchIndex>1</LaunchIndex>
          <IterationIndex>2</IterationIndex>
          <Operations>1048576</Operations>
          <Nanoseconds>897747100</Nanoseconds>
        </Measurement>
        <Measurement>
          <IterationMode>Workload</IterationMode>
          <IterationStage>Warmup</IterationStage>
          <LaunchIndex>1</LaunchIndex>
          <IterationIndex>3</IterationIndex>
          <Operations>1048576</Operations>
          <Nanoseconds>927607900</Nanoseconds>
        </Measurement>
        <Measurement>
          <IterationMode>Workload</IterationMode>
          <IterationStage>Warmup</IterationStage>
          <LaunchIndex>1</LaunchIndex>
          <IterationIndex>4</IterationIndex>
          <Operations>1048576</Operations>
          <Nanoseconds>912225200</Nanoseconds>
        </Measurement>
        <Measurement>
          <IterationMode>Workload</IterationMode>
          <IterationStage>Warmup</IterationStage>
          <LaunchIndex>1</LaunchIndex>
          <IterationIndex>5</IterationIndex>
          <Operations>1048576</Operations>
          <Nanoseconds>896554200</Nanoseconds>
        </Measurement>
        <Measurement>
          <IterationMode>Workload</IterationMode>
          <IterationStage>Warmup</IterationStage>
          <LaunchIndex>1</LaunchIndex>
          <IterationIndex>6</IterationIndex>
          <Operations>1048576</Operations>
          <Nanoseconds>914877300</Nanoseconds>
        </Measurement>
        <Measurement>
          <IterationMode>Workload</IterationMode>
          <IterationStage>Warmup</IterationStage>
          <LaunchIndex>1</LaunchIndex>
          <IterationIndex>7</IterationIndex>
          <Operations>1048576</Operations>
          <Nanoseconds>912013600</Nanoseconds>
        </Measurement>
        <Measurement>
          <IterationMode>Workload</IterationMode>
          <IterationStage>Actual</IterationStage>
          <LaunchIndex>1</LaunchIndex>
          <IterationIndex>1</IterationIndex>
          <Operations>1048576</Operations>
          <Nanoseconds>901727600</Nanoseconds>
        </Measurement>
        <Measurement>
          <IterationMode>Workload</IterationMode>
          <IterationStage>Actual</IterationStage>
          <LaunchIndex>1</LaunchIndex>
          <IterationIndex>2</IterationIndex>
          <Operations>1048576</Operations>
          <Nanoseconds>937023900</Nanoseconds>
        </Measurement>
        <Measurement>
          <IterationMode>Workload</IterationMode>
          <IterationStage>Actual</IterationStage>
          <LaunchIndex>1</LaunchIndex>
          <IterationIndex>3</IterationIndex>
          <Operations>1048576</Operations>
          <Nanoseconds>905519300</Nanoseconds>
        </Measurement>
        <Measurement>
          <IterationMode>Workload</IterationMode>
          <IterationStage>Actual</IterationStage>
          <LaunchIndex>1</LaunchIndex>
          <IterationIndex>4</IterationIndex>
          <Operations>1048576</Operations>
          <Nanoseconds>895825000</Nanoseconds>
        </Measurement>
        <Measurement>
          <IterationMode>Workload</IterationMode>
          <IterationStage>Actual</IterationStage>
          <LaunchIndex>1</LaunchIndex>
          <IterationIndex>5</IterationIndex>
          <Operations>1048576</Operations>
          <Nanoseconds>909461300</Nanoseconds>
        </Measurement>
        <Measurement>
          <IterationMode>Workload</IterationMode>
          <IterationStage>Actual</IterationStage>
          <LaunchIndex>1</LaunchIndex>
          <IterationIndex>6</IterationIndex>
          <Operations>1048576</Operations>
          <Nanoseconds>890120700</Nanoseconds>
        </Measurement>
        <Measurement>
          <IterationMode>Workload</IterationMode>
          <IterationStage>Actual</IterationStage>
          <LaunchIndex>1</LaunchIndex>
          <IterationIndex>7</IterationIndex>
          <Operations>1048576</Operations>
          <Nanoseconds>906742100</Nanoseconds>
        </Measurement>
        <Measurement>
          <IterationMode>Workload</IterationMode>
          <IterationStage>Actual</IterationStage>
          <LaunchIndex>1</LaunchIndex>
          <IterationIndex>8</IterationIndex>
          <Operations>1048576</Operations>
          <Nanoseconds>894361600</Nanoseconds>
        </Measurement>
        <Measurement>
          <IterationMode>Workload</IterationMode>
          <IterationStage>Actual</IterationStage>
          <LaunchIndex>1</LaunchIndex>
          <IterationIndex>9</IterationIndex>
          <Operations>1048576</Operations>
          <Nanoseconds>894539400</Nanoseconds>
        </Measurement>
        <Measurement>
          <IterationMode>Workload</IterationMode>
          <IterationStage>Actual</IterationStage>
          <LaunchIndex>1</LaunchIndex>
          <IterationIndex>10</IterationIndex>
          <Operations>1048576</Operations>
          <Nanoseconds>894078100</Nanoseconds>
        </Measurement>
        <Measurement>
          <IterationMode>Workload</IterationMode>
          <IterationStage>Actual</IterationStage>
          <LaunchIndex>1</LaunchIndex>
          <IterationIndex>11</IterationIndex>
          <Operations>1048576</Operations>
          <Nanoseconds>905203700</Nanoseconds>
        </Measurement>
        <Measurement>
          <IterationMode>Workload</IterationMode>
          <IterationStage>Actual</IterationStage>
          <LaunchIndex>1</LaunchIndex>
          <IterationIndex>12</IterationIndex>
          <Operations>1048576</Operations>
          <Nanoseconds>920866200</Nanoseconds>
        </Measurement>
        <Measurement>
          <IterationMode>Workload</IterationMode>
          <IterationStage>Actual</IterationStage>
          <LaunchIndex>1</LaunchIndex>
          <IterationIndex>13</IterationIndex>
          <Operations>1048576</Operations>
          <Nanoseconds>897547000</Nanoseconds>
        </Measurement>
        <Measurement>
          <IterationMode>Workload</IterationMode>
          <IterationStage>Actual</IterationStage>
          <LaunchIndex>1</LaunchIndex>
          <IterationIndex>14</IterationIndex>
          <Operations>1048576</Operations>
          <Nanoseconds>889878300</Nanoseconds>
        </Measurement>
        <Measurement>
          <IterationMode>Workload</IterationMode>
          <IterationStage>Actual</IterationStage>
          <LaunchIndex>1</LaunchIndex>
          <IterationIndex>15</IterationIndex>
          <Operations>1048576</Operations>
          <Nanoseconds>885455900</Nanoseconds>
        </Measurement>
        <Measurement>
          <IterationMode>Workload</IterationMode>
          <IterationStage>Result</IterationStage>
          <LaunchIndex>1</LaunchIndex>
          <IterationIndex>1</IterationIndex>
          <Operations>1048576</Operations>
          <Nanoseconds>899752900</Nanoseconds>
        </Measurement>
        <Measurement>
          <IterationMode>Workload</IterationMode>
          <IterationStage>Result</IterationStage>
          <LaunchIndex>1</LaunchIndex>
          <IterationIndex>2</IterationIndex>
          <Operations>1048576</Operations>
          <Nanoseconds>903544600</Nanoseconds>
        </Measurement>
        <Measurement>
          <IterationMode>Workload</IterationMode>
          <IterationStage>Result</IterationStage>
          <LaunchIndex>1</LaunchIndex>
          <IterationIndex>3</IterationIndex>
          <Operations>1048576</Operations>
          <Nanoseconds>893850300</Nanoseconds>
        </Measurement>
        <Measurement>
          <IterationMode>Workload</IterationMode>
          <IterationStage>Result</IterationStage>
          <LaunchIndex>1</LaunchIndex>
          <IterationIndex>4</IterationIndex>
          <Operations>1048576</Operations>
          <Nanoseconds>907486600</Nanoseconds>
        </Measurement>
        <Measurement>
          <IterationMode>Workload</IterationMode>
          <IterationStage>Result</IterationStage>
          <LaunchIndex>1</LaunchIndex>
          <IterationIndex>5</IterationIndex>
          <Operations>1048576</Operations>
          <Nanoseconds>888146000</Nanoseconds>
        </Measurement>
        <Measurement>
          <IterationMode>Workload</IterationMode>
          <IterationStage>Result</IterationStage>
          <LaunchIndex>1</LaunchIndex>
          <IterationIndex>6</IterationIndex>
          <Operations>1048576</Operations>
          <Nanoseconds>904767400</Nanoseconds>
        </Measurement>
        <Measurement>
          <IterationMode>Workload</IterationMode>
          <IterationStage>Result</IterationStage>
          <LaunchIndex>1</LaunchIndex>
          <IterationIndex>7</IterationIndex>
          <Operations>1048576</Operations>
          <Nanoseconds>892386900</Nanoseconds>
        </Measurement>
        <Measurement>
          <IterationMode>Workload</IterationMode>
          <IterationStage>Result</IterationStage>
          <LaunchIndex>1</LaunchIndex>
          <IterationIndex>8</IterationIndex>
          <Operations>1048576</Operations>
          <Nanoseconds>892564700</Nanoseconds>
        </Measurement>
        <Measurement>
          <IterationMode>Workload</IterationMode>
          <IterationStage>Result</IterationStage>
          <LaunchIndex>1</LaunchIndex>
          <IterationIndex>9</IterationIndex>
          <Operations>1048576</Operations>
          <Nanoseconds>892103400</Nanoseconds>
        </Measurement>
        <Measurement>
          <IterationMode>Workload</IterationMode>
          <IterationStage>Result</IterationStage>
          <LaunchIndex>1</LaunchIndex>
          <IterationIndex>10</IterationIndex>
          <Operations>1048576</Operations>
          <Nanoseconds>903229000</Nanoseconds>
        </Measurement>
        <Measurement>
          <IterationMode>Workload</IterationMode>
          <IterationStage>Result</IterationStage>
          <LaunchIndex>1</LaunchIndex>
          <IterationIndex>11</IterationIndex>
          <Operations>1048576</Operations>
          <Nanoseconds>918891500</Nanoseconds>
        </Measurement>
        <Measurement>
          <IterationMode>Workload</IterationMode>
          <IterationStage>Result</IterationStage>
          <LaunchIndex>1</LaunchIndex>
          <IterationIndex>12</IterationIndex>
          <Operations>1048576</Operations>
          <Nanoseconds>895572300</Nanoseconds>
        </Measurement>
        <Measurement>
          <IterationMode>Workload</IterationMode>
          <IterationStage>Result</IterationStage>
          <LaunchIndex>1</LaunchIndex>
          <IterationIndex>13</IterationIndex>
          <Operations>1048576</Operations>
          <Nanoseconds>887903600</Nanoseconds>
        </Measurement>
        <Measurement>
          <IterationMode>Workload</IterationMode>
          <IterationStage>Result</IterationStage>
          <LaunchIndex>1</LaunchIndex>
          <IterationIndex>14</IterationIndex>
          <Operations>1048576</Operations>
          <Nanoseconds>883481200</Nanoseconds>
        </Measurement>
      </Measurements>
    </BenchmarkCase>
  </Benchmarks>
</Summary>
