Target,Target_Namespace,Target_Type,Target_Method,Job_Id,Job_AnalyzeLaunchVariance,Job_EvaluateOverhead,Job_MaxAbsoluteError,Job_MaxRelativeError,Job_MinInvokeCount,Job_MinIterationTime,Job_OutlierMode,Job_Affinity,Job_EnvironmentVariables,Job_Jit,Job_Platform,Job_PowerPlanMode,Job_Runtime,Job_AllowVeryLargeObjects,Job_Concurrent,Job_CpuGroups,Job_Force,Job_HeapAffinitizeMask,Job_HeapCount,Job_NoAffinitize,Job_RetainVm,Job_Server,Job_Arguments,Job_BuildConfiguration,Job_Clock,Job_EngineFactory,Job_NuGetReferences,Job_Toolchain,Job_IsMutator,Job_InvocationCount,Job_IterationCount,Job_IterationTime,Job_LaunchCount,Job_MaxIterationCount,Job_MaxWarmupIterationCount,Job_MemoryRandomization,Job_MinIterationCount,Job_MinWarmupIterationCount,Job_RunStrategy,Job_UnrollFactor,Job_WarmupCount,Job_Display,Params,Measurement_LaunchIndex,Measurement_IterationMode,Measurement_IterationStage,Measurement_IterationIndex,Measurement_Nanoseconds,Measurement_Operations,Measurement_Value,Gen_0,Gen_1,Gen_2,Allocated_Bytes
ExceptionExtensionsBenchmark.GetAllMessages,DotNetTips.Spargine.Extensions.BenchmarkTests,ExceptionExtensionsBenchmark,GetAllMessages,Job-SPYWVM,Default,True,Default,Default,Default,Default,Default,Default,Default,Default,Default,Default,Default,Default,Default,Default,Default,Default,Default,Default,Default,True,Default,Default,Default,Default,Default,.NET 6.0,Default,Default,Default,Default,Default,Default,Default,Default,Default,Default,Default,Default,Default,"Job-SPYWVM(EvaluateOverhead=True, Server=True, Toolchain=.NET 6.0)",,1,Overhead,Jitting,1,225600,1,225600,125,0,0,272
ExceptionExtensionsBenchmark.GetAllMessages,DotNetTips.Spargine.Extensions.BenchmarkTests,ExceptionExtensionsBenchmark,GetAllMessages,Job-SPYWVM,Default,True,Default,Default,Default,Default,Default,Default,Default,Default,Default,Default,Default,Default,Default,Default,Default,Default,Default,Default,Default,True,Default,Default,Default,Default,Default,.NET 6.0,Default,Default,Default,Default,Default,Default,Default,Default,Default,Default,Default,Default,Default,"Job-SPYWVM(EvaluateOverhead=True, Server=True, Toolchain=.NET 6.0)",,1,Workload,Jitting,1,3636400,1,3636400,125,0,0,272
ExceptionExtensionsBenchmark.GetAllMessages,DotNetTips.Spargine.Extensions.BenchmarkTests,ExceptionExtensionsBenchmark,GetAllMessages,Job-SPYWVM,Default,True,Default,Default,Default,Default,Default,Default,Default,Default,Default,Default,Default,Default,Default,Default,Default,Default,Default,Default,Default,True,Default,Default,Default,Default,Default,.NET 6.0,Default,Default,Default,Default,Default,Default,Default,Default,Default,Default,Default,Default,Default,"Job-SPYWVM(EvaluateOverhead=True, Server=True, Toolchain=.NET 6.0)",,1,Overhead,Jitting,2,226500,16,14156.25,125,0,0,272
ExceptionExtensionsBenchmark.GetAllMessages,DotNetTips.Spargine.Extensions.BenchmarkTests,ExceptionExtensionsBenchmark,GetAllMessages,Job-SPYWVM,Default,True,Default,Default,Default,Default,Default,Default,Default,Default,Default,Default,Default,Default,Default,Default,Default,Default,Default,Default,Default,True,Default,Default,Default,Default,Default,.NET 6.0,Default,Default,Default,Default,Default,Default,Default,Default,Default,Default,Default,Default,Default,"Job-SPYWVM(EvaluateOverhead=True, Server=True, Toolchain=.NET 6.0)",,1,Workload,Jitting,2,273900,16,17118.75,125,0,0,272
ExceptionExtensionsBenchmark.GetAllMessages,DotNetTips.Spargine.Extensions.BenchmarkTests,ExceptionExtensionsBenchmark,GetAllMessages,Job-SPYWVM,Default,True,Default,Default,Default,Default,Default,Default,Default,Default,Default,Default,Default,Default,Default,Default,Default,Default,Default,Default,Default,True,Default,Default,Default,Default,Default,.NET 6.0,Default,Default,Default,Default,Default,Default,Default,Default,Default,Default,Default,Default,Default,"Job-SPYWVM(EvaluateOverhead=True, Server=True, Toolchain=.NET 6.0)",,1,Workload,Pilot,1,20700,16,1293.75,125,0,0,272
ExceptionExtensionsBenchmark.GetAllMessages,DotNetTips.Spargine.Extensions.BenchmarkTests,ExceptionExtensionsBenchmark,GetAllMessages,Job-SPYWVM,Default,True,Default,Default,Default,Default,Default,Default,Default,Default,Default,Default,Default,Default,Default,Default,Default,Default,Default,Default,Default,True,Default,Default,Default,Default,Default,.NET 6.0,Default,Default,Default,Default,Default,Default,Default,Default,Default,Default,Default,Default,Default,"Job-SPYWVM(EvaluateOverhead=True, Server=True, Toolchain=.NET 6.0)",,1,Workload,Pilot,2,26200,32,818.75,125,0,0,272
ExceptionExtensionsBenchmark.GetAllMessages,DotNetTips.Spargine.Extensions.BenchmarkTests,ExceptionExtensionsBenchmark,GetAllMessages,Job-SPYWVM,Default,True,Default,Default,Default,Default,Default,Default,Default,Default,Default,Default,Default,Default,Default,Default,Default,Default,Default,Default,Default,True,Default,Default,Default,Default,Default,.NET 6.0,Default,Default,Default,Default,Default,Default,Default,Default,Default,Default,Default,Default,Default,"Job-SPYWVM(EvaluateOverhead=True, Server=True, Toolchain=.NET 6.0)",,1,Workload,Pilot,3,38200,64,596.88,125,0,0,272
ExceptionExtensionsBenchmark.GetAllMessages,DotNetTips.Spargine.Extensions.BenchmarkTests,ExceptionExtensionsBenchmark,GetAllMessages,Job-SPYWVM,Default,True,Default,Default,Default,Default,Default,Default,Default,Default,Default,Default,Default,Default,Default,Default,Default,Default,Default,Default,Default,True,Default,Default,Default,Default,Default,.NET 6.0,Default,Default,Default,Default,Default,Default,Default,Default,Default,Default,Default,Default,Default,"Job-SPYWVM(EvaluateOverhead=True, Server=True, Toolchain=.NET 6.0)",,1,Workload,Pilot,4,72200,128,564.06,125,0,0,272
ExceptionExtensionsBenchmark.GetAllMessages,DotNetTips.Spargine.Extensions.BenchmarkTests,ExceptionExtensionsBenchmark,GetAllMessages,Job-SPYWVM,Default,True,Default,Default,Default,Default,Default,Default,Default,Default,Default,Default,Default,Default,Default,Default,Default,Default,Default,Default,Default,True,Default,Default,Default,Default,Default,.NET 6.0,Default,Default,Default,Default,Default,Default,Default,Default,Default,Default,Default,Default,Default,"Job-SPYWVM(EvaluateOverhead=True, Server=True, Toolchain=.NET 6.0)",,1,Workload,Pilot,5,131800,256,514.84,125,0,0,272
ExceptionExtensionsBenchmark.GetAllMessages,DotNetTips.Spargine.Extensions.BenchmarkTests,ExceptionExtensionsBenchmark,GetAllMessages,Job-SPYWVM,Default,True,Default,Default,Default,Default,Default,Default,Default,Default,Default,Default,Default,Default,Default,Default,Default,Default,Default,Default,Default,True,Default,Default,Default,Default,Default,.NET 6.0,Default,Default,Default,Default,Default,Default,Default,Default,Default,Default,Default,Default,Default,"Job-SPYWVM(EvaluateOverhead=True, Server=True, Toolchain=.NET 6.0)",,1,Workload,Pilot,6,205800,512,401.95,125,0,0,272
ExceptionExtensionsBenchmark.GetAllMessages,DotNetTips.Spargine.Extensions.BenchmarkTests,ExceptionExtensionsBenchmark,GetAllMessages,Job-SPYWVM,Default,True,Default,Default,Default,Default,Default,Default,Default,Default,Default,Default,Default,Default,Default,Default,Default,Default,Default,Default,Default,True,Default,Default,Default,Default,Default,.NET 6.0,Default,Default,Default,Default,Default,Default,Default,Default,Default,Default,Default,Default,Default,"Job-SPYWVM(EvaluateOverhead=True, Server=True, Toolchain=.NET 6.0)",,1,Workload,Pilot,7,403600,1024,394.14,125,0,0,272
ExceptionExtensionsBenchmark.GetAllMessages,DotNetTips.Spargine.Extensions.BenchmarkTests,ExceptionExtensionsBenchmark,GetAllMessages,Job-SPYWVM,Default,True,Default,Default,Default,Default,Default,Default,Default,Default,Default,Default,Default,Default,Default,Default,Default,Default,Default,Default,Default,True,Default,Default,Default,Default,Default,.NET 6.0,Default,Default,Default,Default,Default,Default,Default,Default,Default,Default,Default,Default,Default,"Job-SPYWVM(EvaluateOverhead=True, Server=True, Toolchain=.NET 6.0)",,1,Workload,Pilot,8,951600,2048,464.65,125,0,0,272
ExceptionExtensionsBenchmark.GetAllMessages,DotNetTips.Spargine.Extensions.BenchmarkTests,ExceptionExtensionsBenchmark,GetAllMessages,Job-SPYWVM,Default,True,Default,Default,Default,Default,Default,Default,Default,Default,Default,Default,Default,Default,Default,Default,Default,Default,Default,Default,Default,True,Default,Default,Default,Default,Default,.NET 6.0,Default,Default,Default,Default,Default,Default,Default,Default,Default,Default,Default,Default,Default,"Job-SPYWVM(EvaluateOverhead=True, Server=True, Toolchain=.NET 6.0)",,1,Workload,Pilot,9,1519300,4096,370.92,125,0,0,272
ExceptionExtensionsBenchmark.GetAllMessages,DotNetTips.Spargine.Extensions.BenchmarkTests,ExceptionExtensionsBenchmark,GetAllMessages,Job-SPYWVM,Default,True,Default,Default,Default,Default,Default,Default,Default,Default,Default,Default,Default,Default,Default,Default,Default,Default,Default,Default,Default,True,Default,Default,Default,Default,Default,.NET 6.0,Default,Default,Default,Default,Default,Default,Default,Default,Default,Default,Default,Default,Default,"Job-SPYWVM(EvaluateOverhead=True, Server=True, Toolchain=.NET 6.0)",,1,Workload,Pilot,10,3404600,8192,415.6,125,0,0,272
ExceptionExtensionsBenchmark.GetAllMessages,DotNetTips.Spargine.Extensions.BenchmarkTests,ExceptionExtensionsBenchmark,GetAllMessages,Job-SPYWVM,Default,True,Default,Default,Default,Default,Default,Default,Default,Default,Default,Default,Default,Default,Default,Default,Default,Default,Default,Default,Default,True,Default,Default,Default,Default,Default,.NET 6.0,Default,Default,Default,Default,Default,Default,Default,Default,Default,Default,Default,Default,Default,"Job-SPYWVM(EvaluateOverhead=True, Server=True, Toolchain=.NET 6.0)",,1,Workload,Pilot,11,5895200,16384,359.81,125,0,0,272
ExceptionExtensionsBenchmark.GetAllMessages,DotNetTips.Spargine.Extensions.BenchmarkTests,ExceptionExtensionsBenchmark,GetAllMessages,Job-SPYWVM,Default,True,Default,Default,Default,Default,Default,Default,Default,Default,Default,Default,Default,Default,Default,Default,Default,Default,Default,Default,Default,True,Default,Default,Default,Default,Default,.NET 6.0,Default,Default,Default,Default,Default,Default,Default,Default,Default,Default,Default,Default,Default,"Job-SPYWVM(EvaluateOverhead=True, Server=True, Toolchain=.NET 6.0)",,1,Workload,Pilot,12,12812600,32768,391.01,125,0,0,272
ExceptionExtensionsBenchmark.GetAllMessages,DotNetTips.Spargine.Extensions.BenchmarkTests,ExceptionExtensionsBenchmark,GetAllMessages,Job-SPYWVM,Default,True,Default,Default,Default,Default,Default,Default,Default,Default,Default,Default,Default,Default,Default,Default,Default,Default,Default,Default,Default,True,Default,Default,Default,Default,Default,.NET 6.0,Default,Default,Default,Default,Default,Default,Default,Default,Default,Default,Default,Default,Default,"Job-SPYWVM(EvaluateOverhead=True, Server=True, Toolchain=.NET 6.0)",,1,Workload,Pilot,13,22014400,65536,335.91,125,0,0,272
ExceptionExtensionsBenchmark.GetAllMessages,DotNetTips.Spargine.Extensions.BenchmarkTests,ExceptionExtensionsBenchmark,GetAllMessages,Job-SPYWVM,Default,True,Default,Default,Default,Default,Default,Default,Default,Default,Default,Default,Default,Default,Default,Default,Default,Default,Default,Default,Default,True,Default,Default,Default,Default,Default,.NET 6.0,Default,Default,Default,Default,Default,Default,Default,Default,Default,Default,Default,Default,Default,"Job-SPYWVM(EvaluateOverhead=True, Server=True, Toolchain=.NET 6.0)",,1,Workload,Pilot,14,40005000,131072,305.21,125,0,0,272
ExceptionExtensionsBenchmark.GetAllMessages,DotNetTips.Spargine.Extensions.BenchmarkTests,ExceptionExtensionsBenchmark,GetAllMessages,Job-SPYWVM,Default,True,Default,Default,Default,Default,Default,Default,Default,Default,Default,Default,Default,Default,Default,Default,Default,Default,Default,Default,Default,True,Default,Default,Default,Default,Default,.NET 6.0,Default,Default,Default,Default,Default,Default,Default,Default,Default,Default,Default,Default,Default,"Job-SPYWVM(EvaluateOverhead=True, Server=True, Toolchain=.NET 6.0)",,1,Workload,Pilot,15,78232600,262144,298.43,125,0,0,272
ExceptionExtensionsBenchmark.GetAllMessages,DotNetTips.Spargine.Extensions.BenchmarkTests,ExceptionExtensionsBenchmark,GetAllMessages,Job-SPYWVM,Default,True,Default,Default,Default,Default,Default,Default,Default,Default,Default,Default,Default,Default,Default,Default,Default,Default,Default,Default,Default,True,Default,Default,Default,Default,Default,.NET 6.0,Default,Default,Default,Default,Default,Default,Default,Default,Default,Default,Default,Default,Default,"Job-SPYWVM(EvaluateOverhead=True, Server=True, Toolchain=.NET 6.0)",,1,Workload,Pilot,16,107894900,524288,205.79,125,0,0,272
ExceptionExtensionsBenchmark.GetAllMessages,DotNetTips.Spargine.Extensions.BenchmarkTests,ExceptionExtensionsBenchmark,GetAllMessages,Job-SPYWVM,Default,True,Default,Default,Default,Default,Default,Default,Default,Default,Default,Default,Default,Default,Default,Default,Default,Default,Default,Default,Default,True,Default,Default,Default,Default,Default,.NET 6.0,Default,Default,Default,Default,Default,Default,Default,Default,Default,Default,Default,Default,Default,"Job-SPYWVM(EvaluateOverhead=True, Server=True, Toolchain=.NET 6.0)",,1,Workload,Pilot,17,198989200,1048576,189.77,125,0,0,272
ExceptionExtensionsBenchmark.GetAllMessages,DotNetTips.Spargine.Extensions.BenchmarkTests,ExceptionExtensionsBenchmark,GetAllMessages,Job-SPYWVM,Default,True,Default,Default,Default,Default,Default,Default,Default,Default,Default,Default,Default,Default,Default,Default,Default,Default,Default,Default,Default,True,Default,Default,Default,Default,Default,.NET 6.0,Default,Default,Default,Default,Default,Default,Default,Default,Default,Default,Default,Default,Default,"Job-SPYWVM(EvaluateOverhead=True, Server=True, Toolchain=.NET 6.0)",,1,Workload,Pilot,18,391954000,2097152,186.9,125,0,0,272
ExceptionExtensionsBenchmark.GetAllMessages,DotNetTips.Spargine.Extensions.BenchmarkTests,ExceptionExtensionsBenchmark,GetAllMessages,Job-SPYWVM,Default,True,Default,Default,Default,Default,Default,Default,Default,Default,Default,Default,Default,Default,Default,Default,Default,Default,Default,Default,Default,True,Default,Default,Default,Default,Default,.NET 6.0,Default,Default,Default,Default,Default,Default,Default,Default,Default,Default,Default,Default,Default,"Job-SPYWVM(EvaluateOverhead=True, Server=True, Toolchain=.NET 6.0)",,1,Workload,Pilot,19,755253900,4194304,180.07,125,0,0,272
ExceptionExtensionsBenchmark.GetAllMessages,DotNetTips.Spargine.Extensions.BenchmarkTests,ExceptionExtensionsBenchmark,GetAllMessages,Job-SPYWVM,Default,True,Default,Default,Default,Default,Default,Default,Default,Default,Default,Default,Default,Default,Default,Default,Default,Default,Default,Default,Default,True,Default,Default,Default,Default,Default,.NET 6.0,Default,Default,Default,Default,Default,Default,Default,Default,Default,Default,Default,Default,Default,"Job-SPYWVM(EvaluateOverhead=True, Server=True, Toolchain=.NET 6.0)",,1,Overhead,Warmup,1,9051400,4194304,2.16,125,0,0,272
ExceptionExtensionsBenchmark.GetAllMessages,DotNetTips.Spargine.Extensions.BenchmarkTests,ExceptionExtensionsBenchmark,GetAllMessages,Job-SPYWVM,Default,True,Default,Default,Default,Default,Default,Default,Default,Default,Default,Default,Default,Default,Default,Default,Default,Default,Default,Default,Default,True,Default,Default,Default,Default,Default,.NET 6.0,Default,Default,Default,Default,Default,Default,Default,Default,Default,Default,Default,Default,Default,"Job-SPYWVM(EvaluateOverhead=True, Server=True, Toolchain=.NET 6.0)",,1,Overhead,Warmup,2,8920900,4194304,2.13,125,0,0,272
ExceptionExtensionsBenchmark.GetAllMessages,DotNetTips.Spargine.Extensions.BenchmarkTests,ExceptionExtensionsBenchmark,GetAllMessages,Job-SPYWVM,Default,True,Default,Default,Default,Default,Default,Default,Default,Default,Default,Default,Default,Default,Default,Default,Default,Default,Default,Default,Default,True,Default,Default,Default,Default,Default,.NET 6.0,Default,Default,Default,Default,Default,Default,Default,Default,Default,Default,Default,Default,Default,"Job-SPYWVM(EvaluateOverhead=True, Server=True, Toolchain=.NET 6.0)",,1,Overhead,Warmup,3,8876800,4194304,2.12,125,0,0,272
ExceptionExtensionsBenchmark.GetAllMessages,DotNetTips.Spargine.Extensions.BenchmarkTests,ExceptionExtensionsBenchmark,GetAllMessages,Job-SPYWVM,Default,True,Default,Default,Default,Default,Default,Default,Default,Default,Default,Default,Default,Default,Default,Default,Default,Default,Default,Default,Default,True,Default,Default,Default,Default,Default,.NET 6.0,Default,Default,Default,Default,Default,Default,Default,Default,Default,Default,Default,Default,Default,"Job-SPYWVM(EvaluateOverhead=True, Server=True, Toolchain=.NET 6.0)",,1,Overhead,Warmup,4,9543000,4194304,2.28,125,0,0,272
ExceptionExtensionsBenchmark.GetAllMessages,DotNetTips.Spargine.Extensions.BenchmarkTests,ExceptionExtensionsBenchmark,GetAllMessages,Job-SPYWVM,Default,True,Default,Default,Default,Default,Default,Default,Default,Default,Default,Default,Default,Default,Default,Default,Default,Default,Default,Default,Default,True,Default,Default,Default,Default,Default,.NET 6.0,Default,Default,Default,Default,Default,Default,Default,Default,Default,Default,Default,Default,Default,"Job-SPYWVM(EvaluateOverhead=True, Server=True, Toolchain=.NET 6.0)",,1,Overhead,Warmup,5,8956000,4194304,2.14,125,0,0,272
ExceptionExtensionsBenchmark.GetAllMessages,DotNetTips.Spargine.Extensions.BenchmarkTests,ExceptionExtensionsBenchmark,GetAllMessages,Job-SPYWVM,Default,True,Default,Default,Default,Default,Default,Default,Default,Default,Default,Default,Default,Default,Default,Default,Default,Default,Default,Default,Default,True,Default,Default,Default,Default,Default,.NET 6.0,Default,Default,Default,Default,Default,Default,Default,Default,Default,Default,Default,Default,Default,"Job-SPYWVM(EvaluateOverhead=True, Server=True, Toolchain=.NET 6.0)",,1,Overhead,Warmup,6,9369000,4194304,2.23,125,0,0,272
ExceptionExtensionsBenchmark.GetAllMessages,DotNetTips.Spargine.Extensions.BenchmarkTests,ExceptionExtensionsBenchmark,GetAllMessages,Job-SPYWVM,Default,True,Default,Default,Default,Default,Default,Default,Default,Default,Default,Default,Default,Default,Default,Default,Default,Default,Default,Default,Default,True,Default,Default,Default,Default,Default,.NET 6.0,Default,Default,Default,Default,Default,Default,Default,Default,Default,Default,Default,Default,Default,"Job-SPYWVM(EvaluateOverhead=True, Server=True, Toolchain=.NET 6.0)",,1,Overhead,Warmup,7,9308900,4194304,2.22,125,0,0,272
ExceptionExtensionsBenchmark.GetAllMessages,DotNetTips.Spargine.Extensions.BenchmarkTests,ExceptionExtensionsBenchmark,GetAllMessages,Job-SPYWVM,Default,True,Default,Default,Default,Default,Default,Default,Default,Default,Default,Default,Default,Default,Default,Default,Default,Default,Default,Default,Default,True,Default,Default,Default,Default,Default,.NET 6.0,Default,Default,Default,Default,Default,Default,Default,Default,Default,Default,Default,Default,Default,"Job-SPYWVM(EvaluateOverhead=True, Server=True, Toolchain=.NET 6.0)",,1,Overhead,Actual,1,9173100,4194304,2.19,125,0,0,272
ExceptionExtensionsBenchmark.GetAllMessages,DotNetTips.Spargine.Extensions.BenchmarkTests,ExceptionExtensionsBenchmark,GetAllMessages,Job-SPYWVM,Default,True,Default,Default,Default,Default,Default,Default,Default,Default,Default,Default,Default,Default,Default,Default,Default,Default,Default,Default,Default,True,Default,Default,Default,Default,Default,.NET 6.0,Default,Default,Default,Default,Default,Default,Default,Default,Default,Default,Default,Default,Default,"Job-SPYWVM(EvaluateOverhead=True, Server=True, Toolchain=.NET 6.0)",,1,Overhead,Actual,2,9111700,4194304,2.17,125,0,0,272
ExceptionExtensionsBenchmark.GetAllMessages,DotNetTips.Spargine.Extensions.BenchmarkTests,ExceptionExtensionsBenchmark,GetAllMessages,Job-SPYWVM,Default,True,Default,Default,Default,Default,Default,Default,Default,Default,Default,Default,Default,Default,Default,Default,Default,Default,Default,Default,Default,True,Default,Default,Default,Default,Default,.NET 6.0,Default,Default,Default,Default,Default,Default,Default,Default,Default,Default,Default,Default,Default,"Job-SPYWVM(EvaluateOverhead=True, Server=True, Toolchain=.NET 6.0)",,1,Overhead,Actual,3,9168700,4194304,2.19,125,0,0,272
ExceptionExtensionsBenchmark.GetAllMessages,DotNetTips.Spargine.Extensions.BenchmarkTests,ExceptionExtensionsBenchmark,GetAllMessages,Job-SPYWVM,Default,True,Default,Default,Default,Default,Default,Default,Default,Default,Default,Default,Default,Default,Default,Default,Default,Default,Default,Default,Default,True,Default,Default,Default,Default,Default,.NET 6.0,Default,Default,Default,Default,Default,Default,Default,Default,Default,Default,Default,Default,Default,"Job-SPYWVM(EvaluateOverhead=True, Server=True, Toolchain=.NET 6.0)",,1,Overhead,Actual,4,9286300,4194304,2.21,125,0,0,272
ExceptionExtensionsBenchmark.GetAllMessages,DotNetTips.Spargine.Extensions.BenchmarkTests,ExceptionExtensionsBenchmark,GetAllMessages,Job-SPYWVM,Default,True,Default,Default,Default,Default,Default,Default,Default,Default,Default,Default,Default,Default,Default,Default,Default,Default,Default,Default,Default,True,Default,Default,Default,Default,Default,.NET 6.0,Default,Default,Default,Default,Default,Default,Default,Default,Default,Default,Default,Default,Default,"Job-SPYWVM(EvaluateOverhead=True, Server=True, Toolchain=.NET 6.0)",,1,Overhead,Actual,5,9052400,4194304,2.16,125,0,0,272
ExceptionExtensionsBenchmark.GetAllMessages,DotNetTips.Spargine.Extensions.BenchmarkTests,ExceptionExtensionsBenchmark,GetAllMessages,Job-SPYWVM,Default,True,Default,Default,Default,Default,Default,Default,Default,Default,Default,Default,Default,Default,Default,Default,Default,Default,Default,Default,Default,True,Default,Default,Default,Default,Default,.NET 6.0,Default,Default,Default,Default,Default,Default,Default,Default,Default,Default,Default,Default,Default,"Job-SPYWVM(EvaluateOverhead=True, Server=True, Toolchain=.NET 6.0)",,1,Overhead,Actual,6,9201100,4194304,2.19,125,0,0,272
ExceptionExtensionsBenchmark.GetAllMessages,DotNetTips.Spargine.Extensions.BenchmarkTests,ExceptionExtensionsBenchmark,GetAllMessages,Job-SPYWVM,Default,True,Default,Default,Default,Default,Default,Default,Default,Default,Default,Default,Default,Default,Default,Default,Default,Default,Default,Default,Default,True,Default,Default,Default,Default,Default,.NET 6.0,Default,Default,Default,Default,Default,Default,Default,Default,Default,Default,Default,Default,Default,"Job-SPYWVM(EvaluateOverhead=True, Server=True, Toolchain=.NET 6.0)",,1,Overhead,Actual,7,9233900,4194304,2.2,125,0,0,272
ExceptionExtensionsBenchmark.GetAllMessages,DotNetTips.Spargine.Extensions.BenchmarkTests,ExceptionExtensionsBenchmark,GetAllMessages,Job-SPYWVM,Default,True,Default,Default,Default,Default,Default,Default,Default,Default,Default,Default,Default,Default,Default,Default,Default,Default,Default,Default,Default,True,Default,Default,Default,Default,Default,.NET 6.0,Default,Default,Default,Default,Default,Default,Default,Default,Default,Default,Default,Default,Default,"Job-SPYWVM(EvaluateOverhead=True, Server=True, Toolchain=.NET 6.0)",,1,Overhead,Actual,8,8875400,4194304,2.12,125,0,0,272
ExceptionExtensionsBenchmark.GetAllMessages,DotNetTips.Spargine.Extensions.BenchmarkTests,ExceptionExtensionsBenchmark,GetAllMessages,Job-SPYWVM,Default,True,Default,Default,Default,Default,Default,Default,Default,Default,Default,Default,Default,Default,Default,Default,Default,Default,Default,Default,Default,True,Default,Default,Default,Default,Default,.NET 6.0,Default,Default,Default,Default,Default,Default,Default,Default,Default,Default,Default,Default,Default,"Job-SPYWVM(EvaluateOverhead=True, Server=True, Toolchain=.NET 6.0)",,1,Overhead,Actual,9,9320400,4194304,2.22,125,0,0,272
ExceptionExtensionsBenchmark.GetAllMessages,DotNetTips.Spargine.Extensions.BenchmarkTests,ExceptionExtensionsBenchmark,GetAllMessages,Job-SPYWVM,Default,True,Default,Default,Default,Default,Default,Default,Default,Default,Default,Default,Default,Default,Default,Default,Default,Default,Default,Default,Default,True,Default,Default,Default,Default,Default,.NET 6.0,Default,Default,Default,Default,Default,Default,Default,Default,Default,Default,Default,Default,Default,"Job-SPYWVM(EvaluateOverhead=True, Server=True, Toolchain=.NET 6.0)",,1,Overhead,Actual,10,8842500,4194304,2.11,125,0,0,272
ExceptionExtensionsBenchmark.GetAllMessages,DotNetTips.Spargine.Extensions.BenchmarkTests,ExceptionExtensionsBenchmark,GetAllMessages,Job-SPYWVM,Default,True,Default,Default,Default,Default,Default,Default,Default,Default,Default,Default,Default,Default,Default,Default,Default,Default,Default,Default,Default,True,Default,Default,Default,Default,Default,.NET 6.0,Default,Default,Default,Default,Default,Default,Default,Default,Default,Default,Default,Default,Default,"Job-SPYWVM(EvaluateOverhead=True, Server=True, Toolchain=.NET 6.0)",,1,Overhead,Actual,11,10146100,4194304,2.42,125,0,0,272
ExceptionExtensionsBenchmark.GetAllMessages,DotNetTips.Spargine.Extensions.BenchmarkTests,ExceptionExtensionsBenchmark,GetAllMessages,Job-SPYWVM,Default,True,Default,Default,Default,Default,Default,Default,Default,Default,Default,Default,Default,Default,Default,Default,Default,Default,Default,Default,Default,True,Default,Default,Default,Default,Default,.NET 6.0,Default,Default,Default,Default,Default,Default,Default,Default,Default,Default,Default,Default,Default,"Job-SPYWVM(EvaluateOverhead=True, Server=True, Toolchain=.NET 6.0)",,1,Overhead,Actual,12,10191700,4194304,2.43,125,0,0,272
ExceptionExtensionsBenchmark.GetAllMessages,DotNetTips.Spargine.Extensions.BenchmarkTests,ExceptionExtensionsBenchmark,GetAllMessages,Job-SPYWVM,Default,True,Default,Default,Default,Default,Default,Default,Default,Default,Default,Default,Default,Default,Default,Default,Default,Default,Default,Default,Default,True,Default,Default,Default,Default,Default,.NET 6.0,Default,Default,Default,Default,Default,Default,Default,Default,Default,Default,Default,Default,Default,"Job-SPYWVM(EvaluateOverhead=True, Server=True, Toolchain=.NET 6.0)",,1,Overhead,Actual,13,9801000,4194304,2.34,125,0,0,272
ExceptionExtensionsBenchmark.GetAllMessages,DotNetTips.Spargine.Extensions.BenchmarkTests,ExceptionExtensionsBenchmark,GetAllMessages,Job-SPYWVM,Default,True,Default,Default,Default,Default,Default,Default,Default,Default,Default,Default,Default,Default,Default,Default,Default,Default,Default,Default,Default,True,Default,Default,Default,Default,Default,.NET 6.0,Default,Default,Default,Default,Default,Default,Default,Default,Default,Default,Default,Default,Default,"Job-SPYWVM(EvaluateOverhead=True, Server=True, Toolchain=.NET 6.0)",,1,Overhead,Actual,14,10149500,4194304,2.42,125,0,0,272
ExceptionExtensionsBenchmark.GetAllMessages,DotNetTips.Spargine.Extensions.BenchmarkTests,ExceptionExtensionsBenchmark,GetAllMessages,Job-SPYWVM,Default,True,Default,Default,Default,Default,Default,Default,Default,Default,Default,Default,Default,Default,Default,Default,Default,Default,Default,Default,Default,True,Default,Default,Default,Default,Default,.NET 6.0,Default,Default,Default,Default,Default,Default,Default,Default,Default,Default,Default,Default,Default,"Job-SPYWVM(EvaluateOverhead=True, Server=True, Toolchain=.NET 6.0)",,1,Overhead,Actual,15,10288300,4194304,2.45,125,0,0,272
ExceptionExtensionsBenchmark.GetAllMessages,DotNetTips.Spargine.Extensions.BenchmarkTests,ExceptionExtensionsBenchmark,GetAllMessages,Job-SPYWVM,Default,True,Default,Default,Default,Default,Default,Default,Default,Default,Default,Default,Default,Default,Default,Default,Default,Default,Default,Default,Default,True,Default,Default,Default,Default,Default,.NET 6.0,Default,Default,Default,Default,Default,Default,Default,Default,Default,Default,Default,Default,Default,"Job-SPYWVM(EvaluateOverhead=True, Server=True, Toolchain=.NET 6.0)",,1,Overhead,Actual,16,9941900,4194304,2.37,125,0,0,272
ExceptionExtensionsBenchmark.GetAllMessages,DotNetTips.Spargine.Extensions.BenchmarkTests,ExceptionExtensionsBenchmark,GetAllMessages,Job-SPYWVM,Default,True,Default,Default,Default,Default,Default,Default,Default,Default,Default,Default,Default,Default,Default,Default,Default,Default,Default,Default,Default,True,Default,Default,Default,Default,Default,.NET 6.0,Default,Default,Default,Default,Default,Default,Default,Default,Default,Default,Default,Default,Default,"Job-SPYWVM(EvaluateOverhead=True, Server=True, Toolchain=.NET 6.0)",,1,Overhead,Actual,17,10072600,4194304,2.4,125,0,0,272
ExceptionExtensionsBenchmark.GetAllMessages,DotNetTips.Spargine.Extensions.BenchmarkTests,ExceptionExtensionsBenchmark,GetAllMessages,Job-SPYWVM,Default,True,Default,Default,Default,Default,Default,Default,Default,Default,Default,Default,Default,Default,Default,Default,Default,Default,Default,Default,Default,True,Default,Default,Default,Default,Default,.NET 6.0,Default,Default,Default,Default,Default,Default,Default,Default,Default,Default,Default,Default,Default,"Job-SPYWVM(EvaluateOverhead=True, Server=True, Toolchain=.NET 6.0)",,1,Overhead,Actual,18,10344000,4194304,2.47,125,0,0,272
ExceptionExtensionsBenchmark.GetAllMessages,DotNetTips.Spargine.Extensions.BenchmarkTests,ExceptionExtensionsBenchmark,GetAllMessages,Job-SPYWVM,Default,True,Default,Default,Default,Default,Default,Default,Default,Default,Default,Default,Default,Default,Default,Default,Default,Default,Default,Default,Default,True,Default,Default,Default,Default,Default,.NET 6.0,Default,Default,Default,Default,Default,Default,Default,Default,Default,Default,Default,Default,Default,"Job-SPYWVM(EvaluateOverhead=True, Server=True, Toolchain=.NET 6.0)",,1,Overhead,Actual,19,10154700,4194304,2.42,125,0,0,272
ExceptionExtensionsBenchmark.GetAllMessages,DotNetTips.Spargine.Extensions.BenchmarkTests,ExceptionExtensionsBenchmark,GetAllMessages,Job-SPYWVM,Default,True,Default,Default,Default,Default,Default,Default,Default,Default,Default,Default,Default,Default,Default,Default,Default,Default,Default,Default,Default,True,Default,Default,Default,Default,Default,.NET 6.0,Default,Default,Default,Default,Default,Default,Default,Default,Default,Default,Default,Default,Default,"Job-SPYWVM(EvaluateOverhead=True, Server=True, Toolchain=.NET 6.0)",,1,Overhead,Actual,20,9755000,4194304,2.33,125,0,0,272
ExceptionExtensionsBenchmark.GetAllMessages,DotNetTips.Spargine.Extensions.BenchmarkTests,ExceptionExtensionsBenchmark,GetAllMessages,Job-SPYWVM,Default,True,Default,Default,Default,Default,Default,Default,Default,Default,Default,Default,Default,Default,Default,Default,Default,Default,Default,Default,Default,True,Default,Default,Default,Default,Default,.NET 6.0,Default,Default,Default,Default,Default,Default,Default,Default,Default,Default,Default,Default,Default,"Job-SPYWVM(EvaluateOverhead=True, Server=True, Toolchain=.NET 6.0)",,1,Workload,Warmup,1,791386200,4194304,188.68,125,0,0,272
ExceptionExtensionsBenchmark.GetAllMessages,DotNetTips.Spargine.Extensions.BenchmarkTests,ExceptionExtensionsBenchmark,GetAllMessages,Job-SPYWVM,Default,True,Default,Default,Default,Default,Default,Default,Default,Default,Default,Default,Default,Default,Default,Default,Default,Default,Default,Default,Default,True,Default,Default,Default,Default,Default,.NET 6.0,Default,Default,Default,Default,Default,Default,Default,Default,Default,Default,Default,Default,Default,"Job-SPYWVM(EvaluateOverhead=True, Server=True, Toolchain=.NET 6.0)",,1,Workload,Warmup,2,773807000,4194304,184.49,125,0,0,272
ExceptionExtensionsBenchmark.GetAllMessages,DotNetTips.Spargine.Extensions.BenchmarkTests,ExceptionExtensionsBenchmark,GetAllMessages,Job-SPYWVM,Default,True,Default,Default,Default,Default,Default,Default,Default,Default,Default,Default,Default,Default,Default,Default,Default,Default,Default,Default,Default,True,Default,Default,Default,Default,Default,.NET 6.0,Default,Default,Default,Default,Default,Default,Default,Default,Default,Default,Default,Default,Default,"Job-SPYWVM(EvaluateOverhead=True, Server=True, Toolchain=.NET 6.0)",,1,Workload,Warmup,3,751324600,4194304,179.13,125,0,0,272
ExceptionExtensionsBenchmark.GetAllMessages,DotNetTips.Spargine.Extensions.BenchmarkTests,ExceptionExtensionsBenchmark,GetAllMessages,Job-SPYWVM,Default,True,Default,Default,Default,Default,Default,Default,Default,Default,Default,Default,Default,Default,Default,Default,Default,Default,Default,Default,Default,True,Default,Default,Default,Default,Default,.NET 6.0,Default,Default,Default,Default,Default,Default,Default,Default,Default,Default,Default,Default,Default,"Job-SPYWVM(EvaluateOverhead=True, Server=True, Toolchain=.NET 6.0)",,1,Workload,Warmup,4,754279600,4194304,179.83,125,0,0,272
ExceptionExtensionsBenchmark.GetAllMessages,DotNetTips.Spargine.Extensions.BenchmarkTests,ExceptionExtensionsBenchmark,GetAllMessages,Job-SPYWVM,Default,True,Default,Default,Default,Default,Default,Default,Default,Default,Default,Default,Default,Default,Default,Default,Default,Default,Default,Default,Default,True,Default,Default,Default,Default,Default,.NET 6.0,Default,Default,Default,Default,Default,Default,Default,Default,Default,Default,Default,Default,Default,"Job-SPYWVM(EvaluateOverhead=True, Server=True, Toolchain=.NET 6.0)",,1,Workload,Warmup,5,764976300,4194304,182.38,125,0,0,272
ExceptionExtensionsBenchmark.GetAllMessages,DotNetTips.Spargine.Extensions.BenchmarkTests,ExceptionExtensionsBenchmark,GetAllMessages,Job-SPYWVM,Default,True,Default,Default,Default,Default,Default,Default,Default,Default,Default,Default,Default,Default,Default,Default,Default,Default,Default,Default,Default,True,Default,Default,Default,Default,Default,.NET 6.0,Default,Default,Default,Default,Default,Default,Default,Default,Default,Default,Default,Default,Default,"Job-SPYWVM(EvaluateOverhead=True, Server=True, Toolchain=.NET 6.0)",,1,Workload,Warmup,6,752461800,4194304,179.4,125,0,0,272
ExceptionExtensionsBenchmark.GetAllMessages,DotNetTips.Spargine.Extensions.BenchmarkTests,ExceptionExtensionsBenchmark,GetAllMessages,Job-SPYWVM,Default,True,Default,Default,Default,Default,Default,Default,Default,Default,Default,Default,Default,Default,Default,Default,Default,Default,Default,Default,Default,True,Default,Default,Default,Default,Default,.NET 6.0,Default,Default,Default,Default,Default,Default,Default,Default,Default,Default,Default,Default,Default,"Job-SPYWVM(EvaluateOverhead=True, Server=True, Toolchain=.NET 6.0)",,1,Workload,Warmup,7,790504600,4194304,188.47,125,0,0,272
ExceptionExtensionsBenchmark.GetAllMessages,DotNetTips.Spargine.Extensions.BenchmarkTests,ExceptionExtensionsBenchmark,GetAllMessages,Job-SPYWVM,Default,True,Default,Default,Default,Default,Default,Default,Default,Default,Default,Default,Default,Default,Default,Default,Default,Default,Default,Default,Default,True,Default,Default,Default,Default,Default,.NET 6.0,Default,Default,Default,Default,Default,Default,Default,Default,Default,Default,Default,Default,Default,"Job-SPYWVM(EvaluateOverhead=True, Server=True, Toolchain=.NET 6.0)",,1,Workload,Warmup,8,780486700,4194304,186.08,125,0,0,272
ExceptionExtensionsBenchmark.GetAllMessages,DotNetTips.Spargine.Extensions.BenchmarkTests,ExceptionExtensionsBenchmark,GetAllMessages,Job-SPYWVM,Default,True,Default,Default,Default,Default,Default,Default,Default,Default,Default,Default,Default,Default,Default,Default,Default,Default,Default,Default,Default,True,Default,Default,Default,Default,Default,.NET 6.0,Default,Default,Default,Default,Default,Default,Default,Default,Default,Default,Default,Default,Default,"Job-SPYWVM(EvaluateOverhead=True, Server=True, Toolchain=.NET 6.0)",,1,Workload,Actual,1,755016600,4194304,180.01,125,0,0,272
ExceptionExtensionsBenchmark.GetAllMessages,DotNetTips.Spargine.Extensions.BenchmarkTests,ExceptionExtensionsBenchmark,GetAllMessages,Job-SPYWVM,Default,True,Default,Default,Default,Default,Default,Default,Default,Default,Default,Default,Default,Default,Default,Default,Default,Default,Default,Default,Default,True,Default,Default,Default,Default,Default,.NET 6.0,Default,Default,Default,Default,Default,Default,Default,Default,Default,Default,Default,Default,Default,"Job-SPYWVM(EvaluateOverhead=True, Server=True, Toolchain=.NET 6.0)",,1,Workload,Actual,2,782622900,4194304,186.59,125,0,0,272
ExceptionExtensionsBenchmark.GetAllMessages,DotNetTips.Spargine.Extensions.BenchmarkTests,ExceptionExtensionsBenchmark,GetAllMessages,Job-SPYWVM,Default,True,Default,Default,Default,Default,Default,Default,Default,Default,Default,Default,Default,Default,Default,Default,Default,Default,Default,Default,Default,True,Default,Default,Default,Default,Default,.NET 6.0,Default,Default,Default,Default,Default,Default,Default,Default,Default,Default,Default,Default,Default,"Job-SPYWVM(EvaluateOverhead=True, Server=True, Toolchain=.NET 6.0)",,1,Workload,Actual,3,768658400,4194304,183.26,125,0,0,272
ExceptionExtensionsBenchmark.GetAllMessages,DotNetTips.Spargine.Extensions.BenchmarkTests,ExceptionExtensionsBenchmark,GetAllMessages,Job-SPYWVM,Default,True,Default,Default,Default,Default,Default,Default,Default,Default,Default,Default,Default,Default,Default,Default,Default,Default,Default,Default,Default,True,Default,Default,Default,Default,Default,.NET 6.0,Default,Default,Default,Default,Default,Default,Default,Default,Default,Default,Default,Default,Default,"Job-SPYWVM(EvaluateOverhead=True, Server=True, Toolchain=.NET 6.0)",,1,Workload,Actual,4,772611400,4194304,184.2,125,0,0,272
ExceptionExtensionsBenchmark.GetAllMessages,DotNetTips.Spargine.Extensions.BenchmarkTests,ExceptionExtensionsBenchmark,GetAllMessages,Job-SPYWVM,Default,True,Default,Default,Default,Default,Default,Default,Default,Default,Default,Default,Default,Default,Default,Default,Default,Default,Default,Default,Default,True,Default,Default,Default,Default,Default,.NET 6.0,Default,Default,Default,Default,Default,Default,Default,Default,Default,Default,Default,Default,Default,"Job-SPYWVM(EvaluateOverhead=True, Server=True, Toolchain=.NET 6.0)",,1,Workload,Actual,5,782978100,4194304,186.68,125,0,0,272
ExceptionExtensionsBenchmark.GetAllMessages,DotNetTips.Spargine.Extensions.BenchmarkTests,ExceptionExtensionsBenchmark,GetAllMessages,Job-SPYWVM,Default,True,Default,Default,Default,Default,Default,Default,Default,Default,Default,Default,Default,Default,Default,Default,Default,Default,Default,Default,Default,True,Default,Default,Default,Default,Default,.NET 6.0,Default,Default,Default,Default,Default,Default,Default,Default,Default,Default,Default,Default,Default,"Job-SPYWVM(EvaluateOverhead=True, Server=True, Toolchain=.NET 6.0)",,1,Workload,Actual,6,750218600,4194304,178.87,125,0,0,272
ExceptionExtensionsBenchmark.GetAllMessages,DotNetTips.Spargine.Extensions.BenchmarkTests,ExceptionExtensionsBenchmark,GetAllMessages,Job-SPYWVM,Default,True,Default,Default,Default,Default,Default,Default,Default,Default,Default,Default,Default,Default,Default,Default,Default,Default,Default,Default,Default,True,Default,Default,Default,Default,Default,.NET 6.0,Default,Default,Default,Default,Default,Default,Default,Default,Default,Default,Default,Default,Default,"Job-SPYWVM(EvaluateOverhead=True, Server=True, Toolchain=.NET 6.0)",,1,Workload,Actual,7,781486100,4194304,186.32,125,0,0,272
ExceptionExtensionsBenchmark.GetAllMessages,DotNetTips.Spargine.Extensions.BenchmarkTests,ExceptionExtensionsBenchmark,GetAllMessages,Job-SPYWVM,Default,True,Default,Default,Default,Default,Default,Default,Default,Default,Default,Default,Default,Default,Default,Default,Default,Default,Default,Default,Default,True,Default,Default,Default,Default,Default,.NET 6.0,Default,Default,Default,Default,Default,Default,Default,Default,Default,Default,Default,Default,Default,"Job-SPYWVM(EvaluateOverhead=True, Server=True, Toolchain=.NET 6.0)",,1,Workload,Actual,8,765355100,4194304,182.47,125,0,0,272
ExceptionExtensionsBenchmark.GetAllMessages,DotNetTips.Spargine.Extensions.BenchmarkTests,ExceptionExtensionsBenchmark,GetAllMessages,Job-SPYWVM,Default,True,Default,Default,Default,Default,Default,Default,Default,Default,Default,Default,Default,Default,Default,Default,Default,Default,Default,Default,Default,True,Default,Default,Default,Default,Default,.NET 6.0,Default,Default,Default,Default,Default,Default,Default,Default,Default,Default,Default,Default,Default,"Job-SPYWVM(EvaluateOverhead=True, Server=True, Toolchain=.NET 6.0)",,1,Workload,Actual,9,750248600,4194304,178.87,125,0,0,272
ExceptionExtensionsBenchmark.GetAllMessages,DotNetTips.Spargine.Extensions.BenchmarkTests,ExceptionExtensionsBenchmark,GetAllMessages,Job-SPYWVM,Default,True,Default,Default,Default,Default,Default,Default,Default,Default,Default,Default,Default,Default,Default,Default,Default,Default,Default,Default,Default,True,Default,Default,Default,Default,Default,.NET 6.0,Default,Default,Default,Default,Default,Default,Default,Default,Default,Default,Default,Default,Default,"Job-SPYWVM(EvaluateOverhead=True, Server=True, Toolchain=.NET 6.0)",,1,Workload,Actual,10,768259800,4194304,183.17,125,0,0,272
ExceptionExtensionsBenchmark.GetAllMessages,DotNetTips.Spargine.Extensions.BenchmarkTests,ExceptionExtensionsBenchmark,GetAllMessages,Job-SPYWVM,Default,True,Default,Default,Default,Default,Default,Default,Default,Default,Default,Default,Default,Default,Default,Default,Default,Default,Default,Default,Default,True,Default,Default,Default,Default,Default,.NET 6.0,Default,Default,Default,Default,Default,Default,Default,Default,Default,Default,Default,Default,Default,"Job-SPYWVM(EvaluateOverhead=True, Server=True, Toolchain=.NET 6.0)",,1,Workload,Actual,11,782281800,4194304,186.51,125,0,0,272
ExceptionExtensionsBenchmark.GetAllMessages,DotNetTips.Spargine.Extensions.BenchmarkTests,ExceptionExtensionsBenchmark,GetAllMessages,Job-SPYWVM,Default,True,Default,Default,Default,Default,Default,Default,Default,Default,Default,Default,Default,Default,Default,Default,Default,Default,Default,Default,Default,True,Default,Default,Default,Default,Default,.NET 6.0,Default,Default,Default,Default,Default,Default,Default,Default,Default,Default,Default,Default,Default,"Job-SPYWVM(EvaluateOverhead=True, Server=True, Toolchain=.NET 6.0)",,1,Workload,Actual,12,748344900,4194304,178.42,125,0,0,272
ExceptionExtensionsBenchmark.GetAllMessages,DotNetTips.Spargine.Extensions.BenchmarkTests,ExceptionExtensionsBenchmark,GetAllMessages,Job-SPYWVM,Default,True,Default,Default,Default,Default,Default,Default,Default,Default,Default,Default,Default,Default,Default,Default,Default,Default,Default,Default,Default,True,Default,Default,Default,Default,Default,.NET 6.0,Default,Default,Default,Default,Default,Default,Default,Default,Default,Default,Default,Default,Default,"Job-SPYWVM(EvaluateOverhead=True, Server=True, Toolchain=.NET 6.0)",,1,Workload,Actual,13,823827700,4194304,196.42,125,0,0,272
ExceptionExtensionsBenchmark.GetAllMessages,DotNetTips.Spargine.Extensions.BenchmarkTests,ExceptionExtensionsBenchmark,GetAllMessages,Job-SPYWVM,Default,True,Default,Default,Default,Default,Default,Default,Default,Default,Default,Default,Default,Default,Default,Default,Default,Default,Default,Default,Default,True,Default,Default,Default,Default,Default,.NET 6.0,Default,Default,Default,Default,Default,Default,Default,Default,Default,Default,Default,Default,Default,"Job-SPYWVM(EvaluateOverhead=True, Server=True, Toolchain=.NET 6.0)",,1,Workload,Actual,14,758582400,4194304,180.86,125,0,0,272
ExceptionExtensionsBenchmark.GetAllMessages,DotNetTips.Spargine.Extensions.BenchmarkTests,ExceptionExtensionsBenchmark,GetAllMessages,Job-SPYWVM,Default,True,Default,Default,Default,Default,Default,Default,Default,Default,Default,Default,Default,Default,Default,Default,Default,Default,Default,Default,Default,True,Default,Default,Default,Default,Default,.NET 6.0,Default,Default,Default,Default,Default,Default,Default,Default,Default,Default,Default,Default,Default,"Job-SPYWVM(EvaluateOverhead=True, Server=True, Toolchain=.NET 6.0)",,1,Workload,Actual,15,781711800,4194304,186.37,125,0,0,272
ExceptionExtensionsBenchmark.GetAllMessages,DotNetTips.Spargine.Extensions.BenchmarkTests,ExceptionExtensionsBenchmark,GetAllMessages,Job-SPYWVM,Default,True,Default,Default,Default,Default,Default,Default,Default,Default,Default,Default,Default,Default,Default,Default,Default,Default,Default,Default,Default,True,Default,Default,Default,Default,Default,.NET 6.0,Default,Default,Default,Default,Default,Default,Default,Default,Default,Default,Default,Default,Default,"Job-SPYWVM(EvaluateOverhead=True, Server=True, Toolchain=.NET 6.0)",,1,Workload,Result,1,745478900,4194304,177.74,125,0,0,272
ExceptionExtensionsBenchmark.GetAllMessages,DotNetTips.Spargine.Extensions.BenchmarkTests,ExceptionExtensionsBenchmark,GetAllMessages,Job-SPYWVM,Default,True,Default,Default,Default,Default,Default,Default,Default,Default,Default,Default,Default,Default,Default,Default,Default,Default,Default,Default,Default,True,Default,Default,Default,Default,Default,.NET 6.0,Default,Default,Default,Default,Default,Default,Default,Default,Default,Default,Default,Default,Default,"Job-SPYWVM(EvaluateOverhead=True, Server=True, Toolchain=.NET 6.0)",,1,Workload,Result,2,773085200,4194304,184.32,125,0,0,272
ExceptionExtensionsBenchmark.GetAllMessages,DotNetTips.Spargine.Extensions.BenchmarkTests,ExceptionExtensionsBenchmark,GetAllMessages,Job-SPYWVM,Default,True,Default,Default,Default,Default,Default,Default,Default,Default,Default,Default,Default,Default,Default,Default,Default,Default,Default,Default,Default,True,Default,Default,Default,Default,Default,.NET 6.0,Default,Default,Default,Default,Default,Default,Default,Default,Default,Default,Default,Default,Default,"Job-SPYWVM(EvaluateOverhead=True, Server=True, Toolchain=.NET 6.0)",,1,Workload,Result,3,759120700,4194304,180.99,125,0,0,272
ExceptionExtensionsBenchmark.GetAllMessages,DotNetTips.Spargine.Extensions.BenchmarkTests,ExceptionExtensionsBenchmark,GetAllMessages,Job-SPYWVM,Default,True,Default,Default,Default,Default,Default,Default,Default,Default,Default,Default,Default,Default,Default,Default,Default,Default,Default,Default,Default,True,Default,Default,Default,Default,Default,.NET 6.0,Default,Default,Default,Default,Default,Default,Default,Default,Default,Default,Default,Default,Default,"Job-SPYWVM(EvaluateOverhead=True, Server=True, Toolchain=.NET 6.0)",,1,Workload,Result,4,763073700,4194304,181.93,125,0,0,272
ExceptionExtensionsBenchmark.GetAllMessages,DotNetTips.Spargine.Extensions.BenchmarkTests,ExceptionExtensionsBenchmark,GetAllMessages,Job-SPYWVM,Default,True,Default,Default,Default,Default,Default,Default,Default,Default,Default,Default,Default,Default,Default,Default,Default,Default,Default,Default,Default,True,Default,Default,Default,Default,Default,.NET 6.0,Default,Default,Default,Default,Default,Default,Default,Default,Default,Default,Default,Default,Default,"Job-SPYWVM(EvaluateOverhead=True, Server=True, Toolchain=.NET 6.0)",,1,Workload,Result,5,773440400,4194304,184.4,125,0,0,272
ExceptionExtensionsBenchmark.GetAllMessages,DotNetTips.Spargine.Extensions.BenchmarkTests,ExceptionExtensionsBenchmark,GetAllMessages,Job-SPYWVM,Default,True,Default,Default,Default,Default,Default,Default,Default,Default,Default,Default,Default,Default,Default,Default,Default,Default,Default,Default,Default,True,Default,Default,Default,Default,Default,.NET 6.0,Default,Default,Default,Default,Default,Default,Default,Default,Default,Default,Default,Default,Default,"Job-SPYWVM(EvaluateOverhead=True, Server=True, Toolchain=.NET 6.0)",,1,Workload,Result,6,740680900,4194304,176.59,125,0,0,272
ExceptionExtensionsBenchmark.GetAllMessages,DotNetTips.Spargine.Extensions.BenchmarkTests,ExceptionExtensionsBenchmark,GetAllMessages,Job-SPYWVM,Default,True,Default,Default,Default,Default,Default,Default,Default,Default,Default,Default,Default,Default,Default,Default,Default,Default,Default,Default,Default,True,Default,Default,Default,Default,Default,.NET 6.0,Default,Default,Default,Default,Default,Default,Default,Default,Default,Default,Default,Default,Default,"Job-SPYWVM(EvaluateOverhead=True, Server=True, Toolchain=.NET 6.0)",,1,Workload,Result,7,771948400,4194304,184.05,125,0,0,272
ExceptionExtensionsBenchmark.GetAllMessages,DotNetTips.Spargine.Extensions.BenchmarkTests,ExceptionExtensionsBenchmark,GetAllMessages,Job-SPYWVM,Default,True,Default,Default,Default,Default,Default,Default,Default,Default,Default,Default,Default,Default,Default,Default,Default,Default,Default,Default,Default,True,Default,Default,Default,Default,Default,.NET 6.0,Default,Default,Default,Default,Default,Default,Default,Default,Default,Default,Default,Default,Default,"Job-SPYWVM(EvaluateOverhead=True, Server=True, Toolchain=.NET 6.0)",,1,Workload,Result,8,755817400,4194304,180.2,125,0,0,272
ExceptionExtensionsBenchmark.GetAllMessages,DotNetTips.Spargine.Extensions.BenchmarkTests,ExceptionExtensionsBenchmark,GetAllMessages,Job-SPYWVM,Default,True,Default,Default,Default,Default,Default,Default,Default,Default,Default,Default,Default,Default,Default,Default,Default,Default,Default,Default,Default,True,Default,Default,Default,Default,Default,.NET 6.0,Default,Default,Default,Default,Default,Default,Default,Default,Default,Default,Default,Default,Default,"Job-SPYWVM(EvaluateOverhead=True, Server=True, Toolchain=.NET 6.0)",,1,Workload,Result,9,740710900,4194304,176.6,125,0,0,272
ExceptionExtensionsBenchmark.GetAllMessages,DotNetTips.Spargine.Extensions.BenchmarkTests,ExceptionExtensionsBenchmark,GetAllMessages,Job-SPYWVM,Default,True,Default,Default,Default,Default,Default,Default,Default,Default,Default,Default,Default,Default,Default,Default,Default,Default,Default,Default,Default,True,Default,Default,Default,Default,Default,.NET 6.0,Default,Default,Default,Default,Default,Default,Default,Default,Default,Default,Default,Default,Default,"Job-SPYWVM(EvaluateOverhead=True, Server=True, Toolchain=.NET 6.0)",,1,Workload,Result,10,758722100,4194304,180.89,125,0,0,272
ExceptionExtensionsBenchmark.GetAllMessages,DotNetTips.Spargine.Extensions.BenchmarkTests,ExceptionExtensionsBenchmark,GetAllMessages,Job-SPYWVM,Default,True,Default,Default,Default,Default,Default,Default,Default,Default,Default,Default,Default,Default,Default,Default,Default,Default,Default,Default,Default,True,Default,Default,Default,Default,Default,.NET 6.0,Default,Default,Default,Default,Default,Default,Default,Default,Default,Default,Default,Default,Default,"Job-SPYWVM(EvaluateOverhead=True, Server=True, Toolchain=.NET 6.0)",,1,Workload,Result,11,772744100,4194304,184.24,125,0,0,272
ExceptionExtensionsBenchmark.GetAllMessages,DotNetTips.Spargine.Extensions.BenchmarkTests,ExceptionExtensionsBenchmark,GetAllMessages,Job-SPYWVM,Default,True,Default,Default,Default,Default,Default,Default,Default,Default,Default,Default,Default,Default,Default,Default,Default,Default,Default,Default,Default,True,Default,Default,Default,Default,Default,.NET 6.0,Default,Default,Default,Default,Default,Default,Default,Default,Default,Default,Default,Default,Default,"Job-SPYWVM(EvaluateOverhead=True, Server=True, Toolchain=.NET 6.0)",,1,Workload,Result,12,738807200,4194304,176.15,125,0,0,272
ExceptionExtensionsBenchmark.GetAllMessages,DotNetTips.Spargine.Extensions.BenchmarkTests,ExceptionExtensionsBenchmark,GetAllMessages,Job-SPYWVM,Default,True,Default,Default,Default,Default,Default,Default,Default,Default,Default,Default,Default,Default,Default,Default,Default,Default,Default,Default,Default,True,Default,Default,Default,Default,Default,.NET 6.0,Default,Default,Default,Default,Default,Default,Default,Default,Default,Default,Default,Default,Default,"Job-SPYWVM(EvaluateOverhead=True, Server=True, Toolchain=.NET 6.0)",,1,Workload,Result,13,749044700,4194304,178.59,125,0,0,272
ExceptionExtensionsBenchmark.GetAllMessages,DotNetTips.Spargine.Extensions.BenchmarkTests,ExceptionExtensionsBenchmark,GetAllMessages,Job-SPYWVM,Default,True,Default,Default,Default,Default,Default,Default,Default,Default,Default,Default,Default,Default,Default,Default,Default,Default,Default,Default,Default,True,Default,Default,Default,Default,Default,.NET 6.0,Default,Default,Default,Default,Default,Default,Default,Default,Default,Default,Default,Default,Default,"Job-SPYWVM(EvaluateOverhead=True, Server=True, Toolchain=.NET 6.0)",,1,Workload,Result,14,772174100,4194304,184.1,125,0,0,272
