Method,Job,AnalyzeLaunchVariance,EvaluateOverhead,MaxAbsoluteError,MaxRelativeError,MinInvokeCount,MinIterationTime,OutlierMode,Affinity,EnvironmentVariables,Jit,Platform,PowerPlanMode,Runtime,AllowVeryLargeObjects,Concurrent,CpuGroups,Force,HeapAffinitizeMask,HeapCount,NoAffinitize,RetainVm,Server,Arguments,BuildConfiguration,Clock,EngineFactory,NuGetReferences,Toolchain,IsMutator,InvocationCount,IterationCount,IterationTime,LaunchCount,MaxIterationCount,MaxWarmupIterationCount,MemoryRandomization,MinIterationCount,MinWarmupIterationCount,RunStrategy,UnrollFactor,WarmupCount,Namespace,Categories,Mean,Error,StdDev,StdErr,Median,Min,Q1,Q3,Max,Op/s,CI99.9% Margin,Iterations,Kurtosis,MValue,Skewness,Ratio,RatioSD,Welch(10%)/p-values,Rank,LogicalGroup,Baseline,Code Size,Allocated
'IN TEST WITH IN',Job-XJCAYH,False,True,Default,Default,Default,Default,Default,1111,Empty,RyuJit,X64,8c5e7fda-e8bf-4a96-9a85-a6e23a8c635c,.NET 6.0,False,True,False,True,Default,Default,False,False,True,Default,Default,Default,Default,Default,.NET 6.0,Default,1,Default,Default,Default,Default,Default,Default,Default,Default,Default,16,Default,DotNetTips.Spargine.Core.BenchmarkTests,"**NEW**,Work in Progress","71,502.7819 ns","1,388.8055 ns","1,991.7834 ns",376.4117 ns,"71,573.3215 ns","66,130.3406 ns","70,515.2191 ns","72,575.6073 ns","75,282.3792 ns","13,985.5","1,388.8055 ns",28.00,3.5255,2.000,-0.5647,?,?,?,6,"Job-XJCAYH(EvaluateOverhead=True, Server=True, Toolchain=.NET 6.0)",No,"2,101 B",496 B
'IN TEST WITHOUT IN',Job-XJCAYH,False,True,Default,Default,Default,Default,Default,1111,Empty,RyuJit,X64,8c5e7fda-e8bf-4a96-9a85-a6e23a8c635c,.NET 6.0,False,True,False,True,Default,Default,False,False,True,Default,Default,Default,Default,Default,.NET 6.0,Default,1,Default,Default,Default,Default,Default,Default,Default,Default,Default,16,Default,DotNetTips.Spargine.Core.BenchmarkTests,"**NEW**,Work in Progress","74,786.3643 ns","1,449.6576 ns","2,032.2175 ns",391.1004 ns,"75,248.2910 ns","68,381.1523 ns","73,641.5039 ns","76,224.3408 ns","77,995.8496 ns","13,371.4","1,449.6576 ns",27.00,4.4852,2.000,-1.0906,?,?,?,7,"Job-XJCAYH(EvaluateOverhead=True, Server=True, Toolchain=.NET 6.0)",No,"2,101 B",496 B
MethodImplOptions:AggressiveInline,Job-XJCAYH,False,True,Default,Default,Default,Default,Default,1111,Empty,RyuJit,X64,8c5e7fda-e8bf-4a96-9a85-a6e23a8c635c,.NET 6.0,False,True,False,True,Default,Default,False,False,True,Default,Default,Default,Default,Default,.NET 6.0,Default,1,Default,Default,Default,Default,Default,Default,Default,Default,Default,16,Default,DotNetTips.Spargine.Core.BenchmarkTests,"**NEW**,Work in Progress",0.2712 ns,0.0223 ns,0.0208 ns,0.0054 ns,0.2826 ns,0.2377 ns,0.2537 ns,0.2871 ns,0.2966 ns,"3,686,843,078.2",0.0223 ns,15.00,1.3940,2.750,-0.3203,?,?,?,3,"Job-XJCAYH(EvaluateOverhead=True, Server=True, Toolchain=.NET 6.0)",No,24 B,0 B
MethodImplOptions:Baseline,Job-XJCAYH,False,True,Default,Default,Default,Default,Default,1111,Empty,RyuJit,X64,8c5e7fda-e8bf-4a96-9a85-a6e23a8c635c,.NET 6.0,False,True,False,True,Default,Default,False,False,True,Default,Default,Default,Default,Default,.NET 6.0,Default,1,Default,Default,Default,Default,Default,Default,Default,Default,Default,16,Default,DotNetTips.Spargine.Core.BenchmarkTests,"**NEW**,Work in Progress",0.0210 ns,0.0201 ns,0.0188 ns,0.0049 ns,0.0313 ns,0.0000 ns,0.0018 ns,0.0386 ns,0.0422 ns,"47,568,455,859.7",0.0201 ns,15.00,0.9506,3.750,-0.0881,?,?,?,1,"Job-XJCAYH(EvaluateOverhead=True, Server=True, Toolchain=.NET 6.0)",Yes,24 B,0 B
MethodImplOptions:NoInline,Job-XJCAYH,False,True,Default,Default,Default,Default,Default,1111,Empty,RyuJit,X64,8c5e7fda-e8bf-4a96-9a85-a6e23a8c635c,.NET 6.0,False,True,False,True,Default,Default,False,False,True,Default,Default,Default,Default,Default,.NET 6.0,Default,1,Default,Default,Default,Default,Default,Default,Default,Default,Default,16,Default,DotNetTips.Spargine.Core.BenchmarkTests,"**NEW**,Work in Progress",2.0030 ns,0.0400 ns,0.0355 ns,0.0095 ns,2.0164 ns,1.9462 ns,1.9664 ns,2.0228 ns,2.0485 ns,"499,257,706.5",0.0400 ns,14.00,1.3859,2.000,-0.3322,?,?,?,4,"Job-XJCAYH(EvaluateOverhead=True, Server=True, Toolchain=.NET 6.0)",No,97 B,0 B
MethodImplOptions:NoOptimization,Job-XJCAYH,False,True,Default,Default,Default,Default,Default,1111,Empty,RyuJit,X64,8c5e7fda-e8bf-4a96-9a85-a6e23a8c635c,.NET 6.0,False,True,False,True,Default,Default,False,False,True,Default,Default,Default,Default,Default,.NET 6.0,Default,1,Default,Default,Default,Default,Default,Default,Default,Default,Default,16,Default,DotNetTips.Spargine.Core.BenchmarkTests,"**NEW**,Work in Progress",0.2743 ns,0.0168 ns,0.0157 ns,0.0040 ns,0.2829 ns,0.2496 ns,0.2560 ns,0.2861 ns,0.2900 ns,"3,645,819,507.7",0.0168 ns,15.00,1.3852,3.000,-0.5852,?,?,?,3,"Job-XJCAYH(EvaluateOverhead=True, Server=True, Toolchain=.NET 6.0)",No,24 B,0 B
MethodImplOptions:PreserveSig,Job-XJCAYH,False,True,Default,Default,Default,Default,Default,1111,Empty,RyuJit,X64,8c5e7fda-e8bf-4a96-9a85-a6e23a8c635c,.NET 6.0,False,True,False,True,Default,Default,False,False,True,Default,Default,Default,Default,Default,.NET 6.0,Default,1,Default,Default,Default,Default,Default,Default,Default,Default,Default,16,Default,DotNetTips.Spargine.Core.BenchmarkTests,"**NEW**,Work in Progress",0.2463 ns,0.0181 ns,0.0160 ns,0.0043 ns,0.2533 ns,0.2170 ns,0.2340 ns,0.2582 ns,0.2626 ns,"4,060,456,446.0",0.0181 ns,14.00,1.8334,2.667,-0.7072,?,?,?,2,"Job-XJCAYH(EvaluateOverhead=True, Server=True, Toolchain=.NET 6.0)",No,24 B,0 B
MethodImplOptions:Synchronized,Job-XJCAYH,False,True,Default,Default,Default,Default,Default,1111,Empty,RyuJit,X64,8c5e7fda-e8bf-4a96-9a85-a6e23a8c635c,.NET 6.0,False,True,False,True,Default,Default,False,False,True,Default,Default,Default,Default,Default,.NET 6.0,Default,1,Default,Default,Default,Default,Default,Default,Default,Default,Default,16,Default,DotNetTips.Spargine.Core.BenchmarkTests,"**NEW**,Work in Progress",15.1257 ns,0.1938 ns,0.1813 ns,0.0468 ns,15.2094 ns,14.8544 ns,14.9328 ns,15.2643 ns,15.3617 ns,"66,112,674.7",0.1938 ns,15.00,1.3569,2.000,-0.3547,?,?,?,5,"Job-XJCAYH(EvaluateOverhead=True, Server=True, Toolchain=.NET 6.0)",No,213 B,0 B
