Target,Target_Namespace,Target_Type,Target_Method,Job_Id,Job_AnalyzeLaunchVariance,Job_EvaluateOverhead,Job_MaxAbsoluteError,Job_MaxRelativeError,Job_MinInvokeCount,Job_MinIterationTime,Job_OutlierMode,Job_Affinity,Job_EnvironmentVariables,Job_Jit,Job_Platform,Job_PowerPlanMode,Job_Runtime,Job_AllowVeryLargeObjects,Job_Concurrent,Job_CpuGroups,Job_Force,Job_HeapAffinitizeMask,Job_HeapCount,Job_NoAffinitize,Job_RetainVm,Job_Server,Job_Arguments,Job_BuildConfiguration,Job_Clock,Job_EngineFactory,Job_NuGetReferences,Job_Toolchain,Job_IsMutator,Job_InvocationCount,Job_IterationCount,Job_IterationTime,Job_LaunchCount,Job_MaxIterationCount,Job_MaxWarmupIterationCount,Job_MemoryRandomization,Job_MinIterationCount,Job_MinWarmupIterationCount,Job_RunStrategy,Job_UnrollFactor,Job_WarmupCount,Job_Display,Params,Measurement_LaunchIndex,Measurement_IterationMode,Measurement_IterationStage,Measurement_IterationIndex,Measurement_Nanoseconds,Measurement_Operations,Measurement_Value,Gen_0,Gen_1,Gen_2,Allocated_Bytes
EnumExtensionsBenchmark.GetDescription,DotNetTips.Spargine.Extensions.BenchmarkTests,EnumExtensionsBenchmark,GetDescription,Job-SPYWVM,Default,True,Default,Default,Default,Default,Default,Default,Default,Default,Default,Default,Default,Default,Default,Default,Default,Default,Default,Default,Default,True,Default,Default,Default,Default,Default,.NET 6.0,Default,Default,Default,Default,Default,Default,Default,Default,Default,Default,Default,Default,Default,"Job-SPYWVM(EvaluateOverhead=True, Server=True, Toolchain=.NET 6.0)",,1,Overhead,Jitting,1,252300,1,252300,5,0,0,24
EnumExtensionsBenchmark.GetDescription,DotNetTips.Spargine.Extensions.BenchmarkTests,EnumExtensionsBenchmark,GetDescription,Job-SPYWVM,Default,True,Default,Default,Default,Default,Default,Default,Default,Default,Default,Default,Default,Default,Default,Default,Default,Default,Default,Default,Default,True,Default,Default,Default,Default,Default,.NET 6.0,Default,Default,Default,Default,Default,Default,Default,Default,Default,Default,Default,Default,Default,"Job-SPYWVM(EvaluateOverhead=True, Server=True, Toolchain=.NET 6.0)",,1,Workload,Jitting,1,1289900,1,1289900,5,0,0,24
EnumExtensionsBenchmark.GetDescription,DotNetTips.Spargine.Extensions.BenchmarkTests,EnumExtensionsBenchmark,GetDescription,Job-SPYWVM,Default,True,Default,Default,Default,Default,Default,Default,Default,Default,Default,Default,Default,Default,Default,Default,Default,Default,Default,Default,Default,True,Default,Default,Default,Default,Default,.NET 6.0,Default,Default,Default,Default,Default,Default,Default,Default,Default,Default,Default,Default,Default,"Job-SPYWVM(EvaluateOverhead=True, Server=True, Toolchain=.NET 6.0)",,1,Overhead,Jitting,2,214500,16,13406.25,5,0,0,24
EnumExtensionsBenchmark.GetDescription,DotNetTips.Spargine.Extensions.BenchmarkTests,EnumExtensionsBenchmark,GetDescription,Job-SPYWVM,Default,True,Default,Default,Default,Default,Default,Default,Default,Default,Default,Default,Default,Default,Default,Default,Default,Default,Default,Default,Default,True,Default,Default,Default,Default,Default,.NET 6.0,Default,Default,Default,Default,Default,Default,Default,Default,Default,Default,Default,Default,Default,"Job-SPYWVM(EvaluateOverhead=True, Server=True, Toolchain=.NET 6.0)",,1,Workload,Jitting,2,261500,16,16343.75,5,0,0,24
EnumExtensionsBenchmark.GetDescription,DotNetTips.Spargine.Extensions.BenchmarkTests,EnumExtensionsBenchmark,GetDescription,Job-SPYWVM,Default,True,Default,Default,Default,Default,Default,Default,Default,Default,Default,Default,Default,Default,Default,Default,Default,Default,Default,Default,Default,True,Default,Default,Default,Default,Default,.NET 6.0,Default,Default,Default,Default,Default,Default,Default,Default,Default,Default,Default,Default,Default,"Job-SPYWVM(EvaluateOverhead=True, Server=True, Toolchain=.NET 6.0)",,1,Workload,Pilot,1,55800,16,3487.5,5,0,0,24
EnumExtensionsBenchmark.GetDescription,DotNetTips.Spargine.Extensions.BenchmarkTests,EnumExtensionsBenchmark,GetDescription,Job-SPYWVM,Default,True,Default,Default,Default,Default,Default,Default,Default,Default,Default,Default,Default,Default,Default,Default,Default,Default,Default,Default,Default,True,Default,Default,Default,Default,Default,.NET 6.0,Default,Default,Default,Default,Default,Default,Default,Default,Default,Default,Default,Default,Default,"Job-SPYWVM(EvaluateOverhead=True, Server=True, Toolchain=.NET 6.0)",,1,Workload,Pilot,2,41200,32,1287.5,5,0,0,24
EnumExtensionsBenchmark.GetDescription,DotNetTips.Spargine.Extensions.BenchmarkTests,EnumExtensionsBenchmark,GetDescription,Job-SPYWVM,Default,True,Default,Default,Default,Default,Default,Default,Default,Default,Default,Default,Default,Default,Default,Default,Default,Default,Default,Default,Default,True,Default,Default,Default,Default,Default,.NET 6.0,Default,Default,Default,Default,Default,Default,Default,Default,Default,Default,Default,Default,Default,"Job-SPYWVM(EvaluateOverhead=True, Server=True, Toolchain=.NET 6.0)",,1,Workload,Pilot,3,61700,64,964.06,5,0,0,24
EnumExtensionsBenchmark.GetDescription,DotNetTips.Spargine.Extensions.BenchmarkTests,EnumExtensionsBenchmark,GetDescription,Job-SPYWVM,Default,True,Default,Default,Default,Default,Default,Default,Default,Default,Default,Default,Default,Default,Default,Default,Default,Default,Default,Default,Default,True,Default,Default,Default,Default,Default,.NET 6.0,Default,Default,Default,Default,Default,Default,Default,Default,Default,Default,Default,Default,Default,"Job-SPYWVM(EvaluateOverhead=True, Server=True, Toolchain=.NET 6.0)",,1,Workload,Pilot,4,93200,128,728.13,5,0,0,24
EnumExtensionsBenchmark.GetDescription,DotNetTips.Spargine.Extensions.BenchmarkTests,EnumExtensionsBenchmark,GetDescription,Job-SPYWVM,Default,True,Default,Default,Default,Default,Default,Default,Default,Default,Default,Default,Default,Default,Default,Default,Default,Default,Default,Default,Default,True,Default,Default,Default,Default,Default,.NET 6.0,Default,Default,Default,Default,Default,Default,Default,Default,Default,Default,Default,Default,Default,"Job-SPYWVM(EvaluateOverhead=True, Server=True, Toolchain=.NET 6.0)",,1,Workload,Pilot,5,137200,256,535.94,5,0,0,24
EnumExtensionsBenchmark.GetDescription,DotNetTips.Spargine.Extensions.BenchmarkTests,EnumExtensionsBenchmark,GetDescription,Job-SPYWVM,Default,True,Default,Default,Default,Default,Default,Default,Default,Default,Default,Default,Default,Default,Default,Default,Default,Default,Default,Default,Default,True,Default,Default,Default,Default,Default,.NET 6.0,Default,Default,Default,Default,Default,Default,Default,Default,Default,Default,Default,Default,Default,"Job-SPYWVM(EvaluateOverhead=True, Server=True, Toolchain=.NET 6.0)",,1,Workload,Pilot,6,240100,512,468.95,5,0,0,24
EnumExtensionsBenchmark.GetDescription,DotNetTips.Spargine.Extensions.BenchmarkTests,EnumExtensionsBenchmark,GetDescription,Job-SPYWVM,Default,True,Default,Default,Default,Default,Default,Default,Default,Default,Default,Default,Default,Default,Default,Default,Default,Default,Default,Default,Default,True,Default,Default,Default,Default,Default,.NET 6.0,Default,Default,Default,Default,Default,Default,Default,Default,Default,Default,Default,Default,Default,"Job-SPYWVM(EvaluateOverhead=True, Server=True, Toolchain=.NET 6.0)",,1,Workload,Pilot,7,436400,1024,426.17,5,0,0,24
EnumExtensionsBenchmark.GetDescription,DotNetTips.Spargine.Extensions.BenchmarkTests,EnumExtensionsBenchmark,GetDescription,Job-SPYWVM,Default,True,Default,Default,Default,Default,Default,Default,Default,Default,Default,Default,Default,Default,Default,Default,Default,Default,Default,Default,Default,True,Default,Default,Default,Default,Default,.NET 6.0,Default,Default,Default,Default,Default,Default,Default,Default,Default,Default,Default,Default,Default,"Job-SPYWVM(EvaluateOverhead=True, Server=True, Toolchain=.NET 6.0)",,1,Workload,Pilot,8,857400,2048,418.65,5,0,0,24
EnumExtensionsBenchmark.GetDescription,DotNetTips.Spargine.Extensions.BenchmarkTests,EnumExtensionsBenchmark,GetDescription,Job-SPYWVM,Default,True,Default,Default,Default,Default,Default,Default,Default,Default,Default,Default,Default,Default,Default,Default,Default,Default,Default,Default,Default,True,Default,Default,Default,Default,Default,.NET 6.0,Default,Default,Default,Default,Default,Default,Default,Default,Default,Default,Default,Default,Default,"Job-SPYWVM(EvaluateOverhead=True, Server=True, Toolchain=.NET 6.0)",,1,Workload,Pilot,9,1611200,4096,393.36,5,0,0,24
EnumExtensionsBenchmark.GetDescription,DotNetTips.Spargine.Extensions.BenchmarkTests,EnumExtensionsBenchmark,GetDescription,Job-SPYWVM,Default,True,Default,Default,Default,Default,Default,Default,Default,Default,Default,Default,Default,Default,Default,Default,Default,Default,Default,Default,Default,True,Default,Default,Default,Default,Default,.NET 6.0,Default,Default,Default,Default,Default,Default,Default,Default,Default,Default,Default,Default,Default,"Job-SPYWVM(EvaluateOverhead=True, Server=True, Toolchain=.NET 6.0)",,1,Workload,Pilot,10,3531500,8192,431.09,5,0,0,24
EnumExtensionsBenchmark.GetDescription,DotNetTips.Spargine.Extensions.BenchmarkTests,EnumExtensionsBenchmark,GetDescription,Job-SPYWVM,Default,True,Default,Default,Default,Default,Default,Default,Default,Default,Default,Default,Default,Default,Default,Default,Default,Default,Default,Default,Default,True,Default,Default,Default,Default,Default,.NET 6.0,Default,Default,Default,Default,Default,Default,Default,Default,Default,Default,Default,Default,Default,"Job-SPYWVM(EvaluateOverhead=True, Server=True, Toolchain=.NET 6.0)",,1,Workload,Pilot,11,6714700,16384,409.83,5,0,0,24
EnumExtensionsBenchmark.GetDescription,DotNetTips.Spargine.Extensions.BenchmarkTests,EnumExtensionsBenchmark,GetDescription,Job-SPYWVM,Default,True,Default,Default,Default,Default,Default,Default,Default,Default,Default,Default,Default,Default,Default,Default,Default,Default,Default,Default,Default,True,Default,Default,Default,Default,Default,.NET 6.0,Default,Default,Default,Default,Default,Default,Default,Default,Default,Default,Default,Default,Default,"Job-SPYWVM(EvaluateOverhead=True, Server=True, Toolchain=.NET 6.0)",,1,Workload,Pilot,12,13233500,32768,403.85,5,0,0,24
EnumExtensionsBenchmark.GetDescription,DotNetTips.Spargine.Extensions.BenchmarkTests,EnumExtensionsBenchmark,GetDescription,Job-SPYWVM,Default,True,Default,Default,Default,Default,Default,Default,Default,Default,Default,Default,Default,Default,Default,Default,Default,Default,Default,Default,Default,True,Default,Default,Default,Default,Default,.NET 6.0,Default,Default,Default,Default,Default,Default,Default,Default,Default,Default,Default,Default,Default,"Job-SPYWVM(EvaluateOverhead=True, Server=True, Toolchain=.NET 6.0)",,1,Workload,Pilot,13,26072900,65536,397.84,5,0,0,24
EnumExtensionsBenchmark.GetDescription,DotNetTips.Spargine.Extensions.BenchmarkTests,EnumExtensionsBenchmark,GetDescription,Job-SPYWVM,Default,True,Default,Default,Default,Default,Default,Default,Default,Default,Default,Default,Default,Default,Default,Default,Default,Default,Default,Default,Default,True,Default,Default,Default,Default,Default,.NET 6.0,Default,Default,Default,Default,Default,Default,Default,Default,Default,Default,Default,Default,Default,"Job-SPYWVM(EvaluateOverhead=True, Server=True, Toolchain=.NET 6.0)",,1,Workload,Pilot,14,48340600,131072,368.81,5,0,0,24
EnumExtensionsBenchmark.GetDescription,DotNetTips.Spargine.Extensions.BenchmarkTests,EnumExtensionsBenchmark,GetDescription,Job-SPYWVM,Default,True,Default,Default,Default,Default,Default,Default,Default,Default,Default,Default,Default,Default,Default,Default,Default,Default,Default,Default,Default,True,Default,Default,Default,Default,Default,.NET 6.0,Default,Default,Default,Default,Default,Default,Default,Default,Default,Default,Default,Default,Default,"Job-SPYWVM(EvaluateOverhead=True, Server=True, Toolchain=.NET 6.0)",,1,Workload,Pilot,15,87921400,262144,335.39,5,0,0,24
EnumExtensionsBenchmark.GetDescription,DotNetTips.Spargine.Extensions.BenchmarkTests,EnumExtensionsBenchmark,GetDescription,Job-SPYWVM,Default,True,Default,Default,Default,Default,Default,Default,Default,Default,Default,Default,Default,Default,Default,Default,Default,Default,Default,Default,Default,True,Default,Default,Default,Default,Default,.NET 6.0,Default,Default,Default,Default,Default,Default,Default,Default,Default,Default,Default,Default,Default,"Job-SPYWVM(EvaluateOverhead=True, Server=True, Toolchain=.NET 6.0)",,1,Workload,Pilot,16,130063000,524288,248.08,5,0,0,24
EnumExtensionsBenchmark.GetDescription,DotNetTips.Spargine.Extensions.BenchmarkTests,EnumExtensionsBenchmark,GetDescription,Job-SPYWVM,Default,True,Default,Default,Default,Default,Default,Default,Default,Default,Default,Default,Default,Default,Default,Default,Default,Default,Default,Default,Default,True,Default,Default,Default,Default,Default,.NET 6.0,Default,Default,Default,Default,Default,Default,Default,Default,Default,Default,Default,Default,Default,"Job-SPYWVM(EvaluateOverhead=True, Server=True, Toolchain=.NET 6.0)",,1,Workload,Pilot,17,258536700,1048576,246.56,5,0,0,24
EnumExtensionsBenchmark.GetDescription,DotNetTips.Spargine.Extensions.BenchmarkTests,EnumExtensionsBenchmark,GetDescription,Job-SPYWVM,Default,True,Default,Default,Default,Default,Default,Default,Default,Default,Default,Default,Default,Default,Default,Default,Default,Default,Default,Default,Default,True,Default,Default,Default,Default,Default,.NET 6.0,Default,Default,Default,Default,Default,Default,Default,Default,Default,Default,Default,Default,Default,"Job-SPYWVM(EvaluateOverhead=True, Server=True, Toolchain=.NET 6.0)",,1,Workload,Pilot,18,510847800,2097152,243.59,5,0,0,24
EnumExtensionsBenchmark.GetDescription,DotNetTips.Spargine.Extensions.BenchmarkTests,EnumExtensionsBenchmark,GetDescription,Job-SPYWVM,Default,True,Default,Default,Default,Default,Default,Default,Default,Default,Default,Default,Default,Default,Default,Default,Default,Default,Default,Default,Default,True,Default,Default,Default,Default,Default,.NET 6.0,Default,Default,Default,Default,Default,Default,Default,Default,Default,Default,Default,Default,Default,"Job-SPYWVM(EvaluateOverhead=True, Server=True, Toolchain=.NET 6.0)",,1,Overhead,Warmup,1,3962100,2097152,1.89,5,0,0,24
EnumExtensionsBenchmark.GetDescription,DotNetTips.Spargine.Extensions.BenchmarkTests,EnumExtensionsBenchmark,GetDescription,Job-SPYWVM,Default,True,Default,Default,Default,Default,Default,Default,Default,Default,Default,Default,Default,Default,Default,Default,Default,Default,Default,Default,Default,True,Default,Default,Default,Default,Default,.NET 6.0,Default,Default,Default,Default,Default,Default,Default,Default,Default,Default,Default,Default,Default,"Job-SPYWVM(EvaluateOverhead=True, Server=True, Toolchain=.NET 6.0)",,1,Overhead,Warmup,2,3824400,2097152,1.82,5,0,0,24
EnumExtensionsBenchmark.GetDescription,DotNetTips.Spargine.Extensions.BenchmarkTests,EnumExtensionsBenchmark,GetDescription,Job-SPYWVM,Default,True,Default,Default,Default,Default,Default,Default,Default,Default,Default,Default,Default,Default,Default,Default,Default,Default,Default,Default,Default,True,Default,Default,Default,Default,Default,.NET 6.0,Default,Default,Default,Default,Default,Default,Default,Default,Default,Default,Default,Default,Default,"Job-SPYWVM(EvaluateOverhead=True, Server=True, Toolchain=.NET 6.0)",,1,Overhead,Warmup,3,3953700,2097152,1.89,5,0,0,24
EnumExtensionsBenchmark.GetDescription,DotNetTips.Spargine.Extensions.BenchmarkTests,EnumExtensionsBenchmark,GetDescription,Job-SPYWVM,Default,True,Default,Default,Default,Default,Default,Default,Default,Default,Default,Default,Default,Default,Default,Default,Default,Default,Default,Default,Default,True,Default,Default,Default,Default,Default,.NET 6.0,Default,Default,Default,Default,Default,Default,Default,Default,Default,Default,Default,Default,Default,"Job-SPYWVM(EvaluateOverhead=True, Server=True, Toolchain=.NET 6.0)",,1,Overhead,Warmup,4,4147200,2097152,1.98,5,0,0,24
EnumExtensionsBenchmark.GetDescription,DotNetTips.Spargine.Extensions.BenchmarkTests,EnumExtensionsBenchmark,GetDescription,Job-SPYWVM,Default,True,Default,Default,Default,Default,Default,Default,Default,Default,Default,Default,Default,Default,Default,Default,Default,Default,Default,Default,Default,True,Default,Default,Default,Default,Default,.NET 6.0,Default,Default,Default,Default,Default,Default,Default,Default,Default,Default,Default,Default,Default,"Job-SPYWVM(EvaluateOverhead=True, Server=True, Toolchain=.NET 6.0)",,1,Overhead,Warmup,5,4191300,2097152,2,5,0,0,24
EnumExtensionsBenchmark.GetDescription,DotNetTips.Spargine.Extensions.BenchmarkTests,EnumExtensionsBenchmark,GetDescription,Job-SPYWVM,Default,True,Default,Default,Default,Default,Default,Default,Default,Default,Default,Default,Default,Default,Default,Default,Default,Default,Default,Default,Default,True,Default,Default,Default,Default,Default,.NET 6.0,Default,Default,Default,Default,Default,Default,Default,Default,Default,Default,Default,Default,Default,"Job-SPYWVM(EvaluateOverhead=True, Server=True, Toolchain=.NET 6.0)",,1,Overhead,Warmup,6,3849000,2097152,1.84,5,0,0,24
EnumExtensionsBenchmark.GetDescription,DotNetTips.Spargine.Extensions.BenchmarkTests,EnumExtensionsBenchmark,GetDescription,Job-SPYWVM,Default,True,Default,Default,Default,Default,Default,Default,Default,Default,Default,Default,Default,Default,Default,Default,Default,Default,Default,Default,Default,True,Default,Default,Default,Default,Default,.NET 6.0,Default,Default,Default,Default,Default,Default,Default,Default,Default,Default,Default,Default,Default,"Job-SPYWVM(EvaluateOverhead=True, Server=True, Toolchain=.NET 6.0)",,1,Overhead,Warmup,7,4105900,2097152,1.96,5,0,0,24
EnumExtensionsBenchmark.GetDescription,DotNetTips.Spargine.Extensions.BenchmarkTests,EnumExtensionsBenchmark,GetDescription,Job-SPYWVM,Default,True,Default,Default,Default,Default,Default,Default,Default,Default,Default,Default,Default,Default,Default,Default,Default,Default,Default,Default,Default,True,Default,Default,Default,Default,Default,.NET 6.0,Default,Default,Default,Default,Default,Default,Default,Default,Default,Default,Default,Default,Default,"Job-SPYWVM(EvaluateOverhead=True, Server=True, Toolchain=.NET 6.0)",,1,Overhead,Warmup,8,4012300,2097152,1.91,5,0,0,24
EnumExtensionsBenchmark.GetDescription,DotNetTips.Spargine.Extensions.BenchmarkTests,EnumExtensionsBenchmark,GetDescription,Job-SPYWVM,Default,True,Default,Default,Default,Default,Default,Default,Default,Default,Default,Default,Default,Default,Default,Default,Default,Default,Default,Default,Default,True,Default,Default,Default,Default,Default,.NET 6.0,Default,Default,Default,Default,Default,Default,Default,Default,Default,Default,Default,Default,Default,"Job-SPYWVM(EvaluateOverhead=True, Server=True, Toolchain=.NET 6.0)",,1,Overhead,Actual,1,3810500,2097152,1.82,5,0,0,24
EnumExtensionsBenchmark.GetDescription,DotNetTips.Spargine.Extensions.BenchmarkTests,EnumExtensionsBenchmark,GetDescription,Job-SPYWVM,Default,True,Default,Default,Default,Default,Default,Default,Default,Default,Default,Default,Default,Default,Default,Default,Default,Default,Default,Default,Default,True,Default,Default,Default,Default,Default,.NET 6.0,Default,Default,Default,Default,Default,Default,Default,Default,Default,Default,Default,Default,Default,"Job-SPYWVM(EvaluateOverhead=True, Server=True, Toolchain=.NET 6.0)",,1,Overhead,Actual,2,3809400,2097152,1.82,5,0,0,24
EnumExtensionsBenchmark.GetDescription,DotNetTips.Spargine.Extensions.BenchmarkTests,EnumExtensionsBenchmark,GetDescription,Job-SPYWVM,Default,True,Default,Default,Default,Default,Default,Default,Default,Default,Default,Default,Default,Default,Default,Default,Default,Default,Default,Default,Default,True,Default,Default,Default,Default,Default,.NET 6.0,Default,Default,Default,Default,Default,Default,Default,Default,Default,Default,Default,Default,Default,"Job-SPYWVM(EvaluateOverhead=True, Server=True, Toolchain=.NET 6.0)",,1,Overhead,Actual,3,3931100,2097152,1.87,5,0,0,24
EnumExtensionsBenchmark.GetDescription,DotNetTips.Spargine.Extensions.BenchmarkTests,EnumExtensionsBenchmark,GetDescription,Job-SPYWVM,Default,True,Default,Default,Default,Default,Default,Default,Default,Default,Default,Default,Default,Default,Default,Default,Default,Default,Default,Default,Default,True,Default,Default,Default,Default,Default,.NET 6.0,Default,Default,Default,Default,Default,Default,Default,Default,Default,Default,Default,Default,Default,"Job-SPYWVM(EvaluateOverhead=True, Server=True, Toolchain=.NET 6.0)",,1,Overhead,Actual,4,3812700,2097152,1.82,5,0,0,24
EnumExtensionsBenchmark.GetDescription,DotNetTips.Spargine.Extensions.BenchmarkTests,EnumExtensionsBenchmark,GetDescription,Job-SPYWVM,Default,True,Default,Default,Default,Default,Default,Default,Default,Default,Default,Default,Default,Default,Default,Default,Default,Default,Default,Default,Default,True,Default,Default,Default,Default,Default,.NET 6.0,Default,Default,Default,Default,Default,Default,Default,Default,Default,Default,Default,Default,Default,"Job-SPYWVM(EvaluateOverhead=True, Server=True, Toolchain=.NET 6.0)",,1,Overhead,Actual,5,4105000,2097152,1.96,5,0,0,24
EnumExtensionsBenchmark.GetDescription,DotNetTips.Spargine.Extensions.BenchmarkTests,EnumExtensionsBenchmark,GetDescription,Job-SPYWVM,Default,True,Default,Default,Default,Default,Default,Default,Default,Default,Default,Default,Default,Default,Default,Default,Default,Default,Default,Default,Default,True,Default,Default,Default,Default,Default,.NET 6.0,Default,Default,Default,Default,Default,Default,Default,Default,Default,Default,Default,Default,Default,"Job-SPYWVM(EvaluateOverhead=True, Server=True, Toolchain=.NET 6.0)",,1,Overhead,Actual,6,3978700,2097152,1.9,5,0,0,24
EnumExtensionsBenchmark.GetDescription,DotNetTips.Spargine.Extensions.BenchmarkTests,EnumExtensionsBenchmark,GetDescription,Job-SPYWVM,Default,True,Default,Default,Default,Default,Default,Default,Default,Default,Default,Default,Default,Default,Default,Default,Default,Default,Default,Default,Default,True,Default,Default,Default,Default,Default,.NET 6.0,Default,Default,Default,Default,Default,Default,Default,Default,Default,Default,Default,Default,Default,"Job-SPYWVM(EvaluateOverhead=True, Server=True, Toolchain=.NET 6.0)",,1,Overhead,Actual,7,3860300,2097152,1.84,5,0,0,24
EnumExtensionsBenchmark.GetDescription,DotNetTips.Spargine.Extensions.BenchmarkTests,EnumExtensionsBenchmark,GetDescription,Job-SPYWVM,Default,True,Default,Default,Default,Default,Default,Default,Default,Default,Default,Default,Default,Default,Default,Default,Default,Default,Default,Default,Default,True,Default,Default,Default,Default,Default,.NET 6.0,Default,Default,Default,Default,Default,Default,Default,Default,Default,Default,Default,Default,Default,"Job-SPYWVM(EvaluateOverhead=True, Server=True, Toolchain=.NET 6.0)",,1,Overhead,Actual,8,4374100,2097152,2.09,5,0,0,24
EnumExtensionsBenchmark.GetDescription,DotNetTips.Spargine.Extensions.BenchmarkTests,EnumExtensionsBenchmark,GetDescription,Job-SPYWVM,Default,True,Default,Default,Default,Default,Default,Default,Default,Default,Default,Default,Default,Default,Default,Default,Default,Default,Default,Default,Default,True,Default,Default,Default,Default,Default,.NET 6.0,Default,Default,Default,Default,Default,Default,Default,Default,Default,Default,Default,Default,Default,"Job-SPYWVM(EvaluateOverhead=True, Server=True, Toolchain=.NET 6.0)",,1,Overhead,Actual,9,3840000,2097152,1.83,5,0,0,24
EnumExtensionsBenchmark.GetDescription,DotNetTips.Spargine.Extensions.BenchmarkTests,EnumExtensionsBenchmark,GetDescription,Job-SPYWVM,Default,True,Default,Default,Default,Default,Default,Default,Default,Default,Default,Default,Default,Default,Default,Default,Default,Default,Default,Default,Default,True,Default,Default,Default,Default,Default,.NET 6.0,Default,Default,Default,Default,Default,Default,Default,Default,Default,Default,Default,Default,Default,"Job-SPYWVM(EvaluateOverhead=True, Server=True, Toolchain=.NET 6.0)",,1,Overhead,Actual,10,4036300,2097152,1.92,5,0,0,24
EnumExtensionsBenchmark.GetDescription,DotNetTips.Spargine.Extensions.BenchmarkTests,EnumExtensionsBenchmark,GetDescription,Job-SPYWVM,Default,True,Default,Default,Default,Default,Default,Default,Default,Default,Default,Default,Default,Default,Default,Default,Default,Default,Default,Default,Default,True,Default,Default,Default,Default,Default,.NET 6.0,Default,Default,Default,Default,Default,Default,Default,Default,Default,Default,Default,Default,Default,"Job-SPYWVM(EvaluateOverhead=True, Server=True, Toolchain=.NET 6.0)",,1,Overhead,Actual,11,4384000,2097152,2.09,5,0,0,24
EnumExtensionsBenchmark.GetDescription,DotNetTips.Spargine.Extensions.BenchmarkTests,EnumExtensionsBenchmark,GetDescription,Job-SPYWVM,Default,True,Default,Default,Default,Default,Default,Default,Default,Default,Default,Default,Default,Default,Default,Default,Default,Default,Default,Default,Default,True,Default,Default,Default,Default,Default,.NET 6.0,Default,Default,Default,Default,Default,Default,Default,Default,Default,Default,Default,Default,Default,"Job-SPYWVM(EvaluateOverhead=True, Server=True, Toolchain=.NET 6.0)",,1,Overhead,Actual,12,4132800,2097152,1.97,5,0,0,24
EnumExtensionsBenchmark.GetDescription,DotNetTips.Spargine.Extensions.BenchmarkTests,EnumExtensionsBenchmark,GetDescription,Job-SPYWVM,Default,True,Default,Default,Default,Default,Default,Default,Default,Default,Default,Default,Default,Default,Default,Default,Default,Default,Default,Default,Default,True,Default,Default,Default,Default,Default,.NET 6.0,Default,Default,Default,Default,Default,Default,Default,Default,Default,Default,Default,Default,Default,"Job-SPYWVM(EvaluateOverhead=True, Server=True, Toolchain=.NET 6.0)",,1,Overhead,Actual,13,4033300,2097152,1.92,5,0,0,24
EnumExtensionsBenchmark.GetDescription,DotNetTips.Spargine.Extensions.BenchmarkTests,EnumExtensionsBenchmark,GetDescription,Job-SPYWVM,Default,True,Default,Default,Default,Default,Default,Default,Default,Default,Default,Default,Default,Default,Default,Default,Default,Default,Default,Default,Default,True,Default,Default,Default,Default,Default,.NET 6.0,Default,Default,Default,Default,Default,Default,Default,Default,Default,Default,Default,Default,Default,"Job-SPYWVM(EvaluateOverhead=True, Server=True, Toolchain=.NET 6.0)",,1,Overhead,Actual,14,4252300,2097152,2.03,5,0,0,24
EnumExtensionsBenchmark.GetDescription,DotNetTips.Spargine.Extensions.BenchmarkTests,EnumExtensionsBenchmark,GetDescription,Job-SPYWVM,Default,True,Default,Default,Default,Default,Default,Default,Default,Default,Default,Default,Default,Default,Default,Default,Default,Default,Default,Default,Default,True,Default,Default,Default,Default,Default,.NET 6.0,Default,Default,Default,Default,Default,Default,Default,Default,Default,Default,Default,Default,Default,"Job-SPYWVM(EvaluateOverhead=True, Server=True, Toolchain=.NET 6.0)",,1,Overhead,Actual,15,4133300,2097152,1.97,5,0,0,24
EnumExtensionsBenchmark.GetDescription,DotNetTips.Spargine.Extensions.BenchmarkTests,EnumExtensionsBenchmark,GetDescription,Job-SPYWVM,Default,True,Default,Default,Default,Default,Default,Default,Default,Default,Default,Default,Default,Default,Default,Default,Default,Default,Default,Default,Default,True,Default,Default,Default,Default,Default,.NET 6.0,Default,Default,Default,Default,Default,Default,Default,Default,Default,Default,Default,Default,Default,"Job-SPYWVM(EvaluateOverhead=True, Server=True, Toolchain=.NET 6.0)",,1,Overhead,Actual,16,4029500,2097152,1.92,5,0,0,24
EnumExtensionsBenchmark.GetDescription,DotNetTips.Spargine.Extensions.BenchmarkTests,EnumExtensionsBenchmark,GetDescription,Job-SPYWVM,Default,True,Default,Default,Default,Default,Default,Default,Default,Default,Default,Default,Default,Default,Default,Default,Default,Default,Default,Default,Default,True,Default,Default,Default,Default,Default,.NET 6.0,Default,Default,Default,Default,Default,Default,Default,Default,Default,Default,Default,Default,Default,"Job-SPYWVM(EvaluateOverhead=True, Server=True, Toolchain=.NET 6.0)",,1,Workload,Warmup,1,534565200,2097152,254.9,5,0,0,24
EnumExtensionsBenchmark.GetDescription,DotNetTips.Spargine.Extensions.BenchmarkTests,EnumExtensionsBenchmark,GetDescription,Job-SPYWVM,Default,True,Default,Default,Default,Default,Default,Default,Default,Default,Default,Default,Default,Default,Default,Default,Default,Default,Default,Default,Default,True,Default,Default,Default,Default,Default,.NET 6.0,Default,Default,Default,Default,Default,Default,Default,Default,Default,Default,Default,Default,Default,"Job-SPYWVM(EvaluateOverhead=True, Server=True, Toolchain=.NET 6.0)",,1,Workload,Warmup,2,529358100,2097152,252.42,5,0,0,24
EnumExtensionsBenchmark.GetDescription,DotNetTips.Spargine.Extensions.BenchmarkTests,EnumExtensionsBenchmark,GetDescription,Job-SPYWVM,Default,True,Default,Default,Default,Default,Default,Default,Default,Default,Default,Default,Default,Default,Default,Default,Default,Default,Default,Default,Default,True,Default,Default,Default,Default,Default,.NET 6.0,Default,Default,Default,Default,Default,Default,Default,Default,Default,Default,Default,Default,Default,"Job-SPYWVM(EvaluateOverhead=True, Server=True, Toolchain=.NET 6.0)",,1,Workload,Warmup,3,531532300,2097152,253.45,5,0,0,24
EnumExtensionsBenchmark.GetDescription,DotNetTips.Spargine.Extensions.BenchmarkTests,EnumExtensionsBenchmark,GetDescription,Job-SPYWVM,Default,True,Default,Default,Default,Default,Default,Default,Default,Default,Default,Default,Default,Default,Default,Default,Default,Default,Default,Default,Default,True,Default,Default,Default,Default,Default,.NET 6.0,Default,Default,Default,Default,Default,Default,Default,Default,Default,Default,Default,Default,Default,"Job-SPYWVM(EvaluateOverhead=True, Server=True, Toolchain=.NET 6.0)",,1,Workload,Warmup,4,535157100,2097152,255.18,5,0,0,24
EnumExtensionsBenchmark.GetDescription,DotNetTips.Spargine.Extensions.BenchmarkTests,EnumExtensionsBenchmark,GetDescription,Job-SPYWVM,Default,True,Default,Default,Default,Default,Default,Default,Default,Default,Default,Default,Default,Default,Default,Default,Default,Default,Default,Default,Default,True,Default,Default,Default,Default,Default,.NET 6.0,Default,Default,Default,Default,Default,Default,Default,Default,Default,Default,Default,Default,Default,"Job-SPYWVM(EvaluateOverhead=True, Server=True, Toolchain=.NET 6.0)",,1,Workload,Warmup,5,527331000,2097152,251.45,5,0,0,24
EnumExtensionsBenchmark.GetDescription,DotNetTips.Spargine.Extensions.BenchmarkTests,EnumExtensionsBenchmark,GetDescription,Job-SPYWVM,Default,True,Default,Default,Default,Default,Default,Default,Default,Default,Default,Default,Default,Default,Default,Default,Default,Default,Default,Default,Default,True,Default,Default,Default,Default,Default,.NET 6.0,Default,Default,Default,Default,Default,Default,Default,Default,Default,Default,Default,Default,Default,"Job-SPYWVM(EvaluateOverhead=True, Server=True, Toolchain=.NET 6.0)",,1,Workload,Warmup,6,535626600,2097152,255.41,5,0,0,24
EnumExtensionsBenchmark.GetDescription,DotNetTips.Spargine.Extensions.BenchmarkTests,EnumExtensionsBenchmark,GetDescription,Job-SPYWVM,Default,True,Default,Default,Default,Default,Default,Default,Default,Default,Default,Default,Default,Default,Default,Default,Default,Default,Default,Default,Default,True,Default,Default,Default,Default,Default,.NET 6.0,Default,Default,Default,Default,Default,Default,Default,Default,Default,Default,Default,Default,Default,"Job-SPYWVM(EvaluateOverhead=True, Server=True, Toolchain=.NET 6.0)",,1,Workload,Warmup,7,529781800,2097152,252.62,5,0,0,24
EnumExtensionsBenchmark.GetDescription,DotNetTips.Spargine.Extensions.BenchmarkTests,EnumExtensionsBenchmark,GetDescription,Job-SPYWVM,Default,True,Default,Default,Default,Default,Default,Default,Default,Default,Default,Default,Default,Default,Default,Default,Default,Default,Default,Default,Default,True,Default,Default,Default,Default,Default,.NET 6.0,Default,Default,Default,Default,Default,Default,Default,Default,Default,Default,Default,Default,Default,"Job-SPYWVM(EvaluateOverhead=True, Server=True, Toolchain=.NET 6.0)",,1,Workload,Actual,1,522583100,2097152,249.19,5,0,0,24
EnumExtensionsBenchmark.GetDescription,DotNetTips.Spargine.Extensions.BenchmarkTests,EnumExtensionsBenchmark,GetDescription,Job-SPYWVM,Default,True,Default,Default,Default,Default,Default,Default,Default,Default,Default,Default,Default,Default,Default,Default,Default,Default,Default,Default,Default,True,Default,Default,Default,Default,Default,.NET 6.0,Default,Default,Default,Default,Default,Default,Default,Default,Default,Default,Default,Default,Default,"Job-SPYWVM(EvaluateOverhead=True, Server=True, Toolchain=.NET 6.0)",,1,Workload,Actual,2,527008900,2097152,251.3,5,0,0,24
EnumExtensionsBenchmark.GetDescription,DotNetTips.Spargine.Extensions.BenchmarkTests,EnumExtensionsBenchmark,GetDescription,Job-SPYWVM,Default,True,Default,Default,Default,Default,Default,Default,Default,Default,Default,Default,Default,Default,Default,Default,Default,Default,Default,Default,Default,True,Default,Default,Default,Default,Default,.NET 6.0,Default,Default,Default,Default,Default,Default,Default,Default,Default,Default,Default,Default,Default,"Job-SPYWVM(EvaluateOverhead=True, Server=True, Toolchain=.NET 6.0)",,1,Workload,Actual,3,526489800,2097152,251.05,5,0,0,24
EnumExtensionsBenchmark.GetDescription,DotNetTips.Spargine.Extensions.BenchmarkTests,EnumExtensionsBenchmark,GetDescription,Job-SPYWVM,Default,True,Default,Default,Default,Default,Default,Default,Default,Default,Default,Default,Default,Default,Default,Default,Default,Default,Default,Default,Default,True,Default,Default,Default,Default,Default,.NET 6.0,Default,Default,Default,Default,Default,Default,Default,Default,Default,Default,Default,Default,Default,"Job-SPYWVM(EvaluateOverhead=True, Server=True, Toolchain=.NET 6.0)",,1,Workload,Actual,4,524049300,2097152,249.89,5,0,0,24
EnumExtensionsBenchmark.GetDescription,DotNetTips.Spargine.Extensions.BenchmarkTests,EnumExtensionsBenchmark,GetDescription,Job-SPYWVM,Default,True,Default,Default,Default,Default,Default,Default,Default,Default,Default,Default,Default,Default,Default,Default,Default,Default,Default,Default,Default,True,Default,Default,Default,Default,Default,.NET 6.0,Default,Default,Default,Default,Default,Default,Default,Default,Default,Default,Default,Default,Default,"Job-SPYWVM(EvaluateOverhead=True, Server=True, Toolchain=.NET 6.0)",,1,Workload,Actual,5,522491600,2097152,249.14,5,0,0,24
EnumExtensionsBenchmark.GetDescription,DotNetTips.Spargine.Extensions.BenchmarkTests,EnumExtensionsBenchmark,GetDescription,Job-SPYWVM,Default,True,Default,Default,Default,Default,Default,Default,Default,Default,Default,Default,Default,Default,Default,Default,Default,Default,Default,Default,Default,True,Default,Default,Default,Default,Default,.NET 6.0,Default,Default,Default,Default,Default,Default,Default,Default,Default,Default,Default,Default,Default,"Job-SPYWVM(EvaluateOverhead=True, Server=True, Toolchain=.NET 6.0)",,1,Workload,Actual,6,515506400,2097152,245.81,5,0,0,24
EnumExtensionsBenchmark.GetDescription,DotNetTips.Spargine.Extensions.BenchmarkTests,EnumExtensionsBenchmark,GetDescription,Job-SPYWVM,Default,True,Default,Default,Default,Default,Default,Default,Default,Default,Default,Default,Default,Default,Default,Default,Default,Default,Default,Default,Default,True,Default,Default,Default,Default,Default,.NET 6.0,Default,Default,Default,Default,Default,Default,Default,Default,Default,Default,Default,Default,Default,"Job-SPYWVM(EvaluateOverhead=True, Server=True, Toolchain=.NET 6.0)",,1,Workload,Actual,7,523563300,2097152,249.65,5,0,0,24
EnumExtensionsBenchmark.GetDescription,DotNetTips.Spargine.Extensions.BenchmarkTests,EnumExtensionsBenchmark,GetDescription,Job-SPYWVM,Default,True,Default,Default,Default,Default,Default,Default,Default,Default,Default,Default,Default,Default,Default,Default,Default,Default,Default,Default,Default,True,Default,Default,Default,Default,Default,.NET 6.0,Default,Default,Default,Default,Default,Default,Default,Default,Default,Default,Default,Default,Default,"Job-SPYWVM(EvaluateOverhead=True, Server=True, Toolchain=.NET 6.0)",,1,Workload,Actual,8,524143000,2097152,249.93,5,0,0,24
EnumExtensionsBenchmark.GetDescription,DotNetTips.Spargine.Extensions.BenchmarkTests,EnumExtensionsBenchmark,GetDescription,Job-SPYWVM,Default,True,Default,Default,Default,Default,Default,Default,Default,Default,Default,Default,Default,Default,Default,Default,Default,Default,Default,Default,Default,True,Default,Default,Default,Default,Default,.NET 6.0,Default,Default,Default,Default,Default,Default,Default,Default,Default,Default,Default,Default,Default,"Job-SPYWVM(EvaluateOverhead=True, Server=True, Toolchain=.NET 6.0)",,1,Workload,Actual,9,526375200,2097152,251,5,0,0,24
EnumExtensionsBenchmark.GetDescription,DotNetTips.Spargine.Extensions.BenchmarkTests,EnumExtensionsBenchmark,GetDescription,Job-SPYWVM,Default,True,Default,Default,Default,Default,Default,Default,Default,Default,Default,Default,Default,Default,Default,Default,Default,Default,Default,Default,Default,True,Default,Default,Default,Default,Default,.NET 6.0,Default,Default,Default,Default,Default,Default,Default,Default,Default,Default,Default,Default,Default,"Job-SPYWVM(EvaluateOverhead=True, Server=True, Toolchain=.NET 6.0)",,1,Workload,Actual,10,524098700,2097152,249.91,5,0,0,24
EnumExtensionsBenchmark.GetDescription,DotNetTips.Spargine.Extensions.BenchmarkTests,EnumExtensionsBenchmark,GetDescription,Job-SPYWVM,Default,True,Default,Default,Default,Default,Default,Default,Default,Default,Default,Default,Default,Default,Default,Default,Default,Default,Default,Default,Default,True,Default,Default,Default,Default,Default,.NET 6.0,Default,Default,Default,Default,Default,Default,Default,Default,Default,Default,Default,Default,Default,"Job-SPYWVM(EvaluateOverhead=True, Server=True, Toolchain=.NET 6.0)",,1,Workload,Actual,11,528114500,2097152,251.82,5,0,0,24
EnumExtensionsBenchmark.GetDescription,DotNetTips.Spargine.Extensions.BenchmarkTests,EnumExtensionsBenchmark,GetDescription,Job-SPYWVM,Default,True,Default,Default,Default,Default,Default,Default,Default,Default,Default,Default,Default,Default,Default,Default,Default,Default,Default,Default,Default,True,Default,Default,Default,Default,Default,.NET 6.0,Default,Default,Default,Default,Default,Default,Default,Default,Default,Default,Default,Default,Default,"Job-SPYWVM(EvaluateOverhead=True, Server=True, Toolchain=.NET 6.0)",,1,Workload,Actual,12,531502000,2097152,253.44,5,0,0,24
EnumExtensionsBenchmark.GetDescription,DotNetTips.Spargine.Extensions.BenchmarkTests,EnumExtensionsBenchmark,GetDescription,Job-SPYWVM,Default,True,Default,Default,Default,Default,Default,Default,Default,Default,Default,Default,Default,Default,Default,Default,Default,Default,Default,Default,Default,True,Default,Default,Default,Default,Default,.NET 6.0,Default,Default,Default,Default,Default,Default,Default,Default,Default,Default,Default,Default,Default,"Job-SPYWVM(EvaluateOverhead=True, Server=True, Toolchain=.NET 6.0)",,1,Workload,Actual,13,522739800,2097152,249.26,5,0,0,24
EnumExtensionsBenchmark.GetDescription,DotNetTips.Spargine.Extensions.BenchmarkTests,EnumExtensionsBenchmark,GetDescription,Job-SPYWVM,Default,True,Default,Default,Default,Default,Default,Default,Default,Default,Default,Default,Default,Default,Default,Default,Default,Default,Default,Default,Default,True,Default,Default,Default,Default,Default,.NET 6.0,Default,Default,Default,Default,Default,Default,Default,Default,Default,Default,Default,Default,Default,"Job-SPYWVM(EvaluateOverhead=True, Server=True, Toolchain=.NET 6.0)",,1,Workload,Actual,14,523600900,2097152,249.67,5,0,0,24
EnumExtensionsBenchmark.GetDescription,DotNetTips.Spargine.Extensions.BenchmarkTests,EnumExtensionsBenchmark,GetDescription,Job-SPYWVM,Default,True,Default,Default,Default,Default,Default,Default,Default,Default,Default,Default,Default,Default,Default,Default,Default,Default,Default,Default,Default,True,Default,Default,Default,Default,Default,.NET 6.0,Default,Default,Default,Default,Default,Default,Default,Default,Default,Default,Default,Default,Default,"Job-SPYWVM(EvaluateOverhead=True, Server=True, Toolchain=.NET 6.0)",,1,Workload,Actual,15,526340800,2097152,250.98,5,0,0,24
EnumExtensionsBenchmark.GetDescription,DotNetTips.Spargine.Extensions.BenchmarkTests,EnumExtensionsBenchmark,GetDescription,Job-SPYWVM,Default,True,Default,Default,Default,Default,Default,Default,Default,Default,Default,Default,Default,Default,Default,Default,Default,Default,Default,Default,Default,True,Default,Default,Default,Default,Default,.NET 6.0,Default,Default,Default,Default,Default,Default,Default,Default,Default,Default,Default,Default,Default,"Job-SPYWVM(EvaluateOverhead=True, Server=True, Toolchain=.NET 6.0)",,1,Workload,Result,1,518551700,2097152,247.26,5,0,0,24
EnumExtensionsBenchmark.GetDescription,DotNetTips.Spargine.Extensions.BenchmarkTests,EnumExtensionsBenchmark,GetDescription,Job-SPYWVM,Default,True,Default,Default,Default,Default,Default,Default,Default,Default,Default,Default,Default,Default,Default,Default,Default,Default,Default,Default,Default,True,Default,Default,Default,Default,Default,.NET 6.0,Default,Default,Default,Default,Default,Default,Default,Default,Default,Default,Default,Default,Default,"Job-SPYWVM(EvaluateOverhead=True, Server=True, Toolchain=.NET 6.0)",,1,Workload,Result,2,522977500,2097152,249.38,5,0,0,24
EnumExtensionsBenchmark.GetDescription,DotNetTips.Spargine.Extensions.BenchmarkTests,EnumExtensionsBenchmark,GetDescription,Job-SPYWVM,Default,True,Default,Default,Default,Default,Default,Default,Default,Default,Default,Default,Default,Default,Default,Default,Default,Default,Default,Default,Default,True,Default,Default,Default,Default,Default,.NET 6.0,Default,Default,Default,Default,Default,Default,Default,Default,Default,Default,Default,Default,Default,"Job-SPYWVM(EvaluateOverhead=True, Server=True, Toolchain=.NET 6.0)",,1,Workload,Result,3,522458400,2097152,249.13,5,0,0,24
EnumExtensionsBenchmark.GetDescription,DotNetTips.Spargine.Extensions.BenchmarkTests,EnumExtensionsBenchmark,GetDescription,Job-SPYWVM,Default,True,Default,Default,Default,Default,Default,Default,Default,Default,Default,Default,Default,Default,Default,Default,Default,Default,Default,Default,Default,True,Default,Default,Default,Default,Default,.NET 6.0,Default,Default,Default,Default,Default,Default,Default,Default,Default,Default,Default,Default,Default,"Job-SPYWVM(EvaluateOverhead=True, Server=True, Toolchain=.NET 6.0)",,1,Workload,Result,4,520017900,2097152,247.96,5,0,0,24
EnumExtensionsBenchmark.GetDescription,DotNetTips.Spargine.Extensions.BenchmarkTests,EnumExtensionsBenchmark,GetDescription,Job-SPYWVM,Default,True,Default,Default,Default,Default,Default,Default,Default,Default,Default,Default,Default,Default,Default,Default,Default,Default,Default,Default,Default,True,Default,Default,Default,Default,Default,.NET 6.0,Default,Default,Default,Default,Default,Default,Default,Default,Default,Default,Default,Default,Default,"Job-SPYWVM(EvaluateOverhead=True, Server=True, Toolchain=.NET 6.0)",,1,Workload,Result,5,518460200,2097152,247.22,5,0,0,24
EnumExtensionsBenchmark.GetDescription,DotNetTips.Spargine.Extensions.BenchmarkTests,EnumExtensionsBenchmark,GetDescription,Job-SPYWVM,Default,True,Default,Default,Default,Default,Default,Default,Default,Default,Default,Default,Default,Default,Default,Default,Default,Default,Default,Default,Default,True,Default,Default,Default,Default,Default,.NET 6.0,Default,Default,Default,Default,Default,Default,Default,Default,Default,Default,Default,Default,Default,"Job-SPYWVM(EvaluateOverhead=True, Server=True, Toolchain=.NET 6.0)",,1,Workload,Result,6,511475000,2097152,243.89,5,0,0,24
EnumExtensionsBenchmark.GetDescription,DotNetTips.Spargine.Extensions.BenchmarkTests,EnumExtensionsBenchmark,GetDescription,Job-SPYWVM,Default,True,Default,Default,Default,Default,Default,Default,Default,Default,Default,Default,Default,Default,Default,Default,Default,Default,Default,Default,Default,True,Default,Default,Default,Default,Default,.NET 6.0,Default,Default,Default,Default,Default,Default,Default,Default,Default,Default,Default,Default,Default,"Job-SPYWVM(EvaluateOverhead=True, Server=True, Toolchain=.NET 6.0)",,1,Workload,Result,7,519531900,2097152,247.73,5,0,0,24
EnumExtensionsBenchmark.GetDescription,DotNetTips.Spargine.Extensions.BenchmarkTests,EnumExtensionsBenchmark,GetDescription,Job-SPYWVM,Default,True,Default,Default,Default,Default,Default,Default,Default,Default,Default,Default,Default,Default,Default,Default,Default,Default,Default,Default,Default,True,Default,Default,Default,Default,Default,.NET 6.0,Default,Default,Default,Default,Default,Default,Default,Default,Default,Default,Default,Default,Default,"Job-SPYWVM(EvaluateOverhead=True, Server=True, Toolchain=.NET 6.0)",,1,Workload,Result,8,520111600,2097152,248.01,5,0,0,24
EnumExtensionsBenchmark.GetDescription,DotNetTips.Spargine.Extensions.BenchmarkTests,EnumExtensionsBenchmark,GetDescription,Job-SPYWVM,Default,True,Default,Default,Default,Default,Default,Default,Default,Default,Default,Default,Default,Default,Default,Default,Default,Default,Default,Default,Default,True,Default,Default,Default,Default,Default,.NET 6.0,Default,Default,Default,Default,Default,Default,Default,Default,Default,Default,Default,Default,Default,"Job-SPYWVM(EvaluateOverhead=True, Server=True, Toolchain=.NET 6.0)",,1,Workload,Result,9,522343800,2097152,249.07,5,0,0,24
EnumExtensionsBenchmark.GetDescription,DotNetTips.Spargine.Extensions.BenchmarkTests,EnumExtensionsBenchmark,GetDescription,Job-SPYWVM,Default,True,Default,Default,Default,Default,Default,Default,Default,Default,Default,Default,Default,Default,Default,Default,Default,Default,Default,Default,Default,True,Default,Default,Default,Default,Default,.NET 6.0,Default,Default,Default,Default,Default,Default,Default,Default,Default,Default,Default,Default,Default,"Job-SPYWVM(EvaluateOverhead=True, Server=True, Toolchain=.NET 6.0)",,1,Workload,Result,10,520067300,2097152,247.99,5,0,0,24
EnumExtensionsBenchmark.GetDescription,DotNetTips.Spargine.Extensions.BenchmarkTests,EnumExtensionsBenchmark,GetDescription,Job-SPYWVM,Default,True,Default,Default,Default,Default,Default,Default,Default,Default,Default,Default,Default,Default,Default,Default,Default,Default,Default,Default,Default,True,Default,Default,Default,Default,Default,.NET 6.0,Default,Default,Default,Default,Default,Default,Default,Default,Default,Default,Default,Default,Default,"Job-SPYWVM(EvaluateOverhead=True, Server=True, Toolchain=.NET 6.0)",,1,Workload,Result,11,524083100,2097152,249.9,5,0,0,24
EnumExtensionsBenchmark.GetDescription,DotNetTips.Spargine.Extensions.BenchmarkTests,EnumExtensionsBenchmark,GetDescription,Job-SPYWVM,Default,True,Default,Default,Default,Default,Default,Default,Default,Default,Default,Default,Default,Default,Default,Default,Default,Default,Default,Default,Default,True,Default,Default,Default,Default,Default,.NET 6.0,Default,Default,Default,Default,Default,Default,Default,Default,Default,Default,Default,Default,Default,"Job-SPYWVM(EvaluateOverhead=True, Server=True, Toolchain=.NET 6.0)",,1,Workload,Result,12,518708400,2097152,247.34,5,0,0,24
EnumExtensionsBenchmark.GetDescription,DotNetTips.Spargine.Extensions.BenchmarkTests,EnumExtensionsBenchmark,GetDescription,Job-SPYWVM,Default,True,Default,Default,Default,Default,Default,Default,Default,Default,Default,Default,Default,Default,Default,Default,Default,Default,Default,Default,Default,True,Default,Default,Default,Default,Default,.NET 6.0,Default,Default,Default,Default,Default,Default,Default,Default,Default,Default,Default,Default,Default,"Job-SPYWVM(EvaluateOverhead=True, Server=True, Toolchain=.NET 6.0)",,1,Workload,Result,13,519569500,2097152,247.75,5,0,0,24
EnumExtensionsBenchmark.GetDescription,DotNetTips.Spargine.Extensions.BenchmarkTests,EnumExtensionsBenchmark,GetDescription,Job-SPYWVM,Default,True,Default,Default,Default,Default,Default,Default,Default,Default,Default,Default,Default,Default,Default,Default,Default,Default,Default,Default,Default,True,Default,Default,Default,Default,Default,.NET 6.0,Default,Default,Default,Default,Default,Default,Default,Default,Default,Default,Default,Default,Default,"Job-SPYWVM(EvaluateOverhead=True, Server=True, Toolchain=.NET 6.0)",,1,Workload,Result,14,522309400,2097152,249.06,5,0,0,24
EnumExtensionsBenchmark.GetItems,DotNetTips.Spargine.Extensions.BenchmarkTests,EnumExtensionsBenchmark,GetItems,Job-SPYWVM,Default,True,Default,Default,Default,Default,Default,Default,Default,Default,Default,Default,Default,Default,Default,Default,Default,Default,Default,Default,Default,True,Default,Default,Default,Default,Default,.NET 6.0,Default,Default,Default,Default,Default,Default,Default,Default,Default,Default,Default,Default,Default,"Job-SPYWVM(EvaluateOverhead=True, Server=True, Toolchain=.NET 6.0)",,1,Overhead,Jitting,1,222000,1,222000,59,0,0,512
EnumExtensionsBenchmark.GetItems,DotNetTips.Spargine.Extensions.BenchmarkTests,EnumExtensionsBenchmark,GetItems,Job-SPYWVM,Default,True,Default,Default,Default,Default,Default,Default,Default,Default,Default,Default,Default,Default,Default,Default,Default,Default,Default,Default,Default,True,Default,Default,Default,Default,Default,.NET 6.0,Default,Default,Default,Default,Default,Default,Default,Default,Default,Default,Default,Default,Default,"Job-SPYWVM(EvaluateOverhead=True, Server=True, Toolchain=.NET 6.0)",,1,Workload,Jitting,1,1325900,1,1325900,59,0,0,512
EnumExtensionsBenchmark.GetItems,DotNetTips.Spargine.Extensions.BenchmarkTests,EnumExtensionsBenchmark,GetItems,Job-SPYWVM,Default,True,Default,Default,Default,Default,Default,Default,Default,Default,Default,Default,Default,Default,Default,Default,Default,Default,Default,Default,Default,True,Default,Default,Default,Default,Default,.NET 6.0,Default,Default,Default,Default,Default,Default,Default,Default,Default,Default,Default,Default,Default,"Job-SPYWVM(EvaluateOverhead=True, Server=True, Toolchain=.NET 6.0)",,1,Overhead,Jitting,2,221300,16,13831.25,59,0,0,512
EnumExtensionsBenchmark.GetItems,DotNetTips.Spargine.Extensions.BenchmarkTests,EnumExtensionsBenchmark,GetItems,Job-SPYWVM,Default,True,Default,Default,Default,Default,Default,Default,Default,Default,Default,Default,Default,Default,Default,Default,Default,Default,Default,Default,Default,True,Default,Default,Default,Default,Default,.NET 6.0,Default,Default,Default,Default,Default,Default,Default,Default,Default,Default,Default,Default,Default,"Job-SPYWVM(EvaluateOverhead=True, Server=True, Toolchain=.NET 6.0)",,1,Workload,Jitting,2,258600,16,16162.5,59,0,0,512
EnumExtensionsBenchmark.GetItems,DotNetTips.Spargine.Extensions.BenchmarkTests,EnumExtensionsBenchmark,GetItems,Job-SPYWVM,Default,True,Default,Default,Default,Default,Default,Default,Default,Default,Default,Default,Default,Default,Default,Default,Default,Default,Default,Default,Default,True,Default,Default,Default,Default,Default,.NET 6.0,Default,Default,Default,Default,Default,Default,Default,Default,Default,Default,Default,Default,Default,"Job-SPYWVM(EvaluateOverhead=True, Server=True, Toolchain=.NET 6.0)",,1,Workload,Pilot,1,57600,16,3600,59,0,0,512
EnumExtensionsBenchmark.GetItems,DotNetTips.Spargine.Extensions.BenchmarkTests,EnumExtensionsBenchmark,GetItems,Job-SPYWVM,Default,True,Default,Default,Default,Default,Default,Default,Default,Default,Default,Default,Default,Default,Default,Default,Default,Default,Default,Default,Default,True,Default,Default,Default,Default,Default,.NET 6.0,Default,Default,Default,Default,Default,Default,Default,Default,Default,Default,Default,Default,Default,"Job-SPYWVM(EvaluateOverhead=True, Server=True, Toolchain=.NET 6.0)",,1,Workload,Pilot,2,79700,32,2490.63,59,0,0,512
EnumExtensionsBenchmark.GetItems,DotNetTips.Spargine.Extensions.BenchmarkTests,EnumExtensionsBenchmark,GetItems,Job-SPYWVM,Default,True,Default,Default,Default,Default,Default,Default,Default,Default,Default,Default,Default,Default,Default,Default,Default,Default,Default,Default,Default,True,Default,Default,Default,Default,Default,.NET 6.0,Default,Default,Default,Default,Default,Default,Default,Default,Default,Default,Default,Default,Default,"Job-SPYWVM(EvaluateOverhead=True, Server=True, Toolchain=.NET 6.0)",,1,Workload,Pilot,3,121500,64,1898.44,59,0,0,512
EnumExtensionsBenchmark.GetItems,DotNetTips.Spargine.Extensions.BenchmarkTests,EnumExtensionsBenchmark,GetItems,Job-SPYWVM,Default,True,Default,Default,Default,Default,Default,Default,Default,Default,Default,Default,Default,Default,Default,Default,Default,Default,Default,Default,Default,True,Default,Default,Default,Default,Default,.NET 6.0,Default,Default,Default,Default,Default,Default,Default,Default,Default,Default,Default,Default,Default,"Job-SPYWVM(EvaluateOverhead=True, Server=True, Toolchain=.NET 6.0)",,1,Workload,Pilot,4,306100,128,2391.41,59,0,0,512
EnumExtensionsBenchmark.GetItems,DotNetTips.Spargine.Extensions.BenchmarkTests,EnumExtensionsBenchmark,GetItems,Job-SPYWVM,Default,True,Default,Default,Default,Default,Default,Default,Default,Default,Default,Default,Default,Default,Default,Default,Default,Default,Default,Default,Default,True,Default,Default,Default,Default,Default,.NET 6.0,Default,Default,Default,Default,Default,Default,Default,Default,Default,Default,Default,Default,Default,"Job-SPYWVM(EvaluateOverhead=True, Server=True, Toolchain=.NET 6.0)",,1,Workload,Pilot,5,403700,256,1576.95,59,0,0,512
EnumExtensionsBenchmark.GetItems,DotNetTips.Spargine.Extensions.BenchmarkTests,EnumExtensionsBenchmark,GetItems,Job-SPYWVM,Default,True,Default,Default,Default,Default,Default,Default,Default,Default,Default,Default,Default,Default,Default,Default,Default,Default,Default,Default,Default,True,Default,Default,Default,Default,Default,.NET 6.0,Default,Default,Default,Default,Default,Default,Default,Default,Default,Default,Default,Default,Default,"Job-SPYWVM(EvaluateOverhead=True, Server=True, Toolchain=.NET 6.0)",,1,Workload,Pilot,6,823700,512,1608.79,59,0,0,512
EnumExtensionsBenchmark.GetItems,DotNetTips.Spargine.Extensions.BenchmarkTests,EnumExtensionsBenchmark,GetItems,Job-SPYWVM,Default,True,Default,Default,Default,Default,Default,Default,Default,Default,Default,Default,Default,Default,Default,Default,Default,Default,Default,Default,Default,True,Default,Default,Default,Default,Default,.NET 6.0,Default,Default,Default,Default,Default,Default,Default,Default,Default,Default,Default,Default,Default,"Job-SPYWVM(EvaluateOverhead=True, Server=True, Toolchain=.NET 6.0)",,1,Workload,Pilot,7,1177600,1024,1150,59,0,0,512
EnumExtensionsBenchmark.GetItems,DotNetTips.Spargine.Extensions.BenchmarkTests,EnumExtensionsBenchmark,GetItems,Job-SPYWVM,Default,True,Default,Default,Default,Default,Default,Default,Default,Default,Default,Default,Default,Default,Default,Default,Default,Default,Default,Default,Default,True,Default,Default,Default,Default,Default,.NET 6.0,Default,Default,Default,Default,Default,Default,Default,Default,Default,Default,Default,Default,Default,"Job-SPYWVM(EvaluateOverhead=True, Server=True, Toolchain=.NET 6.0)",,1,Workload,Pilot,8,2980700,2048,1455.42,59,0,0,512
EnumExtensionsBenchmark.GetItems,DotNetTips.Spargine.Extensions.BenchmarkTests,EnumExtensionsBenchmark,GetItems,Job-SPYWVM,Default,True,Default,Default,Default,Default,Default,Default,Default,Default,Default,Default,Default,Default,Default,Default,Default,Default,Default,Default,Default,True,Default,Default,Default,Default,Default,.NET 6.0,Default,Default,Default,Default,Default,Default,Default,Default,Default,Default,Default,Default,Default,"Job-SPYWVM(EvaluateOverhead=True, Server=True, Toolchain=.NET 6.0)",,1,Workload,Pilot,9,4423500,4096,1079.96,59,0,0,512
EnumExtensionsBenchmark.GetItems,DotNetTips.Spargine.Extensions.BenchmarkTests,EnumExtensionsBenchmark,GetItems,Job-SPYWVM,Default,True,Default,Default,Default,Default,Default,Default,Default,Default,Default,Default,Default,Default,Default,Default,Default,Default,Default,Default,Default,True,Default,Default,Default,Default,Default,.NET 6.0,Default,Default,Default,Default,Default,Default,Default,Default,Default,Default,Default,Default,Default,"Job-SPYWVM(EvaluateOverhead=True, Server=True, Toolchain=.NET 6.0)",,1,Workload,Pilot,10,10339100,8192,1262.1,59,0,0,512
EnumExtensionsBenchmark.GetItems,DotNetTips.Spargine.Extensions.BenchmarkTests,EnumExtensionsBenchmark,GetItems,Job-SPYWVM,Default,True,Default,Default,Default,Default,Default,Default,Default,Default,Default,Default,Default,Default,Default,Default,Default,Default,Default,Default,Default,True,Default,Default,Default,Default,Default,.NET 6.0,Default,Default,Default,Default,Default,Default,Default,Default,Default,Default,Default,Default,Default,"Job-SPYWVM(EvaluateOverhead=True, Server=True, Toolchain=.NET 6.0)",,1,Workload,Pilot,11,19989900,16384,1220.09,59,0,0,512
EnumExtensionsBenchmark.GetItems,DotNetTips.Spargine.Extensions.BenchmarkTests,EnumExtensionsBenchmark,GetItems,Job-SPYWVM,Default,True,Default,Default,Default,Default,Default,Default,Default,Default,Default,Default,Default,Default,Default,Default,Default,Default,Default,Default,Default,True,Default,Default,Default,Default,Default,.NET 6.0,Default,Default,Default,Default,Default,Default,Default,Default,Default,Default,Default,Default,Default,"Job-SPYWVM(EvaluateOverhead=True, Server=True, Toolchain=.NET 6.0)",,1,Workload,Pilot,12,39175700,32768,1195.55,59,0,0,512
EnumExtensionsBenchmark.GetItems,DotNetTips.Spargine.Extensions.BenchmarkTests,EnumExtensionsBenchmark,GetItems,Job-SPYWVM,Default,True,Default,Default,Default,Default,Default,Default,Default,Default,Default,Default,Default,Default,Default,Default,Default,Default,Default,Default,Default,True,Default,Default,Default,Default,Default,.NET 6.0,Default,Default,Default,Default,Default,Default,Default,Default,Default,Default,Default,Default,Default,"Job-SPYWVM(EvaluateOverhead=True, Server=True, Toolchain=.NET 6.0)",,1,Workload,Pilot,13,73738800,65536,1125.16,59,0,0,512
EnumExtensionsBenchmark.GetItems,DotNetTips.Spargine.Extensions.BenchmarkTests,EnumExtensionsBenchmark,GetItems,Job-SPYWVM,Default,True,Default,Default,Default,Default,Default,Default,Default,Default,Default,Default,Default,Default,Default,Default,Default,Default,Default,Default,Default,True,Default,Default,Default,Default,Default,.NET 6.0,Default,Default,Default,Default,Default,Default,Default,Default,Default,Default,Default,Default,Default,"Job-SPYWVM(EvaluateOverhead=True, Server=True, Toolchain=.NET 6.0)",,1,Workload,Pilot,14,139327000,131072,1062.98,59,0,0,512
EnumExtensionsBenchmark.GetItems,DotNetTips.Spargine.Extensions.BenchmarkTests,EnumExtensionsBenchmark,GetItems,Job-SPYWVM,Default,True,Default,Default,Default,Default,Default,Default,Default,Default,Default,Default,Default,Default,Default,Default,Default,Default,Default,Default,Default,True,Default,Default,Default,Default,Default,.NET 6.0,Default,Default,Default,Default,Default,Default,Default,Default,Default,Default,Default,Default,Default,"Job-SPYWVM(EvaluateOverhead=True, Server=True, Toolchain=.NET 6.0)",,1,Workload,Pilot,15,245447900,262144,936.31,59,0,0,512
EnumExtensionsBenchmark.GetItems,DotNetTips.Spargine.Extensions.BenchmarkTests,EnumExtensionsBenchmark,GetItems,Job-SPYWVM,Default,True,Default,Default,Default,Default,Default,Default,Default,Default,Default,Default,Default,Default,Default,Default,Default,Default,Default,Default,Default,True,Default,Default,Default,Default,Default,.NET 6.0,Default,Default,Default,Default,Default,Default,Default,Default,Default,Default,Default,Default,Default,"Job-SPYWVM(EvaluateOverhead=True, Server=True, Toolchain=.NET 6.0)",,1,Workload,Pilot,16,463820200,524288,884.67,59,0,0,512
EnumExtensionsBenchmark.GetItems,DotNetTips.Spargine.Extensions.BenchmarkTests,EnumExtensionsBenchmark,GetItems,Job-SPYWVM,Default,True,Default,Default,Default,Default,Default,Default,Default,Default,Default,Default,Default,Default,Default,Default,Default,Default,Default,Default,Default,True,Default,Default,Default,Default,Default,.NET 6.0,Default,Default,Default,Default,Default,Default,Default,Default,Default,Default,Default,Default,Default,"Job-SPYWVM(EvaluateOverhead=True, Server=True, Toolchain=.NET 6.0)",,1,Workload,Pilot,17,910015900,1048576,867.86,59,0,0,512
EnumExtensionsBenchmark.GetItems,DotNetTips.Spargine.Extensions.BenchmarkTests,EnumExtensionsBenchmark,GetItems,Job-SPYWVM,Default,True,Default,Default,Default,Default,Default,Default,Default,Default,Default,Default,Default,Default,Default,Default,Default,Default,Default,Default,Default,True,Default,Default,Default,Default,Default,.NET 6.0,Default,Default,Default,Default,Default,Default,Default,Default,Default,Default,Default,Default,Default,"Job-SPYWVM(EvaluateOverhead=True, Server=True, Toolchain=.NET 6.0)",,1,Overhead,Warmup,1,2029100,1048576,1.94,59,0,0,512
EnumExtensionsBenchmark.GetItems,DotNetTips.Spargine.Extensions.BenchmarkTests,EnumExtensionsBenchmark,GetItems,Job-SPYWVM,Default,True,Default,Default,Default,Default,Default,Default,Default,Default,Default,Default,Default,Default,Default,Default,Default,Default,Default,Default,Default,True,Default,Default,Default,Default,Default,.NET 6.0,Default,Default,Default,Default,Default,Default,Default,Default,Default,Default,Default,Default,Default,"Job-SPYWVM(EvaluateOverhead=True, Server=True, Toolchain=.NET 6.0)",,1,Overhead,Warmup,2,2291100,1048576,2.18,59,0,0,512
EnumExtensionsBenchmark.GetItems,DotNetTips.Spargine.Extensions.BenchmarkTests,EnumExtensionsBenchmark,GetItems,Job-SPYWVM,Default,True,Default,Default,Default,Default,Default,Default,Default,Default,Default,Default,Default,Default,Default,Default,Default,Default,Default,Default,Default,True,Default,Default,Default,Default,Default,.NET 6.0,Default,Default,Default,Default,Default,Default,Default,Default,Default,Default,Default,Default,Default,"Job-SPYWVM(EvaluateOverhead=True, Server=True, Toolchain=.NET 6.0)",,1,Overhead,Warmup,3,2178600,1048576,2.08,59,0,0,512
EnumExtensionsBenchmark.GetItems,DotNetTips.Spargine.Extensions.BenchmarkTests,EnumExtensionsBenchmark,GetItems,Job-SPYWVM,Default,True,Default,Default,Default,Default,Default,Default,Default,Default,Default,Default,Default,Default,Default,Default,Default,Default,Default,Default,Default,True,Default,Default,Default,Default,Default,.NET 6.0,Default,Default,Default,Default,Default,Default,Default,Default,Default,Default,Default,Default,Default,"Job-SPYWVM(EvaluateOverhead=True, Server=True, Toolchain=.NET 6.0)",,1,Overhead,Warmup,4,2146700,1048576,2.05,59,0,0,512
EnumExtensionsBenchmark.GetItems,DotNetTips.Spargine.Extensions.BenchmarkTests,EnumExtensionsBenchmark,GetItems,Job-SPYWVM,Default,True,Default,Default,Default,Default,Default,Default,Default,Default,Default,Default,Default,Default,Default,Default,Default,Default,Default,Default,Default,True,Default,Default,Default,Default,Default,.NET 6.0,Default,Default,Default,Default,Default,Default,Default,Default,Default,Default,Default,Default,Default,"Job-SPYWVM(EvaluateOverhead=True, Server=True, Toolchain=.NET 6.0)",,1,Overhead,Warmup,5,2136500,1048576,2.04,59,0,0,512
EnumExtensionsBenchmark.GetItems,DotNetTips.Spargine.Extensions.BenchmarkTests,EnumExtensionsBenchmark,GetItems,Job-SPYWVM,Default,True,Default,Default,Default,Default,Default,Default,Default,Default,Default,Default,Default,Default,Default,Default,Default,Default,Default,Default,Default,True,Default,Default,Default,Default,Default,.NET 6.0,Default,Default,Default,Default,Default,Default,Default,Default,Default,Default,Default,Default,Default,"Job-SPYWVM(EvaluateOverhead=True, Server=True, Toolchain=.NET 6.0)",,1,Overhead,Warmup,6,2170100,1048576,2.07,59,0,0,512
EnumExtensionsBenchmark.GetItems,DotNetTips.Spargine.Extensions.BenchmarkTests,EnumExtensionsBenchmark,GetItems,Job-SPYWVM,Default,True,Default,Default,Default,Default,Default,Default,Default,Default,Default,Default,Default,Default,Default,Default,Default,Default,Default,Default,Default,True,Default,Default,Default,Default,Default,.NET 6.0,Default,Default,Default,Default,Default,Default,Default,Default,Default,Default,Default,Default,Default,"Job-SPYWVM(EvaluateOverhead=True, Server=True, Toolchain=.NET 6.0)",,1,Overhead,Warmup,7,2402400,1048576,2.29,59,0,0,512
EnumExtensionsBenchmark.GetItems,DotNetTips.Spargine.Extensions.BenchmarkTests,EnumExtensionsBenchmark,GetItems,Job-SPYWVM,Default,True,Default,Default,Default,Default,Default,Default,Default,Default,Default,Default,Default,Default,Default,Default,Default,Default,Default,Default,Default,True,Default,Default,Default,Default,Default,.NET 6.0,Default,Default,Default,Default,Default,Default,Default,Default,Default,Default,Default,Default,Default,"Job-SPYWVM(EvaluateOverhead=True, Server=True, Toolchain=.NET 6.0)",,1,Overhead,Warmup,8,2185900,1048576,2.08,59,0,0,512
EnumExtensionsBenchmark.GetItems,DotNetTips.Spargine.Extensions.BenchmarkTests,EnumExtensionsBenchmark,GetItems,Job-SPYWVM,Default,True,Default,Default,Default,Default,Default,Default,Default,Default,Default,Default,Default,Default,Default,Default,Default,Default,Default,Default,Default,True,Default,Default,Default,Default,Default,.NET 6.0,Default,Default,Default,Default,Default,Default,Default,Default,Default,Default,Default,Default,Default,"Job-SPYWVM(EvaluateOverhead=True, Server=True, Toolchain=.NET 6.0)",,1,Overhead,Actual,1,2134200,1048576,2.04,59,0,0,512
EnumExtensionsBenchmark.GetItems,DotNetTips.Spargine.Extensions.BenchmarkTests,EnumExtensionsBenchmark,GetItems,Job-SPYWVM,Default,True,Default,Default,Default,Default,Default,Default,Default,Default,Default,Default,Default,Default,Default,Default,Default,Default,Default,Default,Default,True,Default,Default,Default,Default,Default,.NET 6.0,Default,Default,Default,Default,Default,Default,Default,Default,Default,Default,Default,Default,Default,"Job-SPYWVM(EvaluateOverhead=True, Server=True, Toolchain=.NET 6.0)",,1,Overhead,Actual,2,2358900,1048576,2.25,59,0,0,512
EnumExtensionsBenchmark.GetItems,DotNetTips.Spargine.Extensions.BenchmarkTests,EnumExtensionsBenchmark,GetItems,Job-SPYWVM,Default,True,Default,Default,Default,Default,Default,Default,Default,Default,Default,Default,Default,Default,Default,Default,Default,Default,Default,Default,Default,True,Default,Default,Default,Default,Default,.NET 6.0,Default,Default,Default,Default,Default,Default,Default,Default,Default,Default,Default,Default,Default,"Job-SPYWVM(EvaluateOverhead=True, Server=True, Toolchain=.NET 6.0)",,1,Overhead,Actual,3,1932000,1048576,1.84,59,0,0,512
EnumExtensionsBenchmark.GetItems,DotNetTips.Spargine.Extensions.BenchmarkTests,EnumExtensionsBenchmark,GetItems,Job-SPYWVM,Default,True,Default,Default,Default,Default,Default,Default,Default,Default,Default,Default,Default,Default,Default,Default,Default,Default,Default,Default,Default,True,Default,Default,Default,Default,Default,.NET 6.0,Default,Default,Default,Default,Default,Default,Default,Default,Default,Default,Default,Default,Default,"Job-SPYWVM(EvaluateOverhead=True, Server=True, Toolchain=.NET 6.0)",,1,Overhead,Actual,4,1921300,1048576,1.83,59,0,0,512
EnumExtensionsBenchmark.GetItems,DotNetTips.Spargine.Extensions.BenchmarkTests,EnumExtensionsBenchmark,GetItems,Job-SPYWVM,Default,True,Default,Default,Default,Default,Default,Default,Default,Default,Default,Default,Default,Default,Default,Default,Default,Default,Default,Default,Default,True,Default,Default,Default,Default,Default,.NET 6.0,Default,Default,Default,Default,Default,Default,Default,Default,Default,Default,Default,Default,Default,"Job-SPYWVM(EvaluateOverhead=True, Server=True, Toolchain=.NET 6.0)",,1,Overhead,Actual,5,2302000,1048576,2.2,59,0,0,512
EnumExtensionsBenchmark.GetItems,DotNetTips.Spargine.Extensions.BenchmarkTests,EnumExtensionsBenchmark,GetItems,Job-SPYWVM,Default,True,Default,Default,Default,Default,Default,Default,Default,Default,Default,Default,Default,Default,Default,Default,Default,Default,Default,Default,Default,True,Default,Default,Default,Default,Default,.NET 6.0,Default,Default,Default,Default,Default,Default,Default,Default,Default,Default,Default,Default,Default,"Job-SPYWVM(EvaluateOverhead=True, Server=True, Toolchain=.NET 6.0)",,1,Overhead,Actual,6,1929400,1048576,1.84,59,0,0,512
EnumExtensionsBenchmark.GetItems,DotNetTips.Spargine.Extensions.BenchmarkTests,EnumExtensionsBenchmark,GetItems,Job-SPYWVM,Default,True,Default,Default,Default,Default,Default,Default,Default,Default,Default,Default,Default,Default,Default,Default,Default,Default,Default,Default,Default,True,Default,Default,Default,Default,Default,.NET 6.0,Default,Default,Default,Default,Default,Default,Default,Default,Default,Default,Default,Default,Default,"Job-SPYWVM(EvaluateOverhead=True, Server=True, Toolchain=.NET 6.0)",,1,Overhead,Actual,7,1940800,1048576,1.85,59,0,0,512
EnumExtensionsBenchmark.GetItems,DotNetTips.Spargine.Extensions.BenchmarkTests,EnumExtensionsBenchmark,GetItems,Job-SPYWVM,Default,True,Default,Default,Default,Default,Default,Default,Default,Default,Default,Default,Default,Default,Default,Default,Default,Default,Default,Default,Default,True,Default,Default,Default,Default,Default,.NET 6.0,Default,Default,Default,Default,Default,Default,Default,Default,Default,Default,Default,Default,Default,"Job-SPYWVM(EvaluateOverhead=True, Server=True, Toolchain=.NET 6.0)",,1,Overhead,Actual,8,1933200,1048576,1.84,59,0,0,512
EnumExtensionsBenchmark.GetItems,DotNetTips.Spargine.Extensions.BenchmarkTests,EnumExtensionsBenchmark,GetItems,Job-SPYWVM,Default,True,Default,Default,Default,Default,Default,Default,Default,Default,Default,Default,Default,Default,Default,Default,Default,Default,Default,Default,Default,True,Default,Default,Default,Default,Default,.NET 6.0,Default,Default,Default,Default,Default,Default,Default,Default,Default,Default,Default,Default,Default,"Job-SPYWVM(EvaluateOverhead=True, Server=True, Toolchain=.NET 6.0)",,1,Overhead,Actual,9,1957300,1048576,1.87,59,0,0,512
EnumExtensionsBenchmark.GetItems,DotNetTips.Spargine.Extensions.BenchmarkTests,EnumExtensionsBenchmark,GetItems,Job-SPYWVM,Default,True,Default,Default,Default,Default,Default,Default,Default,Default,Default,Default,Default,Default,Default,Default,Default,Default,Default,Default,Default,True,Default,Default,Default,Default,Default,.NET 6.0,Default,Default,Default,Default,Default,Default,Default,Default,Default,Default,Default,Default,Default,"Job-SPYWVM(EvaluateOverhead=True, Server=True, Toolchain=.NET 6.0)",,1,Overhead,Actual,10,2192300,1048576,2.09,59,0,0,512
EnumExtensionsBenchmark.GetItems,DotNetTips.Spargine.Extensions.BenchmarkTests,EnumExtensionsBenchmark,GetItems,Job-SPYWVM,Default,True,Default,Default,Default,Default,Default,Default,Default,Default,Default,Default,Default,Default,Default,Default,Default,Default,Default,Default,Default,True,Default,Default,Default,Default,Default,.NET 6.0,Default,Default,Default,Default,Default,Default,Default,Default,Default,Default,Default,Default,Default,"Job-SPYWVM(EvaluateOverhead=True, Server=True, Toolchain=.NET 6.0)",,1,Overhead,Actual,11,1997000,1048576,1.9,59,0,0,512
EnumExtensionsBenchmark.GetItems,DotNetTips.Spargine.Extensions.BenchmarkTests,EnumExtensionsBenchmark,GetItems,Job-SPYWVM,Default,True,Default,Default,Default,Default,Default,Default,Default,Default,Default,Default,Default,Default,Default,Default,Default,Default,Default,Default,Default,True,Default,Default,Default,Default,Default,.NET 6.0,Default,Default,Default,Default,Default,Default,Default,Default,Default,Default,Default,Default,Default,"Job-SPYWVM(EvaluateOverhead=True, Server=True, Toolchain=.NET 6.0)",,1,Overhead,Actual,12,1981500,1048576,1.89,59,0,0,512
EnumExtensionsBenchmark.GetItems,DotNetTips.Spargine.Extensions.BenchmarkTests,EnumExtensionsBenchmark,GetItems,Job-SPYWVM,Default,True,Default,Default,Default,Default,Default,Default,Default,Default,Default,Default,Default,Default,Default,Default,Default,Default,Default,Default,Default,True,Default,Default,Default,Default,Default,.NET 6.0,Default,Default,Default,Default,Default,Default,Default,Default,Default,Default,Default,Default,Default,"Job-SPYWVM(EvaluateOverhead=True, Server=True, Toolchain=.NET 6.0)",,1,Overhead,Actual,13,1959500,1048576,1.87,59,0,0,512
EnumExtensionsBenchmark.GetItems,DotNetTips.Spargine.Extensions.BenchmarkTests,EnumExtensionsBenchmark,GetItems,Job-SPYWVM,Default,True,Default,Default,Default,Default,Default,Default,Default,Default,Default,Default,Default,Default,Default,Default,Default,Default,Default,Default,Default,True,Default,Default,Default,Default,Default,.NET 6.0,Default,Default,Default,Default,Default,Default,Default,Default,Default,Default,Default,Default,Default,"Job-SPYWVM(EvaluateOverhead=True, Server=True, Toolchain=.NET 6.0)",,1,Overhead,Actual,14,2000800,1048576,1.91,59,0,0,512
EnumExtensionsBenchmark.GetItems,DotNetTips.Spargine.Extensions.BenchmarkTests,EnumExtensionsBenchmark,GetItems,Job-SPYWVM,Default,True,Default,Default,Default,Default,Default,Default,Default,Default,Default,Default,Default,Default,Default,Default,Default,Default,Default,Default,Default,True,Default,Default,Default,Default,Default,.NET 6.0,Default,Default,Default,Default,Default,Default,Default,Default,Default,Default,Default,Default,Default,"Job-SPYWVM(EvaluateOverhead=True, Server=True, Toolchain=.NET 6.0)",,1,Overhead,Actual,15,2259400,1048576,2.15,59,0,0,512
EnumExtensionsBenchmark.GetItems,DotNetTips.Spargine.Extensions.BenchmarkTests,EnumExtensionsBenchmark,GetItems,Job-SPYWVM,Default,True,Default,Default,Default,Default,Default,Default,Default,Default,Default,Default,Default,Default,Default,Default,Default,Default,Default,Default,Default,True,Default,Default,Default,Default,Default,.NET 6.0,Default,Default,Default,Default,Default,Default,Default,Default,Default,Default,Default,Default,Default,"Job-SPYWVM(EvaluateOverhead=True, Server=True, Toolchain=.NET 6.0)",,1,Overhead,Actual,16,2341500,1048576,2.23,59,0,0,512
EnumExtensionsBenchmark.GetItems,DotNetTips.Spargine.Extensions.BenchmarkTests,EnumExtensionsBenchmark,GetItems,Job-SPYWVM,Default,True,Default,Default,Default,Default,Default,Default,Default,Default,Default,Default,Default,Default,Default,Default,Default,Default,Default,Default,Default,True,Default,Default,Default,Default,Default,.NET 6.0,Default,Default,Default,Default,Default,Default,Default,Default,Default,Default,Default,Default,Default,"Job-SPYWVM(EvaluateOverhead=True, Server=True, Toolchain=.NET 6.0)",,1,Overhead,Actual,17,1967900,1048576,1.88,59,0,0,512
EnumExtensionsBenchmark.GetItems,DotNetTips.Spargine.Extensions.BenchmarkTests,EnumExtensionsBenchmark,GetItems,Job-SPYWVM,Default,True,Default,Default,Default,Default,Default,Default,Default,Default,Default,Default,Default,Default,Default,Default,Default,Default,Default,Default,Default,True,Default,Default,Default,Default,Default,.NET 6.0,Default,Default,Default,Default,Default,Default,Default,Default,Default,Default,Default,Default,Default,"Job-SPYWVM(EvaluateOverhead=True, Server=True, Toolchain=.NET 6.0)",,1,Overhead,Actual,18,1942100,1048576,1.85,59,0,0,512
EnumExtensionsBenchmark.GetItems,DotNetTips.Spargine.Extensions.BenchmarkTests,EnumExtensionsBenchmark,GetItems,Job-SPYWVM,Default,True,Default,Default,Default,Default,Default,Default,Default,Default,Default,Default,Default,Default,Default,Default,Default,Default,Default,Default,Default,True,Default,Default,Default,Default,Default,.NET 6.0,Default,Default,Default,Default,Default,Default,Default,Default,Default,Default,Default,Default,Default,"Job-SPYWVM(EvaluateOverhead=True, Server=True, Toolchain=.NET 6.0)",,1,Overhead,Actual,19,1950600,1048576,1.86,59,0,0,512
EnumExtensionsBenchmark.GetItems,DotNetTips.Spargine.Extensions.BenchmarkTests,EnumExtensionsBenchmark,GetItems,Job-SPYWVM,Default,True,Default,Default,Default,Default,Default,Default,Default,Default,Default,Default,Default,Default,Default,Default,Default,Default,Default,Default,Default,True,Default,Default,Default,Default,Default,.NET 6.0,Default,Default,Default,Default,Default,Default,Default,Default,Default,Default,Default,Default,Default,"Job-SPYWVM(EvaluateOverhead=True, Server=True, Toolchain=.NET 6.0)",,1,Overhead,Actual,20,2220000,1048576,2.12,59,0,0,512
EnumExtensionsBenchmark.GetItems,DotNetTips.Spargine.Extensions.BenchmarkTests,EnumExtensionsBenchmark,GetItems,Job-SPYWVM,Default,True,Default,Default,Default,Default,Default,Default,Default,Default,Default,Default,Default,Default,Default,Default,Default,Default,Default,Default,Default,True,Default,Default,Default,Default,Default,.NET 6.0,Default,Default,Default,Default,Default,Default,Default,Default,Default,Default,Default,Default,Default,"Job-SPYWVM(EvaluateOverhead=True, Server=True, Toolchain=.NET 6.0)",,1,Workload,Warmup,1,914517900,1048576,872.15,59,0,0,512
EnumExtensionsBenchmark.GetItems,DotNetTips.Spargine.Extensions.BenchmarkTests,EnumExtensionsBenchmark,GetItems,Job-SPYWVM,Default,True,Default,Default,Default,Default,Default,Default,Default,Default,Default,Default,Default,Default,Default,Default,Default,Default,Default,Default,Default,True,Default,Default,Default,Default,Default,.NET 6.0,Default,Default,Default,Default,Default,Default,Default,Default,Default,Default,Default,Default,Default,"Job-SPYWVM(EvaluateOverhead=True, Server=True, Toolchain=.NET 6.0)",,1,Workload,Warmup,2,897747100,1048576,856.16,59,0,0,512
EnumExtensionsBenchmark.GetItems,DotNetTips.Spargine.Extensions.BenchmarkTests,EnumExtensionsBenchmark,GetItems,Job-SPYWVM,Default,True,Default,Default,Default,Default,Default,Default,Default,Default,Default,Default,Default,Default,Default,Default,Default,Default,Default,Default,Default,True,Default,Default,Default,Default,Default,.NET 6.0,Default,Default,Default,Default,Default,Default,Default,Default,Default,Default,Default,Default,Default,"Job-SPYWVM(EvaluateOverhead=True, Server=True, Toolchain=.NET 6.0)",,1,Workload,Warmup,3,927607900,1048576,884.64,59,0,0,512
EnumExtensionsBenchmark.GetItems,DotNetTips.Spargine.Extensions.BenchmarkTests,EnumExtensionsBenchmark,GetItems,Job-SPYWVM,Default,True,Default,Default,Default,Default,Default,Default,Default,Default,Default,Default,Default,Default,Default,Default,Default,Default,Default,Default,Default,True,Default,Default,Default,Default,Default,.NET 6.0,Default,Default,Default,Default,Default,Default,Default,Default,Default,Default,Default,Default,Default,"Job-SPYWVM(EvaluateOverhead=True, Server=True, Toolchain=.NET 6.0)",,1,Workload,Warmup,4,912225200,1048576,869.97,59,0,0,512
EnumExtensionsBenchmark.GetItems,DotNetTips.Spargine.Extensions.BenchmarkTests,EnumExtensionsBenchmark,GetItems,Job-SPYWVM,Default,True,Default,Default,Default,Default,Default,Default,Default,Default,Default,Default,Default,Default,Default,Default,Default,Default,Default,Default,Default,True,Default,Default,Default,Default,Default,.NET 6.0,Default,Default,Default,Default,Default,Default,Default,Default,Default,Default,Default,Default,Default,"Job-SPYWVM(EvaluateOverhead=True, Server=True, Toolchain=.NET 6.0)",,1,Workload,Warmup,5,896554200,1048576,855.02,59,0,0,512
EnumExtensionsBenchmark.GetItems,DotNetTips.Spargine.Extensions.BenchmarkTests,EnumExtensionsBenchmark,GetItems,Job-SPYWVM,Default,True,Default,Default,Default,Default,Default,Default,Default,Default,Default,Default,Default,Default,Default,Default,Default,Default,Default,Default,Default,True,Default,Default,Default,Default,Default,.NET 6.0,Default,Default,Default,Default,Default,Default,Default,Default,Default,Default,Default,Default,Default,"Job-SPYWVM(EvaluateOverhead=True, Server=True, Toolchain=.NET 6.0)",,1,Workload,Warmup,6,914877300,1048576,872.49,59,0,0,512
EnumExtensionsBenchmark.GetItems,DotNetTips.Spargine.Extensions.BenchmarkTests,EnumExtensionsBenchmark,GetItems,Job-SPYWVM,Default,True,Default,Default,Default,Default,Default,Default,Default,Default,Default,Default,Default,Default,Default,Default,Default,Default,Default,Default,Default,True,Default,Default,Default,Default,Default,.NET 6.0,Default,Default,Default,Default,Default,Default,Default,Default,Default,Default,Default,Default,Default,"Job-SPYWVM(EvaluateOverhead=True, Server=True, Toolchain=.NET 6.0)",,1,Workload,Warmup,7,912013600,1048576,869.76,59,0,0,512
EnumExtensionsBenchmark.GetItems,DotNetTips.Spargine.Extensions.BenchmarkTests,EnumExtensionsBenchmark,GetItems,Job-SPYWVM,Default,True,Default,Default,Default,Default,Default,Default,Default,Default,Default,Default,Default,Default,Default,Default,Default,Default,Default,Default,Default,True,Default,Default,Default,Default,Default,.NET 6.0,Default,Default,Default,Default,Default,Default,Default,Default,Default,Default,Default,Default,Default,"Job-SPYWVM(EvaluateOverhead=True, Server=True, Toolchain=.NET 6.0)",,1,Workload,Actual,1,901727600,1048576,859.95,59,0,0,512
EnumExtensionsBenchmark.GetItems,DotNetTips.Spargine.Extensions.BenchmarkTests,EnumExtensionsBenchmark,GetItems,Job-SPYWVM,Default,True,Default,Default,Default,Default,Default,Default,Default,Default,Default,Default,Default,Default,Default,Default,Default,Default,Default,Default,Default,True,Default,Default,Default,Default,Default,.NET 6.0,Default,Default,Default,Default,Default,Default,Default,Default,Default,Default,Default,Default,Default,"Job-SPYWVM(EvaluateOverhead=True, Server=True, Toolchain=.NET 6.0)",,1,Workload,Actual,2,937023900,1048576,893.62,59,0,0,512
EnumExtensionsBenchmark.GetItems,DotNetTips.Spargine.Extensions.BenchmarkTests,EnumExtensionsBenchmark,GetItems,Job-SPYWVM,Default,True,Default,Default,Default,Default,Default,Default,Default,Default,Default,Default,Default,Default,Default,Default,Default,Default,Default,Default,Default,True,Default,Default,Default,Default,Default,.NET 6.0,Default,Default,Default,Default,Default,Default,Default,Default,Default,Default,Default,Default,Default,"Job-SPYWVM(EvaluateOverhead=True, Server=True, Toolchain=.NET 6.0)",,1,Workload,Actual,3,905519300,1048576,863.57,59,0,0,512
EnumExtensionsBenchmark.GetItems,DotNetTips.Spargine.Extensions.BenchmarkTests,EnumExtensionsBenchmark,GetItems,Job-SPYWVM,Default,True,Default,Default,Default,Default,Default,Default,Default,Default,Default,Default,Default,Default,Default,Default,Default,Default,Default,Default,Default,True,Default,Default,Default,Default,Default,.NET 6.0,Default,Default,Default,Default,Default,Default,Default,Default,Default,Default,Default,Default,Default,"Job-SPYWVM(EvaluateOverhead=True, Server=True, Toolchain=.NET 6.0)",,1,Workload,Actual,4,895825000,1048576,854.33,59,0,0,512
EnumExtensionsBenchmark.GetItems,DotNetTips.Spargine.Extensions.BenchmarkTests,EnumExtensionsBenchmark,GetItems,Job-SPYWVM,Default,True,Default,Default,Default,Default,Default,Default,Default,Default,Default,Default,Default,Default,Default,Default,Default,Default,Default,Default,Default,True,Default,Default,Default,Default,Default,.NET 6.0,Default,Default,Default,Default,Default,Default,Default,Default,Default,Default,Default,Default,Default,"Job-SPYWVM(EvaluateOverhead=True, Server=True, Toolchain=.NET 6.0)",,1,Workload,Actual,5,909461300,1048576,867.33,59,0,0,512
EnumExtensionsBenchmark.GetItems,DotNetTips.Spargine.Extensions.BenchmarkTests,EnumExtensionsBenchmark,GetItems,Job-SPYWVM,Default,True,Default,Default,Default,Default,Default,Default,Default,Default,Default,Default,Default,Default,Default,Default,Default,Default,Default,Default,Default,True,Default,Default,Default,Default,Default,.NET 6.0,Default,Default,Default,Default,Default,Default,Default,Default,Default,Default,Default,Default,Default,"Job-SPYWVM(EvaluateOverhead=True, Server=True, Toolchain=.NET 6.0)",,1,Workload,Actual,6,890120700,1048576,848.89,59,0,0,512
EnumExtensionsBenchmark.GetItems,DotNetTips.Spargine.Extensions.BenchmarkTests,EnumExtensionsBenchmark,GetItems,Job-SPYWVM,Default,True,Default,Default,Default,Default,Default,Default,Default,Default,Default,Default,Default,Default,Default,Default,Default,Default,Default,Default,Default,True,Default,Default,Default,Default,Default,.NET 6.0,Default,Default,Default,Default,Default,Default,Default,Default,Default,Default,Default,Default,Default,"Job-SPYWVM(EvaluateOverhead=True, Server=True, Toolchain=.NET 6.0)",,1,Workload,Actual,7,906742100,1048576,864.74,59,0,0,512
EnumExtensionsBenchmark.GetItems,DotNetTips.Spargine.Extensions.BenchmarkTests,EnumExtensionsBenchmark,GetItems,Job-SPYWVM,Default,True,Default,Default,Default,Default,Default,Default,Default,Default,Default,Default,Default,Default,Default,Default,Default,Default,Default,Default,Default,True,Default,Default,Default,Default,Default,.NET 6.0,Default,Default,Default,Default,Default,Default,Default,Default,Default,Default,Default,Default,Default,"Job-SPYWVM(EvaluateOverhead=True, Server=True, Toolchain=.NET 6.0)",,1,Workload,Actual,8,894361600,1048576,852.93,59,0,0,512
EnumExtensionsBenchmark.GetItems,DotNetTips.Spargine.Extensions.BenchmarkTests,EnumExtensionsBenchmark,GetItems,Job-SPYWVM,Default,True,Default,Default,Default,Default,Default,Default,Default,Default,Default,Default,Default,Default,Default,Default,Default,Default,Default,Default,Default,True,Default,Default,Default,Default,Default,.NET 6.0,Default,Default,Default,Default,Default,Default,Default,Default,Default,Default,Default,Default,Default,"Job-SPYWVM(EvaluateOverhead=True, Server=True, Toolchain=.NET 6.0)",,1,Workload,Actual,9,894539400,1048576,853.1,59,0,0,512
EnumExtensionsBenchmark.GetItems,DotNetTips.Spargine.Extensions.BenchmarkTests,EnumExtensionsBenchmark,GetItems,Job-SPYWVM,Default,True,Default,Default,Default,Default,Default,Default,Default,Default,Default,Default,Default,Default,Default,Default,Default,Default,Default,Default,Default,True,Default,Default,Default,Default,Default,.NET 6.0,Default,Default,Default,Default,Default,Default,Default,Default,Default,Default,Default,Default,Default,"Job-SPYWVM(EvaluateOverhead=True, Server=True, Toolchain=.NET 6.0)",,1,Workload,Actual,10,894078100,1048576,852.66,59,0,0,512
EnumExtensionsBenchmark.GetItems,DotNetTips.Spargine.Extensions.BenchmarkTests,EnumExtensionsBenchmark,GetItems,Job-SPYWVM,Default,True,Default,Default,Default,Default,Default,Default,Default,Default,Default,Default,Default,Default,Default,Default,Default,Default,Default,Default,Default,True,Default,Default,Default,Default,Default,.NET 6.0,Default,Default,Default,Default,Default,Default,Default,Default,Default,Default,Default,Default,Default,"Job-SPYWVM(EvaluateOverhead=True, Server=True, Toolchain=.NET 6.0)",,1,Workload,Actual,11,905203700,1048576,863.27,59,0,0,512
EnumExtensionsBenchmark.GetItems,DotNetTips.Spargine.Extensions.BenchmarkTests,EnumExtensionsBenchmark,GetItems,Job-SPYWVM,Default,True,Default,Default,Default,Default,Default,Default,Default,Default,Default,Default,Default,Default,Default,Default,Default,Default,Default,Default,Default,True,Default,Default,Default,Default,Default,.NET 6.0,Default,Default,Default,Default,Default,Default,Default,Default,Default,Default,Default,Default,Default,"Job-SPYWVM(EvaluateOverhead=True, Server=True, Toolchain=.NET 6.0)",,1,Workload,Actual,12,920866200,1048576,878.21,59,0,0,512
EnumExtensionsBenchmark.GetItems,DotNetTips.Spargine.Extensions.BenchmarkTests,EnumExtensionsBenchmark,GetItems,Job-SPYWVM,Default,True,Default,Default,Default,Default,Default,Default,Default,Default,Default,Default,Default,Default,Default,Default,Default,Default,Default,Default,Default,True,Default,Default,Default,Default,Default,.NET 6.0,Default,Default,Default,Default,Default,Default,Default,Default,Default,Default,Default,Default,Default,"Job-SPYWVM(EvaluateOverhead=True, Server=True, Toolchain=.NET 6.0)",,1,Workload,Actual,13,897547000,1048576,855.97,59,0,0,512
EnumExtensionsBenchmark.GetItems,DotNetTips.Spargine.Extensions.BenchmarkTests,EnumExtensionsBenchmark,GetItems,Job-SPYWVM,Default,True,Default,Default,Default,Default,Default,Default,Default,Default,Default,Default,Default,Default,Default,Default,Default,Default,Default,Default,Default,True,Default,Default,Default,Default,Default,.NET 6.0,Default,Default,Default,Default,Default,Default,Default,Default,Default,Default,Default,Default,Default,"Job-SPYWVM(EvaluateOverhead=True, Server=True, Toolchain=.NET 6.0)",,1,Workload,Actual,14,889878300,1048576,848.65,59,0,0,512
EnumExtensionsBenchmark.GetItems,DotNetTips.Spargine.Extensions.BenchmarkTests,EnumExtensionsBenchmark,GetItems,Job-SPYWVM,Default,True,Default,Default,Default,Default,Default,Default,Default,Default,Default,Default,Default,Default,Default,Default,Default,Default,Default,Default,Default,True,Default,Default,Default,Default,Default,.NET 6.0,Default,Default,Default,Default,Default,Default,Default,Default,Default,Default,Default,Default,Default,"Job-SPYWVM(EvaluateOverhead=True, Server=True, Toolchain=.NET 6.0)",,1,Workload,Actual,15,885455900,1048576,844.44,59,0,0,512
EnumExtensionsBenchmark.GetItems,DotNetTips.Spargine.Extensions.BenchmarkTests,EnumExtensionsBenchmark,GetItems,Job-SPYWVM,Default,True,Default,Default,Default,Default,Default,Default,Default,Default,Default,Default,Default,Default,Default,Default,Default,Default,Default,Default,Default,True,Default,Default,Default,Default,Default,.NET 6.0,Default,Default,Default,Default,Default,Default,Default,Default,Default,Default,Default,Default,Default,"Job-SPYWVM(EvaluateOverhead=True, Server=True, Toolchain=.NET 6.0)",,1,Workload,Result,1,899752900,1048576,858.07,59,0,0,512
EnumExtensionsBenchmark.GetItems,DotNetTips.Spargine.Extensions.BenchmarkTests,EnumExtensionsBenchmark,GetItems,Job-SPYWVM,Default,True,Default,Default,Default,Default,Default,Default,Default,Default,Default,Default,Default,Default,Default,Default,Default,Default,Default,Default,Default,True,Default,Default,Default,Default,Default,.NET 6.0,Default,Default,Default,Default,Default,Default,Default,Default,Default,Default,Default,Default,Default,"Job-SPYWVM(EvaluateOverhead=True, Server=True, Toolchain=.NET 6.0)",,1,Workload,Result,2,903544600,1048576,861.69,59,0,0,512
EnumExtensionsBenchmark.GetItems,DotNetTips.Spargine.Extensions.BenchmarkTests,EnumExtensionsBenchmark,GetItems,Job-SPYWVM,Default,True,Default,Default,Default,Default,Default,Default,Default,Default,Default,Default,Default,Default,Default,Default,Default,Default,Default,Default,Default,True,Default,Default,Default,Default,Default,.NET 6.0,Default,Default,Default,Default,Default,Default,Default,Default,Default,Default,Default,Default,Default,"Job-SPYWVM(EvaluateOverhead=True, Server=True, Toolchain=.NET 6.0)",,1,Workload,Result,3,893850300,1048576,852.44,59,0,0,512
EnumExtensionsBenchmark.GetItems,DotNetTips.Spargine.Extensions.BenchmarkTests,EnumExtensionsBenchmark,GetItems,Job-SPYWVM,Default,True,Default,Default,Default,Default,Default,Default,Default,Default,Default,Default,Default,Default,Default,Default,Default,Default,Default,Default,Default,True,Default,Default,Default,Default,Default,.NET 6.0,Default,Default,Default,Default,Default,Default,Default,Default,Default,Default,Default,Default,Default,"Job-SPYWVM(EvaluateOverhead=True, Server=True, Toolchain=.NET 6.0)",,1,Workload,Result,4,907486600,1048576,865.45,59,0,0,512
EnumExtensionsBenchmark.GetItems,DotNetTips.Spargine.Extensions.BenchmarkTests,EnumExtensionsBenchmark,GetItems,Job-SPYWVM,Default,True,Default,Default,Default,Default,Default,Default,Default,Default,Default,Default,Default,Default,Default,Default,Default,Default,Default,Default,Default,True,Default,Default,Default,Default,Default,.NET 6.0,Default,Default,Default,Default,Default,Default,Default,Default,Default,Default,Default,Default,Default,"Job-SPYWVM(EvaluateOverhead=True, Server=True, Toolchain=.NET 6.0)",,1,Workload,Result,5,888146000,1048576,847,59,0,0,512
EnumExtensionsBenchmark.GetItems,DotNetTips.Spargine.Extensions.BenchmarkTests,EnumExtensionsBenchmark,GetItems,Job-SPYWVM,Default,True,Default,Default,Default,Default,Default,Default,Default,Default,Default,Default,Default,Default,Default,Default,Default,Default,Default,Default,Default,True,Default,Default,Default,Default,Default,.NET 6.0,Default,Default,Default,Default,Default,Default,Default,Default,Default,Default,Default,Default,Default,"Job-SPYWVM(EvaluateOverhead=True, Server=True, Toolchain=.NET 6.0)",,1,Workload,Result,6,904767400,1048576,862.85,59,0,0,512
EnumExtensionsBenchmark.GetItems,DotNetTips.Spargine.Extensions.BenchmarkTests,EnumExtensionsBenchmark,GetItems,Job-SPYWVM,Default,True,Default,Default,Default,Default,Default,Default,Default,Default,Default,Default,Default,Default,Default,Default,Default,Default,Default,Default,Default,True,Default,Default,Default,Default,Default,.NET 6.0,Default,Default,Default,Default,Default,Default,Default,Default,Default,Default,Default,Default,Default,"Job-SPYWVM(EvaluateOverhead=True, Server=True, Toolchain=.NET 6.0)",,1,Workload,Result,7,892386900,1048576,851.05,59,0,0,512
EnumExtensionsBenchmark.GetItems,DotNetTips.Spargine.Extensions.BenchmarkTests,EnumExtensionsBenchmark,GetItems,Job-SPYWVM,Default,True,Default,Default,Default,Default,Default,Default,Default,Default,Default,Default,Default,Default,Default,Default,Default,Default,Default,Default,Default,True,Default,Default,Default,Default,Default,.NET 6.0,Default,Default,Default,Default,Default,Default,Default,Default,Default,Default,Default,Default,Default,"Job-SPYWVM(EvaluateOverhead=True, Server=True, Toolchain=.NET 6.0)",,1,Workload,Result,8,892564700,1048576,851.22,59,0,0,512
EnumExtensionsBenchmark.GetItems,DotNetTips.Spargine.Extensions.BenchmarkTests,EnumExtensionsBenchmark,GetItems,Job-SPYWVM,Default,True,Default,Default,Default,Default,Default,Default,Default,Default,Default,Default,Default,Default,Default,Default,Default,Default,Default,Default,Default,True,Default,Default,Default,Default,Default,.NET 6.0,Default,Default,Default,Default,Default,Default,Default,Default,Default,Default,Default,Default,Default,"Job-SPYWVM(EvaluateOverhead=True, Server=True, Toolchain=.NET 6.0)",,1,Workload,Result,9,892103400,1048576,850.78,59,0,0,512
EnumExtensionsBenchmark.GetItems,DotNetTips.Spargine.Extensions.BenchmarkTests,EnumExtensionsBenchmark,GetItems,Job-SPYWVM,Default,True,Default,Default,Default,Default,Default,Default,Default,Default,Default,Default,Default,Default,Default,Default,Default,Default,Default,Default,Default,True,Default,Default,Default,Default,Default,.NET 6.0,Default,Default,Default,Default,Default,Default,Default,Default,Default,Default,Default,Default,Default,"Job-SPYWVM(EvaluateOverhead=True, Server=True, Toolchain=.NET 6.0)",,1,Workload,Result,10,903229000,1048576,861.39,59,0,0,512
EnumExtensionsBenchmark.GetItems,DotNetTips.Spargine.Extensions.BenchmarkTests,EnumExtensionsBenchmark,GetItems,Job-SPYWVM,Default,True,Default,Default,Default,Default,Default,Default,Default,Default,Default,Default,Default,Default,Default,Default,Default,Default,Default,Default,Default,True,Default,Default,Default,Default,Default,.NET 6.0,Default,Default,Default,Default,Default,Default,Default,Default,Default,Default,Default,Default,Default,"Job-SPYWVM(EvaluateOverhead=True, Server=True, Toolchain=.NET 6.0)",,1,Workload,Result,11,918891500,1048576,876.32,59,0,0,512
EnumExtensionsBenchmark.GetItems,DotNetTips.Spargine.Extensions.BenchmarkTests,EnumExtensionsBenchmark,GetItems,Job-SPYWVM,Default,True,Default,Default,Default,Default,Default,Default,Default,Default,Default,Default,Default,Default,Default,Default,Default,Default,Default,Default,Default,True,Default,Default,Default,Default,Default,.NET 6.0,Default,Default,Default,Default,Default,Default,Default,Default,Default,Default,Default,Default,Default,"Job-SPYWVM(EvaluateOverhead=True, Server=True, Toolchain=.NET 6.0)",,1,Workload,Result,12,895572300,1048576,854.08,59,0,0,512
EnumExtensionsBenchmark.GetItems,DotNetTips.Spargine.Extensions.BenchmarkTests,EnumExtensionsBenchmark,GetItems,Job-SPYWVM,Default,True,Default,Default,Default,Default,Default,Default,Default,Default,Default,Default,Default,Default,Default,Default,Default,Default,Default,Default,Default,True,Default,Default,Default,Default,Default,.NET 6.0,Default,Default,Default,Default,Default,Default,Default,Default,Default,Default,Default,Default,Default,"Job-SPYWVM(EvaluateOverhead=True, Server=True, Toolchain=.NET 6.0)",,1,Workload,Result,13,887903600,1048576,846.77,59,0,0,512
EnumExtensionsBenchmark.GetItems,DotNetTips.Spargine.Extensions.BenchmarkTests,EnumExtensionsBenchmark,GetItems,Job-SPYWVM,Default,True,Default,Default,Default,Default,Default,Default,Default,Default,Default,Default,Default,Default,Default,Default,Default,Default,Default,Default,Default,True,Default,Default,Default,Default,Default,.NET 6.0,Default,Default,Default,Default,Default,Default,Default,Default,Default,Default,Default,Default,Default,"Job-SPYWVM(EvaluateOverhead=True, Server=True, Toolchain=.NET 6.0)",,1,Workload,Result,14,883481200,1048576,842.55,59,0,0,512
