Method,Job,AnalyzeLaunchVariance,EvaluateOverhead,MaxAbsoluteError,MaxRelativeError,MinInvokeCount,MinIterationTime,OutlierMode,Affinity,EnvironmentVariables,Jit,Platform,PowerPlanMode,Runtime,AllowVeryLargeObjects,Concurrent,CpuGroups,Force,HeapAffinitizeMask,HeapCount,NoAffinitize,RetainVm,Server,Arguments,BuildConfiguration,Clock,EngineFactory,NuGetReferences,Toolchain,IsMutator,InvocationCount,IterationCount,IterationTime,LaunchCount,MaxIterationCount,MaxWarmupIterationCount,MemoryRandomization,MinIterationCount,MinWarmupIterationCount,RunStrategy,UnrollFactor,WarmupCount,Namespace,Categories,Count,Mean,Error,StdDev,StdErr,Min,Q1,Median,Q3,Max,Op/s,CI99.9% Margin,Iterations,Kurtosis,MValue,Skewness,Rank,LogicalGroup,Baseline,Code Size,Gen 0,Gen 1,Allocated
'Write & Listen Async',Job-XJCAYH,False,True,Default,Default,Default,Default,Default,1111,Empty,RyuJit,X64,8c5e7fda-e8bf-4a96-9a85-a6e23a8c635c,.NET 6.0,False,True,False,True,Default,Default,False,False,True,Default,Default,Default,Default,Default,.NET 6.0,Default,1,Default,Default,Default,Default,Default,Default,Default,Default,Default,16,Default,DotNetTips.Spargine.Core.BenchmarkTests.Collections.Threading,Async,10,"45,682.7 ns",396.63 ns,371.01 ns,95.79 ns,"44,699.0 ns","45,593.9 ns","45,746.7 ns","45,877.6 ns","46,160.9 ns","21,890.11",396.63 ns,15.00,3.894,2.000,-1.0678,21,*,No,3 KB,0.3662,-,3 KB
'Write & Listen Async',Job-XJCAYH,False,True,Default,Default,Default,Default,Default,1111,Empty,RyuJit,X64,8c5e7fda-e8bf-4a96-9a85-a6e23a8c635c,.NET 6.0,False,True,False,True,Default,Default,False,False,True,Default,Default,Default,Default,Default,.NET 6.0,Default,1,Default,Default,Default,Default,Default,Default,Default,Default,Default,16,Default,DotNetTips.Spargine.Core.BenchmarkTests.Collections.Threading,Async,25,"112,990.4 ns",758.62 ns,672.50 ns,179.73 ns,"111,845.7 ns","112,651.1 ns","112,999.7 ns","113,357.3 ns","114,092.2 ns","8,850.31",758.62 ns,14.00,1.986,2.000,-0.1167,26,*,No,3 KB,0.4883,-,5 KB
'Write & Listen Async',Job-XJCAYH,False,True,Default,Default,Default,Default,Default,1111,Empty,RyuJit,X64,8c5e7fda-e8bf-4a96-9a85-a6e23a8c635c,.NET 6.0,False,True,False,True,Default,Default,False,False,True,Default,Default,Default,Default,Default,.NET 6.0,Default,1,Default,Default,Default,Default,Default,Default,Default,Default,Default,16,Default,DotNetTips.Spargine.Core.BenchmarkTests.Collections.Threading,Async,50,"220,981.6 ns","1,335.54 ns","1,183.92 ns",316.42 ns,"218,668.8 ns","220,311.4 ns","221,141.6 ns","221,667.1 ns","222,860.1 ns","4,525.26","1,335.54 ns",14.00,2.015,2.000,-0.2200,31,*,No,3 KB,0.9766,-,10 KB
'Write & Listen Async',Job-XJCAYH,False,True,Default,Default,Default,Default,Default,1111,Empty,RyuJit,X64,8c5e7fda-e8bf-4a96-9a85-a6e23a8c635c,.NET 6.0,False,True,False,True,Default,Default,False,False,True,Default,Default,Default,Default,Default,.NET 6.0,Default,1,Default,Default,Default,Default,Default,Default,Default,Default,Default,16,Default,DotNetTips.Spargine.Core.BenchmarkTests.Collections.Threading,Async,100,"442,694.2 ns","3,977.88 ns","3,526.29 ns",942.44 ns,"436,599.9 ns","440,033.3 ns","443,285.7 ns","444,783.4 ns","450,207.5 ns","2,258.90","3,977.88 ns",14.00,2.444,2.000,0.1868,33,*,No,3 KB,1.9531,-,19 KB
'Write & Listen Async',Job-XJCAYH,False,True,Default,Default,Default,Default,Default,1111,Empty,RyuJit,X64,8c5e7fda-e8bf-4a96-9a85-a6e23a8c635c,.NET 6.0,False,True,False,True,Default,Default,False,False,True,Default,Default,Default,Default,Default,.NET 6.0,Default,1,Default,Default,Default,Default,Default,Default,Default,Default,Default,16,Default,DotNetTips.Spargine.Core.BenchmarkTests.Collections.Threading,Async,250,"1,117,622.0 ns","10,602.71 ns","9,917.78 ns","2,560.76 ns","1,096,934.0 ns","1,115,301.2 ns","1,118,128.7 ns","1,124,264.5 ns","1,132,978.7 ns",894.76,"10,602.71 ns",15.00,2.406,2.000,-0.6408,35,*,No,3 KB,3.9063,-,44 KB
'Write & Listen Async',Job-XJCAYH,False,True,Default,Default,Default,Default,Default,1111,Empty,RyuJit,X64,8c5e7fda-e8bf-4a96-9a85-a6e23a8c635c,.NET 6.0,False,True,False,True,Default,Default,False,False,True,Default,Default,Default,Default,Default,.NET 6.0,Default,1,Default,Default,Default,Default,Default,Default,Default,Default,Default,16,Default,DotNetTips.Spargine.Core.BenchmarkTests.Collections.Threading,Async,500,"2,246,646.7 ns","21,825.96 ns","20,416.02 ns","5,271.39 ns","2,208,537.1 ns","2,245,046.7 ns","2,254,466.0 ns","2,256,561.3 ns","2,273,747.3 ns",445.11,"21,825.96 ns",15.00,2.406,2.000,-0.9113,36,*,No,3 KB,7.8125,-,86 KB
'Write & Listen Async',Job-XJCAYH,False,True,Default,Default,Default,Default,Default,1111,Empty,RyuJit,X64,8c5e7fda-e8bf-4a96-9a85-a6e23a8c635c,.NET 6.0,False,True,False,True,Default,Default,False,False,True,Default,Default,Default,Default,Default,.NET 6.0,Default,1,Default,Default,Default,Default,Default,Default,Default,Default,Default,16,Default,DotNetTips.Spargine.Core.BenchmarkTests.Collections.Threading,Async,1000,"4,546,347.1 ns","42,649.78 ns","39,894.63 ns","10,300.75 ns","4,492,307.8 ns","4,518,044.9 ns","4,536,777.3 ns","4,585,220.3 ns","4,598,200.0 ns",219.96,"42,649.78 ns",15.00,1.298,2.000,0.0247,37,*,No,3 KB,15.6250,-,171 KB
'Write & Listen Async',Job-XJCAYH,False,True,Default,Default,Default,Default,Default,1111,Empty,RyuJit,X64,8c5e7fda-e8bf-4a96-9a85-a6e23a8c635c,.NET 6.0,False,True,False,True,Default,Default,False,False,True,Default,Default,Default,Default,Default,.NET 6.0,Default,1,Default,Default,Default,Default,Default,Default,Default,Default,Default,16,Default,DotNetTips.Spargine.Core.BenchmarkTests.Collections.Threading,Async,2500,"11,762,626.1 ns","66,721.34 ns","62,411.18 ns","16,114.50 ns","11,605,837.5 ns","11,735,352.3 ns","11,760,179.7 ns","11,789,073.4 ns","11,858,343.8 ns",85.02,"66,721.34 ns",15.00,3.403,2.000,-0.6387,38,*,No,3 KB,46.8750,-,407 KB
'Write & Read Async: IEnumerable',Job-XJCAYH,False,True,Default,Default,Default,Default,Default,1111,Empty,RyuJit,X64,8c5e7fda-e8bf-4a96-9a85-a6e23a8c635c,.NET 6.0,False,True,False,True,Default,Default,False,False,True,Default,Default,Default,Default,Default,.NET 6.0,Default,1,Default,Default,Default,Default,Default,Default,Default,Default,Default,16,Default,DotNetTips.Spargine.Core.BenchmarkTests.Collections.Threading,Async,10,"1,908.3 ns",29.89 ns,26.50 ns,7.08 ns,"1,876.1 ns","1,891.0 ns","1,899.8 ns","1,922.9 ns","1,963.9 ns","524,015.00",29.89 ns,14.00,2.155,2.000,0.6394,4,*,No,0 KB,0.2327,-,2 KB
'Write & Read Async: IEnumerable',Job-XJCAYH,False,True,Default,Default,Default,Default,Default,1111,Empty,RyuJit,X64,8c5e7fda-e8bf-4a96-9a85-a6e23a8c635c,.NET 6.0,False,True,False,True,Default,Default,False,False,True,Default,Default,Default,Default,Default,.NET 6.0,Default,1,Default,Default,Default,Default,Default,Default,Default,Default,Default,16,Default,DotNetTips.Spargine.Core.BenchmarkTests.Collections.Threading,Async,25,"4,177.7 ns",78.64 ns,73.56 ns,18.99 ns,"4,095.3 ns","4,118.0 ns","4,157.0 ns","4,203.0 ns","4,317.0 ns","239,368.82",78.64 ns,15.00,2.105,2.000,0.7337,8,*,No,0 KB,0.3433,-,3 KB
'Write & Read Async: IEnumerable',Job-XJCAYH,False,True,Default,Default,Default,Default,Default,1111,Empty,RyuJit,X64,8c5e7fda-e8bf-4a96-9a85-a6e23a8c635c,.NET 6.0,False,True,False,True,Default,Default,False,False,True,Default,Default,Default,Default,Default,.NET 6.0,Default,1,Default,Default,Default,Default,Default,Default,Default,Default,Default,16,Default,DotNetTips.Spargine.Core.BenchmarkTests.Collections.Threading,Async,50,"8,251.6 ns",81.68 ns,72.41 ns,19.35 ns,"8,136.2 ns","8,209.4 ns","8,247.6 ns","8,281.5 ns","8,405.9 ns","121,188.00",81.68 ns,14.00,2.449,2.000,0.4758,12,*,No,0 KB,0.6866,-,6 KB
'Write & Read Async: IEnumerable',Job-XJCAYH,False,True,Default,Default,Default,Default,Default,1111,Empty,RyuJit,X64,8c5e7fda-e8bf-4a96-9a85-a6e23a8c635c,.NET 6.0,False,True,False,True,Default,Default,False,False,True,Default,Default,Default,Default,Default,.NET 6.0,Default,1,Default,Default,Default,Default,Default,Default,Default,Default,Default,16,Default,DotNetTips.Spargine.Core.BenchmarkTests.Collections.Threading,Async,100,"17,021.9 ns",247.31 ns,219.23 ns,58.59 ns,"16,562.5 ns","16,894.0 ns","16,998.9 ns","17,192.4 ns","17,347.6 ns","58,747.93",247.31 ns,14.00,2.227,2.000,-0.2454,15,*,No,0 KB,1.3123,-,12 KB
'Write & Read Async: IEnumerable',Job-XJCAYH,False,True,Default,Default,Default,Default,Default,1111,Empty,RyuJit,X64,8c5e7fda-e8bf-4a96-9a85-a6e23a8c635c,.NET 6.0,False,True,False,True,Default,Default,False,False,True,Default,Default,Default,Default,Default,.NET 6.0,Default,1,Default,Default,Default,Default,Default,Default,Default,Default,Default,16,Default,DotNetTips.Spargine.Core.BenchmarkTests.Collections.Threading,Async,250,"41,879.6 ns",304.16 ns,269.63 ns,72.06 ns,"41,300.5 ns","41,743.1 ns","41,935.8 ns","42,053.1 ns","42,251.5 ns","23,877.97",304.16 ns,14.00,2.287,2.000,-0.5643,20,*,No,0 KB,2.9297,-,27 KB
'Write & Read Async: IEnumerable',Job-XJCAYH,False,True,Default,Default,Default,Default,Default,1111,Empty,RyuJit,X64,8c5e7fda-e8bf-4a96-9a85-a6e23a8c635c,.NET 6.0,False,True,False,True,Default,Default,False,False,True,Default,Default,Default,Default,Default,.NET 6.0,Default,1,Default,Default,Default,Default,Default,Default,Default,Default,Default,16,Default,DotNetTips.Spargine.Core.BenchmarkTests.Collections.Threading,Async,500,"85,350.0 ns","1,335.53 ns","1,249.26 ns",322.56 ns,"82,887.2 ns","84,464.5 ns","85,839.7 ns","86,410.3 ns","86,976.6 ns","11,716.46","1,335.53 ns",15.00,1.959,2.000,-0.5853,24,*,No,0 KB,5.7373,0.1221,53 KB
'Write & Read Async: IEnumerable',Job-XJCAYH,False,True,Default,Default,Default,Default,Default,1111,Empty,RyuJit,X64,8c5e7fda-e8bf-4a96-9a85-a6e23a8c635c,.NET 6.0,False,True,False,True,Default,Default,False,False,True,Default,Default,Default,Default,Default,.NET 6.0,Default,1,Default,Default,Default,Default,Default,Default,Default,Default,Default,16,Default,DotNetTips.Spargine.Core.BenchmarkTests.Collections.Threading,Async,1000,"168,558.1 ns","2,506.95 ns","2,345.00 ns",605.48 ns,"164,135.6 ns","166,978.0 ns","168,982.7 ns","170,120.5 ns","172,541.9 ns","5,932.67","2,506.95 ns",15.00,2.168,2.000,-0.4154,28,*,No,0 KB,12.2070,0.2441,104 KB
'Write & Read Async: IEnumerable',Job-XJCAYH,False,True,Default,Default,Default,Default,Default,1111,Empty,RyuJit,X64,8c5e7fda-e8bf-4a96-9a85-a6e23a8c635c,.NET 6.0,False,True,False,True,Default,Default,False,False,True,Default,Default,Default,Default,Default,.NET 6.0,Default,1,Default,Default,Default,Default,Default,Default,Default,Default,Default,16,Default,DotNetTips.Spargine.Core.BenchmarkTests.Collections.Threading,Async,2500,"420,761.7 ns","4,519.02 ns","4,227.09 ns","1,091.43 ns","413,940.8 ns","417,617.1 ns","420,531.2 ns","424,513.4 ns","427,520.5 ns","2,376.64","4,519.02 ns",15.00,1.611,2.000,0.2292,32,*,No,0 KB,27.3438,2.4414,242 KB
'Write & Read Async',Job-XJCAYH,False,True,Default,Default,Default,Default,Default,1111,Empty,RyuJit,X64,8c5e7fda-e8bf-4a96-9a85-a6e23a8c635c,.NET 6.0,False,True,False,True,Default,Default,False,False,True,Default,Default,Default,Default,Default,.NET 6.0,Default,1,Default,Default,Default,Default,Default,Default,Default,Default,Default,16,Default,DotNetTips.Spargine.Core.BenchmarkTests.Collections.Threading,Async,10,"2,056.4 ns",41.16 ns,48.99 ns,10.69 ns,"1,971.6 ns","2,024.4 ns","2,054.4 ns","2,089.9 ns","2,139.9 ns","486,293.72",41.16 ns,21.00,1.979,2.000,0.0130,5,*,No,0 KB,0.2251,-,2 KB
'Write & Read Async',Job-XJCAYH,False,True,Default,Default,Default,Default,Default,1111,Empty,RyuJit,X64,8c5e7fda-e8bf-4a96-9a85-a6e23a8c635c,.NET 6.0,False,True,False,True,Default,Default,False,False,True,Default,Default,Default,Default,Default,.NET 6.0,Default,1,Default,Default,Default,Default,Default,Default,Default,Default,Default,16,Default,DotNetTips.Spargine.Core.BenchmarkTests.Collections.Threading,Async,25,"4,504.7 ns",71.40 ns,66.78 ns,17.24 ns,"4,379.7 ns","4,464.6 ns","4,505.1 ns","4,569.4 ns","4,598.8 ns","221,989.89",71.40 ns,15.00,1.733,2.000,-0.2209,9,*,No,0 KB,0.3433,-,3 KB
'Write & Read Async',Job-XJCAYH,False,True,Default,Default,Default,Default,Default,1111,Empty,RyuJit,X64,8c5e7fda-e8bf-4a96-9a85-a6e23a8c635c,.NET 6.0,False,True,False,True,Default,Default,False,False,True,Default,Default,Default,Default,Default,.NET 6.0,Default,1,Default,Default,Default,Default,Default,Default,Default,Default,Default,16,Default,DotNetTips.Spargine.Core.BenchmarkTests.Collections.Threading,Async,50,"9,362.6 ns",179.68 ns,176.47 ns,44.12 ns,"9,137.0 ns","9,237.8 ns","9,309.6 ns","9,459.4 ns","9,728.3 ns","106,807.92",179.68 ns,16.00,2.496,2.000,0.7620,13,*,No,0 KB,0.6714,-,6 KB
'Write & Read Async',Job-XJCAYH,False,True,Default,Default,Default,Default,Default,1111,Empty,RyuJit,X64,8c5e7fda-e8bf-4a96-9a85-a6e23a8c635c,.NET 6.0,False,True,False,True,Default,Default,False,False,True,Default,Default,Default,Default,Default,.NET 6.0,Default,1,Default,Default,Default,Default,Default,Default,Default,Default,Default,16,Default,DotNetTips.Spargine.Core.BenchmarkTests.Collections.Threading,Async,100,"18,862.3 ns",224.87 ns,187.78 ns,52.08 ns,"18,595.2 ns","18,710.1 ns","18,919.8 ns","18,950.2 ns","19,305.2 ns","53,015.90",224.87 ns,13.00,2.922,2.000,0.6372,17,*,No,0 KB,1.3123,-,12 KB
'Write & Read Async',Job-XJCAYH,False,True,Default,Default,Default,Default,Default,1111,Empty,RyuJit,X64,8c5e7fda-e8bf-4a96-9a85-a6e23a8c635c,.NET 6.0,False,True,False,True,Default,Default,False,False,True,Default,Default,Default,Default,Default,.NET 6.0,Default,1,Default,Default,Default,Default,Default,Default,Default,Default,Default,16,Default,DotNetTips.Spargine.Core.BenchmarkTests.Collections.Threading,Async,250,"45,713.2 ns",376.92 ns,352.57 ns,91.03 ns,"45,137.3 ns","45,461.4 ns","45,581.7 ns","45,896.7 ns","46,528.1 ns","21,875.52",376.92 ns,15.00,2.687,2.000,0.6079,21,*,No,0 KB,2.9907,-,27 KB
'Write & Read Async',Job-XJCAYH,False,True,Default,Default,Default,Default,Default,1111,Empty,RyuJit,X64,8c5e7fda-e8bf-4a96-9a85-a6e23a8c635c,.NET 6.0,False,True,False,True,Default,Default,False,False,True,Default,Default,Default,Default,Default,.NET 6.0,Default,1,Default,Default,Default,Default,Default,Default,Default,Default,Default,16,Default,DotNetTips.Spargine.Core.BenchmarkTests.Collections.Threading,Async,500,"91,222.4 ns","1,220.07 ns","1,141.26 ns",294.67 ns,"89,586.0 ns","90,585.6 ns","90,901.3 ns","91,838.1 ns","93,119.9 ns","10,962.22","1,220.07 ns",15.00,1.915,2.000,0.3933,25,*,No,0 KB,5.7373,-,52 KB
'Write & Read Async',Job-XJCAYH,False,True,Default,Default,Default,Default,Default,1111,Empty,RyuJit,X64,8c5e7fda-e8bf-4a96-9a85-a6e23a8c635c,.NET 6.0,False,True,False,True,Default,Default,False,False,True,Default,Default,Default,Default,Default,.NET 6.0,Default,1,Default,Default,Default,Default,Default,Default,Default,Default,Default,16,Default,DotNetTips.Spargine.Core.BenchmarkTests.Collections.Threading,Async,1000,"189,586.1 ns",880.07 ns,687.10 ns,198.35 ns,"188,428.2 ns","189,112.9 ns","189,591.8 ns","190,070.7 ns","190,798.1 ns","5,274.65",880.07 ns,12.00,1.825,2.000,0.0087,30,*,No,0 KB,12.2070,0.4883,104 KB
'Write & Read Async',Job-XJCAYH,False,True,Default,Default,Default,Default,Default,1111,Empty,RyuJit,X64,8c5e7fda-e8bf-4a96-9a85-a6e23a8c635c,.NET 6.0,False,True,False,True,Default,Default,False,False,True,Default,Default,Default,Default,Default,.NET 6.0,Default,1,Default,Default,Default,Default,Default,Default,Default,Default,Default,16,Default,DotNetTips.Spargine.Core.BenchmarkTests.Collections.Threading,Async,2500,"460,683.2 ns","5,681.43 ns","5,314.41 ns","1,372.17 ns","451,691.5 ns","458,863.0 ns","460,171.0 ns","463,579.1 ns","469,943.2 ns","2,170.69","5,681.43 ns",15.00,2.078,2.000,0.0109,34,*,No,0 KB,27.3438,1.9531,242 KB
'WriteAsync: IEnumerable',Job-XJCAYH,False,True,Default,Default,Default,Default,Default,1111,Empty,RyuJit,X64,8c5e7fda-e8bf-4a96-9a85-a6e23a8c635c,.NET 6.0,False,True,False,True,Default,Default,False,False,True,Default,Default,Default,Default,Default,.NET 6.0,Default,1,Default,Default,Default,Default,Default,Default,Default,Default,Default,16,Default,DotNetTips.Spargine.Core.BenchmarkTests.Collections.Threading,Async,10,876.6 ns,11.58 ns,9.67 ns,2.68 ns,856.6 ns,873.4 ns,876.8 ns,880.3 ns,893.2 ns,"1,140,818.13",11.58 ns,13.00,2.637,2.000,-0.1403,1,*,No,0 KB,0.1545,-,1 KB
'WriteAsync: IEnumerable',Job-XJCAYH,False,True,Default,Default,Default,Default,Default,1111,Empty,RyuJit,X64,8c5e7fda-e8bf-4a96-9a85-a6e23a8c635c,.NET 6.0,False,True,False,True,Default,Default,False,False,True,Default,Default,Default,Default,Default,.NET 6.0,Default,1,Default,Default,Default,Default,Default,Default,Default,Default,Default,16,Default,DotNetTips.Spargine.Core.BenchmarkTests.Collections.Threading,Async,25,"1,620.1 ns",14.32 ns,13.39 ns,3.46 ns,"1,605.6 ns","1,607.4 ns","1,617.6 ns","1,626.2 ns","1,650.5 ns","617,229.72",14.32 ns,15.00,2.491,2.000,0.6950,3,*,No,0 KB,0.1545,-,1 KB
'WriteAsync: IEnumerable',Job-XJCAYH,False,True,Default,Default,Default,Default,Default,1111,Empty,RyuJit,X64,8c5e7fda-e8bf-4a96-9a85-a6e23a8c635c,.NET 6.0,False,True,False,True,Default,Default,False,False,True,Default,Default,Default,Default,Default,.NET 6.0,Default,1,Default,Default,Default,Default,Default,Default,Default,Default,Default,16,Default,DotNetTips.Spargine.Core.BenchmarkTests.Collections.Threading,Async,50,"3,059.5 ns",18.44 ns,15.40 ns,4.27 ns,"3,036.2 ns","3,046.7 ns","3,062.0 ns","3,068.1 ns","3,086.0 ns","326,850.67",18.44 ns,13.00,1.719,2.000,0.2024,6,*,No,0 KB,0.2899,-,3 KB
'WriteAsync: IEnumerable',Job-XJCAYH,False,True,Default,Default,Default,Default,Default,1111,Empty,RyuJit,X64,8c5e7fda-e8bf-4a96-9a85-a6e23a8c635c,.NET 6.0,False,True,False,True,Default,Default,False,False,True,Default,Default,Default,Default,Default,.NET 6.0,Default,1,Default,Default,Default,Default,Default,Default,Default,Default,Default,16,Default,DotNetTips.Spargine.Core.BenchmarkTests.Collections.Threading,Async,100,"5,975.0 ns",76.89 ns,71.92 ns,18.57 ns,"5,834.3 ns","5,940.2 ns","5,964.2 ns","6,037.7 ns","6,090.1 ns","167,362.65",76.89 ns,15.00,2.041,2.000,-0.2296,10,*,No,0 KB,0.5493,-,5 KB
'WriteAsync: IEnumerable',Job-XJCAYH,False,True,Default,Default,Default,Default,Default,1111,Empty,RyuJit,X64,8c5e7fda-e8bf-4a96-9a85-a6e23a8c635c,.NET 6.0,False,True,False,True,Default,Default,False,False,True,Default,Default,Default,Default,Default,.NET 6.0,Default,1,Default,Default,Default,Default,Default,Default,Default,Default,Default,16,Default,DotNetTips.Spargine.Core.BenchmarkTests.Collections.Threading,Async,250,"13,759.8 ns",141.91 ns,132.74 ns,34.27 ns,"13,540.7 ns","13,680.2 ns","13,724.5 ns","13,883.4 ns","13,978.5 ns","72,675.47",141.91 ns,15.00,1.713,2.000,0.1123,14,*,No,0 KB,1.0223,-,9 KB
'WriteAsync: IEnumerable',Job-XJCAYH,False,True,Default,Default,Default,Default,Default,1111,Empty,RyuJit,X64,8c5e7fda-e8bf-4a96-9a85-a6e23a8c635c,.NET 6.0,False,True,False,True,Default,Default,False,False,True,Default,Default,Default,Default,Default,.NET 6.0,Default,1,Default,Default,Default,Default,Default,Default,Default,Default,Default,16,Default,DotNetTips.Spargine.Core.BenchmarkTests.Collections.Threading,Async,500,"26,925.5 ns",188.40 ns,157.32 ns,43.63 ns,"26,658.5 ns","26,816.5 ns","26,949.2 ns","27,062.9 ns","27,127.9 ns","37,139.50",188.40 ns,13.00,1.505,2.000,-0.3244,18,*,No,0 KB,1.9226,0.0305,17 KB
'WriteAsync: IEnumerable',Job-XJCAYH,False,True,Default,Default,Default,Default,Default,1111,Empty,RyuJit,X64,8c5e7fda-e8bf-4a96-9a85-a6e23a8c635c,.NET 6.0,False,True,False,True,Default,Default,False,False,True,Default,Default,Default,Default,Default,.NET 6.0,Default,1,Default,Default,Default,Default,Default,Default,Default,Default,Default,16,Default,DotNetTips.Spargine.Core.BenchmarkTests.Collections.Threading,Async,1000,"54,469.5 ns",455.19 ns,403.51 ns,107.84 ns,"53,854.8 ns","54,192.5 ns","54,549.8 ns","54,716.2 ns","55,162.7 ns","18,358.88",455.19 ns,14.00,1.803,2.000,-0.1909,22,*,No,0 KB,3.6621,0.1221,34 KB
'WriteAsync: IEnumerable',Job-XJCAYH,False,True,Default,Default,Default,Default,Default,1111,Empty,RyuJit,X64,8c5e7fda-e8bf-4a96-9a85-a6e23a8c635c,.NET 6.0,False,True,False,True,Default,Default,False,False,True,Default,Default,Default,Default,Default,.NET 6.0,Default,1,Default,Default,Default,Default,Default,Default,Default,Default,Default,16,Default,DotNetTips.Spargine.Core.BenchmarkTests.Collections.Threading,Async,2500,"131,885.7 ns","1,232.87 ns","1,153.22 ns",297.76 ns,"130,762.8 ns","131,002.5 ns","131,540.0 ns","132,608.8 ns","134,699.4 ns","7,582.32","1,232.87 ns",15.00,2.890,2.000,1.0013,27,*,No,0 KB,7.0801,0.4883,66 KB
WriteAsync,Job-XJCAYH,False,True,Default,Default,Default,Default,Default,1111,Empty,RyuJit,X64,8c5e7fda-e8bf-4a96-9a85-a6e23a8c635c,.NET 6.0,False,True,False,True,Default,Default,False,False,True,Default,Default,Default,Default,Default,.NET 6.0,Default,1,Default,Default,Default,Default,Default,Default,Default,Default,Default,16,Default,DotNetTips.Spargine.Core.BenchmarkTests.Collections.Threading,Async,10,992.4 ns,15.45 ns,13.69 ns,3.66 ns,972.3 ns,979.3 ns,994.8 ns,"1,000.2 ns","1,018.9 ns","1,007,638.71",15.45 ns,14.00,1.805,2.000,0.1357,2,*,No,0 KB,0.1469,-,1 KB
WriteAsync,Job-XJCAYH,False,True,Default,Default,Default,Default,Default,1111,Empty,RyuJit,X64,8c5e7fda-e8bf-4a96-9a85-a6e23a8c635c,.NET 6.0,False,True,False,True,Default,Default,False,False,True,Default,Default,Default,Default,Default,.NET 6.0,Default,1,Default,Default,Default,Default,Default,Default,Default,Default,Default,16,Default,DotNetTips.Spargine.Core.BenchmarkTests.Collections.Threading,Async,25,"1,935.9 ns",21.15 ns,17.66 ns,4.90 ns,"1,911.2 ns","1,926.1 ns","1,929.9 ns","1,943.2 ns","1,975.9 ns","516,553.30",21.15 ns,13.00,2.702,2.000,0.6128,4,*,No,0 KB,0.1488,-,1 KB
WriteAsync,Job-XJCAYH,False,True,Default,Default,Default,Default,Default,1111,Empty,RyuJit,X64,8c5e7fda-e8bf-4a96-9a85-a6e23a8c635c,.NET 6.0,False,True,False,True,Default,Default,False,False,True,Default,Default,Default,Default,Default,.NET 6.0,Default,1,Default,Default,Default,Default,Default,Default,Default,Default,Default,16,Default,DotNetTips.Spargine.Core.BenchmarkTests.Collections.Threading,Async,50,"3,832.5 ns",43.09 ns,40.31 ns,10.41 ns,"3,754.6 ns","3,807.4 ns","3,839.7 ns","3,851.0 ns","3,910.7 ns","260,925.35",43.09 ns,15.00,2.353,2.000,0.0146,7,*,No,0 KB,0.2899,-,3 KB
WriteAsync,Job-XJCAYH,False,True,Default,Default,Default,Default,Default,1111,Empty,RyuJit,X64,8c5e7fda-e8bf-4a96-9a85-a6e23a8c635c,.NET 6.0,False,True,False,True,Default,Default,False,False,True,Default,Default,Default,Default,Default,.NET 6.0,Default,1,Default,Default,Default,Default,Default,Default,Default,Default,Default,16,Default,DotNetTips.Spargine.Core.BenchmarkTests.Collections.Threading,Async,100,"7,540.8 ns",64.08 ns,59.94 ns,15.48 ns,"7,425.8 ns","7,509.9 ns","7,546.6 ns","7,584.4 ns","7,624.3 ns","132,611.97",64.08 ns,15.00,1.924,2.000,-0.3516,11,*,No,0 KB,0.5341,-,5 KB
WriteAsync,Job-XJCAYH,False,True,Default,Default,Default,Default,Default,1111,Empty,RyuJit,X64,8c5e7fda-e8bf-4a96-9a85-a6e23a8c635c,.NET 6.0,False,True,False,True,Default,Default,False,False,True,Default,Default,Default,Default,Default,.NET 6.0,Default,1,Default,Default,Default,Default,Default,Default,Default,Default,Default,16,Default,DotNetTips.Spargine.Core.BenchmarkTests.Collections.Threading,Async,250,"17,887.9 ns",146.63 ns,129.99 ns,34.74 ns,"17,713.7 ns","17,812.9 ns","17,871.3 ns","17,950.2 ns","18,133.4 ns","55,903.81",146.63 ns,14.00,1.911,2.000,0.3290,16,*,No,0 KB,0.9766,-,9 KB
WriteAsync,Job-XJCAYH,False,True,Default,Default,Default,Default,Default,1111,Empty,RyuJit,X64,8c5e7fda-e8bf-4a96-9a85-a6e23a8c635c,.NET 6.0,False,True,False,True,Default,Default,False,False,True,Default,Default,Default,Default,Default,.NET 6.0,Default,1,Default,Default,Default,Default,Default,Default,Default,Default,Default,16,Default,DotNetTips.Spargine.Core.BenchmarkTests.Collections.Threading,Async,500,"35,816.9 ns",247.13 ns,219.07 ns,58.55 ns,"35,327.3 ns","35,754.9 ns","35,796.7 ns","35,994.3 ns","36,177.9 ns","27,919.79",247.13 ns,14.00,2.640,2.000,-0.4619,19,*,No,0 KB,1.8921,-,17 KB
WriteAsync,Job-XJCAYH,False,True,Default,Default,Default,Default,Default,1111,Empty,RyuJit,X64,8c5e7fda-e8bf-4a96-9a85-a6e23a8c635c,.NET 6.0,False,True,False,True,Default,Default,False,False,True,Default,Default,Default,Default,Default,.NET 6.0,Default,1,Default,Default,Default,Default,Default,Default,Default,Default,Default,16,Default,DotNetTips.Spargine.Core.BenchmarkTests.Collections.Threading,Async,1000,"70,953.3 ns",661.76 ns,586.64 ns,156.78 ns,"69,669.3 ns","70,638.8 ns","71,094.3 ns","71,270.8 ns","71,850.0 ns","14,093.78",661.76 ns,14.00,2.495,2.000,-0.4356,23,*,No,0 KB,3.6621,0.1221,34 KB
WriteAsync,Job-XJCAYH,False,True,Default,Default,Default,Default,Default,1111,Empty,RyuJit,X64,8c5e7fda-e8bf-4a96-9a85-a6e23a8c635c,.NET 6.0,False,True,False,True,Default,Default,False,False,True,Default,Default,Default,Default,Default,.NET 6.0,Default,1,Default,Default,Default,Default,Default,Default,Default,Default,Default,16,Default,DotNetTips.Spargine.Core.BenchmarkTests.Collections.Threading,Async,2500,"173,249.4 ns","1,283.96 ns","1,201.01 ns",310.10 ns,"170,910.8 ns","172,459.5 ns","173,238.3 ns","173,984.5 ns","175,566.1 ns","5,772.03","1,283.96 ns",15.00,2.340,2.000,0.0510,29,*,No,0 KB,7.0801,0.4883,66 KB
