Method,Job,AnalyzeLaunchVariance,EvaluateOverhead,MaxAbsoluteError,MaxRelativeError,MinInvokeCount,MinIterationTime,OutlierMode,Affinity,EnvironmentVariables,Jit,Platform,PowerPlanMode,Runtime,AllowVeryLargeObjects,Concurrent,CpuGroups,Force,HeapAffinitizeMask,HeapCount,NoAffinitize,RetainVm,Server,Arguments,BuildConfiguration,Clock,EngineFactory,NuGetReferences,Toolchain,IsMutator,InvocationCount,IterationCount,IterationTime,LaunchCount,MaxIterationCount,MaxWarmupIterationCount,MemoryRandomization,MinIterationCount,MinWarmupIterationCount,RunStrategy,UnrollFactor,WarmupCount,Namespace,Categories,Count,Mean,Error,StdDev,StdErr,Min,Q1,Median,Q3,Max,Op/s,CI99.9% Margin,Iterations,Kurtosis,MValue,Skewness,Rank,LogicalGroup,Baseline,Code Size,Gen 0,Gen 1,Gen 2,Allocated
'Collection.Create: Count',Job-XJCAYH,False,True,Default,Default,Default,Default,Default,1111,Empty,RyuJit,X64,8c5e7fda-e8bf-4a96-9a85-a6e23a8c635c,.NET 6.0,False,True,False,True,Default,Default,False,False,True,Default,Default,Default,Default,Default,.NET 6.0,Default,1,Default,Default,Default,Default,Default,Default,Default,Default,Default,16,Default,DotNetTips.Spargine.Core.BenchmarkTests.Collections,Collections,10,21.55 ns,0.438 ns,0.469 ns,0.111 ns,20.95 ns,21.09 ns,21.56 ns,21.93 ns,22.52 ns,"46,404,879.12",0.4383 ns,18.00,1.831,2.000,0.3045,1,*,No,164 B,0.0151,-,-,136 B
'Collection.Create: Count',Job-XJCAYH,False,True,Default,Default,Default,Default,Default,1111,Empty,RyuJit,X64,8c5e7fda-e8bf-4a96-9a85-a6e23a8c635c,.NET 6.0,False,True,False,True,Default,Default,False,False,True,Default,Default,Default,Default,Default,.NET 6.0,Default,1,Default,Default,Default,Default,Default,Default,Default,Default,Default,16,Default,DotNetTips.Spargine.Core.BenchmarkTests.Collections,Collections,25,30.41 ns,0.638 ns,1.100 ns,0.178 ns,28.47 ns,29.48 ns,30.34 ns,31.47 ns,32.06 ns,"32,887,195.46",0.6377 ns,38.00,1.728,2.462,0.0125,2,*,No,164 B,0.0283,-,-,256 B
'Collection.Create: Count',Job-XJCAYH,False,True,Default,Default,Default,Default,Default,1111,Empty,RyuJit,X64,8c5e7fda-e8bf-4a96-9a85-a6e23a8c635c,.NET 6.0,False,True,False,True,Default,Default,False,False,True,Default,Default,Default,Default,Default,.NET 6.0,Default,1,Default,Default,Default,Default,Default,Default,Default,Default,Default,16,Default,DotNetTips.Spargine.Core.BenchmarkTests.Collections,Collections,50,56.28 ns,2.008 ns,5.920 ns,0.592 ns,44.80 ns,50.18 ns,55.97 ns,62.86 ns,64.26 ns,"17,769,626.77",2.0077 ns,100.00,1.601,4.323,-0.0723,3,*,No,164 B,0.0492,-,-,456 B
'Collection.Create: Count',Job-XJCAYH,False,True,Default,Default,Default,Default,Default,1111,Empty,RyuJit,X64,8c5e7fda-e8bf-4a96-9a85-a6e23a8c635c,.NET 6.0,False,True,False,True,Default,Default,False,False,True,Default,Default,Default,Default,Default,.NET 6.0,Default,1,Default,Default,Default,Default,Default,Default,Default,Default,Default,16,Default,DotNetTips.Spargine.Core.BenchmarkTests.Collections,Collections,100,75.14 ns,0.904 ns,1.207 ns,0.241 ns,72.84 ns,73.89 ns,75.54 ns,76.05 ns,77.32 ns,"13,308,355.92",0.9045 ns,25.00,1.789,2.000,-0.1651,4,*,No,164 B,0.0923,0.0001,-,856 B
'Collection.Create: Count',Job-XJCAYH,False,True,Default,Default,Default,Default,Default,1111,Empty,RyuJit,X64,8c5e7fda-e8bf-4a96-9a85-a6e23a8c635c,.NET 6.0,False,True,False,True,Default,Default,False,False,True,Default,Default,Default,Default,Default,.NET 6.0,Default,1,Default,Default,Default,Default,Default,Default,Default,Default,Default,16,Default,DotNetTips.Spargine.Core.BenchmarkTests.Collections,Collections,250,160.77 ns,2.780 ns,2.600 ns,0.671 ns,156.03 ns,159.44 ns,160.74 ns,162.32 ns,165.29 ns,"6,220,227.37",2.7798 ns,15.00,2.053,2.000,-0.1266,5,*,No,164 B,0.2220,0.0005,-,"2,056 B"
'Collection.Create: Count',Job-XJCAYH,False,True,Default,Default,Default,Default,Default,1111,Empty,RyuJit,X64,8c5e7fda-e8bf-4a96-9a85-a6e23a8c635c,.NET 6.0,False,True,False,True,Default,Default,False,False,True,Default,Default,Default,Default,Default,.NET 6.0,Default,1,Default,Default,Default,Default,Default,Default,Default,Default,Default,16,Default,DotNetTips.Spargine.Core.BenchmarkTests.Collections,Collections,500,318.40 ns,6.378 ns,10.479 ns,1.771 ns,303.26 ns,309.39 ns,317.46 ns,325.05 ns,339.65 ns,"3,140,740.84",6.3781 ns,35.00,2.050,2.000,0.3756,6,*,No,164 B,0.4382,0.0010,-,"4,056 B"
'Collection.Create: Count',Job-XJCAYH,False,True,Default,Default,Default,Default,Default,1111,Empty,RyuJit,X64,8c5e7fda-e8bf-4a96-9a85-a6e23a8c635c,.NET 6.0,False,True,False,True,Default,Default,False,False,True,Default,Default,Default,Default,Default,.NET 6.0,Default,1,Default,Default,Default,Default,Default,Default,Default,Default,Default,16,Default,DotNetTips.Spargine.Core.BenchmarkTests.Collections,Collections,1000,659.97 ns,13.155 ns,14.076 ns,3.318 ns,624.97 ns,656.96 ns,663.96 ns,667.39 ns,677.79 ns,"1,515,210.72",13.1551 ns,18.00,4.273,2.000,-1.4330,7,*,No,164 B,0.8717,-,-,"8,056 B"
'Collection.Create: Count',Job-XJCAYH,False,True,Default,Default,Default,Default,Default,1111,Empty,RyuJit,X64,8c5e7fda-e8bf-4a96-9a85-a6e23a8c635c,.NET 6.0,False,True,False,True,Default,Default,False,False,True,Default,Default,Default,Default,Default,.NET 6.0,Default,1,Default,Default,Default,Default,Default,Default,Default,Default,Default,16,Default,DotNetTips.Spargine.Core.BenchmarkTests.Collections,Collections,2500,"1,381.77 ns",26.912 ns,44.965 ns,7.494 ns,"1,295.69 ns","1,351.55 ns","1,375.12 ns","1,406.95 ns","1,492.69 ns","723,708.94",26.9124 ns,36.00,2.526,2.000,0.4201,8,*,No,164 B,2.1820,0.1221,-,"20,056 B"
'Collection.Create: From List-Ensure Unique',Job-XJCAYH,False,True,Default,Default,Default,Default,Default,1111,Empty,RyuJit,X64,8c5e7fda-e8bf-4a96-9a85-a6e23a8c635c,.NET 6.0,False,True,False,True,Default,Default,False,False,True,Default,Default,Default,Default,Default,.NET 6.0,Default,1,Default,Default,Default,Default,Default,Default,Default,Default,Default,16,Default,DotNetTips.Spargine.Core.BenchmarkTests.Collections,Collections,10,"43,241.59 ns",396.239 ns,351.255 ns,93.877 ns,"42,750.67 ns","42,986.45 ns","43,218.53 ns","43,471.37 ns","43,824.04 ns","23,125.88",396.2388 ns,14.00,1.637,2.000,0.3446,9,*,No,"1,027 B",2.3804,0.0610,-,"20,449 B"
'Collection.Create: From List-Ensure Unique',Job-XJCAYH,False,True,Default,Default,Default,Default,Default,1111,Empty,RyuJit,X64,8c5e7fda-e8bf-4a96-9a85-a6e23a8c635c,.NET 6.0,False,True,False,True,Default,Default,False,False,True,Default,Default,Default,Default,Default,.NET 6.0,Default,1,Default,Default,Default,Default,Default,Default,Default,Default,Default,16,Default,DotNetTips.Spargine.Core.BenchmarkTests.Collections,Collections,25,"117,979.45 ns","1,259.410 ns","1,178.053 ns",304.172 ns,"115,828.56 ns","117,115.78 ns","118,014.39 ns","118,891.64 ns","119,817.84 ns","8,476.05","1,259.4101 ns",15.00,1.692,2.000,-0.1675,12,*,No,"1,027 B",5.3711,0.1221,-,"48,841 B"
'Collection.Create: From List-Ensure Unique',Job-XJCAYH,False,True,Default,Default,Default,Default,Default,1111,Empty,RyuJit,X64,8c5e7fda-e8bf-4a96-9a85-a6e23a8c635c,.NET 6.0,False,True,False,True,Default,Default,False,False,True,Default,Default,Default,Default,Default,.NET 6.0,Default,1,Default,Default,Default,Default,Default,Default,Default,Default,Default,16,Default,DotNetTips.Spargine.Core.BenchmarkTests.Collections,Collections,50,"237,058.24 ns","1,575.629 ns","1,473.844 ns",380.545 ns,"234,647.92 ns","235,792.88 ns","237,366.80 ns","238,336.11 ns","239,138.21 ns","4,218.37","1,575.6291 ns",15.00,1.445,2.000,-0.2310,13,*,No,"1,027 B",10.7422,-,-,"96,315 B"
'Collection.Create: From List-Ensure Unique',Job-XJCAYH,False,True,Default,Default,Default,Default,Default,1111,Empty,RyuJit,X64,8c5e7fda-e8bf-4a96-9a85-a6e23a8c635c,.NET 6.0,False,True,False,True,Default,Default,False,False,True,Default,Default,Default,Default,Default,.NET 6.0,Default,1,Default,Default,Default,Default,Default,Default,Default,Default,Default,16,Default,DotNetTips.Spargine.Core.BenchmarkTests.Collections,Collections,100,"666,531.85 ns","26,102.651 ns","76,554.558 ns","7,694.023 ns","533,621.73 ns","606,568.51 ns","655,473.00 ns","717,026.76 ns","881,946.04 ns","1,500.30","26,102.6514 ns",99.00,2.821,2.966,0.6160,15,*,No,"1,027 B",15.6250,13.6719,10.7422,"191,603 B"
'Collection.Create: From List-Ensure Unique',Job-XJCAYH,False,True,Default,Default,Default,Default,Default,1111,Empty,RyuJit,X64,8c5e7fda-e8bf-4a96-9a85-a6e23a8c635c,.NET 6.0,False,True,False,True,Default,Default,False,False,True,Default,Default,Default,Default,Default,.NET 6.0,Default,1,Default,Default,Default,Default,Default,Default,Default,Default,Default,16,Default,DotNetTips.Spargine.Core.BenchmarkTests.Collections,Collections,250,"1,602,662.94 ns","55,268.384 ns","160,343.604 ns","16,280.426 ns","1,335,992.87 ns","1,488,559.08 ns","1,565,842.87 ns","1,701,525.49 ns","2,019,467.48 ns",623.96,"55,268.3841 ns",97.00,2.656,2.759,0.5795,16,*,No,"1,027 B",48.8281,41.0156,23.4375,"474,486 B"
'Collection.Create: From List-Ensure Unique',Job-XJCAYH,False,True,Default,Default,Default,Default,Default,1111,Empty,RyuJit,X64,8c5e7fda-e8bf-4a96-9a85-a6e23a8c635c,.NET 6.0,False,True,False,True,Default,Default,False,False,True,Default,Default,Default,Default,Default,.NET 6.0,Default,1,Default,Default,Default,Default,Default,Default,Default,Default,Default,16,Default,DotNetTips.Spargine.Core.BenchmarkTests.Collections,Collections,500,"2,880,336.45 ns","39,600.071 ns","33,067.853 ns","9,171.372 ns","2,826,701.56 ns","2,860,028.12 ns","2,867,224.61 ns","2,917,905.47 ns","2,931,979.69 ns",347.18,"39,600.0709 ns",13.00,1.591,2.000,0.2682,17,*,No,"1,027 B",66.4063,62.5000,46.8750,"948,347 B"
'Collection.Create: From List-Ensure Unique',Job-XJCAYH,False,True,Default,Default,Default,Default,Default,1111,Empty,RyuJit,X64,8c5e7fda-e8bf-4a96-9a85-a6e23a8c635c,.NET 6.0,False,True,False,True,Default,Default,False,False,True,Default,Default,Default,Default,Default,.NET 6.0,Default,1,Default,Default,Default,Default,Default,Default,Default,Default,Default,16,Default,DotNetTips.Spargine.Core.BenchmarkTests.Collections,Collections,1000,"6,922,279.22 ns","71,609.456 ns","66,983.529 ns","17,295.073 ns","6,827,649.22 ns","6,872,350.00 ns","6,907,519.53 ns","6,978,400.78 ns","7,052,614.06 ns",144.46,"71,609.4556 ns",15.00,1.819,2.000,0.4556,19,*,No,"1,027 B",148.4375,148.4375,132.8125,"2,378,997 B"
'Collection.Create: From List-Ensure Unique',Job-XJCAYH,False,True,Default,Default,Default,Default,Default,1111,Empty,RyuJit,X64,8c5e7fda-e8bf-4a96-9a85-a6e23a8c635c,.NET 6.0,False,True,False,True,Default,Default,False,False,True,Default,Default,Default,Default,Default,.NET 6.0,Default,1,Default,Default,Default,Default,Default,Default,Default,Default,Default,16,Default,DotNetTips.Spargine.Core.BenchmarkTests.Collections,Collections,2500,"21,957,113.96 ns","261,059.735 ns","244,195.438 ns","63,050.991 ns","21,547,600.00 ns","21,727,956.25 ns","21,965,703.12 ns","22,102,882.81 ns","22,332,615.62 ns",45.54,"261,059.7353 ns",15.00,1.648,2.000,-0.0089,20,*,No,"1,027 B",187.5000,156.2500,156.2500,"5,991,597 B"
'Collection.Create: From List',Job-XJCAYH,False,True,Default,Default,Default,Default,Default,1111,Empty,RyuJit,X64,8c5e7fda-e8bf-4a96-9a85-a6e23a8c635c,.NET 6.0,False,True,False,True,Default,Default,False,False,True,Default,Default,Default,Default,Default,.NET 6.0,Default,1,Default,Default,Default,Default,Default,Default,Default,Default,Default,16,Default,DotNetTips.Spargine.Core.BenchmarkTests.Collections,Collections,10,"44,490.50 ns",462.448 ns,432.574 ns,111.690 ns,"43,792.81 ns","44,208.21 ns","44,562.11 ns","44,797.22 ns","45,158.23 ns","22,476.71",462.4477 ns,15.00,1.677,2.000,-0.0678,10,*,No,"1,027 B",2.3804,0.0610,-,"20,401 B"
'Collection.Create: From List',Job-XJCAYH,False,True,Default,Default,Default,Default,Default,1111,Empty,RyuJit,X64,8c5e7fda-e8bf-4a96-9a85-a6e23a8c635c,.NET 6.0,False,True,False,True,Default,Default,False,False,True,Default,Default,Default,Default,Default,.NET 6.0,Default,1,Default,Default,Default,Default,Default,Default,Default,Default,Default,16,Default,DotNetTips.Spargine.Core.BenchmarkTests.Collections,Collections,25,"115,568.06 ns","1,177.241 ns","1,101.192 ns",284.327 ns,"113,992.22 ns","114,653.18 ns","115,586.97 ns","116,462.62 ns","117,421.97 ns","8,652.91","1,177.2413 ns",15.00,1.533,2.000,0.1378,11,*,No,"1,027 B",5.3711,0.4883,-,"48,705 B"
'Collection.Create: From List',Job-XJCAYH,False,True,Default,Default,Default,Default,Default,1111,Empty,RyuJit,X64,8c5e7fda-e8bf-4a96-9a85-a6e23a8c635c,.NET 6.0,False,True,False,True,Default,Default,False,False,True,Default,Default,Default,Default,Default,.NET 6.0,Default,1,Default,Default,Default,Default,Default,Default,Default,Default,Default,16,Default,DotNetTips.Spargine.Core.BenchmarkTests.Collections,Collections,50,"240,909.98 ns","3,373.538 ns","3,155.609 ns",814.775 ns,"234,469.14 ns","238,512.96 ns","241,544.92 ns","243,156.96 ns","245,377.93 ns","4,150.93","3,373.5379 ns",15.00,1.974,2.000,-0.4035,13,*,No,"1,027 B",11.2305,1.4648,-,"96,459 B"
'Collection.Create: From List',Job-XJCAYH,False,True,Default,Default,Default,Default,Default,1111,Empty,RyuJit,X64,8c5e7fda-e8bf-4a96-9a85-a6e23a8c635c,.NET 6.0,False,True,False,True,Default,Default,False,False,True,Default,Default,Default,Default,Default,.NET 6.0,Default,1,Default,Default,Default,Default,Default,Default,Default,Default,Default,16,Default,DotNetTips.Spargine.Core.BenchmarkTests.Collections,Collections,100,"634,820.02 ns","23,361.984 ns","68,516.654 ns","6,886.183 ns","508,950.39 ns","583,345.31 ns","628,716.31 ns","676,354.15 ns","825,746.88 ns","1,575.25","23,361.9835 ns",99.00,2.821,3.862,0.4647,14,*,No,"1,027 B",21.4844,17.5781,10.7422,"191,000 B"
'Collection.Create: From List',Job-XJCAYH,False,True,Default,Default,Default,Default,Default,1111,Empty,RyuJit,X64,8c5e7fda-e8bf-4a96-9a85-a6e23a8c635c,.NET 6.0,False,True,False,True,Default,Default,False,False,True,Default,Default,Default,Default,Default,.NET 6.0,Default,1,Default,Default,Default,Default,Default,Default,Default,Default,Default,16,Default,DotNetTips.Spargine.Core.BenchmarkTests.Collections,Collections,250,"1,583,011.19 ns","55,308.454 ns","160,459.853 ns","16,292.230 ns","1,360,217.48 ns","1,458,551.07 ns","1,557,760.25 ns","1,666,777.64 ns","2,011,852.25 ns",631.71,"55,308.4536 ns",97.00,2.899,5.357,0.6752,16,*,No,"1,027 B",50.7813,35.1563,25.3906,"474,277 B"
'Collection.Create: From List',Job-XJCAYH,False,True,Default,Default,Default,Default,Default,1111,Empty,RyuJit,X64,8c5e7fda-e8bf-4a96-9a85-a6e23a8c635c,.NET 6.0,False,True,False,True,Default,Default,False,False,True,Default,Default,Default,Default,Default,.NET 6.0,Default,1,Default,Default,Default,Default,Default,Default,Default,Default,Default,16,Default,DotNetTips.Spargine.Core.BenchmarkTests.Collections,Collections,500,"2,917,435.34 ns","28,137.364 ns","23,495.973 ns","6,516.610 ns","2,872,933.98 ns","2,908,105.08 ns","2,913,432.03 ns","2,924,409.38 ns","2,969,469.53 ns",342.77,"28,137.3639 ns",13.00,3.208,2.000,0.5004,17,*,No,"1,027 B",62.5000,54.6875,46.8750,"947,860 B"
'Collection.Create: From List',Job-XJCAYH,False,True,Default,Default,Default,Default,Default,1111,Empty,RyuJit,X64,8c5e7fda-e8bf-4a96-9a85-a6e23a8c635c,.NET 6.0,False,True,False,True,Default,Default,False,False,True,Default,Default,Default,Default,Default,.NET 6.0,Default,1,Default,Default,Default,Default,Default,Default,Default,Default,Default,16,Default,DotNetTips.Spargine.Core.BenchmarkTests.Collections,Collections,1000,"6,739,112.22 ns","85,659.212 ns","75,934.661 ns","20,294.392 ns","6,603,097.66 ns","6,698,542.19 ns","6,715,039.06 ns","6,773,182.62 ns","6,891,325.78 ns",148.39,"85,659.2124 ns",14.00,2.578,2.000,0.4972,18,*,No,"1,027 B",156.2500,148.4375,132.8125,"2,379,588 B"
'Collection.Create: From List',Job-XJCAYH,False,True,Default,Default,Default,Default,Default,1111,Empty,RyuJit,X64,8c5e7fda-e8bf-4a96-9a85-a6e23a8c635c,.NET 6.0,False,True,False,True,Default,Default,False,False,True,Default,Default,Default,Default,Default,.NET 6.0,Default,1,Default,Default,Default,Default,Default,Default,Default,Default,Default,16,Default,DotNetTips.Spargine.Core.BenchmarkTests.Collections,Collections,2500,"21,810,288.70 ns","379,386.975 ns","316,805.307 ns","87,865.983 ns","21,344,675.00 ns","21,593,106.25 ns","21,769,946.88 ns","21,991,484.38 ns","22,317,978.12 ns",45.85,"379,386.9751 ns",13.00,1.666,2.000,0.2444,20,*,No,"1,027 B",187.5000,187.5000,187.5000,"5,988,828 B"
