Method,Job,AnalyzeLaunchVariance,EvaluateOverhead,MaxAbsoluteError,MaxRelativeError,MinInvokeCount,MinIterationTime,OutlierMode,Affinity,EnvironmentVariables,Jit,Platform,PowerPlanMode,Runtime,AllowVeryLargeObjects,Concurrent,CpuGroups,Force,HeapAffinitizeMask,HeapCount,NoAffinitize,RetainVm,Server,Arguments,BuildConfiguration,Clock,EngineFactory,NuGetReferences,Toolchain,IsMutator,InvocationCount,IterationCount,IterationTime,LaunchCount,MaxIterationCount,MaxWarmupIterationCount,MemoryRandomization,MinIterationCount,MinWarmupIterationCount,RunStrategy,UnrollFactor,WarmupCount,Namespace,Categories,Count,Mean,Error,StdDev,StdErr,Median,Min,Q1,Q3,Max,Op/s,CI99.9% Margin,Iterations,Kurtosis,MValue,Skewness,Rank,LogicalGroup,Baseline,Gen 0,Code Size,Gen 1,Gen 2,Allocated
'GetOrAdd: Dictionary',Job-SPYWVM,False,True,Default,Default,Default,Default,Default,1111,Empty,RyuJit,X64,8c5e7fda-e8bf-4a96-9a85-a6e23a8c635c,.NET 6.0,False,True,False,True,Default,Default,False,False,True,Default,Default,Default,Default,Default,.NET 6.0,Default,1,Default,Default,Default,Default,Default,Default,Default,Default,Default,16,Default,DotNetTips.Spargine.Extensions.BenchmarkTests,Collections,10,43.390 μs,0.4226 μs,0.3746 μs,0.1001 μs,43.429 μs,42.452 μs,43.273 μs,43.637 μs,43.875 μs,"23,046.78",0.4226 μs,14.00,3.426,2.000,-0.9244,6,*,No,2.5024,1 KB,-,-,22 KB
'GetOrAdd: Dictionary',Job-SPYWVM,False,True,Default,Default,Default,Default,Default,1111,Empty,RyuJit,X64,8c5e7fda-e8bf-4a96-9a85-a6e23a8c635c,.NET 6.0,False,True,False,True,Default,Default,False,False,True,Default,Default,Default,Default,Default,.NET 6.0,Default,1,Default,Default,Default,Default,Default,Default,Default,Default,Default,16,Default,DotNetTips.Spargine.Extensions.BenchmarkTests,Collections,25,118.639 μs,0.8238 μs,0.7706 μs,0.1990 μs,118.651 μs,117.325 μs,117.970 μs,119.285 μs,119.785 μs,"8,428.96",0.8238 μs,15.00,1.595,2.000,-0.0168,10,*,No,5.8594,1 KB,0.2441,-,52 KB
'GetOrAdd: Dictionary',Job-SPYWVM,False,True,Default,Default,Default,Default,Default,1111,Empty,RyuJit,X64,8c5e7fda-e8bf-4a96-9a85-a6e23a8c635c,.NET 6.0,False,True,False,True,Default,Default,False,False,True,Default,Default,Default,Default,Default,.NET 6.0,Default,1,Default,Default,Default,Default,Default,Default,Default,Default,Default,16,Default,DotNetTips.Spargine.Extensions.BenchmarkTests,Collections,50,243.028 μs,4.1094 μs,3.8439 μs,0.9925 μs,242.749 μs,235.855 μs,240.985 μs,245.197 μs,249.532 μs,"4,114.75",4.1094 μs,15.00,2.026,2.000,-0.0220,11,*,No,11.2305,1 KB,0.9766,-,103 KB
'GetOrAdd: Dictionary',Job-SPYWVM,False,True,Default,Default,Default,Default,Default,1111,Empty,RyuJit,X64,8c5e7fda-e8bf-4a96-9a85-a6e23a8c635c,.NET 6.0,False,True,False,True,Default,Default,False,False,True,Default,Default,Default,Default,Default,.NET 6.0,Default,1,Default,Default,Default,Default,Default,Default,Default,Default,Default,16,Default,DotNetTips.Spargine.Extensions.BenchmarkTests,Collections,100,727.258 μs,28.9319 μs,84.8522 μs,8.5280 μs,720.350 μs,560.587 μs,663.402 μs,788.337 μs,971.894 μs,"1,375.03",28.9319 μs,99.00,2.756,3.000,0.3578,14,*,No,22.4609,1 KB,11.7188,10.7422,208 KB
'GetOrAdd: Dictionary',Job-SPYWVM,False,True,Default,Default,Default,Default,Default,1111,Empty,RyuJit,X64,8c5e7fda-e8bf-4a96-9a85-a6e23a8c635c,.NET 6.0,False,True,False,True,Default,Default,False,False,True,Default,Default,Default,Default,Default,.NET 6.0,Default,1,Default,Default,Default,Default,Default,Default,Default,Default,Default,16,Default,DotNetTips.Spargine.Extensions.BenchmarkTests,Collections,250,"1,483.913 μs",40.6585 μs,119.2444 μs,11.9845 μs,"1,472.772 μs","1,288.422 μs","1,382.991 μs","1,566.872 μs","1,794.707 μs",673.89,40.6585 μs,99.00,2.761,4.320,0.5998,16,*,No,54.6875,1 KB,41.0156,27.3438,514 KB
'GetOrAdd: Dictionary',Job-SPYWVM,False,True,Default,Default,Default,Default,Default,1111,Empty,RyuJit,X64,8c5e7fda-e8bf-4a96-9a85-a6e23a8c635c,.NET 6.0,False,True,False,True,Default,Default,False,False,True,Default,Default,Default,Default,Default,.NET 6.0,Default,1,Default,Default,Default,Default,Default,Default,Default,Default,Default,16,Default,DotNetTips.Spargine.Extensions.BenchmarkTests,Collections,500,"2,748.118 μs",53.2584 μs,119.1201 μs,15.3783 μs,"2,722.688 μs","2,580.803 μs","2,653.551 μs","2,812.269 μs","3,082.426 μs",363.89,53.2584 μs,60.00,3.514,2.000,1.0632,19,*,No,101.5625,1 KB,70.3125,46.8750,"1,030 KB"
'GetOrAdd: Dictionary',Job-SPYWVM,False,True,Default,Default,Default,Default,Default,1111,Empty,RyuJit,X64,8c5e7fda-e8bf-4a96-9a85-a6e23a8c635c,.NET 6.0,False,True,False,True,Default,Default,False,False,True,Default,Default,Default,Default,Default,.NET 6.0,Default,1,Default,Default,Default,Default,Default,Default,Default,Default,Default,16,Default,DotNetTips.Spargine.Extensions.BenchmarkTests,Collections,1000,"5,408.948 μs",72.9111 μs,60.8841 μs,16.8862 μs,"5,403.072 μs","5,321.607 μs","5,355.778 μs","5,453.582 μs","5,522.670 μs",184.88,72.9111 μs,13.00,1.724,2.000,0.3135,20,*,No,187.5000,1 KB,164.0625,140.6250,"2,569 KB"
'GetOrAdd: Dictionary',Job-SPYWVM,False,True,Default,Default,Default,Default,Default,1111,Empty,RyuJit,X64,8c5e7fda-e8bf-4a96-9a85-a6e23a8c635c,.NET 6.0,False,True,False,True,Default,Default,False,False,True,Default,Default,Default,Default,Default,.NET 6.0,Default,1,Default,Default,Default,Default,Default,Default,Default,Default,Default,16,Default,DotNetTips.Spargine.Extensions.BenchmarkTests,Collections,2500,"15,229.235 μs",348.3010 μs,"1,021.5065 μs",102.6653 μs,"15,037.795 μs","13,527.967 μs","14,431.580 μs","15,821.956 μs","17,954.711 μs",65.66,348.3010 μs,99.00,2.935,2.483,0.6471,21,*,No,203.1250,1 KB,187.5000,187.5000,"6,380 KB"
'ToDelimitedString: *POOL',Job-SPYWVM,False,True,Default,Default,Default,Default,Default,1111,Empty,RyuJit,X64,8c5e7fda-e8bf-4a96-9a85-a6e23a8c635c,.NET 6.0,False,True,False,True,Default,Default,False,False,True,Default,Default,Default,Default,Default,.NET 6.0,Default,1,Default,Default,Default,Default,Default,Default,Default,Default,Default,16,Default,DotNetTips.Spargine.Extensions.BenchmarkTests,"Strings,Collections",10,1.941 μs,0.0383 μs,0.0790 μs,0.0110 μs,1.962 μs,1.670 μs,1.948 μs,1.973 μs,2.014 μs,"515,232.31",0.0383 μs,52.00,9.627,2.000,-2.8006,1,*,No,0.5970,1 KB,-,-,5 KB
'ToDelimitedString: *POOL',Job-SPYWVM,False,True,Default,Default,Default,Default,Default,1111,Empty,RyuJit,X64,8c5e7fda-e8bf-4a96-9a85-a6e23a8c635c,.NET 6.0,False,True,False,True,Default,Default,False,False,True,Default,Default,Default,Default,Default,.NET 6.0,Default,1,Default,Default,Default,Default,Default,Default,Default,Default,Default,16,Default,DotNetTips.Spargine.Extensions.BenchmarkTests,"Strings,Collections",25,3.726 μs,0.0536 μs,0.0502 μs,0.0130 μs,3.698 μs,3.672 μs,3.691 μs,3.762 μs,3.828 μs,"268,348.63",0.0536 μs,15.00,2.166,2.000,0.8149,2,*,No,1.3313,1 KB,0.0191,-,12 KB
'ToDelimitedString: *POOL',Job-SPYWVM,False,True,Default,Default,Default,Default,Default,1111,Empty,RyuJit,X64,8c5e7fda-e8bf-4a96-9a85-a6e23a8c635c,.NET 6.0,False,True,False,True,Default,Default,False,False,True,Default,Default,Default,Default,Default,.NET 6.0,Default,1,Default,Default,Default,Default,Default,Default,Default,Default,Default,16,Default,DotNetTips.Spargine.Extensions.BenchmarkTests,"Strings,Collections",50,7.208 μs,0.1342 μs,0.1255 μs,0.0324 μs,7.148 μs,7.068 μs,7.110 μs,7.268 μs,7.490 μs,"138,726.25",0.1342 μs,15.00,2.317,2.000,0.7188,3,*,No,2.7008,1 KB,0.0763,-,23 KB
'ToDelimitedString: *POOL',Job-SPYWVM,False,True,Default,Default,Default,Default,Default,1111,Empty,RyuJit,X64,8c5e7fda-e8bf-4a96-9a85-a6e23a8c635c,.NET 6.0,False,True,False,True,Default,Default,False,False,True,Default,Default,Default,Default,Default,.NET 6.0,Default,1,Default,Default,Default,Default,Default,Default,Default,Default,Default,16,Default,DotNetTips.Spargine.Extensions.BenchmarkTests,"Strings,Collections",100,13.787 μs,0.1604 μs,0.1422 μs,0.0380 μs,13.733 μs,13.609 μs,13.690 μs,13.865 μs,14.083 μs,"72,531.88",0.1604 μs,14.00,2.114,2.000,0.6093,4,*,No,5.2643,1 KB,0.2747,-,46 KB
'ToDelimitedString: *POOL',Job-SPYWVM,False,True,Default,Default,Default,Default,Default,1111,Empty,RyuJit,X64,8c5e7fda-e8bf-4a96-9a85-a6e23a8c635c,.NET 6.0,False,True,False,True,Default,Default,False,False,True,Default,Default,Default,Default,Default,.NET 6.0,Default,1,Default,Default,Default,Default,Default,Default,Default,Default,Default,16,Default,DotNetTips.Spargine.Extensions.BenchmarkTests,"Strings,Collections",250,38.666 μs,0.7628 μs,1.8568 μs,0.2219 μs,38.437 μs,32.969 μs,38.095 μs,40.192 μs,41.924 μs,"25,862.68",0.7628 μs,70.00,5.124,2.941,-1.3521,5,*,No,13.7329,1 KB,-,-,121 KB
'ToDelimitedString: *POOL',Job-SPYWVM,False,True,Default,Default,Default,Default,Default,1111,Empty,RyuJit,X64,8c5e7fda-e8bf-4a96-9a85-a6e23a8c635c,.NET 6.0,False,True,False,True,Default,Default,False,False,True,Default,Default,Default,Default,Default,.NET 6.0,Default,1,Default,Default,Default,Default,Default,Default,Default,Default,Default,16,Default,DotNetTips.Spargine.Extensions.BenchmarkTests,"Strings,Collections",500,75.900 μs,0.9284 μs,0.8684 μs,0.2242 μs,76.172 μs,74.309 μs,75.317 μs,76.660 μs,76.978 μs,"13,175.22",0.9284 μs,15.00,1.644,2.000,-0.2945,8,*,No,25.2686,1 KB,-,-,224 KB
'ToDelimitedString: *POOL',Job-SPYWVM,False,True,Default,Default,Default,Default,Default,1111,Empty,RyuJit,X64,8c5e7fda-e8bf-4a96-9a85-a6e23a8c635c,.NET 6.0,False,True,False,True,Default,Default,False,False,True,Default,Default,Default,Default,Default,.NET 6.0,Default,1,Default,Default,Default,Default,Default,Default,Default,Default,Default,16,Default,DotNetTips.Spargine.Extensions.BenchmarkTests,"Strings,Collections",1000,489.450 μs,25.1067 μs,74.0277 μs,7.4028 μs,484.064 μs,365.974 μs,428.644 μs,539.983 μs,666.551 μs,"2,043.11",25.1067 μs,100.00,2.212,3.481,0.3792,12,*,No,44.4336,1 KB,23.4375,12.2070,432 KB
'ToDelimitedString: *POOL',Job-SPYWVM,False,True,Default,Default,Default,Default,Default,1111,Empty,RyuJit,X64,8c5e7fda-e8bf-4a96-9a85-a6e23a8c635c,.NET 6.0,False,True,False,True,Default,Default,False,False,True,Default,Default,Default,Default,Default,.NET 6.0,Default,1,Default,Default,Default,Default,Default,Default,Default,Default,Default,16,Default,DotNetTips.Spargine.Extensions.BenchmarkTests,"Strings,Collections",2500,"1,031.063 μs",37.6524 μs,106.8135 μs,11.0760 μs,992.572 μs,837.660 μs,954.093 μs,"1,097.315 μs","1,309.900 μs",969.87,37.6524 μs,93.00,2.928,3.200,0.7511,15,*,No,103.5156,1 KB,48.8281,19.5313,"1,069 KB"
'Upsert: New Person',Job-SPYWVM,False,True,Default,Default,Default,Default,Default,1111,Empty,RyuJit,X64,8c5e7fda-e8bf-4a96-9a85-a6e23a8c635c,.NET 6.0,False,True,False,True,Default,Default,False,False,True,Default,Default,Default,Default,Default,.NET 6.0,Default,1,Default,Default,Default,Default,Default,Default,Default,Default,Default,16,Default,DotNetTips.Spargine.Extensions.BenchmarkTests,Collections,10,44.321 μs,0.5768 μs,0.5396 μs,0.1393 μs,44.127 μs,43.579 μs,44.041 μs,44.649 μs,45.220 μs,"22,562.86",0.5768 μs,15.00,1.710,2.000,0.2685,7,*,No,2.5024,1 KB,0.0610,-,21 KB
'Upsert: New Person',Job-SPYWVM,False,True,Default,Default,Default,Default,Default,1111,Empty,RyuJit,X64,8c5e7fda-e8bf-4a96-9a85-a6e23a8c635c,.NET 6.0,False,True,False,True,Default,Default,False,False,True,Default,Default,Default,Default,Default,.NET 6.0,Default,1,Default,Default,Default,Default,Default,Default,Default,Default,Default,16,Default,DotNetTips.Spargine.Extensions.BenchmarkTests,Collections,25,116.529 μs,0.9536 μs,0.8920 μs,0.2303 μs,116.383 μs,114.732 μs,116.070 μs,117.170 μs,118.366 μs,"8,581.55",0.9536 μs,15.00,2.588,2.000,0.0426,9,*,No,5.8594,1 KB,0.4883,-,52 KB
'Upsert: New Person',Job-SPYWVM,False,True,Default,Default,Default,Default,Default,1111,Empty,RyuJit,X64,8c5e7fda-e8bf-4a96-9a85-a6e23a8c635c,.NET 6.0,False,True,False,True,Default,Default,False,False,True,Default,Default,Default,Default,Default,.NET 6.0,Default,1,Default,Default,Default,Default,Default,Default,Default,Default,Default,16,Default,DotNetTips.Spargine.Extensions.BenchmarkTests,Collections,50,237.578 μs,3.0346 μs,2.8386 μs,0.7329 μs,236.864 μs,233.233 μs,235.767 μs,239.491 μs,242.423 μs,"4,209.15",3.0346 μs,15.00,1.738,2.000,0.3017,11,*,No,11.2305,1 KB,-,-,104 KB
'Upsert: New Person',Job-SPYWVM,False,True,Default,Default,Default,Default,Default,1111,Empty,RyuJit,X64,8c5e7fda-e8bf-4a96-9a85-a6e23a8c635c,.NET 6.0,False,True,False,True,Default,Default,False,False,True,Default,Default,Default,Default,Default,.NET 6.0,Default,1,Default,Default,Default,Default,Default,Default,Default,Default,Default,16,Default,DotNetTips.Spargine.Extensions.BenchmarkTests,Collections,100,731.538 μs,28.5992 μs,83.8764 μs,8.4299 μs,713.550 μs,572.259 μs,670.979 μs,785.672 μs,938.875 μs,"1,366.98",28.5992 μs,99.00,2.451,4.214,0.4015,14,*,No,21.4844,1 KB,11.7188,11.7188,207 KB
'Upsert: New Person',Job-SPYWVM,False,True,Default,Default,Default,Default,Default,1111,Empty,RyuJit,X64,8c5e7fda-e8bf-4a96-9a85-a6e23a8c635c,.NET 6.0,False,True,False,True,Default,Default,False,False,True,Default,Default,Default,Default,Default,.NET 6.0,Default,1,Default,Default,Default,Default,Default,Default,Default,Default,Default,16,Default,DotNetTips.Spargine.Extensions.BenchmarkTests,Collections,250,"1,609.875 μs",55.1134 μs,162.5030 μs,16.2503 μs,"1,583.173 μs","1,300.604 μs","1,494.143 μs","1,726.444 μs","2,050.718 μs",621.17,55.1134 μs,100.00,2.692,3.533,0.3417,17,*,No,44.9219,1 KB,37.1094,27.3438,514 KB
'Upsert: New Person',Job-SPYWVM,False,True,Default,Default,Default,Default,Default,1111,Empty,RyuJit,X64,8c5e7fda-e8bf-4a96-9a85-a6e23a8c635c,.NET 6.0,False,True,False,True,Default,Default,False,False,True,Default,Default,Default,Default,Default,.NET 6.0,Default,1,Default,Default,Default,Default,Default,Default,Default,Default,Default,16,Default,DotNetTips.Spargine.Extensions.BenchmarkTests,Collections,500,"2,603.442 μs",19.7770 μs,16.5147 μs,4.5803 μs,"2,596.917 μs","2,577.458 μs","2,593.742 μs","2,613.851 μs","2,639.054 μs",384.11,19.7770 μs,13.00,2.478,2.000,0.6426,18,*,No,70.3125,1 KB,66.4063,46.8750,"1,028 KB"
'Upsert: New Person',Job-SPYWVM,False,True,Default,Default,Default,Default,Default,1111,Empty,RyuJit,X64,8c5e7fda-e8bf-4a96-9a85-a6e23a8c635c,.NET 6.0,False,True,False,True,Default,Default,False,False,True,Default,Default,Default,Default,Default,.NET 6.0,Default,1,Default,Default,Default,Default,Default,Default,Default,Default,Default,16,Default,DotNetTips.Spargine.Extensions.BenchmarkTests,Collections,1000,"5,338.061 μs",72.5209 μs,94.2976 μs,19.2484 μs,"5,316.046 μs","5,231.565 μs","5,267.662 μs","5,353.244 μs","5,568.344 μs",187.33,72.5209 μs,24.00,3.089,2.000,1.1186,20,*,No,156.2500,1 KB,148.4375,132.8125,"2,568 KB"
'Upsert: New Person',Job-SPYWVM,False,True,Default,Default,Default,Default,Default,1111,Empty,RyuJit,X64,8c5e7fda-e8bf-4a96-9a85-a6e23a8c635c,.NET 6.0,False,True,False,True,Default,Default,False,False,True,Default,Default,Default,Default,Default,.NET 6.0,Default,1,Default,Default,Default,Default,Default,Default,Default,Default,Default,16,Default,DotNetTips.Spargine.Extensions.BenchmarkTests,Collections,2500,"16,764.348 μs",394.8221 μs,"1,145.4505 μs",116.3029 μs,"16,596.569 μs","14,066.684 μs","16,089.441 μs","17,431.709 μs","19,663.447 μs",59.65,394.8221 μs,97.00,2.860,2.387,0.1988,22,*,No,156.2500,1 KB,156.2500,156.2500,"6,378 KB"
Upsert,Job-SPYWVM,False,True,Default,Default,Default,Default,Default,1111,Empty,RyuJit,X64,8c5e7fda-e8bf-4a96-9a85-a6e23a8c635c,.NET 6.0,False,True,False,True,Default,Default,False,False,True,Default,Default,Default,Default,Default,.NET 6.0,Default,1,Default,Default,Default,Default,Default,Default,Default,Default,Default,16,Default,DotNetTips.Spargine.Extensions.BenchmarkTests,Collections,10,44.932 μs,0.6839 μs,0.6397 μs,0.1652 μs,44.823 μs,44.017 μs,44.435 μs,45.402 μs,46.381 μs,"22,255.90",0.6839 μs,15.00,2.421,2.000,0.5164,7,*,No,2.5635,1 KB,-,-,22 KB
Upsert,Job-SPYWVM,False,True,Default,Default,Default,Default,Default,1111,Empty,RyuJit,X64,8c5e7fda-e8bf-4a96-9a85-a6e23a8c635c,.NET 6.0,False,True,False,True,Default,Default,False,False,True,Default,Default,Default,Default,Default,.NET 6.0,Default,1,Default,Default,Default,Default,Default,Default,Default,Default,Default,16,Default,DotNetTips.Spargine.Extensions.BenchmarkTests,Collections,25,115.368 μs,0.6449 μs,0.5717 μs,0.1528 μs,115.242 μs,114.450 μs,115.027 μs,115.700 μs,116.730 μs,"8,667.94",0.6449 μs,14.00,3.002,2.000,0.6604,9,*,No,5.8594,1 KB,0.4883,-,52 KB
Upsert,Job-SPYWVM,False,True,Default,Default,Default,Default,Default,1111,Empty,RyuJit,X64,8c5e7fda-e8bf-4a96-9a85-a6e23a8c635c,.NET 6.0,False,True,False,True,Default,Default,False,False,True,Default,Default,Default,Default,Default,.NET 6.0,Default,1,Default,Default,Default,Default,Default,Default,Default,Default,Default,16,Default,DotNetTips.Spargine.Extensions.BenchmarkTests,Collections,50,240.207 μs,4.1435 μs,3.8758 μs,1.0007 μs,241.030 μs,234.555 μs,236.808 μs,241.950 μs,246.367 μs,"4,163.08",4.1435 μs,15.00,1.553,2.000,0.1839,11,*,No,11.2305,1 KB,-,-,104 KB
Upsert,Job-SPYWVM,False,True,Default,Default,Default,Default,Default,1111,Empty,RyuJit,X64,8c5e7fda-e8bf-4a96-9a85-a6e23a8c635c,.NET 6.0,False,True,False,True,Default,Default,False,False,True,Default,Default,Default,Default,Default,.NET 6.0,Default,1,Default,Default,Default,Default,Default,Default,Default,Default,Default,16,Default,DotNetTips.Spargine.Extensions.BenchmarkTests,Collections,100,672.999 μs,24.6920 μs,72.0278 μs,7.2759 μs,667.974 μs,550.365 μs,618.987 μs,719.113 μs,850.108 μs,"1,485.89",24.6920 μs,98.00,2.608,2.417,0.3843,13,*,No,18.5547,1 KB,15.6250,10.7422,208 KB
Upsert,Job-SPYWVM,False,True,Default,Default,Default,Default,Default,1111,Empty,RyuJit,X64,8c5e7fda-e8bf-4a96-9a85-a6e23a8c635c,.NET 6.0,False,True,False,True,Default,Default,False,False,True,Default,Default,Default,Default,Default,.NET 6.0,Default,1,Default,Default,Default,Default,Default,Default,Default,Default,Default,16,Default,DotNetTips.Spargine.Extensions.BenchmarkTests,Collections,250,"1,570.480 μs",52.6816 μs,154.5059 μs,15.5284 μs,"1,543.514 μs","1,321.229 μs","1,455.152 μs","1,665.752 μs","1,992.440 μs",636.75,52.6816 μs,99.00,3.338,3.290,0.8608,17,*,No,52.7344,1 KB,46.8750,25.3906,513 KB
Upsert,Job-SPYWVM,False,True,Default,Default,Default,Default,Default,1111,Empty,RyuJit,X64,8c5e7fda-e8bf-4a96-9a85-a6e23a8c635c,.NET 6.0,False,True,False,True,Default,Default,False,False,True,Default,Default,Default,Default,Default,.NET 6.0,Default,1,Default,Default,Default,Default,Default,Default,Default,Default,Default,16,Default,DotNetTips.Spargine.Extensions.BenchmarkTests,Collections,500,"2,585.243 μs",15.6380 μs,13.0585 μs,3.6218 μs,"2,580.675 μs","2,562.686 μs","2,578.363 μs","2,593.980 μs","2,606.690 μs",386.81,15.6380 μs,13.00,1.756,2.000,0.1084,18,*,No,66.4063,1 KB,62.5000,46.8750,"1,029 KB"
Upsert,Job-SPYWVM,False,True,Default,Default,Default,Default,Default,1111,Empty,RyuJit,X64,8c5e7fda-e8bf-4a96-9a85-a6e23a8c635c,.NET 6.0,False,True,False,True,Default,Default,False,False,True,Default,Default,Default,Default,Default,.NET 6.0,Default,1,Default,Default,Default,Default,Default,Default,Default,Default,Default,16,Default,DotNetTips.Spargine.Extensions.BenchmarkTests,Collections,1000,"5,449.920 μs",90.8508 μs,108.1514 μs,23.6006 μs,"5,418.021 μs","5,276.271 μs","5,380.146 μs","5,521.106 μs","5,729.531 μs",183.49,90.8508 μs,21.00,3.073,2.000,0.6365,20,*,No,156.2500,1 KB,156.2500,140.6250,"2,567 KB"
Upsert,Job-SPYWVM,False,True,Default,Default,Default,Default,Default,1111,Empty,RyuJit,X64,8c5e7fda-e8bf-4a96-9a85-a6e23a8c635c,.NET 6.0,False,True,False,True,Default,Default,False,False,True,Default,Default,Default,Default,Default,.NET 6.0,Default,1,Default,Default,Default,Default,Default,Default,Default,Default,Default,16,Default,DotNetTips.Spargine.Extensions.BenchmarkTests,Collections,2500,"16,929.350 μs",357.6741 μs,"1,037.6774 μs",105.3602 μs,"17,092.777 μs","14,176.987 μs","16,147.597 μs","17,669.919 μs","19,259.427 μs",59.07,357.6741 μs,97.00,2.787,2.000,-0.3705,22,*,No,187.5000,1 KB,171.8750,171.8750,"6,383 KB"
