Method,Job,AnalyzeLaunchVariance,EvaluateOverhead,MaxAbsoluteError,MaxRelativeError,MinInvokeCount,MinIterationTime,OutlierMode,Affinity,EnvironmentVariables,Jit,Platform,PowerPlanMode,Runtime,AllowVeryLargeObjects,Concurrent,CpuGroups,Force,HeapAffinitizeMask,HeapCount,NoAffinitize,RetainVm,Server,Arguments,BuildConfiguration,Clock,EngineFactory,NuGetReferences,Toolchain,IsMutator,InvocationCount,IterationCount,IterationTime,LaunchCount,MaxIterationCount,MaxWarmupIterationCount,MemoryRandomization,MinIterationCount,MinWarmupIterationCount,RunStrategy,UnrollFactor,WarmupCount,Namespace,Categories,Count,Mean,Error,StdDev,StdErr,Min,Q1,Median,Q3,Max,Op/s,CI99.9% Margin,Iterations,Kurtosis,MValue,Skewness,Rank,LogicalGroup,Baseline,Code Size,Gen 0,Gen 1,Gen 2,Allocated
'HasItems: With Count',Job-SPYWVM,False,True,Default,Default,Default,Default,Default,1111,Empty,RyuJit,X64,8c5e7fda-e8bf-4a96-9a85-a6e23a8c635c,.NET 6.0,False,True,False,True,Default,Default,False,False,True,Default,Default,Default,Default,Default,.NET 6.0,Default,1,Default,Default,Default,Default,Default,Default,Default,Default,Default,16,Default,DotNetTips.Spargine.Extensions.BenchmarkTests,Collections,10,524.1 ns,5.89 ns,5.51 ns,1.42 ns,515.5 ns,520.3 ns,524.4 ns,528.0 ns,533.9 ns,"1,908,034.88",5.891 ns,15.00,1.754,2.000,0.3386,2,*,No,433 B,0.0477,-,-,440 B
'HasItems: With Count',Job-SPYWVM,False,True,Default,Default,Default,Default,Default,1111,Empty,RyuJit,X64,8c5e7fda-e8bf-4a96-9a85-a6e23a8c635c,.NET 6.0,False,True,False,True,Default,Default,False,False,True,Default,Default,Default,Default,Default,.NET 6.0,Default,1,Default,Default,Default,Default,Default,Default,Default,Default,Default,16,Default,DotNetTips.Spargine.Extensions.BenchmarkTests,Collections,25,881.3 ns,8.87 ns,8.30 ns,2.14 ns,862.8 ns,877.2 ns,878.7 ns,888.1 ns,895.9 ns,"1,134,707.48",8.871 ns,15.00,2.629,2.000,-0.1946,3,*,No,433 B,0.0772,-,-,720 B
'HasItems: With Count',Job-SPYWVM,False,True,Default,Default,Default,Default,Default,1111,Empty,RyuJit,X64,8c5e7fda-e8bf-4a96-9a85-a6e23a8c635c,.NET 6.0,False,True,False,True,Default,Default,False,False,True,Default,Default,Default,Default,Default,.NET 6.0,Default,1,Default,Default,Default,Default,Default,Default,Default,Default,Default,16,Default,DotNetTips.Spargine.Extensions.BenchmarkTests,Collections,50,"1,365.2 ns",24.03 ns,22.48 ns,5.80 ns,"1,335.7 ns","1,351.5 ns","1,358.7 ns","1,377.6 ns","1,412.5 ns","732,469.08",24.031 ns,15.00,2.192,2.000,0.6298,4,*,No,433 B,0.1392,-,-,"1,256 B"
'HasItems: With Count',Job-SPYWVM,False,True,Default,Default,Default,Default,Default,1111,Empty,RyuJit,X64,8c5e7fda-e8bf-4a96-9a85-a6e23a8c635c,.NET 6.0,False,True,False,True,Default,Default,False,False,True,Default,Default,Default,Default,Default,.NET 6.0,Default,1,Default,Default,Default,Default,Default,Default,Default,Default,Default,16,Default,DotNetTips.Spargine.Extensions.BenchmarkTests,Collections,100,"2,350.2 ns",34.94 ns,32.68 ns,8.44 ns,"2,300.7 ns","2,324.7 ns","2,343.4 ns","2,382.6 ns","2,400.1 ns","425,496.26",34.940 ns,15.00,1.477,2.000,0.1556,5,*,No,433 B,0.2556,-,-,"2,304 B"
'HasItems: With Count',Job-SPYWVM,False,True,Default,Default,Default,Default,Default,1111,Empty,RyuJit,X64,8c5e7fda-e8bf-4a96-9a85-a6e23a8c635c,.NET 6.0,False,True,False,True,Default,Default,False,False,True,Default,Default,Default,Default,Default,.NET 6.0,Default,1,Default,Default,Default,Default,Default,Default,Default,Default,Default,16,Default,DotNetTips.Spargine.Extensions.BenchmarkTests,Collections,250,"5,045.3 ns",53.58 ns,50.12 ns,12.94 ns,"4,971.1 ns","5,003.6 ns","5,041.5 ns","5,076.8 ns","5,129.1 ns","198,203.52",53.581 ns,15.00,1.703,2.000,0.2492,7,*,No,433 B,0.4730,-,-,"4,376 B"
'HasItems: With Count',Job-SPYWVM,False,True,Default,Default,Default,Default,Default,1111,Empty,RyuJit,X64,8c5e7fda-e8bf-4a96-9a85-a6e23a8c635c,.NET 6.0,False,True,False,True,Default,Default,False,False,True,Default,Default,Default,Default,Default,.NET 6.0,Default,1,Default,Default,Default,Default,Default,Default,Default,Default,Default,16,Default,DotNetTips.Spargine.Extensions.BenchmarkTests,Collections,500,"10,024.0 ns",197.68 ns,301.88 ns,54.22 ns,"9,316.5 ns","9,963.9 ns","10,133.8 ns","10,214.7 ns","10,397.5 ns","99,760.74",197.684 ns,31.00,2.894,2.000,-1.0572,9,*,No,433 B,0.9308,-,-,"8,496 B"
'HasItems: With Count',Job-SPYWVM,False,True,Default,Default,Default,Default,Default,1111,Empty,RyuJit,X64,8c5e7fda-e8bf-4a96-9a85-a6e23a8c635c,.NET 6.0,False,True,False,True,Default,Default,False,False,True,Default,Default,Default,Default,Default,.NET 6.0,Default,1,Default,Default,Default,Default,Default,Default,Default,Default,Default,16,Default,DotNetTips.Spargine.Extensions.BenchmarkTests,Collections,1000,"18,745.3 ns",296.93 ns,277.75 ns,71.71 ns,"18,424.7 ns","18,554.8 ns","18,688.9 ns","18,900.8 ns","19,274.2 ns","53,346.78",296.929 ns,15.00,2.131,2.000,0.7249,10,*,No,433 B,1.8005,-,-,"16,712 B"
'HasItems: With Count',Job-SPYWVM,False,True,Default,Default,Default,Default,Default,1111,Empty,RyuJit,X64,8c5e7fda-e8bf-4a96-9a85-a6e23a8c635c,.NET 6.0,False,True,False,True,Default,Default,False,False,True,Default,Default,Default,Default,Default,.NET 6.0,Default,1,Default,Default,Default,Default,Default,Default,Default,Default,Default,16,Default,DotNetTips.Spargine.Extensions.BenchmarkTests,Collections,2500,"48,001.5 ns",602.42 ns,563.51 ns,145.50 ns,"47,156.3 ns","47,601.9 ns","48,006.4 ns","48,251.8 ns","49,134.2 ns","20,832.68",602.424 ns,15.00,2.162,2.000,0.2100,12,*,No,433 B,6.9580,0.3662,-,"65,914 B"
AddRange,Job-SPYWVM,False,True,Default,Default,Default,Default,Default,1111,Empty,RyuJit,X64,8c5e7fda-e8bf-4a96-9a85-a6e23a8c635c,.NET 6.0,False,True,False,True,Default,Default,False,False,True,Default,Default,Default,Default,Default,.NET 6.0,Default,1,Default,Default,Default,Default,Default,Default,Default,Default,Default,16,Default,DotNetTips.Spargine.Extensions.BenchmarkTests,Collections,10,"49,101.2 ns",443.49 ns,414.84 ns,107.11 ns,"48,436.4 ns","48,723.2 ns","49,089.5 ns","49,418.4 ns","49,714.1 ns","20,366.10",443.488 ns,15.00,1.524,2.000,-0.1137,13,*,No,"1,129 B",1.2817,-,-,"11,680 B"
AddRange,Job-SPYWVM,False,True,Default,Default,Default,Default,Default,1111,Empty,RyuJit,X64,8c5e7fda-e8bf-4a96-9a85-a6e23a8c635c,.NET 6.0,False,True,False,True,Default,Default,False,False,True,Default,Default,Default,Default,Default,.NET 6.0,Default,1,Default,Default,Default,Default,Default,Default,Default,Default,Default,16,Default,DotNetTips.Spargine.Extensions.BenchmarkTests,Collections,25,"110,372.0 ns",815.58 ns,681.05 ns,188.89 ns,"108,926.0 ns","110,359.0 ns","110,472.2 ns","110,824.9 ns","111,076.9 ns","9,060.27",815.579 ns,13.00,3.040,2.000,-1.1558,14,*,No,"1,129 B",2.9297,-,-,"26,585 B"
AddRange,Job-SPYWVM,False,True,Default,Default,Default,Default,Default,1111,Empty,RyuJit,X64,8c5e7fda-e8bf-4a96-9a85-a6e23a8c635c,.NET 6.0,False,True,False,True,Default,Default,False,False,True,Default,Default,Default,Default,Default,.NET 6.0,Default,1,Default,Default,Default,Default,Default,Default,Default,Default,Default,16,Default,DotNetTips.Spargine.Extensions.BenchmarkTests,Collections,50,"228,370.7 ns","1,657.05 ns","1,550.00 ns",400.21 ns,"225,382.8 ns","227,865.1 ns","228,848.3 ns","229,227.5 ns","230,696.9 ns","4,378.84","1,657.049 ns",15.00,2.113,2.000,-0.3971,15,*,No,"1,129 B",5.6152,0.4883,-,"53,378 B"
AddRange,Job-SPYWVM,False,True,Default,Default,Default,Default,Default,1111,Empty,RyuJit,X64,8c5e7fda-e8bf-4a96-9a85-a6e23a8c635c,.NET 6.0,False,True,False,True,Default,Default,False,False,True,Default,Default,Default,Default,Default,.NET 6.0,Default,1,Default,Default,Default,Default,Default,Default,Default,Default,Default,16,Default,DotNetTips.Spargine.Extensions.BenchmarkTests,Collections,100,"466,083.2 ns","4,172.50 ns","3,902.96 ns","1,007.74 ns","460,022.3 ns","462,308.6 ns","467,044.7 ns","468,757.6 ns","472,401.9 ns","2,145.54","4,172.505 ns",15.00,1.497,2.000,-0.0717,16,*,No,"1,129 B",11.7188,1.4648,-,"105,307 B"
AddRange,Job-SPYWVM,False,True,Default,Default,Default,Default,Default,1111,Empty,RyuJit,X64,8c5e7fda-e8bf-4a96-9a85-a6e23a8c635c,.NET 6.0,False,True,False,True,Default,Default,False,False,True,Default,Default,Default,Default,Default,.NET 6.0,Default,1,Default,Default,Default,Default,Default,Default,Default,Default,Default,16,Default,DotNetTips.Spargine.Extensions.BenchmarkTests,Collections,250,"1,281,823.6 ns","16,708.00 ns","13,951.94 ns","3,869.57 ns","1,263,933.3 ns","1,275,747.9 ns","1,281,984.7 ns","1,283,769.2 ns","1,316,122.0 ns",780.14,"16,708.005 ns",13.00,3.411,2.000,0.9174,17,*,No,"1,129 B",25.3906,15.6250,11.7188,"257,892 B"
AddRange,Job-SPYWVM,False,True,Default,Default,Default,Default,Default,1111,Empty,RyuJit,X64,8c5e7fda-e8bf-4a96-9a85-a6e23a8c635c,.NET 6.0,False,True,False,True,Default,Default,False,False,True,Default,Default,Default,Default,Default,.NET 6.0,Default,1,Default,Default,Default,Default,Default,Default,Default,Default,Default,16,Default,DotNetTips.Spargine.Extensions.BenchmarkTests,Collections,500,"2,773,987.6 ns","22,793.92 ns","21,321.45 ns","5,505.18 ns","2,731,746.5 ns","2,758,448.0 ns","2,781,063.3 ns","2,790,299.2 ns","2,798,258.6 ns",360.49,"22,793.924 ns",15.00,1.789,2.000,-0.5119,18,*,No,"1,129 B",54.6875,35.1563,23.4375,"516,640 B"
AddRange,Job-SPYWVM,False,True,Default,Default,Default,Default,Default,1111,Empty,RyuJit,X64,8c5e7fda-e8bf-4a96-9a85-a6e23a8c635c,.NET 6.0,False,True,False,True,Default,Default,False,False,True,Default,Default,Default,Default,Default,.NET 6.0,Default,1,Default,Default,Default,Default,Default,Default,Default,Default,Default,16,Default,DotNetTips.Spargine.Extensions.BenchmarkTests,Collections,1000,"6,737,500.8 ns","59,526.60 ns","55,681.22 ns","14,376.83 ns","6,603,937.5 ns","6,705,596.1 ns","6,737,253.9 ns","6,771,718.4 ns","6,835,210.9 ns",148.42,"59,526.600 ns",15.00,3.062,2.000,-0.5099,19,*,No,"1,129 B",39.0625,39.0625,39.0625,"1,028,361 B"
AddRange,Job-SPYWVM,False,True,Default,Default,Default,Default,Default,1111,Empty,RyuJit,X64,8c5e7fda-e8bf-4a96-9a85-a6e23a8c635c,.NET 6.0,False,True,False,True,Default,Default,False,False,True,Default,Default,Default,Default,Default,.NET 6.0,Default,1,Default,Default,Default,Default,Default,Default,Default,Default,Default,16,Default,DotNetTips.Spargine.Extensions.BenchmarkTests,Collections,2500,"23,788,551.6 ns","189,158.00 ns","167,683.64 ns","44,815.34 ns","23,527,375.0 ns","23,706,143.0 ns","23,748,417.2 ns","23,871,844.5 ns","24,134,703.1 ns",42.04,"189,158.004 ns",14.00,2.244,2.000,0.4400,20,*,No,"1,129 B",93.7500,93.7500,93.7500,"3,170,190 B"
HasItems,Job-SPYWVM,False,True,Default,Default,Default,Default,Default,1111,Empty,RyuJit,X64,8c5e7fda-e8bf-4a96-9a85-a6e23a8c635c,.NET 6.0,False,True,False,True,Default,Default,False,False,True,Default,Default,Default,Default,Default,.NET 6.0,Default,1,Default,Default,Default,Default,Default,Default,Default,Default,Default,16,Default,DotNetTips.Spargine.Extensions.BenchmarkTests,Collections,10,509.7 ns,6.49 ns,6.07 ns,1.57 ns,499.3 ns,507.0 ns,508.2 ns,513.2 ns,522.1 ns,"1,961,816.90",6.485 ns,15.00,2.486,2.000,0.1179,1,*,No,432 B,0.0477,-,-,440 B
HasItems,Job-SPYWVM,False,True,Default,Default,Default,Default,Default,1111,Empty,RyuJit,X64,8c5e7fda-e8bf-4a96-9a85-a6e23a8c635c,.NET 6.0,False,True,False,True,Default,Default,False,False,True,Default,Default,Default,Default,Default,.NET 6.0,Default,1,Default,Default,Default,Default,Default,Default,Default,Default,Default,16,Default,DotNetTips.Spargine.Extensions.BenchmarkTests,Collections,25,877.6 ns,17.27 ns,21.21 ns,4.52 ns,835.0 ns,862.1 ns,886.0 ns,890.3 ns,909.0 ns,"1,139,529.19",17.268 ns,22.00,2.002,2.000,-0.4510,3,*,No,432 B,0.0782,-,-,720 B
HasItems,Job-SPYWVM,False,True,Default,Default,Default,Default,Default,1111,Empty,RyuJit,X64,8c5e7fda-e8bf-4a96-9a85-a6e23a8c635c,.NET 6.0,False,True,False,True,Default,Default,False,False,True,Default,Default,Default,Default,Default,.NET 6.0,Default,1,Default,Default,Default,Default,Default,Default,Default,Default,Default,16,Default,DotNetTips.Spargine.Extensions.BenchmarkTests,Collections,50,"1,346.9 ns",23.29 ns,20.65 ns,5.52 ns,"1,326.5 ns","1,332.3 ns","1,340.8 ns","1,351.6 ns","1,392.1 ns","742,448.18",23.290 ns,14.00,2.781,2.000,1.0497,4,*,No,432 B,0.1392,-,-,"1,256 B"
HasItems,Job-SPYWVM,False,True,Default,Default,Default,Default,Default,1111,Empty,RyuJit,X64,8c5e7fda-e8bf-4a96-9a85-a6e23a8c635c,.NET 6.0,False,True,False,True,Default,Default,False,False,True,Default,Default,Default,Default,Default,.NET 6.0,Default,1,Default,Default,Default,Default,Default,Default,Default,Default,Default,16,Default,DotNetTips.Spargine.Extensions.BenchmarkTests,Collections,100,"2,322.7 ns",46.24 ns,45.42 ns,11.35 ns,"2,267.9 ns","2,283.1 ns","2,312.4 ns","2,363.0 ns","2,422.8 ns","430,530.44",46.242 ns,16.00,2.207,2.000,0.7273,5,*,No,432 B,0.2480,-,-,"2,304 B"
HasItems,Job-SPYWVM,False,True,Default,Default,Default,Default,Default,1111,Empty,RyuJit,X64,8c5e7fda-e8bf-4a96-9a85-a6e23a8c635c,.NET 6.0,False,True,False,True,Default,Default,False,False,True,Default,Default,Default,Default,Default,.NET 6.0,Default,1,Default,Default,Default,Default,Default,Default,Default,Default,Default,16,Default,DotNetTips.Spargine.Extensions.BenchmarkTests,Collections,250,"4,912.2 ns",48.78 ns,43.24 ns,11.56 ns,"4,860.1 ns","4,881.1 ns","4,901.1 ns","4,938.4 ns","5,017.3 ns","203,575.73",48.779 ns,14.00,2.969,2.000,0.8834,6,*,No,432 B,0.4807,-,-,"4,376 B"
HasItems,Job-SPYWVM,False,True,Default,Default,Default,Default,Default,1111,Empty,RyuJit,X64,8c5e7fda-e8bf-4a96-9a85-a6e23a8c635c,.NET 6.0,False,True,False,True,Default,Default,False,False,True,Default,Default,Default,Default,Default,.NET 6.0,Default,1,Default,Default,Default,Default,Default,Default,Default,Default,Default,16,Default,DotNetTips.Spargine.Extensions.BenchmarkTests,Collections,500,"9,550.5 ns",117.39 ns,104.06 ns,27.81 ns,"9,434.5 ns","9,478.4 ns","9,514.5 ns","9,604.6 ns","9,804.1 ns","104,706.27",117.388 ns,14.00,2.999,2.000,1.0077,8,*,No,432 B,0.9308,-,-,"8,496 B"
HasItems,Job-SPYWVM,False,True,Default,Default,Default,Default,Default,1111,Empty,RyuJit,X64,8c5e7fda-e8bf-4a96-9a85-a6e23a8c635c,.NET 6.0,False,True,False,True,Default,Default,False,False,True,Default,Default,Default,Default,Default,.NET 6.0,Default,1,Default,Default,Default,Default,Default,Default,Default,Default,Default,16,Default,DotNetTips.Spargine.Extensions.BenchmarkTests,Collections,1000,"19,959.8 ns",184.87 ns,172.93 ns,44.65 ns,"19,693.4 ns","19,836.0 ns","19,950.5 ns","20,105.1 ns","20,231.7 ns","50,100.67",184.872 ns,15.00,1.521,2.000,0.0136,11,*,No,432 B,1.8005,-,-,"16,712 B"
HasItems,Job-SPYWVM,False,True,Default,Default,Default,Default,Default,1111,Empty,RyuJit,X64,8c5e7fda-e8bf-4a96-9a85-a6e23a8c635c,.NET 6.0,False,True,False,True,Default,Default,False,False,True,Default,Default,Default,Default,Default,.NET 6.0,Default,1,Default,Default,Default,Default,Default,Default,Default,Default,Default,16,Default,DotNetTips.Spargine.Extensions.BenchmarkTests,Collections,2500,"49,865.7 ns",996.20 ns,931.84 ns,240.60 ns,"48,757.1 ns","49,166.0 ns","49,587.1 ns","50,253.6 ns","51,725.4 ns","20,053.85",996.196 ns,15.00,1.981,2.000,0.5595,13,*,No,432 B,6.8970,0.3052,-,"65,914 B"
