{
   "Title":"DotNetTips.Spargine.Extensions.BenchmarkTests.EnumExtensionsBenchmark-20220530-161821",
   "HostEnvironmentInfo":{
      "BenchmarkDotNetCaption":"BenchmarkDotNet",
      "BenchmarkDotNetVersion":"0.13.1",
      "OsVersion":"Windows 10.0.19044.1706 (21H2)",
      "ProcessorName":"Intel Core i7-7660U CPU 2.50GHz (Kaby Lake)",
      "PhysicalProcessorCount":1,
      "PhysicalCoreCount":2,
      "LogicalCoreCount":4,
      "RuntimeVersion":".NET 6.0.5 (6.0.522.21309)",
      "Architecture":"X64",
      "HasAttachedDebugger":false,
      "HasRyuJit":true,
      "Configuration":"RELEASE",
      "DotNetCliVersion":"6.0.300",
      "ChronometerFrequency":{
         "Hertz":10000000
      },
      "HardwareTimerKind":"Unknown"
   },
   "Benchmarks":[
      {
         "DisplayInfo":"EnumExtensionsBenchmark.GetDescription: Job-SPYWVM(EvaluateOverhead=True, Server=True, Toolchain=.NET 6.0)",
         "Namespace":"DotNetTips.Spargine.Extensions.BenchmarkTests",
         "Type":"EnumExtensionsBenchmark",
         "Method":"GetDescription01",
         "MethodTitle":"GetDescription",
         "Parameters":"",
         "FullName":"DotNetTips.Spargine.Extensions.BenchmarkTests.EnumExtensionsBenchmark.GetDescription01",
         "Statistics":{
            "OriginalValues":[
               247.2647190093994,249.3751049041748,249.12757873535156,247.96385765075684,247.22108840942383,243.89028549194336,247.73211479187012,248.00853729248047,249.07293319702148,247.98741340637207,249.90229606628418,247.33943939208984,247.75004386901855,249.0565299987793
            ],
            "N":14,
            "Min":243.89028549194336,
            "LowerFence":244.99077200889587,
            "Q1":247.4376082420349,
            "Median":247.97563552856445,
            "Mean":247.97799587249756,
            "Q3":249.06883239746094,
            "UpperFence":251.51566863059998,
            "Max":249.90229606628418,
            "InterquartileRange":1.6312241554260254,
            "LowerOutliers":[
               243.89028549194336
            ],
            "UpperOutliers":[
               
            ],
            "AllOutliers":[
               243.89028549194336
            ],
            "StandardError":0.3897798304375714,
            "Variance":2.1269964270231867,
            "StandardDeviation":1.4584225817722334,
            "Skewness":-1.276745568339473,
            "Kurtosis":4.7684401525341,
            "ConfidenceInterval":{
               "N":14,
               "Mean":247.97799587249756,
               "StandardError":0.3897798304375714,
               "Level":12,
               "Margin":1.645195075131259,
               "Lower":246.3328007973663,
               "Upper":249.6231909476288
            },
            "Percentiles":{
               "P0":243.89028549194336,
               "P25":247.4376082420349,
               "P50":247.97563552856445,
               "P67":248.75261211395264,
               "P80":249.09479141235352,
               "P85":249.13995504379272,
               "P90":249.30084705352783,
               "P95":249.5596218109131,
               "P100":249.90229606628418
            }
         },
         "Memory":{
            "Gen0Collections":5,
            "Gen1Collections":0,
            "Gen2Collections":0,
            "TotalOperations":2097152
         },
         "Measurements":[
            {
               "IterationMode":"Overhead",
               "IterationStage":"Jitting",
               "LaunchIndex":1,
               "IterationIndex":1,
               "Operations":1,
               "Nanoseconds":252300
            },{
               "IterationMode":"Workload",
               "IterationStage":"Jitting",
               "LaunchIndex":1,
               "IterationIndex":1,
               "Operations":1,
               "Nanoseconds":1289900
            },{
               "IterationMode":"Overhead",
               "IterationStage":"Jitting",
               "LaunchIndex":1,
               "IterationIndex":2,
               "Operations":16,
               "Nanoseconds":214500
            },{
               "IterationMode":"Workload",
               "IterationStage":"Jitting",
               "LaunchIndex":1,
               "IterationIndex":2,
               "Operations":16,
               "Nanoseconds":261500
            },{
               "IterationMode":"Workload",
               "IterationStage":"Pilot",
               "LaunchIndex":1,
               "IterationIndex":1,
               "Operations":16,
               "Nanoseconds":55800
            },{
               "IterationMode":"Workload",
               "IterationStage":"Pilot",
               "LaunchIndex":1,
               "IterationIndex":2,
               "Operations":32,
               "Nanoseconds":41200
            },{
               "IterationMode":"Workload",
               "IterationStage":"Pilot",
               "LaunchIndex":1,
               "IterationIndex":3,
               "Operations":64,
               "Nanoseconds":61700
            },{
               "IterationMode":"Workload",
               "IterationStage":"Pilot",
               "LaunchIndex":1,
               "IterationIndex":4,
               "Operations":128,
               "Nanoseconds":93200
            },{
               "IterationMode":"Workload",
               "IterationStage":"Pilot",
               "LaunchIndex":1,
               "IterationIndex":5,
               "Operations":256,
               "Nanoseconds":137200
            },{
               "IterationMode":"Workload",
               "IterationStage":"Pilot",
               "LaunchIndex":1,
               "IterationIndex":6,
               "Operations":512,
               "Nanoseconds":240100
            },{
               "IterationMode":"Workload",
               "IterationStage":"Pilot",
               "LaunchIndex":1,
               "IterationIndex":7,
               "Operations":1024,
               "Nanoseconds":436400
            },{
               "IterationMode":"Workload",
               "IterationStage":"Pilot",
               "LaunchIndex":1,
               "IterationIndex":8,
               "Operations":2048,
               "Nanoseconds":857400
            },{
               "IterationMode":"Workload",
               "IterationStage":"Pilot",
               "LaunchIndex":1,
               "IterationIndex":9,
               "Operations":4096,
               "Nanoseconds":1611200
            },{
               "IterationMode":"Workload",
               "IterationStage":"Pilot",
               "LaunchIndex":1,
               "IterationIndex":10,
               "Operations":8192,
               "Nanoseconds":3531500
            },{
               "IterationMode":"Workload",
               "IterationStage":"Pilot",
               "LaunchIndex":1,
               "IterationIndex":11,
               "Operations":16384,
               "Nanoseconds":6714700
            },{
               "IterationMode":"Workload",
               "IterationStage":"Pilot",
               "LaunchIndex":1,
               "IterationIndex":12,
               "Operations":32768,
               "Nanoseconds":13233500
            },{
               "IterationMode":"Workload",
               "IterationStage":"Pilot",
               "LaunchIndex":1,
               "IterationIndex":13,
               "Operations":65536,
               "Nanoseconds":26072900
            },{
               "IterationMode":"Workload",
               "IterationStage":"Pilot",
               "LaunchIndex":1,
               "IterationIndex":14,
               "Operations":131072,
               "Nanoseconds":48340600
            },{
               "IterationMode":"Workload",
               "IterationStage":"Pilot",
               "LaunchIndex":1,
               "IterationIndex":15,
               "Operations":262144,
               "Nanoseconds":87921400
            },{
               "IterationMode":"Workload",
               "IterationStage":"Pilot",
               "LaunchIndex":1,
               "IterationIndex":16,
               "Operations":524288,
               "Nanoseconds":130063000
            },{
               "IterationMode":"Workload",
               "IterationStage":"Pilot",
               "LaunchIndex":1,
               "IterationIndex":17,
               "Operations":1048576,
               "Nanoseconds":258536700
            },{
               "IterationMode":"Workload",
               "IterationStage":"Pilot",
               "LaunchIndex":1,
               "IterationIndex":18,
               "Operations":2097152,
               "Nanoseconds":510847800
            },{
               "IterationMode":"Overhead",
               "IterationStage":"Warmup",
               "LaunchIndex":1,
               "IterationIndex":1,
               "Operations":2097152,
               "Nanoseconds":3962100
            },{
               "IterationMode":"Overhead",
               "IterationStage":"Warmup",
               "LaunchIndex":1,
               "IterationIndex":2,
               "Operations":2097152,
               "Nanoseconds":3824400
            },{
               "IterationMode":"Overhead",
               "IterationStage":"Warmup",
               "LaunchIndex":1,
               "IterationIndex":3,
               "Operations":2097152,
               "Nanoseconds":3953700
            },{
               "IterationMode":"Overhead",
               "IterationStage":"Warmup",
               "LaunchIndex":1,
               "IterationIndex":4,
               "Operations":2097152,
               "Nanoseconds":4147200
            },{
               "IterationMode":"Overhead",
               "IterationStage":"Warmup",
               "LaunchIndex":1,
               "IterationIndex":5,
               "Operations":2097152,
               "Nanoseconds":4191300
            },{
               "IterationMode":"Overhead",
               "IterationStage":"Warmup",
               "LaunchIndex":1,
               "IterationIndex":6,
               "Operations":2097152,
               "Nanoseconds":3849000
            },{
               "IterationMode":"Overhead",
               "IterationStage":"Warmup",
               "LaunchIndex":1,
               "IterationIndex":7,
               "Operations":2097152,
               "Nanoseconds":4105900
            },{
               "IterationMode":"Overhead",
               "IterationStage":"Warmup",
               "LaunchIndex":1,
               "IterationIndex":8,
               "Operations":2097152,
               "Nanoseconds":4012300
            },{
               "IterationMode":"Overhead",
               "IterationStage":"Actual",
               "LaunchIndex":1,
               "IterationIndex":1,
               "Operations":2097152,
               "Nanoseconds":3810500
            },{
               "IterationMode":"Overhead",
               "IterationStage":"Actual",
               "LaunchIndex":1,
               "IterationIndex":2,
               "Operations":2097152,
               "Nanoseconds":3809400
            },{
               "IterationMode":"Overhead",
               "IterationStage":"Actual",
               "LaunchIndex":1,
               "IterationIndex":3,
               "Operations":2097152,
               "Nanoseconds":3931100
            },{
               "IterationMode":"Overhead",
               "IterationStage":"Actual",
               "LaunchIndex":1,
               "IterationIndex":4,
               "Operations":2097152,
               "Nanoseconds":3812700
            },{
               "IterationMode":"Overhead",
               "IterationStage":"Actual",
               "LaunchIndex":1,
               "IterationIndex":5,
               "Operations":2097152,
               "Nanoseconds":4105000
            },{
               "IterationMode":"Overhead",
               "IterationStage":"Actual",
               "LaunchIndex":1,
               "IterationIndex":6,
               "Operations":2097152,
               "Nanoseconds":3978700
            },{
               "IterationMode":"Overhead",
               "IterationStage":"Actual",
               "LaunchIndex":1,
               "IterationIndex":7,
               "Operations":2097152,
               "Nanoseconds":3860300
            },{
               "IterationMode":"Overhead",
               "IterationStage":"Actual",
               "LaunchIndex":1,
               "IterationIndex":8,
               "Operations":2097152,
               "Nanoseconds":4374100
            },{
               "IterationMode":"Overhead",
               "IterationStage":"Actual",
               "LaunchIndex":1,
               "IterationIndex":9,
               "Operations":2097152,
               "Nanoseconds":3840000
            },{
               "IterationMode":"Overhead",
               "IterationStage":"Actual",
               "LaunchIndex":1,
               "IterationIndex":10,
               "Operations":2097152,
               "Nanoseconds":4036300
            },{
               "IterationMode":"Overhead",
               "IterationStage":"Actual",
               "LaunchIndex":1,
               "IterationIndex":11,
               "Operations":2097152,
               "Nanoseconds":4384000
            },{
               "IterationMode":"Overhead",
               "IterationStage":"Actual",
               "LaunchIndex":1,
               "IterationIndex":12,
               "Operations":2097152,
               "Nanoseconds":4132800
            },{
               "IterationMode":"Overhead",
               "IterationStage":"Actual",
               "LaunchIndex":1,
               "IterationIndex":13,
               "Operations":2097152,
               "Nanoseconds":4033300
            },{
               "IterationMode":"Overhead",
               "IterationStage":"Actual",
               "LaunchIndex":1,
               "IterationIndex":14,
               "Operations":2097152,
               "Nanoseconds":4252300
            },{
               "IterationMode":"Overhead",
               "IterationStage":"Actual",
               "LaunchIndex":1,
               "IterationIndex":15,
               "Operations":2097152,
               "Nanoseconds":4133300
            },{
               "IterationMode":"Overhead",
               "IterationStage":"Actual",
               "LaunchIndex":1,
               "IterationIndex":16,
               "Operations":2097152,
               "Nanoseconds":4029500
            },{
               "IterationMode":"Workload",
               "IterationStage":"Warmup",
               "LaunchIndex":1,
               "IterationIndex":1,
               "Operations":2097152,
               "Nanoseconds":534565200
            },{
               "IterationMode":"Workload",
               "IterationStage":"Warmup",
               "LaunchIndex":1,
               "IterationIndex":2,
               "Operations":2097152,
               "Nanoseconds":529358100
            },{
               "IterationMode":"Workload",
               "IterationStage":"Warmup",
               "LaunchIndex":1,
               "IterationIndex":3,
               "Operations":2097152,
               "Nanoseconds":531532300
            },{
               "IterationMode":"Workload",
               "IterationStage":"Warmup",
               "LaunchIndex":1,
               "IterationIndex":4,
               "Operations":2097152,
               "Nanoseconds":535157100
            },{
               "IterationMode":"Workload",
               "IterationStage":"Warmup",
               "LaunchIndex":1,
               "IterationIndex":5,
               "Operations":2097152,
               "Nanoseconds":527331000
            },{
               "IterationMode":"Workload",
               "IterationStage":"Warmup",
               "LaunchIndex":1,
               "IterationIndex":6,
               "Operations":2097152,
               "Nanoseconds":535626600
            },{
               "IterationMode":"Workload",
               "IterationStage":"Warmup",
               "LaunchIndex":1,
               "IterationIndex":7,
               "Operations":2097152,
               "Nanoseconds":529781800
            },{
               "IterationMode":"Workload",
               "IterationStage":"Actual",
               "LaunchIndex":1,
               "IterationIndex":1,
               "Operations":2097152,
               "Nanoseconds":522583100
            },{
               "IterationMode":"Workload",
               "IterationStage":"Actual",
               "LaunchIndex":1,
               "IterationIndex":2,
               "Operations":2097152,
               "Nanoseconds":527008900
            },{
               "IterationMode":"Workload",
               "IterationStage":"Actual",
               "LaunchIndex":1,
               "IterationIndex":3,
               "Operations":2097152,
               "Nanoseconds":526489800
            },{
               "IterationMode":"Workload",
               "IterationStage":"Actual",
               "LaunchIndex":1,
               "IterationIndex":4,
               "Operations":2097152,
               "Nanoseconds":524049300
            },{
               "IterationMode":"Workload",
               "IterationStage":"Actual",
               "LaunchIndex":1,
               "IterationIndex":5,
               "Operations":2097152,
               "Nanoseconds":522491600
            },{
               "IterationMode":"Workload",
               "IterationStage":"Actual",
               "LaunchIndex":1,
               "IterationIndex":6,
               "Operations":2097152,
               "Nanoseconds":515506400
            },{
               "IterationMode":"Workload",
               "IterationStage":"Actual",
               "LaunchIndex":1,
               "IterationIndex":7,
               "Operations":2097152,
               "Nanoseconds":523563300
            },{
               "IterationMode":"Workload",
               "IterationStage":"Actual",
               "LaunchIndex":1,
               "IterationIndex":8,
               "Operations":2097152,
               "Nanoseconds":524143000
            },{
               "IterationMode":"Workload",
               "IterationStage":"Actual",
               "LaunchIndex":1,
               "IterationIndex":9,
               "Operations":2097152,
               "Nanoseconds":526375200
            },{
               "IterationMode":"Workload",
               "IterationStage":"Actual",
               "LaunchIndex":1,
               "IterationIndex":10,
               "Operations":2097152,
               "Nanoseconds":524098700
            },{
               "IterationMode":"Workload",
               "IterationStage":"Actual",
               "LaunchIndex":1,
               "IterationIndex":11,
               "Operations":2097152,
               "Nanoseconds":528114500
            },{
               "IterationMode":"Workload",
               "IterationStage":"Actual",
               "LaunchIndex":1,
               "IterationIndex":12,
               "Operations":2097152,
               "Nanoseconds":531502000
            },{
               "IterationMode":"Workload",
               "IterationStage":"Actual",
               "LaunchIndex":1,
               "IterationIndex":13,
               "Operations":2097152,
               "Nanoseconds":522739800
            },{
               "IterationMode":"Workload",
               "IterationStage":"Actual",
               "LaunchIndex":1,
               "IterationIndex":14,
               "Operations":2097152,
               "Nanoseconds":523600900
            },{
               "IterationMode":"Workload",
               "IterationStage":"Actual",
               "LaunchIndex":1,
               "IterationIndex":15,
               "Operations":2097152,
               "Nanoseconds":526340800
            },{
               "IterationMode":"Workload",
               "IterationStage":"Result",
               "LaunchIndex":1,
               "IterationIndex":1,
               "Operations":2097152,
               "Nanoseconds":518551700
            },{
               "IterationMode":"Workload",
               "IterationStage":"Result",
               "LaunchIndex":1,
               "IterationIndex":2,
               "Operations":2097152,
               "Nanoseconds":522977500
            },{
               "IterationMode":"Workload",
               "IterationStage":"Result",
               "LaunchIndex":1,
               "IterationIndex":3,
               "Operations":2097152,
               "Nanoseconds":522458400
            },{
               "IterationMode":"Workload",
               "IterationStage":"Result",
               "LaunchIndex":1,
               "IterationIndex":4,
               "Operations":2097152,
               "Nanoseconds":520017900
            },{
               "IterationMode":"Workload",
               "IterationStage":"Result",
               "LaunchIndex":1,
               "IterationIndex":5,
               "Operations":2097152,
               "Nanoseconds":518460200
            },{
               "IterationMode":"Workload",
               "IterationStage":"Result",
               "LaunchIndex":1,
               "IterationIndex":6,
               "Operations":2097152,
               "Nanoseconds":511475000
            },{
               "IterationMode":"Workload",
               "IterationStage":"Result",
               "LaunchIndex":1,
               "IterationIndex":7,
               "Operations":2097152,
               "Nanoseconds":519531900
            },{
               "IterationMode":"Workload",
               "IterationStage":"Result",
               "LaunchIndex":1,
               "IterationIndex":8,
               "Operations":2097152,
               "Nanoseconds":520111600
            },{
               "IterationMode":"Workload",
               "IterationStage":"Result",
               "LaunchIndex":1,
               "IterationIndex":9,
               "Operations":2097152,
               "Nanoseconds":522343800
            },{
               "IterationMode":"Workload",
               "IterationStage":"Result",
               "LaunchIndex":1,
               "IterationIndex":10,
               "Operations":2097152,
               "Nanoseconds":520067300
            },{
               "IterationMode":"Workload",
               "IterationStage":"Result",
               "LaunchIndex":1,
               "IterationIndex":11,
               "Operations":2097152,
               "Nanoseconds":524083100
            },{
               "IterationMode":"Workload",
               "IterationStage":"Result",
               "LaunchIndex":1,
               "IterationIndex":12,
               "Operations":2097152,
               "Nanoseconds":518708400
            },{
               "IterationMode":"Workload",
               "IterationStage":"Result",
               "LaunchIndex":1,
               "IterationIndex":13,
               "Operations":2097152,
               "Nanoseconds":519569500
            },{
               "IterationMode":"Workload",
               "IterationStage":"Result",
               "LaunchIndex":1,
               "IterationIndex":14,
               "Operations":2097152,
               "Nanoseconds":522309400
            }
         ],
         "Metrics":[
            {
               "Value":0.002384185791015625,
               "Descriptor":{
                  "Id":"Gen0Collects",
                  "DisplayName":"Gen 0",
                  "Legend":"GC Generation 0 collects per 1000 operations",
                  "NumberFormat":"#0.0000",
                  "UnitType":0,
                  "Unit":"Count",
                  "TheGreaterTheBetter":false,
                  "PriorityInCategory":0
               }
            },{
               "Value":24,
               "Descriptor":{
                  "Id":"Allocated Memory",
                  "DisplayName":"Allocated",
                  "Legend":"Allocated memory per single operation (managed only, inclusive, 1KB = 1024B)",
                  "NumberFormat":"N0",
                  "UnitType":2,
                  "Unit":"B",
                  "TheGreaterTheBetter":false,
                  "PriorityInCategory":3
               }
            },{
               "Value":288,
               "Descriptor":{
                  "Id":"Native Code Size",
                  "DisplayName":"Code Size",
                  "Legend":"Native code size of the disassembled method(s)",
                  "NumberFormat":"N0",
                  "UnitType":2,
                  "Unit":"B",
                  "TheGreaterTheBetter":false,
                  "PriorityInCategory":0
               }
            }
         ]
      },{
         "DisplayInfo":"EnumExtensionsBenchmark.GetItems: Job-SPYWVM(EvaluateOverhead=True, Server=True, Toolchain=.NET 6.0)",
         "Namespace":"DotNetTips.Spargine.Extensions.BenchmarkTests",
         "Type":"EnumExtensionsBenchmark",
         "Method":"GetItems01",
         "MethodTitle":"GetItems",
         "Parameters":"",
         "FullName":"DotNetTips.Spargine.Extensions.BenchmarkTests.EnumExtensionsBenchmark.GetItems01",
         "Statistics":{
            "OriginalValues":[
               858.071231842041,861.6872787475586,852.4420738220215,865.446662902832,847.0020294189453,862.8534317016602,851.0464668273926,851.2160301208496,850.7761001586914,861.3862991333008,876.3232231140137,854.084300994873,846.7708587646484,842.5533294677734
            ],
            "N":14,
            "Min":842.5533294677734,
            "LowerFence":834.6911787986755,
            "Q1":850.8436918258667,
            "Median":853.2631874084473,
            "Mean":855.8328083583286,
            "Q3":861.6120338439941,
            "UpperFence":877.7645468711853,
            "Max":876.3232231140137,
            "InterquartileRange":10.768342018127441,
            "LowerOutliers":[
               
            ],
            "UpperOutliers":[
               
            ],
            "AllOutliers":[
               
            ],
            "StandardError":2.4047727051973595,
            "Variance":80.96104469127118,
            "StandardDeviation":8.997835555914055,
            "Skewness":0.5946437512033073,
            "Kurtosis":2.5619578838239465,
            "ConfidenceInterval":{
               "N":14,
               "Mean":855.8328083583286,
               "StandardError":2.4047727051973595,
               "Level":12,
               "Margin":10.150140932021442,
               "Lower":845.6826674263071,
               "Upper":865.9829492903501
            },
            "Percentiles":{
               "P0":842.5533294677734,
               "P25":850.8436918258667,
               "P50":853.2631874084473,
               "P67":860.4249296188354,
               "P80":862.1537399291992,
               "P85":862.9830932617188,
               "P90":864.6686935424805,
               "P95":869.2534589767456,
               "P100":876.3232231140137
            }
         },
         "Memory":{
            "Gen0Collections":59,
            "Gen1Collections":0,
            "Gen2Collections":0,
            "TotalOperations":1048576
         },
         "Measurements":[
            {
               "IterationMode":"Overhead",
               "IterationStage":"Jitting",
               "LaunchIndex":1,
               "IterationIndex":1,
               "Operations":1,
               "Nanoseconds":222000
            },{
               "IterationMode":"Workload",
               "IterationStage":"Jitting",
               "LaunchIndex":1,
               "IterationIndex":1,
               "Operations":1,
               "Nanoseconds":1325900
            },{
               "IterationMode":"Overhead",
               "IterationStage":"Jitting",
               "LaunchIndex":1,
               "IterationIndex":2,
               "Operations":16,
               "Nanoseconds":221300
            },{
               "IterationMode":"Workload",
               "IterationStage":"Jitting",
               "LaunchIndex":1,
               "IterationIndex":2,
               "Operations":16,
               "Nanoseconds":258600
            },{
               "IterationMode":"Workload",
               "IterationStage":"Pilot",
               "LaunchIndex":1,
               "IterationIndex":1,
               "Operations":16,
               "Nanoseconds":57600
            },{
               "IterationMode":"Workload",
               "IterationStage":"Pilot",
               "LaunchIndex":1,
               "IterationIndex":2,
               "Operations":32,
               "Nanoseconds":79700
            },{
               "IterationMode":"Workload",
               "IterationStage":"Pilot",
               "LaunchIndex":1,
               "IterationIndex":3,
               "Operations":64,
               "Nanoseconds":121500
            },{
               "IterationMode":"Workload",
               "IterationStage":"Pilot",
               "LaunchIndex":1,
               "IterationIndex":4,
               "Operations":128,
               "Nanoseconds":306100
            },{
               "IterationMode":"Workload",
               "IterationStage":"Pilot",
               "LaunchIndex":1,
               "IterationIndex":5,
               "Operations":256,
               "Nanoseconds":403700
            },{
               "IterationMode":"Workload",
               "IterationStage":"Pilot",
               "LaunchIndex":1,
               "IterationIndex":6,
               "Operations":512,
               "Nanoseconds":823700
            },{
               "IterationMode":"Workload",
               "IterationStage":"Pilot",
               "LaunchIndex":1,
               "IterationIndex":7,
               "Operations":1024,
               "Nanoseconds":1177600
            },{
               "IterationMode":"Workload",
               "IterationStage":"Pilot",
               "LaunchIndex":1,
               "IterationIndex":8,
               "Operations":2048,
               "Nanoseconds":2980700
            },{
               "IterationMode":"Workload",
               "IterationStage":"Pilot",
               "LaunchIndex":1,
               "IterationIndex":9,
               "Operations":4096,
               "Nanoseconds":4423500
            },{
               "IterationMode":"Workload",
               "IterationStage":"Pilot",
               "LaunchIndex":1,
               "IterationIndex":10,
               "Operations":8192,
               "Nanoseconds":10339100
            },{
               "IterationMode":"Workload",
               "IterationStage":"Pilot",
               "LaunchIndex":1,
               "IterationIndex":11,
               "Operations":16384,
               "Nanoseconds":19989900
            },{
               "IterationMode":"Workload",
               "IterationStage":"Pilot",
               "LaunchIndex":1,
               "IterationIndex":12,
               "Operations":32768,
               "Nanoseconds":39175700
            },{
               "IterationMode":"Workload",
               "IterationStage":"Pilot",
               "LaunchIndex":1,
               "IterationIndex":13,
               "Operations":65536,
               "Nanoseconds":73738800
            },{
               "IterationMode":"Workload",
               "IterationStage":"Pilot",
               "LaunchIndex":1,
               "IterationIndex":14,
               "Operations":131072,
               "Nanoseconds":139327000
            },{
               "IterationMode":"Workload",
               "IterationStage":"Pilot",
               "LaunchIndex":1,
               "IterationIndex":15,
               "Operations":262144,
               "Nanoseconds":245447900
            },{
               "IterationMode":"Workload",
               "IterationStage":"Pilot",
               "LaunchIndex":1,
               "IterationIndex":16,
               "Operations":524288,
               "Nanoseconds":463820200
            },{
               "IterationMode":"Workload",
               "IterationStage":"Pilot",
               "LaunchIndex":1,
               "IterationIndex":17,
               "Operations":1048576,
               "Nanoseconds":910015900
            },{
               "IterationMode":"Overhead",
               "IterationStage":"Warmup",
               "LaunchIndex":1,
               "IterationIndex":1,
               "Operations":1048576,
               "Nanoseconds":2029100
            },{
               "IterationMode":"Overhead",
               "IterationStage":"Warmup",
               "LaunchIndex":1,
               "IterationIndex":2,
               "Operations":1048576,
               "Nanoseconds":2291100
            },{
               "IterationMode":"Overhead",
               "IterationStage":"Warmup",
               "LaunchIndex":1,
               "IterationIndex":3,
               "Operations":1048576,
               "Nanoseconds":2178600
            },{
               "IterationMode":"Overhead",
               "IterationStage":"Warmup",
               "LaunchIndex":1,
               "IterationIndex":4,
               "Operations":1048576,
               "Nanoseconds":2146700
            },{
               "IterationMode":"Overhead",
               "IterationStage":"Warmup",
               "LaunchIndex":1,
               "IterationIndex":5,
               "Operations":1048576,
               "Nanoseconds":2136500
            },{
               "IterationMode":"Overhead",
               "IterationStage":"Warmup",
               "LaunchIndex":1,
               "IterationIndex":6,
               "Operations":1048576,
               "Nanoseconds":2170100
            },{
               "IterationMode":"Overhead",
               "IterationStage":"Warmup",
               "LaunchIndex":1,
               "IterationIndex":7,
               "Operations":1048576,
               "Nanoseconds":2402400
            },{
               "IterationMode":"Overhead",
               "IterationStage":"Warmup",
               "LaunchIndex":1,
               "IterationIndex":8,
               "Operations":1048576,
               "Nanoseconds":2185900
            },{
               "IterationMode":"Overhead",
               "IterationStage":"Actual",
               "LaunchIndex":1,
               "IterationIndex":1,
               "Operations":1048576,
               "Nanoseconds":2134200
            },{
               "IterationMode":"Overhead",
               "IterationStage":"Actual",
               "LaunchIndex":1,
               "IterationIndex":2,
               "Operations":1048576,
               "Nanoseconds":2358900
            },{
               "IterationMode":"Overhead",
               "IterationStage":"Actual",
               "LaunchIndex":1,
               "IterationIndex":3,
               "Operations":1048576,
               "Nanoseconds":1932000
            },{
               "IterationMode":"Overhead",
               "IterationStage":"Actual",
               "LaunchIndex":1,
               "IterationIndex":4,
               "Operations":1048576,
               "Nanoseconds":1921300
            },{
               "IterationMode":"Overhead",
               "IterationStage":"Actual",
               "LaunchIndex":1,
               "IterationIndex":5,
               "Operations":1048576,
               "Nanoseconds":2302000
            },{
               "IterationMode":"Overhead",
               "IterationStage":"Actual",
               "LaunchIndex":1,
               "IterationIndex":6,
               "Operations":1048576,
               "Nanoseconds":1929400
            },{
               "IterationMode":"Overhead",
               "IterationStage":"Actual",
               "LaunchIndex":1,
               "IterationIndex":7,
               "Operations":1048576,
               "Nanoseconds":1940800
            },{
               "IterationMode":"Overhead",
               "IterationStage":"Actual",
               "LaunchIndex":1,
               "IterationIndex":8,
               "Operations":1048576,
               "Nanoseconds":1933200
            },{
               "IterationMode":"Overhead",
               "IterationStage":"Actual",
               "LaunchIndex":1,
               "IterationIndex":9,
               "Operations":1048576,
               "Nanoseconds":1957300
            },{
               "IterationMode":"Overhead",
               "IterationStage":"Actual",
               "LaunchIndex":1,
               "IterationIndex":10,
               "Operations":1048576,
               "Nanoseconds":2192300
            },{
               "IterationMode":"Overhead",
               "IterationStage":"Actual",
               "LaunchIndex":1,
               "IterationIndex":11,
               "Operations":1048576,
               "Nanoseconds":1997000
            },{
               "IterationMode":"Overhead",
               "IterationStage":"Actual",
               "LaunchIndex":1,
               "IterationIndex":12,
               "Operations":1048576,
               "Nanoseconds":1981500
            },{
               "IterationMode":"Overhead",
               "IterationStage":"Actual",
               "LaunchIndex":1,
               "IterationIndex":13,
               "Operations":1048576,
               "Nanoseconds":1959500
            },{
               "IterationMode":"Overhead",
               "IterationStage":"Actual",
               "LaunchIndex":1,
               "IterationIndex":14,
               "Operations":1048576,
               "Nanoseconds":2000800
            },{
               "IterationMode":"Overhead",
               "IterationStage":"Actual",
               "LaunchIndex":1,
               "IterationIndex":15,
               "Operations":1048576,
               "Nanoseconds":2259400
            },{
               "IterationMode":"Overhead",
               "IterationStage":"Actual",
               "LaunchIndex":1,
               "IterationIndex":16,
               "Operations":1048576,
               "Nanoseconds":2341500
            },{
               "IterationMode":"Overhead",
               "IterationStage":"Actual",
               "LaunchIndex":1,
               "IterationIndex":17,
               "Operations":1048576,
               "Nanoseconds":1967900
            },{
               "IterationMode":"Overhead",
               "IterationStage":"Actual",
               "LaunchIndex":1,
               "IterationIndex":18,
               "Operations":1048576,
               "Nanoseconds":1942100
            },{
               "IterationMode":"Overhead",
               "IterationStage":"Actual",
               "LaunchIndex":1,
               "IterationIndex":19,
               "Operations":1048576,
               "Nanoseconds":1950600
            },{
               "IterationMode":"Overhead",
               "IterationStage":"Actual",
               "LaunchIndex":1,
               "IterationIndex":20,
               "Operations":1048576,
               "Nanoseconds":2220000
            },{
               "IterationMode":"Workload",
               "IterationStage":"Warmup",
               "LaunchIndex":1,
               "IterationIndex":1,
               "Operations":1048576,
               "Nanoseconds":914517900
            },{
               "IterationMode":"Workload",
               "IterationStage":"Warmup",
               "LaunchIndex":1,
               "IterationIndex":2,
               "Operations":1048576,
               "Nanoseconds":897747100
            },{
               "IterationMode":"Workload",
               "IterationStage":"Warmup",
               "LaunchIndex":1,
               "IterationIndex":3,
               "Operations":1048576,
               "Nanoseconds":927607900
            },{
               "IterationMode":"Workload",
               "IterationStage":"Warmup",
               "LaunchIndex":1,
               "IterationIndex":4,
               "Operations":1048576,
               "Nanoseconds":912225200
            },{
               "IterationMode":"Workload",
               "IterationStage":"Warmup",
               "LaunchIndex":1,
               "IterationIndex":5,
               "Operations":1048576,
               "Nanoseconds":896554200
            },{
               "IterationMode":"Workload",
               "IterationStage":"Warmup",
               "LaunchIndex":1,
               "IterationIndex":6,
               "Operations":1048576,
               "Nanoseconds":914877300
            },{
               "IterationMode":"Workload",
               "IterationStage":"Warmup",
               "LaunchIndex":1,
               "IterationIndex":7,
               "Operations":1048576,
               "Nanoseconds":912013600
            },{
               "IterationMode":"Workload",
               "IterationStage":"Actual",
               "LaunchIndex":1,
               "IterationIndex":1,
               "Operations":1048576,
               "Nanoseconds":901727600
            },{
               "IterationMode":"Workload",
               "IterationStage":"Actual",
               "LaunchIndex":1,
               "IterationIndex":2,
               "Operations":1048576,
               "Nanoseconds":937023900
            },{
               "IterationMode":"Workload",
               "IterationStage":"Actual",
               "LaunchIndex":1,
               "IterationIndex":3,
               "Operations":1048576,
               "Nanoseconds":905519300
            },{
               "IterationMode":"Workload",
               "IterationStage":"Actual",
               "LaunchIndex":1,
               "IterationIndex":4,
               "Operations":1048576,
               "Nanoseconds":895825000
            },{
               "IterationMode":"Workload",
               "IterationStage":"Actual",
               "LaunchIndex":1,
               "IterationIndex":5,
               "Operations":1048576,
               "Nanoseconds":909461300
            },{
               "IterationMode":"Workload",
               "IterationStage":"Actual",
               "LaunchIndex":1,
               "IterationIndex":6,
               "Operations":1048576,
               "Nanoseconds":890120700
            },{
               "IterationMode":"Workload",
               "IterationStage":"Actual",
               "LaunchIndex":1,
               "IterationIndex":7,
               "Operations":1048576,
               "Nanoseconds":906742100
            },{
               "IterationMode":"Workload",
               "IterationStage":"Actual",
               "LaunchIndex":1,
               "IterationIndex":8,
               "Operations":1048576,
               "Nanoseconds":894361600
            },{
               "IterationMode":"Workload",
               "IterationStage":"Actual",
               "LaunchIndex":1,
               "IterationIndex":9,
               "Operations":1048576,
               "Nanoseconds":894539400
            },{
               "IterationMode":"Workload",
               "IterationStage":"Actual",
               "LaunchIndex":1,
               "IterationIndex":10,
               "Operations":1048576,
               "Nanoseconds":894078100
            },{
               "IterationMode":"Workload",
               "IterationStage":"Actual",
               "LaunchIndex":1,
               "IterationIndex":11,
               "Operations":1048576,
               "Nanoseconds":905203700
            },{
               "IterationMode":"Workload",
               "IterationStage":"Actual",
               "LaunchIndex":1,
               "IterationIndex":12,
               "Operations":1048576,
               "Nanoseconds":920866200
            },{
               "IterationMode":"Workload",
               "IterationStage":"Actual",
               "LaunchIndex":1,
               "IterationIndex":13,
               "Operations":1048576,
               "Nanoseconds":897547000
            },{
               "IterationMode":"Workload",
               "IterationStage":"Actual",
               "LaunchIndex":1,
               "IterationIndex":14,
               "Operations":1048576,
               "Nanoseconds":889878300
            },{
               "IterationMode":"Workload",
               "IterationStage":"Actual",
               "LaunchIndex":1,
               "IterationIndex":15,
               "Operations":1048576,
               "Nanoseconds":885455900
            },{
               "IterationMode":"Workload",
               "IterationStage":"Result",
               "LaunchIndex":1,
               "IterationIndex":1,
               "Operations":1048576,
               "Nanoseconds":899752900
            },{
               "IterationMode":"Workload",
               "IterationStage":"Result",
               "LaunchIndex":1,
               "IterationIndex":2,
               "Operations":1048576,
               "Nanoseconds":903544600
            },{
               "IterationMode":"Workload",
               "IterationStage":"Result",
               "LaunchIndex":1,
               "IterationIndex":3,
               "Operations":1048576,
               "Nanoseconds":893850300
            },{
               "IterationMode":"Workload",
               "IterationStage":"Result",
               "LaunchIndex":1,
               "IterationIndex":4,
               "Operations":1048576,
               "Nanoseconds":907486600
            },{
               "IterationMode":"Workload",
               "IterationStage":"Result",
               "LaunchIndex":1,
               "IterationIndex":5,
               "Operations":1048576,
               "Nanoseconds":888146000
            },{
               "IterationMode":"Workload",
               "IterationStage":"Result",
               "LaunchIndex":1,
               "IterationIndex":6,
               "Operations":1048576,
               "Nanoseconds":904767400
            },{
               "IterationMode":"Workload",
               "IterationStage":"Result",
               "LaunchIndex":1,
               "IterationIndex":7,
               "Operations":1048576,
               "Nanoseconds":892386900
            },{
               "IterationMode":"Workload",
               "IterationStage":"Result",
               "LaunchIndex":1,
               "IterationIndex":8,
               "Operations":1048576,
               "Nanoseconds":892564700
            },{
               "IterationMode":"Workload",
               "IterationStage":"Result",
               "LaunchIndex":1,
               "IterationIndex":9,
               "Operations":1048576,
               "Nanoseconds":892103400
            },{
               "IterationMode":"Workload",
               "IterationStage":"Result",
               "LaunchIndex":1,
               "IterationIndex":10,
               "Operations":1048576,
               "Nanoseconds":903229000
            },{
               "IterationMode":"Workload",
               "IterationStage":"Result",
               "LaunchIndex":1,
               "IterationIndex":11,
               "Operations":1048576,
               "Nanoseconds":918891500
            },{
               "IterationMode":"Workload",
               "IterationStage":"Result",
               "LaunchIndex":1,
               "IterationIndex":12,
               "Operations":1048576,
               "Nanoseconds":895572300
            },{
               "IterationMode":"Workload",
               "IterationStage":"Result",
               "LaunchIndex":1,
               "IterationIndex":13,
               "Operations":1048576,
               "Nanoseconds":887903600
            },{
               "IterationMode":"Workload",
               "IterationStage":"Result",
               "LaunchIndex":1,
               "IterationIndex":14,
               "Operations":1048576,
               "Nanoseconds":883481200
            }
         ],
         "Metrics":[
            {
               "Value":0.05626678466796875,
               "Descriptor":{
                  "Id":"Gen0Collects",
                  "DisplayName":"Gen 0",
                  "Legend":"GC Generation 0 collects per 1000 operations",
                  "NumberFormat":"#0.0000",
                  "UnitType":0,
                  "Unit":"Count",
                  "TheGreaterTheBetter":false,
                  "PriorityInCategory":0
               }
            },{
               "Value":512,
               "Descriptor":{
                  "Id":"Allocated Memory",
                  "DisplayName":"Allocated",
                  "Legend":"Allocated memory per single operation (managed only, inclusive, 1KB = 1024B)",
                  "NumberFormat":"N0",
                  "UnitType":2,
                  "Unit":"B",
                  "TheGreaterTheBetter":false,
                  "PriorityInCategory":3
               }
            },{
               "Value":457,
               "Descriptor":{
                  "Id":"Native Code Size",
                  "DisplayName":"Code Size",
                  "Legend":"Native code size of the disassembled method(s)",
                  "NumberFormat":"N0",
                  "UnitType":2,
                  "Unit":"B",
                  "TheGreaterTheBetter":false,
                  "PriorityInCategory":0
               }
            }
         ]
      }
   ]
}
