Method,Job,AnalyzeLaunchVariance,EvaluateOverhead,MaxAbsoluteError,MaxRelativeError,MinInvokeCount,MinIterationTime,OutlierMode,Affinity,EnvironmentVariables,Jit,Platform,PowerPlanMode,Runtime,AllowVeryLargeObjects,Concurrent,CpuGroups,Force,HeapAffinitizeMask,HeapCount,NoAffinitize,RetainVm,Server,Arguments,BuildConfiguration,Clock,EngineFactory,NuGetReferences,Toolchain,IsMutator,InvocationCount,IterationCount,IterationTime,LaunchCount,MaxIterationCount,MaxWarmupIterationCount,MemoryRandomization,MinIterationCount,MinWarmupIterationCount,RunStrategy,UnrollFactor,WarmupCount,Namespace,Categories,Count,Mean,Error,StdDev,StdErr,Min,Q1,Median,Q3,Max,Op/s,CI99.9% Margin,Iterations,Kurtosis,MValue,Skewness,Rank,LogicalGroup,Baseline,Gen 0,Code Size,Gen 1,Gen 2,Allocated
'StringExtensions.ToDelimitedString: 01*',Job-XJCAYH,False,True,Default,Default,Default,Default,Default,1111,Empty,RyuJit,X64,8c5e7fda-e8bf-4a96-9a85-a6e23a8c635c,.NET 6.0,False,True,False,True,Default,Default,False,False,True,Default,Default,Default,Default,Default,.NET 6.0,Default,1,Default,Default,Default,Default,Default,Default,Default,Default,Default,16,Default,DotNetTips.Spargine.Core.BenchmarkTests,"Collections,Strings",2,104.40 μs,2.078 μs,6.062 μs,0.612 μs,89.92 μs,99.84 μs,104.24 μs,108.47 μs,120.53 μs,"9,578.8",2.0780 μs,98.00,2.790,2.640,0.1194,6,*,No,7.5684,2 KB,0.2441,-,68 KB
'StringExtensions.ToDelimitedString: 01*',Job-XJCAYH,False,True,Default,Default,Default,Default,Default,1111,Empty,RyuJit,X64,8c5e7fda-e8bf-4a96-9a85-a6e23a8c635c,.NET 6.0,False,True,False,True,Default,Default,False,False,True,Default,Default,Default,Default,Default,.NET 6.0,Default,1,Default,Default,Default,Default,Default,Default,Default,Default,Default,16,Default,DotNetTips.Spargine.Core.BenchmarkTests,"Collections,Strings",5,84.09 μs,1.680 μs,4.367 μs,0.491 μs,74.39 μs,80.75 μs,83.39 μs,87.65 μs,92.62 μs,"11,891.9",1.6801 μs,79.00,2.059,3.222,0.0792,5,*,No,7.4463,2 KB,0.2441,-,68 KB
'StringExtensions.ToDelimitedString: 01*',Job-XJCAYH,False,True,Default,Default,Default,Default,Default,1111,Empty,RyuJit,X64,8c5e7fda-e8bf-4a96-9a85-a6e23a8c635c,.NET 6.0,False,True,False,True,Default,Default,False,False,True,Default,Default,Default,Default,Default,.NET 6.0,Default,1,Default,Default,Default,Default,Default,Default,Default,Default,Default,16,Default,DotNetTips.Spargine.Core.BenchmarkTests,"Collections,Strings",10,69.04 μs,0.678 μs,0.566 μs,0.157 μs,68.32 μs,68.59 μs,68.91 μs,69.39 μs,70.05 μs,"14,484.6",0.6777 μs,13.00,1.603,2.000,0.3146,1,*,No,7.4463,2 KB,0.2441,-,68 KB
'StringExtensions.ToDelimitedString: 01*',Job-XJCAYH,False,True,Default,Default,Default,Default,Default,1111,Empty,RyuJit,X64,8c5e7fda-e8bf-4a96-9a85-a6e23a8c635c,.NET 6.0,False,True,False,True,Default,Default,False,False,True,Default,Default,Default,Default,Default,.NET 6.0,Default,1,Default,Default,Default,Default,Default,Default,Default,Default,Default,16,Default,DotNetTips.Spargine.Core.BenchmarkTests,"Collections,Strings",20,70.54 μs,0.930 μs,0.825 μs,0.220 μs,69.38 μs,69.79 μs,70.45 μs,71.16 μs,71.93 μs,"14,177.2",0.9304 μs,14.00,1.588,2.000,0.0746,2,*,No,7.4463,2 KB,0.2441,-,67 KB
'StringExtensions.ToDelimitedString: 01*',Job-XJCAYH,False,True,Default,Default,Default,Default,Default,1111,Empty,RyuJit,X64,8c5e7fda-e8bf-4a96-9a85-a6e23a8c635c,.NET 6.0,False,True,False,True,Default,Default,False,False,True,Default,Default,Default,Default,Default,.NET 6.0,Default,1,Default,Default,Default,Default,Default,Default,Default,Default,Default,16,Default,DotNetTips.Spargine.Core.BenchmarkTests,"Collections,Strings",25,67.06 μs,0.813 μs,0.760 μs,0.196 μs,65.61 μs,66.77 μs,67.02 μs,67.61 μs,68.16 μs,"14,913.0",0.8129 μs,15.00,2.112,2.000,-0.1958,1,*,No,7.4463,2 KB,0.1221,-,68 KB
'StringExtensions.ToDelimitedString: 01*',Job-XJCAYH,False,True,Default,Default,Default,Default,Default,1111,Empty,RyuJit,X64,8c5e7fda-e8bf-4a96-9a85-a6e23a8c635c,.NET 6.0,False,True,False,True,Default,Default,False,False,True,Default,Default,Default,Default,Default,.NET 6.0,Default,1,Default,Default,Default,Default,Default,Default,Default,Default,Default,16,Default,DotNetTips.Spargine.Core.BenchmarkTests,"Collections,Strings",50,72.55 μs,1.354 μs,1.390 μs,0.337 μs,70.44 μs,71.47 μs,72.59 μs,73.72 μs,74.95 μs,"13,783.4",1.3540 μs,17.00,1.715,2.000,0.1172,3,*,No,7.4463,2 KB,0.2441,-,68 KB
'StringExtensions.ToDelimitedString: 01*',Job-XJCAYH,False,True,Default,Default,Default,Default,Default,1111,Empty,RyuJit,X64,8c5e7fda-e8bf-4a96-9a85-a6e23a8c635c,.NET 6.0,False,True,False,True,Default,Default,False,False,True,Default,Default,Default,Default,Default,.NET 6.0,Default,1,Default,Default,Default,Default,Default,Default,Default,Default,Default,16,Default,DotNetTips.Spargine.Core.BenchmarkTests,"Collections,Strings",75,70.81 μs,1.034 μs,0.967 μs,0.250 μs,68.70 μs,70.21 μs,70.94 μs,71.30 μs,72.57 μs,"14,122.5",1.0339 μs,15.00,2.635,2.000,-0.2360,2,*,No,7.4463,2 KB,0.1221,-,68 KB
'StringExtensions.ToDelimitedString: 01*',Job-XJCAYH,False,True,Default,Default,Default,Default,Default,1111,Empty,RyuJit,X64,8c5e7fda-e8bf-4a96-9a85-a6e23a8c635c,.NET 6.0,False,True,False,True,Default,Default,False,False,True,Default,Default,Default,Default,Default,.NET 6.0,Default,1,Default,Default,Default,Default,Default,Default,Default,Default,Default,16,Default,DotNetTips.Spargine.Core.BenchmarkTests,"Collections,Strings",100,72.48 μs,0.927 μs,0.868 μs,0.224 μs,70.98 μs,71.94 μs,72.55 μs,73.11 μs,73.81 μs,"13,797.6",0.9274 μs,15.00,1.738,2.000,-0.3034,3,*,No,7.4463,2 KB,0.1221,-,68 KB
'StringExtensions.ToDelimitedString: 01*',Job-XJCAYH,False,True,Default,Default,Default,Default,Default,1111,Empty,RyuJit,X64,8c5e7fda-e8bf-4a96-9a85-a6e23a8c635c,.NET 6.0,False,True,False,True,Default,Default,False,False,True,Default,Default,Default,Default,Default,.NET 6.0,Default,1,Default,Default,Default,Default,Default,Default,Default,Default,Default,16,Default,DotNetTips.Spargine.Core.BenchmarkTests,"Collections,Strings",250,67.98 μs,1.321 μs,1.297 μs,0.324 μs,66.07 μs,67.00 μs,68.19 μs,68.65 μs,70.46 μs,"14,710.7",1.3209 μs,16.00,1.904,2.000,0.1226,1,*,No,7.4463,2 KB,-,-,67 KB
BytesToString,Job-XJCAYH,False,True,Default,Default,Default,Default,Default,1111,Empty,RyuJit,X64,8c5e7fda-e8bf-4a96-9a85-a6e23a8c635c,.NET 6.0,False,True,False,True,Default,Default,False,False,True,Default,Default,Default,Default,Default,.NET 6.0,Default,1,Default,Default,Default,Default,Default,Default,Default,Default,Default,16,Default,DotNetTips.Spargine.Core.BenchmarkTests,"Collections,Strings",2,81.40 μs,1.628 μs,4.592 μs,0.479 μs,69.21 μs,78.15 μs,81.00 μs,84.25 μs,93.10 μs,"12,285.7",1.6279 μs,92.00,3.019,2.320,0.1391,4,*,No,10.0098,0 KB,0.2441,-,89 KB
BytesToString,Job-XJCAYH,False,True,Default,Default,Default,Default,Default,1111,Empty,RyuJit,X64,8c5e7fda-e8bf-4a96-9a85-a6e23a8c635c,.NET 6.0,False,True,False,True,Default,Default,False,False,True,Default,Default,Default,Default,Default,.NET 6.0,Default,1,Default,Default,Default,Default,Default,Default,Default,Default,Default,16,Default,DotNetTips.Spargine.Core.BenchmarkTests,"Collections,Strings",5,198.73 μs,6.492 μs,19.041 μs,1.914 μs,163.77 μs,186.15 μs,200.29 μs,212.98 μs,250.76 μs,"5,032.0",6.4924 μs,99.00,2.593,2.643,0.0147,7,*,No,23.6816,0 KB,1.7090,-,212 KB
BytesToString,Job-XJCAYH,False,True,Default,Default,Default,Default,Default,1111,Empty,RyuJit,X64,8c5e7fda-e8bf-4a96-9a85-a6e23a8c635c,.NET 6.0,False,True,False,True,Default,Default,False,False,True,Default,Default,Default,Default,Default,.NET 6.0,Default,1,Default,Default,Default,Default,Default,Default,Default,Default,Default,16,Default,DotNetTips.Spargine.Core.BenchmarkTests,"Collections,Strings",10,319.55 μs,8.060 μs,23.766 μs,2.377 μs,291.84 μs,298.02 μs,313.53 μs,339.39 μs,380.37 μs,"3,129.4",8.0604 μs,100.00,1.927,2.889,0.4922,8,*,No,48.8281,0 KB,5.3711,-,408 KB
BytesToString,Job-XJCAYH,False,True,Default,Default,Default,Default,Default,1111,Empty,RyuJit,X64,8c5e7fda-e8bf-4a96-9a85-a6e23a8c635c,.NET 6.0,False,True,False,True,Default,Default,False,False,True,Default,Default,Default,Default,Default,.NET 6.0,Default,1,Default,Default,Default,Default,Default,Default,Default,Default,Default,16,Default,DotNetTips.Spargine.Core.BenchmarkTests,"Collections,Strings",20,635.46 μs,12.543 μs,16.309 μs,3.329 μs,594.90 μs,627.15 μs,636.23 μs,646.39 μs,661.96 μs,"1,573.7",12.5428 μs,24.00,2.956,2.000,-0.6488,9,*,No,92.7734,0 KB,18.5547,-,815 KB
BytesToString,Job-XJCAYH,False,True,Default,Default,Default,Default,Default,1111,Empty,RyuJit,X64,8c5e7fda-e8bf-4a96-9a85-a6e23a8c635c,.NET 6.0,False,True,False,True,Default,Default,False,False,True,Default,Default,Default,Default,Default,.NET 6.0,Default,1,Default,Default,Default,Default,Default,Default,Default,Default,Default,16,Default,DotNetTips.Spargine.Core.BenchmarkTests,"Collections,Strings",25,892.85 μs,17.804 μs,51.084 μs,5.241 μs,801.01 μs,860.93 μs,886.36 μs,919.52 μs,"1,022.70 μs","1,120.0",17.8044 μs,95.00,3.068,2.000,0.6240,10,*,No,107.4219,0 KB,21.4844,7.8125,"1,011 KB"
BytesToString,Job-XJCAYH,False,True,Default,Default,Default,Default,Default,1111,Empty,RyuJit,X64,8c5e7fda-e8bf-4a96-9a85-a6e23a8c635c,.NET 6.0,False,True,False,True,Default,Default,False,False,True,Default,Default,Default,Default,Default,.NET 6.0,Default,1,Default,Default,Default,Default,Default,Default,Default,Default,Default,16,Default,DotNetTips.Spargine.Core.BenchmarkTests,"Collections,Strings",50,"1,656.83 μs",29.538 μs,23.061 μs,6.657 μs,"1,628.10 μs","1,640.82 μs","1,651.95 μs","1,671.02 μs","1,704.62 μs",603.6,29.5382 μs,12.00,2.136,2.000,0.5971,11,*,No,220.7031,0 KB,58.5938,19.5313,"2,005 KB"
BytesToString,Job-XJCAYH,False,True,Default,Default,Default,Default,Default,1111,Empty,RyuJit,X64,8c5e7fda-e8bf-4a96-9a85-a6e23a8c635c,.NET 6.0,False,True,False,True,Default,Default,False,False,True,Default,Default,Default,Default,Default,.NET 6.0,Default,1,Default,Default,Default,Default,Default,Default,Default,Default,Default,16,Default,DotNetTips.Spargine.Core.BenchmarkTests,"Collections,Strings",75,"2,568.86 μs",51.371 μs,100.195 μs,14.615 μs,"2,399.25 μs","2,502.18 μs","2,545.00 μs","2,617.73 μs","2,804.64 μs",389.3,51.3708 μs,47.00,2.629,2.444,0.6286,12,*,No,320.3125,0 KB,105.4688,27.3438,"3,015 KB"
BytesToString,Job-XJCAYH,False,True,Default,Default,Default,Default,Default,1111,Empty,RyuJit,X64,8c5e7fda-e8bf-4a96-9a85-a6e23a8c635c,.NET 6.0,False,True,False,True,Default,Default,False,False,True,Default,Default,Default,Default,Default,.NET 6.0,Default,1,Default,Default,Default,Default,Default,Default,Default,Default,Default,16,Default,DotNetTips.Spargine.Core.BenchmarkTests,"Collections,Strings",100,"3,294.22 μs",64.303 μs,83.612 μs,17.067 μs,"3,166.50 μs","3,235.58 μs","3,280.46 μs","3,339.96 μs","3,471.39 μs",303.6,64.3032 μs,24.00,2.347,2.000,0.6246,13,*,No,433.5938,0 KB,148.4375,39.0625,"4,009 KB"
BytesToString,Job-XJCAYH,False,True,Default,Default,Default,Default,Default,1111,Empty,RyuJit,X64,8c5e7fda-e8bf-4a96-9a85-a6e23a8c635c,.NET 6.0,False,True,False,True,Default,Default,False,False,True,Default,Default,Default,Default,Default,.NET 6.0,Default,1,Default,Default,Default,Default,Default,Default,Default,Default,Default,16,Default,DotNetTips.Spargine.Core.BenchmarkTests,"Collections,Strings",250,"7,792.47 μs",134.566 μs,125.873 μs,32.500 μs,"7,608.35 μs","7,711.26 μs","7,759.66 μs","7,852.06 μs","8,037.81 μs",128.3,134.5663 μs,15.00,2.224,2.000,0.4812,14,*,No,382.8125,0 KB,210.9375,85.9375,"10,006 KB"
