Method,Job,AnalyzeLaunchVariance,EvaluateOverhead,MaxAbsoluteError,MaxRelativeError,MinInvokeCount,MinIterationTime,OutlierMode,Affinity,EnvironmentVariables,Jit,Platform,PowerPlanMode,Runtime,AllowVeryLargeObjects,Concurrent,CpuGroups,Force,HeapAffinitizeMask,HeapCount,NoAffinitize,RetainVm,Server,Arguments,BuildConfiguration,Clock,EngineFactory,NuGetReferences,Toolchain,IsMutator,InvocationCount,IterationCount,IterationTime,LaunchCount,MaxIterationCount,MaxWarmupIterationCount,MinIterationCount,MinWarmupIterationCount,RunStrategy,UnrollFactor,WarmupCount,Namespace,Categories,Count,Mean,Error,StdDev,StdErr,Min,Q1,Median,Q3,Max,Op/s,CI99.9% Margin,Iterations,Kurtosis,MValue,Skewness,Rank,LogicalGroup,Baseline,Code Size,Gen 0,Gen 1,Gen 2,Allocated
'HasItems: Predicate',Job-CJSTKQ,False,True,Default,Default,Default,Default,Default,1111,Empty,RyuJit,X64,8c5e7fda-e8bf-4a96-9a85-a6e23a8c635c,.NET Core 5.0,False,True,False,True,Default,Default,False,False,True,Default,Default,Default,Default,Default,.NET Core 5.0,Default,1,Default,Default,Default,Default,Default,Default,Default,Default,16,Default,dotNetTips.Spargine.Extensions.BenchmarkTests,CollectionExtensions,10,23.51 ns,0.396 ns,0.555 ns,0.107 ns,22.67 ns,22.78 ns,23.71 ns,23.86 ns,24.63 ns,"42,529,694.0",0.3957 ns,27.00,1.954,2.778,-0.3079,1,*,No,337 B,0.0000,0.0000,0.0000,0 B
'HasItems: Predicate',Job-CJSTKQ,False,True,Default,Default,Default,Default,Default,1111,Empty,RyuJit,X64,8c5e7fda-e8bf-4a96-9a85-a6e23a8c635c,.NET Core 5.0,False,True,False,True,Default,Default,False,False,True,Default,Default,Default,Default,Default,.NET Core 5.0,Default,1,Default,Default,Default,Default,Default,Default,Default,Default,16,Default,dotNetTips.Spargine.Extensions.BenchmarkTests,CollectionExtensions,25,24.10 ns,0.486 ns,0.540 ns,0.124 ns,23.33 ns,23.58 ns,24.35 ns,24.43 ns,25.06 ns,"41,488,268.0",0.4856 ns,19.00,1.619,2.000,-0.1293,2,*,No,337 B,0.0000,0.0000,0.0000,0 B
'HasItems: Predicate',Job-CJSTKQ,False,True,Default,Default,Default,Default,Default,1111,Empty,RyuJit,X64,8c5e7fda-e8bf-4a96-9a85-a6e23a8c635c,.NET Core 5.0,False,True,False,True,Default,Default,False,False,True,Default,Default,Default,Default,Default,.NET Core 5.0,Default,1,Default,Default,Default,Default,Default,Default,Default,Default,16,Default,dotNetTips.Spargine.Extensions.BenchmarkTests,CollectionExtensions,50,24.69 ns,0.354 ns,0.296 ns,0.082 ns,24.30 ns,24.45 ns,24.58 ns,24.91 ns,25.16 ns,"40,498,473.1",0.3543 ns,13.00,1.560,2.000,0.3888,3,*,No,337 B,0.0000,0.0000,0.0000,0 B
'HasItems: Predicate',Job-CJSTKQ,False,True,Default,Default,Default,Default,Default,1111,Empty,RyuJit,X64,8c5e7fda-e8bf-4a96-9a85-a6e23a8c635c,.NET Core 5.0,False,True,False,True,Default,Default,False,False,True,Default,Default,Default,Default,Default,.NET Core 5.0,Default,1,Default,Default,Default,Default,Default,Default,Default,Default,16,Default,dotNetTips.Spargine.Extensions.BenchmarkTests,CollectionExtensions,100,24.15 ns,0.103 ns,0.091 ns,0.024 ns,23.96 ns,24.09 ns,24.15 ns,24.21 ns,24.32 ns,"41,409,029.9",0.1027 ns,14.00,2.632,2.000,-0.0928,2,*,No,337 B,0.0000,0.0000,0.0000,0 B
'HasItems: Predicate',Job-CJSTKQ,False,True,Default,Default,Default,Default,Default,1111,Empty,RyuJit,X64,8c5e7fda-e8bf-4a96-9a85-a6e23a8c635c,.NET Core 5.0,False,True,False,True,Default,Default,False,False,True,Default,Default,Default,Default,Default,.NET Core 5.0,Default,1,Default,Default,Default,Default,Default,Default,Default,Default,16,Default,dotNetTips.Spargine.Extensions.BenchmarkTests,CollectionExtensions,250,24.11 ns,0.109 ns,0.097 ns,0.026 ns,23.95 ns,24.00 ns,24.14 ns,24.18 ns,24.23 ns,"41,479,897.3",0.1093 ns,14.00,1.334,2.000,-0.2404,2,*,No,337 B,0.0000,0.0000,0.0000,0 B
'HasItems: Predicate',Job-CJSTKQ,False,True,Default,Default,Default,Default,Default,1111,Empty,RyuJit,X64,8c5e7fda-e8bf-4a96-9a85-a6e23a8c635c,.NET Core 5.0,False,True,False,True,Default,Default,False,False,True,Default,Default,Default,Default,Default,.NET Core 5.0,Default,1,Default,Default,Default,Default,Default,Default,Default,Default,16,Default,dotNetTips.Spargine.Extensions.BenchmarkTests,CollectionExtensions,500,23.48 ns,0.084 ns,0.074 ns,0.020 ns,23.39 ns,23.41 ns,23.47 ns,23.52 ns,23.63 ns,"42,589,333.9",0.0840 ns,14.00,1.957,2.000,0.4146,1,*,No,337 B,0.0000,0.0000,0.0000,0 B
'HasItems: Predicate',Job-CJSTKQ,False,True,Default,Default,Default,Default,Default,1111,Empty,RyuJit,X64,8c5e7fda-e8bf-4a96-9a85-a6e23a8c635c,.NET Core 5.0,False,True,False,True,Default,Default,False,False,True,Default,Default,Default,Default,Default,.NET Core 5.0,Default,1,Default,Default,Default,Default,Default,Default,Default,Default,16,Default,dotNetTips.Spargine.Extensions.BenchmarkTests,CollectionExtensions,1000,28.64 ns,0.242 ns,0.226 ns,0.058 ns,28.37 ns,28.45 ns,28.61 ns,28.77 ns,29.14 ns,"34,919,169.0",0.2419 ns,15.00,2.379,2.000,0.6765,4,*,No,337 B,0.0000,0.0000,0.0000,0 B
AddRange,Job-CJSTKQ,False,True,Default,Default,Default,Default,Default,1111,Empty,RyuJit,X64,8c5e7fda-e8bf-4a96-9a85-a6e23a8c635c,.NET Core 5.0,False,True,False,True,Default,Default,False,False,True,Default,Default,Default,Default,Default,.NET Core 5.0,Default,1,Default,Default,Default,Default,Default,Default,Default,Default,16,Default,dotNetTips.Spargine.Extensions.BenchmarkTests,CollectionExtensions,10,"25,397.95 ns",184.484 ns,172.567 ns,44.557 ns,"25,052.91 ns","25,325.54 ns","25,411.70 ns","25,522.29 ns","25,621.77 ns","39,373.3",184.4844 ns,15.00,2.091,2.000,-0.6613,5,*,No,766 B,0.0916,0.0000,0.0000,1088 B
AddRange,Job-CJSTKQ,False,True,Default,Default,Default,Default,Default,1111,Empty,RyuJit,X64,8c5e7fda-e8bf-4a96-9a85-a6e23a8c635c,.NET Core 5.0,False,True,False,True,Default,Default,False,False,True,Default,Default,Default,Default,Default,.NET Core 5.0,Default,1,Default,Default,Default,Default,Default,Default,Default,Default,16,Default,dotNetTips.Spargine.Extensions.BenchmarkTests,CollectionExtensions,25,"54,073.02 ns",377.202 ns,352.835 ns,91.102 ns,"53,444.90 ns","53,849.44 ns","54,058.52 ns","54,371.49 ns","54,584.96 ns","18,493.5",377.2017 ns,15.00,1.786,2.000,-0.1687,6,*,No,766 B,0.1831,0.0000,0.0000,2024 B
AddRange,Job-CJSTKQ,False,True,Default,Default,Default,Default,Default,1111,Empty,RyuJit,X64,8c5e7fda-e8bf-4a96-9a85-a6e23a8c635c,.NET Core 5.0,False,True,False,True,Default,Default,False,False,True,Default,Default,Default,Default,Default,.NET Core 5.0,Default,1,Default,Default,Default,Default,Default,Default,Default,Default,16,Default,dotNetTips.Spargine.Extensions.BenchmarkTests,CollectionExtensions,50,"107,183.36 ns",999.423 ns,934.861 ns,241.380 ns,"104,651.03 ns","106,847.56 ns","107,340.19 ns","107,667.62 ns","108,532.07 ns","9,329.8",999.4227 ns,15.00,4.153,2.000,-0.9714,7,*,No,766 B,0.3662,0.0000,0.0000,3760 B
AddRange,Job-CJSTKQ,False,True,Default,Default,Default,Default,Default,1111,Empty,RyuJit,X64,8c5e7fda-e8bf-4a96-9a85-a6e23a8c635c,.NET Core 5.0,False,True,False,True,Default,Default,False,False,True,Default,Default,Default,Default,Default,.NET Core 5.0,Default,1,Default,Default,Default,Default,Default,Default,Default,Default,16,Default,dotNetTips.Spargine.Extensions.BenchmarkTests,CollectionExtensions,100,"215,824.16 ns","2,251.132 ns","2,105.711 ns",543.692 ns,"212,289.37 ns","214,278.92 ns","215,461.19 ns","217,255.90 ns","219,656.63 ns","4,633.4","2,251.1323 ns",15.00,1.827,2.000,0.2654,8,*,No,766 B,0.7324,0.0000,0.0000,7096 B
AddRange,Job-CJSTKQ,False,True,Default,Default,Default,Default,Default,1111,Empty,RyuJit,X64,8c5e7fda-e8bf-4a96-9a85-a6e23a8c635c,.NET Core 5.0,False,True,False,True,Default,Default,False,False,True,Default,Default,Default,Default,Default,.NET Core 5.0,Default,1,Default,Default,Default,Default,Default,Default,Default,Default,16,Default,dotNetTips.Spargine.Extensions.BenchmarkTests,CollectionExtensions,250,"544,939.20 ns","1,459.988 ns","1,365.674 ns",352.615 ns,"542,461.38 ns","544,209.28 ns","544,817.24 ns","545,773.44 ns","548,065.48 ns","1,835.1","1,459.9881 ns",15.00,2.847,2.000,0.4681,9,*,No,766 B,0.9766,0.0000,0.0000,16544 B
AddRange,Job-CJSTKQ,False,True,Default,Default,Default,Default,Default,1111,Empty,RyuJit,X64,8c5e7fda-e8bf-4a96-9a85-a6e23a8c635c,.NET Core 5.0,False,True,False,True,Default,Default,False,False,True,Default,Default,Default,Default,Default,.NET Core 5.0,Default,1,Default,Default,Default,Default,Default,Default,Default,Default,16,Default,dotNetTips.Spargine.Extensions.BenchmarkTests,CollectionExtensions,500,"1,134,519.93 ns","12,142.468 ns","11,358.072 ns","2,932.642 ns","1,110,975.20 ns","1,135,564.45 ns","1,138,367.19 ns","1,141,331.54 ns","1,144,687.11 ns",881.4,"12,142.4676 ns",15.00,2.683,2.000,-1.1703,10,*,No,766 B,1.9531,0.0000,0.0000,32616 B
AddRange,Job-CJSTKQ,False,True,Default,Default,Default,Default,Default,1111,Empty,RyuJit,X64,8c5e7fda-e8bf-4a96-9a85-a6e23a8c635c,.NET Core 5.0,False,True,False,True,Default,Default,False,False,True,Default,Default,Default,Default,Default,.NET Core 5.0,Default,1,Default,Default,Default,Default,Default,Default,Default,Default,16,Default,dotNetTips.Spargine.Extensions.BenchmarkTests,CollectionExtensions,1000,"2,532,992.22 ns","31,273.870 ns","24,416.580 ns","7,048.460 ns","2,465,770.12 ns","2,534,251.56 ns","2,540,907.03 ns","2,544,038.57 ns","2,558,020.12 ns",394.8,"31,273.8696 ns",12.00,5.020,2.000,-1.7133,11,*,No,766 B,0.0000,0.0000,0.0000,64736 B
