Method,Job,AnalyzeLaunchVariance,EvaluateOverhead,MaxAbsoluteError,MaxRelativeError,MinInvokeCount,MinIterationTime,OutlierMode,Affinity,EnvironmentVariables,Jit,Platform,PowerPlanMode,Runtime,AllowVeryLargeObjects,Concurrent,CpuGroups,Force,HeapAffinitizeMask,HeapCount,NoAffinitize,RetainVm,Server,Arguments,BuildConfiguration,Clock,EngineFactory,NuGetReferences,Toolchain,IsMutator,InvocationCount,IterationCount,IterationTime,LaunchCount,MaxIterationCount,MaxWarmupIterationCount,MinIterationCount,MinWarmupIterationCount,RunStrategy,UnrollFactor,WarmupCount,Namespace,Categories,Mean,Error,StdDev,StdErr,Median,Min,Q1,Q3,Max,Op/s,CI99.9% Margin,Iterations,Kurtosis,MValue,Skewness,Rank,LogicalGroup,Baseline,Code Size,Gen 0,Gen 1,Gen 2,Allocated
'As: IPerson',Job-CJSTKQ,False,True,Default,Default,Default,Default,Default,1111,Empty,RyuJit,X64,8c5e7fda-e8bf-4a96-9a85-a6e23a8c635c,.NET Core 5.0,False,True,False,True,Default,Default,False,False,True,Default,Default,Default,Default,Default,.NET Core 5.0,Default,1,Default,Default,Default,Default,Default,Default,Default,Default,16,Default,dotNetTips.Spargine.Extensions.BenchmarkTests,ObjectExtensions,7.4036 ns,0.0568 ns,0.0531 ns,0.0137 ns,7.3787 ns,7.3347 ns,7.3609 ns,7.4377 ns,7.4948 ns,"135,068,937.8",0.0568 ns,15.00,1.613,2.000,0.3780,2,*,No,129 B,0.0000,0.0000,0.0000,0 B
'Clone: PersonProper',Job-CJSTKQ,False,True,Default,Default,Default,Default,Default,1111,Empty,RyuJit,X64,8c5e7fda-e8bf-4a96-9a85-a6e23a8c635c,.NET Core 5.0,False,True,False,True,Default,Default,False,False,True,Default,Default,Default,Default,Default,.NET Core 5.0,Default,1,Default,Default,Default,Default,Default,Default,Default,Default,16,Default,dotNetTips.Spargine.Extensions.BenchmarkTests,ObjectExtensions,"7,985.4026 ns",53.3040 ns,44.5113 ns,12.3452 ns,"7,979.8203 ns","7,884.2026 ns","7,964.4073 ns","8,011.8103 ns","8,075.9979 ns","125,228.5",53.3040 ns,13.00,3.449,2.000,-0.2413,13,*,No,167 B,0.3052,0.0000,0.0000,2863 B
'Clone: PersonRecord*',Job-CJSTKQ,False,True,Default,Default,Default,Default,Default,1111,Empty,RyuJit,X64,8c5e7fda-e8bf-4a96-9a85-a6e23a8c635c,.NET Core 5.0,False,True,False,True,Default,Default,False,False,True,Default,Default,Default,Default,Default,.NET Core 5.0,Default,1,Default,Default,Default,Default,Default,Default,Default,Default,16,Default,dotNetTips.Spargine.Extensions.BenchmarkTests,ObjectExtensions,24.0331 ns,0.2298 ns,0.2037 ns,0.0545 ns,24.0111 ns,23.6208 ns,23.9294 ns,24.1712 ns,24.4401 ns,"41,609,255.8",0.2298 ns,14.00,2.625,2.000,-0.0508,4,*,No,50 B,0.0098,0.0000,0.0000,88 B
'ComputeSha256Hash: PersonProper',Job-CJSTKQ,False,True,Default,Default,Default,Default,Default,1111,Empty,RyuJit,X64,8c5e7fda-e8bf-4a96-9a85-a6e23a8c635c,.NET Core 5.0,False,True,False,True,Default,Default,False,False,True,Default,Default,Default,Default,Default,.NET Core 5.0,Default,1,Default,Default,Default,Default,Default,Default,Default,Default,16,Default,dotNetTips.Spargine.Extensions.BenchmarkTests,ObjectExtensions,"9,977.9642 ns",57.2437 ns,53.5458 ns,13.8255 ns,"9,978.5629 ns","9,900.7660 ns","9,927.8206 ns","10,025.3304 ns","10,042.1783 ns","100,220.8",57.2437 ns,15.00,1.314,2.000,-0.1578,14,*,No,409 B,0.4730,0.0000,0.0000,4470 B
'ComputeSha256Hash: PersonRecord',Job-CJSTKQ,False,True,Default,Default,Default,Default,Default,1111,Empty,RyuJit,X64,8c5e7fda-e8bf-4a96-9a85-a6e23a8c635c,.NET Core 5.0,False,True,False,True,Default,Default,False,False,True,Default,Default,Default,Default,Default,.NET Core 5.0,Default,1,Default,Default,Default,Default,Default,Default,Default,Default,16,Default,dotNetTips.Spargine.Extensions.BenchmarkTests,ObjectExtensions,"6,893.8918 ns",133.7657 ns,125.1245 ns,32.3070 ns,"6,931.6734 ns","6,652.4918 ns","6,876.6460 ns","6,969.8135 ns","7,034.9991 ns","145,055.9",133.7657 ns,15.00,2.356,2.000,-0.9198,12,*,No,409 B,0.4349,0.0000,0.0000,4056 B
'DisposeFields: DataTable',Job-CJSTKQ,False,True,Default,Default,Default,Default,Default,1111,Empty,RyuJit,X64,8c5e7fda-e8bf-4a96-9a85-a6e23a8c635c,.NET Core 5.0,False,True,False,True,Default,Default,False,False,True,Default,Default,Default,Default,Default,.NET Core 5.0,Default,1,Default,Default,Default,Default,Default,Default,Default,Default,16,Default,dotNetTips.Spargine.Extensions.BenchmarkTests,ObjectExtensions,"6,420.1608 ns",14.2586 ns,12.6399 ns,3.3781 ns,"6,423.3704 ns","6,393.7393 ns","6,415.9565 ns","6,427.1561 ns","6,441.9807 ns","155,759.3",14.2586 ns,14.00,2.473,2.000,-0.4955,11,*,No,505 B,0.7248,0.0000,0.0000,6560 B
'HasProperty: PersonProper',Job-CJSTKQ,False,True,Default,Default,Default,Default,Default,1111,Empty,RyuJit,X64,8c5e7fda-e8bf-4a96-9a85-a6e23a8c635c,.NET Core 5.0,False,True,False,True,Default,Default,False,False,True,Default,Default,Default,Default,Default,.NET Core 5.0,Default,1,Default,Default,Default,Default,Default,Default,Default,Default,16,Default,dotNetTips.Spargine.Extensions.BenchmarkTests,ObjectExtensions,294.3180 ns,1.1620 ns,0.9703 ns,0.2691 ns,294.4625 ns,292.4670 ns,293.6620 ns,294.8642 ns,295.6568 ns,"3,397,685.5",1.1620 ns,13.00,1.918,2.000,-0.4368,6,*,No,236 B,0.0281,0.0000,0.0000,256 B
'IsNotNull: PersonProper',Job-CJSTKQ,False,True,Default,Default,Default,Default,Default,1111,Empty,RyuJit,X64,8c5e7fda-e8bf-4a96-9a85-a6e23a8c635c,.NET Core 5.0,False,True,False,True,Default,Default,False,False,True,Default,Default,Default,Default,Default,.NET Core 5.0,Default,1,Default,Default,Default,Default,Default,Default,Default,Default,16,Default,dotNetTips.Spargine.Extensions.BenchmarkTests,ObjectExtensions,0.0082 ns,0.0105 ns,0.0117 ns,0.0027 ns,0.0005 ns,0.0000 ns,0.0000 ns,0.0141 ns,0.0362 ns,"122,310,627,479.8",0.0105 ns,19.00,2.915,2.000,1.1419,1,*,No,24 B,0.0000,0.0000,0.0000,0 B
'IsNull: PersonProper',Job-CJSTKQ,False,True,Default,Default,Default,Default,Default,1111,Empty,RyuJit,X64,8c5e7fda-e8bf-4a96-9a85-a6e23a8c635c,.NET Core 5.0,False,True,False,True,Default,Default,False,False,True,Default,Default,Default,Default,Default,.NET Core 5.0,Default,1,Default,Default,Default,Default,Default,Default,Default,Default,16,Default,dotNetTips.Spargine.Extensions.BenchmarkTests,ObjectExtensions,0.0000 ns,0.0000 ns,0.0000 ns,0.0000 ns,0.0000 ns,0.0000 ns,0.0000 ns,0.0000 ns,0.0000 ns,Infinity,0.0000 ns,15.00,NA,2.000,NA,1,*,No,24 B,0.0000,0.0000,0.0000,0 B
'PersonRecord: Duplication with new ID',Job-CJSTKQ,False,True,Default,Default,Default,Default,Default,1111,Empty,RyuJit,X64,8c5e7fda-e8bf-4a96-9a85-a6e23a8c635c,.NET Core 5.0,False,True,False,True,Default,Default,False,False,True,Default,Default,Default,Default,Default,.NET Core 5.0,Default,1,Default,Default,Default,Default,Default,Default,Default,Default,16,Default,dotNetTips.Spargine.Extensions.BenchmarkTests,ObjectExtensions,26.0544 ns,0.1244 ns,0.1164 ns,0.0300 ns,26.0829 ns,25.8669 ns,25.9582 ns,26.1463 ns,26.2120 ns,"38,381,299.2",0.1244 ns,15.00,1.528,2.000,-0.3628,5,*,No,77 B,0.0096,0.0000,0.0000,88 B
'PersonRecord: ToString()',Job-CJSTKQ,False,True,Default,Default,Default,Default,Default,1111,Empty,RyuJit,X64,8c5e7fda-e8bf-4a96-9a85-a6e23a8c635c,.NET Core 5.0,False,True,False,True,Default,Default,False,False,True,Default,Default,Default,Default,Default,.NET Core 5.0,Default,1,Default,Default,Default,Default,Default,Default,Default,Default,16,Default,dotNetTips.Spargine.Extensions.BenchmarkTests,ObjectExtensions,"1,037.2372 ns",1.8618 ns,1.6505 ns,0.4411 ns,"1,037.2851 ns","1,034.0958 ns","1,036.2862 ns","1,037.8629 ns","1,040.2149 ns","964,099.6",1.8618 ns,14.00,2.553,2.000,0.2385,8,*,No,50 B,0.2289,0.0000,0.0000,2072 B
'PropertiesToDictionary: PersonProper-Ignore Nulls',Job-CJSTKQ,False,True,Default,Default,Default,Default,Default,1111,Empty,RyuJit,X64,8c5e7fda-e8bf-4a96-9a85-a6e23a8c635c,.NET Core 5.0,False,True,False,True,Default,Default,False,False,True,Default,Default,Default,Default,Default,.NET Core 5.0,Default,1,Default,Default,Default,Default,Default,Default,Default,Default,16,Default,dotNetTips.Spargine.Extensions.BenchmarkTests,ObjectExtensions,"34,026.7471 ns",149.0318 ns,116.3542 ns,33.5886 ns,"34,007.1899 ns","33,800.6836 ns","33,978.6255 ns","34,058.2748 ns","34,243.1091 ns","29,388.6",149.0318 ns,12.00,2.724,2.000,0.2059,17,*,No,1854 B,4.2114,0.0000,0.0000,38672 B
'PropertiesToDictionary: PersonProper-With Nulls',Job-CJSTKQ,False,True,Default,Default,Default,Default,Default,1111,Empty,RyuJit,X64,8c5e7fda-e8bf-4a96-9a85-a6e23a8c635c,.NET Core 5.0,False,True,False,True,Default,Default,False,False,True,Default,Default,Default,Default,Default,.NET Core 5.0,Default,1,Default,Default,Default,Default,Default,Default,Default,Default,16,Default,dotNetTips.Spargine.Extensions.BenchmarkTests,ObjectExtensions,"34,946.5525 ns",181.9430 ns,170.1896 ns,43.9428 ns,"35,005.3558 ns","34,692.8802 ns","34,791.6046 ns","35,108.9874 ns","35,158.9386 ns","28,615.1",181.9430 ns,15.00,1.322,2.000,-0.2080,18,*,No,1851 B,4.2725,0.0000,0.0000,38653 B
'PropertiesToDictionary: PersonRecord-Ignore Nulls',Job-CJSTKQ,False,True,Default,Default,Default,Default,Default,1111,Empty,RyuJit,X64,8c5e7fda-e8bf-4a96-9a85-a6e23a8c635c,.NET Core 5.0,False,True,False,True,Default,Default,False,False,True,Default,Default,Default,Default,Default,.NET Core 5.0,Default,1,Default,Default,Default,Default,Default,Default,Default,Default,16,Default,dotNetTips.Spargine.Extensions.BenchmarkTests,ObjectExtensions,"20,291.7047 ns",123.4842 ns,109.4656 ns,29.2559 ns,"20,311.7340 ns","20,049.7513 ns","20,226.2413 ns","20,365.7196 ns","20,447.8348 ns","49,281.2",123.4842 ns,14.00,2.417,2.000,-0.5515,15,*,No,1854 B,2.4109,0.0000,0.0000,22186 B
'PropertiesToDictionary: PersonRecord-With Nulls',Job-CJSTKQ,False,True,Default,Default,Default,Default,Default,1111,Empty,RyuJit,X64,8c5e7fda-e8bf-4a96-9a85-a6e23a8c635c,.NET Core 5.0,False,True,False,True,Default,Default,False,False,True,Default,Default,Default,Default,Default,.NET Core 5.0,Default,1,Default,Default,Default,Default,Default,Default,Default,Default,16,Default,dotNetTips.Spargine.Extensions.BenchmarkTests,ObjectExtensions,"20,322.8597 ns",98.6920 ns,92.3166 ns,23.8360 ns,"20,336.8652 ns","20,195.7153 ns","20,234.4055 ns","20,374.1577 ns","20,459.5245 ns","49,205.7",98.6920 ns,15.00,1.486,2.000,0.1347,15,*,No,1851 B,2.4414,0.0000,0.0000,22186 B
'PropertiesToString: PersonProper-Ignore Nulls',Job-CJSTKQ,False,True,Default,Default,Default,Default,Default,1111,Empty,RyuJit,X64,8c5e7fda-e8bf-4a96-9a85-a6e23a8c635c,.NET Core 5.0,False,True,False,True,Default,Default,False,False,True,Default,Default,Default,Default,Default,.NET Core 5.0,Default,1,Default,Default,Default,Default,Default,Default,Default,Default,16,Default,dotNetTips.Spargine.Extensions.BenchmarkTests,ObjectExtensions,"46,417.6762 ns",168.9889 ns,158.0723 ns,40.8141 ns,"46,480.6824 ns","46,114.8804 ns","46,290.5548 ns","46,545.4620 ns","46,617.9932 ns","21,543.5",168.9889 ns,15.00,1.732,2.000,-0.3980,19,*,No,511 B,7.6294,0.0610,0.0000,69118 B
'PropertiesToString: PersonProper-With Nulls',Job-CJSTKQ,False,True,Default,Default,Default,Default,Default,1111,Empty,RyuJit,X64,8c5e7fda-e8bf-4a96-9a85-a6e23a8c635c,.NET Core 5.0,False,True,False,True,Default,Default,False,False,True,Default,Default,Default,Default,Default,.NET Core 5.0,Default,1,Default,Default,Default,Default,Default,Default,Default,Default,16,Default,dotNetTips.Spargine.Extensions.BenchmarkTests,ObjectExtensions,"46,502.6010 ns",253.2096 ns,211.4415 ns,58.6433 ns,"46,549.4324 ns","45,932.8308 ns","46,461.6028 ns","46,593.6157 ns","46,837.4817 ns","21,504.2",253.2096 ns,13.00,4.616,2.000,-1.2018,19,*,No,511 B,7.6904,0.0610,0.0000,69288 B
'PropertiesToString: PersonRecord-Ignore Nulls',Job-CJSTKQ,False,True,Default,Default,Default,Default,Default,1111,Empty,RyuJit,X64,8c5e7fda-e8bf-4a96-9a85-a6e23a8c635c,.NET Core 5.0,False,True,False,True,Default,Default,False,False,True,Default,Default,Default,Default,Default,.NET Core 5.0,Default,1,Default,Default,Default,Default,Default,Default,Default,Default,16,Default,dotNetTips.Spargine.Extensions.BenchmarkTests,ObjectExtensions,"27,826.8184 ns",231.7670 ns,216.7950 ns,55.9762 ns,"27,771.6461 ns","27,471.5149 ns","27,676.0361 ns","27,960.8368 ns","28,243.4998 ns","35,936.6",231.7670 ns,15.00,2.134,2.000,0.4864,16,*,No,511 B,4.6692,0.0000,0.0000,42017 B
'PropertiesToString: PersonRecord-With Nulls',Job-CJSTKQ,False,True,Default,Default,Default,Default,Default,1111,Empty,RyuJit,X64,8c5e7fda-e8bf-4a96-9a85-a6e23a8c635c,.NET Core 5.0,False,True,False,True,Default,Default,False,False,True,Default,Default,Default,Default,Default,.NET Core 5.0,Default,1,Default,Default,Default,Default,Default,Default,Default,Default,16,Default,dotNetTips.Spargine.Extensions.BenchmarkTests,ObjectExtensions,"28,106.4555 ns",107.2888 ns,100.3580 ns,25.9123 ns,"28,101.1627 ns","27,860.5499 ns","28,064.0137 ns","28,157.4615 ns","28,284.0057 ns","35,579.0",107.2888 ns,15.00,3.376,2.000,-0.4511,16,*,No,511 B,4.5776,0.0000,0.0000,42004 B
'StripNull: PersonProper',Job-CJSTKQ,False,True,Default,Default,Default,Default,Default,1111,Empty,RyuJit,X64,8c5e7fda-e8bf-4a96-9a85-a6e23a8c635c,.NET Core 5.0,False,True,False,True,Default,Default,False,False,True,Default,Default,Default,Default,Default,.NET Core 5.0,Default,1,Default,Default,Default,Default,Default,Default,Default,Default,16,Default,dotNetTips.Spargine.Extensions.BenchmarkTests,ObjectExtensions,8.3903 ns,0.1970 ns,0.2269 ns,0.0507 ns,8.4577 ns,7.9899 ns,8.2387 ns,8.5626 ns,8.6973 ns,"119,185,752.7",0.1970 ns,20.00,1.808,2.500,-0.5942,3,*,No,91 B,0.0000,0.0000,0.0000,0 B
'ToJson: PersonProper',Job-CJSTKQ,False,True,Default,Default,Default,Default,Default,1111,Empty,RyuJit,X64,8c5e7fda-e8bf-4a96-9a85-a6e23a8c635c,.NET Core 5.0,False,True,False,True,Default,Default,False,False,True,Default,Default,Default,Default,Default,.NET Core 5.0,Default,1,Default,Default,Default,Default,Default,Default,Default,Default,16,Default,dotNetTips.Spargine.Extensions.BenchmarkTests,ObjectExtensions,"3,880.4119 ns",58.2042 ns,54.4442 ns,14.0574 ns,"3,876.4015 ns","3,764.7980 ns","3,847.1306 ns","3,923.4009 ns","3,962.7396 ns","257,704.6",58.2042 ns,15.00,2.174,2.000,-0.3931,10,*,No,93 B,0.2136,0.0000,0.0000,1960 B
'ToJson: PersonRecord',Job-CJSTKQ,False,True,Default,Default,Default,Default,Default,1111,Empty,RyuJit,X64,8c5e7fda-e8bf-4a96-9a85-a6e23a8c635c,.NET Core 5.0,False,True,False,True,Default,Default,False,False,True,Default,Default,Default,Default,Default,.NET Core 5.0,Default,1,Default,Default,Default,Default,Default,Default,Default,Default,16,Default,dotNetTips.Spargine.Extensions.BenchmarkTests,ObjectExtensions,"2,235.6151 ns",10.1647 ns,9.5080 ns,2.4550 ns,"2,232.6839 ns","2,222.7795 ns","2,230.1733 ns","2,240.8457 ns","2,254.6047 ns","447,304.2",10.1647 ns,15.00,2.104,2.000,0.6567,9,*,No,93 B,0.1869,0.0000,0.0000,1664 B
'TryDispose: PersonProper',Job-CJSTKQ,False,True,Default,Default,Default,Default,Default,1111,Empty,RyuJit,X64,8c5e7fda-e8bf-4a96-9a85-a6e23a8c635c,.NET Core 5.0,False,True,False,True,Default,Default,False,False,True,Default,Default,Default,Default,Default,.NET Core 5.0,Default,1,Default,Default,Default,Default,Default,Default,Default,Default,16,Default,dotNetTips.Spargine.Extensions.BenchmarkTests,ObjectExtensions,466.9229 ns,2.0965 ns,1.8585 ns,0.4967 ns,466.6946 ns,464.2416 ns,465.6045 ns,467.8836 ns,470.6241 ns,"2,141,681.1",2.0965 ns,14.00,2.021,2.000,0.3663,7,*,No,289 B,0.3190,0.0010,0.0000,2920 B
