Target,Target_Namespace,Target_Type,Target_Method,Job_Id,Job_AnalyzeLaunchVariance,Job_EvaluateOverhead,Job_MaxAbsoluteError,Job_MaxRelativeError,Job_MinInvokeCount,Job_MinIterationTime,Job_OutlierMode,Job_Affinity,Job_EnvironmentVariables,Job_Jit,Job_Platform,Job_PowerPlanMode,Job_Runtime,Job_AllowVeryLargeObjects,Job_Concurrent,Job_CpuGroups,Job_Force,Job_HeapAffinitizeMask,Job_HeapCount,Job_NoAffinitize,Job_RetainVm,Job_Server,Job_Arguments,Job_BuildConfiguration,Job_Clock,Job_EngineFactory,Job_NuGetReferences,Job_Toolchain,Job_IsMutator,Job_InvocationCount,Job_IterationCount,Job_IterationTime,Job_LaunchCount,Job_MaxIterationCount,Job_MaxWarmupIterationCount,Job_MinIterationCount,Job_MinWarmupIterationCount,Job_RunStrategy,Job_UnrollFactor,Job_WarmupCount,Job_Display,Params,Measurement_LaunchIndex,Measurement_IterationMode,Measurement_IterationStage,Measurement_IterationIndex,Measurement_Nanoseconds,Measurement_Operations,Measurement_Value,Gen_0,Gen_1,Gen_2,Allocated_Bytes
TypeHelperBenchmark.'Looping Collection: Normal StringBuilder',dotNetTips.Spargine.Core.BenchmarkTests,TypeHelperBenchmark,'Looping Collection: Normal StringBuilder',Job-PDALPH,Default,True,Default,Default,Default,Default,Default,Default,Default,Default,Default,Default,Default,Default,Default,Default,Default,Default,Default,Default,Default,True,Default,Default,Default,Default,Default,.NET Core 5.0,Default,Default,Default,Default,Default,Default,Default,Default,Default,Default,Default,Default,"Job-PDALPH(EvaluateOverhead=True, Server=True, Toolchain=.NET Core 5.0)",,1,Overhead,Jitting,1,234200,1,234200,135,1,0,9696
TypeHelperBenchmark.'Looping Collection: Normal StringBuilder',dotNetTips.Spargine.Core.BenchmarkTests,TypeHelperBenchmark,'Looping Collection: Normal StringBuilder',Job-PDALPH,Default,True,Default,Default,Default,Default,Default,Default,Default,Default,Default,Default,Default,Default,Default,Default,Default,Default,Default,Default,Default,True,Default,Default,Default,Default,Default,.NET Core 5.0,Default,Default,Default,Default,Default,Default,Default,Default,Default,Default,Default,Default,"Job-PDALPH(EvaluateOverhead=True, Server=True, Toolchain=.NET Core 5.0)",,1,Workload,Jitting,1,1039100,1,1039100,135,1,0,9696
TypeHelperBenchmark.'Looping Collection: Normal StringBuilder',dotNetTips.Spargine.Core.BenchmarkTests,TypeHelperBenchmark,'Looping Collection: Normal StringBuilder',Job-PDALPH,Default,True,Default,Default,Default,Default,Default,Default,Default,Default,Default,Default,Default,Default,Default,Default,Default,Default,Default,Default,Default,True,Default,Default,Default,Default,Default,.NET Core 5.0,Default,Default,Default,Default,Default,Default,Default,Default,Default,Default,Default,Default,"Job-PDALPH(EvaluateOverhead=True, Server=True, Toolchain=.NET Core 5.0)",,1,Overhead,Jitting,2,225100,16,14068.75,135,1,0,9696
TypeHelperBenchmark.'Looping Collection: Normal StringBuilder',dotNetTips.Spargine.Core.BenchmarkTests,TypeHelperBenchmark,'Looping Collection: Normal StringBuilder',Job-PDALPH,Default,True,Default,Default,Default,Default,Default,Default,Default,Default,Default,Default,Default,Default,Default,Default,Default,Default,Default,Default,Default,True,Default,Default,Default,Default,Default,.NET Core 5.0,Default,Default,Default,Default,Default,Default,Default,Default,Default,Default,Default,Default,"Job-PDALPH(EvaluateOverhead=True, Server=True, Toolchain=.NET Core 5.0)",,1,Workload,Jitting,2,334900,16,20931.25,135,1,0,9696
TypeHelperBenchmark.'Looping Collection: Normal StringBuilder',dotNetTips.Spargine.Core.BenchmarkTests,TypeHelperBenchmark,'Looping Collection: Normal StringBuilder',Job-PDALPH,Default,True,Default,Default,Default,Default,Default,Default,Default,Default,Default,Default,Default,Default,Default,Default,Default,Default,Default,Default,Default,True,Default,Default,Default,Default,Default,.NET Core 5.0,Default,Default,Default,Default,Default,Default,Default,Default,Default,Default,Default,Default,"Job-PDALPH(EvaluateOverhead=True, Server=True, Toolchain=.NET Core 5.0)",,1,Workload,Pilot,1,166100,16,10381.25,135,1,0,9696
TypeHelperBenchmark.'Looping Collection: Normal StringBuilder',dotNetTips.Spargine.Core.BenchmarkTests,TypeHelperBenchmark,'Looping Collection: Normal StringBuilder',Job-PDALPH,Default,True,Default,Default,Default,Default,Default,Default,Default,Default,Default,Default,Default,Default,Default,Default,Default,Default,Default,Default,Default,True,Default,Default,Default,Default,Default,.NET Core 5.0,Default,Default,Default,Default,Default,Default,Default,Default,Default,Default,Default,Default,"Job-PDALPH(EvaluateOverhead=True, Server=True, Toolchain=.NET Core 5.0)",,1,Workload,Pilot,2,309400,32,9668.75,135,1,0,9696
TypeHelperBenchmark.'Looping Collection: Normal StringBuilder',dotNetTips.Spargine.Core.BenchmarkTests,TypeHelperBenchmark,'Looping Collection: Normal StringBuilder',Job-PDALPH,Default,True,Default,Default,Default,Default,Default,Default,Default,Default,Default,Default,Default,Default,Default,Default,Default,Default,Default,Default,Default,True,Default,Default,Default,Default,Default,.NET Core 5.0,Default,Default,Default,Default,Default,Default,Default,Default,Default,Default,Default,Default,"Job-PDALPH(EvaluateOverhead=True, Server=True, Toolchain=.NET Core 5.0)",,1,Workload,Pilot,3,618400,64,9662.5,135,1,0,9696
TypeHelperBenchmark.'Looping Collection: Normal StringBuilder',dotNetTips.Spargine.Core.BenchmarkTests,TypeHelperBenchmark,'Looping Collection: Normal StringBuilder',Job-PDALPH,Default,True,Default,Default,Default,Default,Default,Default,Default,Default,Default,Default,Default,Default,Default,Default,Default,Default,Default,Default,Default,True,Default,Default,Default,Default,Default,.NET Core 5.0,Default,Default,Default,Default,Default,Default,Default,Default,Default,Default,Default,Default,"Job-PDALPH(EvaluateOverhead=True, Server=True, Toolchain=.NET Core 5.0)",,1,Workload,Pilot,4,1089100,128,8508.59,135,1,0,9696
TypeHelperBenchmark.'Looping Collection: Normal StringBuilder',dotNetTips.Spargine.Core.BenchmarkTests,TypeHelperBenchmark,'Looping Collection: Normal StringBuilder',Job-PDALPH,Default,True,Default,Default,Default,Default,Default,Default,Default,Default,Default,Default,Default,Default,Default,Default,Default,Default,Default,Default,Default,True,Default,Default,Default,Default,Default,.NET Core 5.0,Default,Default,Default,Default,Default,Default,Default,Default,Default,Default,Default,Default,"Job-PDALPH(EvaluateOverhead=True, Server=True, Toolchain=.NET Core 5.0)",,1,Workload,Pilot,5,1963300,256,7669.14,135,1,0,9696
TypeHelperBenchmark.'Looping Collection: Normal StringBuilder',dotNetTips.Spargine.Core.BenchmarkTests,TypeHelperBenchmark,'Looping Collection: Normal StringBuilder',Job-PDALPH,Default,True,Default,Default,Default,Default,Default,Default,Default,Default,Default,Default,Default,Default,Default,Default,Default,Default,Default,Default,Default,True,Default,Default,Default,Default,Default,.NET Core 5.0,Default,Default,Default,Default,Default,Default,Default,Default,Default,Default,Default,Default,"Job-PDALPH(EvaluateOverhead=True, Server=True, Toolchain=.NET Core 5.0)",,1,Workload,Pilot,6,4014800,512,7841.41,135,1,0,9696
TypeHelperBenchmark.'Looping Collection: Normal StringBuilder',dotNetTips.Spargine.Core.BenchmarkTests,TypeHelperBenchmark,'Looping Collection: Normal StringBuilder',Job-PDALPH,Default,True,Default,Default,Default,Default,Default,Default,Default,Default,Default,Default,Default,Default,Default,Default,Default,Default,Default,Default,Default,True,Default,Default,Default,Default,Default,.NET Core 5.0,Default,Default,Default,Default,Default,Default,Default,Default,Default,Default,Default,Default,"Job-PDALPH(EvaluateOverhead=True, Server=True, Toolchain=.NET Core 5.0)",,1,Workload,Pilot,7,8454000,1024,8255.86,135,1,0,9696
TypeHelperBenchmark.'Looping Collection: Normal StringBuilder',dotNetTips.Spargine.Core.BenchmarkTests,TypeHelperBenchmark,'Looping Collection: Normal StringBuilder',Job-PDALPH,Default,True,Default,Default,Default,Default,Default,Default,Default,Default,Default,Default,Default,Default,Default,Default,Default,Default,Default,Default,Default,True,Default,Default,Default,Default,Default,.NET Core 5.0,Default,Default,Default,Default,Default,Default,Default,Default,Default,Default,Default,Default,"Job-PDALPH(EvaluateOverhead=True, Server=True, Toolchain=.NET Core 5.0)",,1,Workload,Pilot,8,11081600,2048,5410.94,135,1,0,9696
TypeHelperBenchmark.'Looping Collection: Normal StringBuilder',dotNetTips.Spargine.Core.BenchmarkTests,TypeHelperBenchmark,'Looping Collection: Normal StringBuilder',Job-PDALPH,Default,True,Default,Default,Default,Default,Default,Default,Default,Default,Default,Default,Default,Default,Default,Default,Default,Default,Default,Default,Default,True,Default,Default,Default,Default,Default,.NET Core 5.0,Default,Default,Default,Default,Default,Default,Default,Default,Default,Default,Default,Default,"Job-PDALPH(EvaluateOverhead=True, Server=True, Toolchain=.NET Core 5.0)",,1,Workload,Pilot,9,23926100,4096,5841.33,135,1,0,9696
TypeHelperBenchmark.'Looping Collection: Normal StringBuilder',dotNetTips.Spargine.Core.BenchmarkTests,TypeHelperBenchmark,'Looping Collection: Normal StringBuilder',Job-PDALPH,Default,True,Default,Default,Default,Default,Default,Default,Default,Default,Default,Default,Default,Default,Default,Default,Default,Default,Default,Default,Default,True,Default,Default,Default,Default,Default,.NET Core 5.0,Default,Default,Default,Default,Default,Default,Default,Default,Default,Default,Default,Default,"Job-PDALPH(EvaluateOverhead=True, Server=True, Toolchain=.NET Core 5.0)",,1,Workload,Pilot,10,45364400,8192,5537.65,135,1,0,9696
TypeHelperBenchmark.'Looping Collection: Normal StringBuilder',dotNetTips.Spargine.Core.BenchmarkTests,TypeHelperBenchmark,'Looping Collection: Normal StringBuilder',Job-PDALPH,Default,True,Default,Default,Default,Default,Default,Default,Default,Default,Default,Default,Default,Default,Default,Default,Default,Default,Default,Default,Default,True,Default,Default,Default,Default,Default,.NET Core 5.0,Default,Default,Default,Default,Default,Default,Default,Default,Default,Default,Default,Default,"Job-PDALPH(EvaluateOverhead=True, Server=True, Toolchain=.NET Core 5.0)",,1,Workload,Pilot,11,91972000,16384,5613.53,135,1,0,9696
TypeHelperBenchmark.'Looping Collection: Normal StringBuilder',dotNetTips.Spargine.Core.BenchmarkTests,TypeHelperBenchmark,'Looping Collection: Normal StringBuilder',Job-PDALPH,Default,True,Default,Default,Default,Default,Default,Default,Default,Default,Default,Default,Default,Default,Default,Default,Default,Default,Default,Default,Default,True,Default,Default,Default,Default,Default,.NET Core 5.0,Default,Default,Default,Default,Default,Default,Default,Default,Default,Default,Default,Default,"Job-PDALPH(EvaluateOverhead=True, Server=True, Toolchain=.NET Core 5.0)",,1,Workload,Pilot,12,164606600,32768,5023.39,135,1,0,9696
TypeHelperBenchmark.'Looping Collection: Normal StringBuilder',dotNetTips.Spargine.Core.BenchmarkTests,TypeHelperBenchmark,'Looping Collection: Normal StringBuilder',Job-PDALPH,Default,True,Default,Default,Default,Default,Default,Default,Default,Default,Default,Default,Default,Default,Default,Default,Default,Default,Default,Default,Default,True,Default,Default,Default,Default,Default,.NET Core 5.0,Default,Default,Default,Default,Default,Default,Default,Default,Default,Default,Default,Default,"Job-PDALPH(EvaluateOverhead=True, Server=True, Toolchain=.NET Core 5.0)",,1,Workload,Pilot,13,328472300,65536,5012.09,135,1,0,9696
TypeHelperBenchmark.'Looping Collection: Normal StringBuilder',dotNetTips.Spargine.Core.BenchmarkTests,TypeHelperBenchmark,'Looping Collection: Normal StringBuilder',Job-PDALPH,Default,True,Default,Default,Default,Default,Default,Default,Default,Default,Default,Default,Default,Default,Default,Default,Default,Default,Default,Default,Default,True,Default,Default,Default,Default,Default,.NET Core 5.0,Default,Default,Default,Default,Default,Default,Default,Default,Default,Default,Default,Default,"Job-PDALPH(EvaluateOverhead=True, Server=True, Toolchain=.NET Core 5.0)",,1,Workload,Pilot,14,654557300,131072,4993.88,135,1,0,9696
TypeHelperBenchmark.'Looping Collection: Normal StringBuilder',dotNetTips.Spargine.Core.BenchmarkTests,TypeHelperBenchmark,'Looping Collection: Normal StringBuilder',Job-PDALPH,Default,True,Default,Default,Default,Default,Default,Default,Default,Default,Default,Default,Default,Default,Default,Default,Default,Default,Default,Default,Default,True,Default,Default,Default,Default,Default,.NET Core 5.0,Default,Default,Default,Default,Default,Default,Default,Default,Default,Default,Default,Default,"Job-PDALPH(EvaluateOverhead=True, Server=True, Toolchain=.NET Core 5.0)",,1,Overhead,Warmup,1,245700,131072,1.87,135,1,0,9696
TypeHelperBenchmark.'Looping Collection: Normal StringBuilder',dotNetTips.Spargine.Core.BenchmarkTests,TypeHelperBenchmark,'Looping Collection: Normal StringBuilder',Job-PDALPH,Default,True,Default,Default,Default,Default,Default,Default,Default,Default,Default,Default,Default,Default,Default,Default,Default,Default,Default,Default,Default,True,Default,Default,Default,Default,Default,.NET Core 5.0,Default,Default,Default,Default,Default,Default,Default,Default,Default,Default,Default,Default,"Job-PDALPH(EvaluateOverhead=True, Server=True, Toolchain=.NET Core 5.0)",,1,Overhead,Warmup,2,261700,131072,2,135,1,0,9696
TypeHelperBenchmark.'Looping Collection: Normal StringBuilder',dotNetTips.Spargine.Core.BenchmarkTests,TypeHelperBenchmark,'Looping Collection: Normal StringBuilder',Job-PDALPH,Default,True,Default,Default,Default,Default,Default,Default,Default,Default,Default,Default,Default,Default,Default,Default,Default,Default,Default,Default,Default,True,Default,Default,Default,Default,Default,.NET Core 5.0,Default,Default,Default,Default,Default,Default,Default,Default,Default,Default,Default,Default,"Job-PDALPH(EvaluateOverhead=True, Server=True, Toolchain=.NET Core 5.0)",,1,Overhead,Warmup,3,267600,131072,2.04,135,1,0,9696
TypeHelperBenchmark.'Looping Collection: Normal StringBuilder',dotNetTips.Spargine.Core.BenchmarkTests,TypeHelperBenchmark,'Looping Collection: Normal StringBuilder',Job-PDALPH,Default,True,Default,Default,Default,Default,Default,Default,Default,Default,Default,Default,Default,Default,Default,Default,Default,Default,Default,Default,Default,True,Default,Default,Default,Default,Default,.NET Core 5.0,Default,Default,Default,Default,Default,Default,Default,Default,Default,Default,Default,Default,"Job-PDALPH(EvaluateOverhead=True, Server=True, Toolchain=.NET Core 5.0)",,1,Overhead,Warmup,4,318100,131072,2.43,135,1,0,9696
TypeHelperBenchmark.'Looping Collection: Normal StringBuilder',dotNetTips.Spargine.Core.BenchmarkTests,TypeHelperBenchmark,'Looping Collection: Normal StringBuilder',Job-PDALPH,Default,True,Default,Default,Default,Default,Default,Default,Default,Default,Default,Default,Default,Default,Default,Default,Default,Default,Default,Default,Default,True,Default,Default,Default,Default,Default,.NET Core 5.0,Default,Default,Default,Default,Default,Default,Default,Default,Default,Default,Default,Default,"Job-PDALPH(EvaluateOverhead=True, Server=True, Toolchain=.NET Core 5.0)",,1,Overhead,Warmup,5,245700,131072,1.87,135,1,0,9696
TypeHelperBenchmark.'Looping Collection: Normal StringBuilder',dotNetTips.Spargine.Core.BenchmarkTests,TypeHelperBenchmark,'Looping Collection: Normal StringBuilder',Job-PDALPH,Default,True,Default,Default,Default,Default,Default,Default,Default,Default,Default,Default,Default,Default,Default,Default,Default,Default,Default,Default,Default,True,Default,Default,Default,Default,Default,.NET Core 5.0,Default,Default,Default,Default,Default,Default,Default,Default,Default,Default,Default,Default,"Job-PDALPH(EvaluateOverhead=True, Server=True, Toolchain=.NET Core 5.0)",,1,Overhead,Warmup,6,245600,131072,1.87,135,1,0,9696
TypeHelperBenchmark.'Looping Collection: Normal StringBuilder',dotNetTips.Spargine.Core.BenchmarkTests,TypeHelperBenchmark,'Looping Collection: Normal StringBuilder',Job-PDALPH,Default,True,Default,Default,Default,Default,Default,Default,Default,Default,Default,Default,Default,Default,Default,Default,Default,Default,Default,Default,Default,True,Default,Default,Default,Default,Default,.NET Core 5.0,Default,Default,Default,Default,Default,Default,Default,Default,Default,Default,Default,Default,"Job-PDALPH(EvaluateOverhead=True, Server=True, Toolchain=.NET Core 5.0)",,1,Overhead,Warmup,7,246000,131072,1.88,135,1,0,9696
TypeHelperBenchmark.'Looping Collection: Normal StringBuilder',dotNetTips.Spargine.Core.BenchmarkTests,TypeHelperBenchmark,'Looping Collection: Normal StringBuilder',Job-PDALPH,Default,True,Default,Default,Default,Default,Default,Default,Default,Default,Default,Default,Default,Default,Default,Default,Default,Default,Default,Default,Default,True,Default,Default,Default,Default,Default,.NET Core 5.0,Default,Default,Default,Default,Default,Default,Default,Default,Default,Default,Default,Default,"Job-PDALPH(EvaluateOverhead=True, Server=True, Toolchain=.NET Core 5.0)",,1,Overhead,Warmup,8,246000,131072,1.88,135,1,0,9696
TypeHelperBenchmark.'Looping Collection: Normal StringBuilder',dotNetTips.Spargine.Core.BenchmarkTests,TypeHelperBenchmark,'Looping Collection: Normal StringBuilder',Job-PDALPH,Default,True,Default,Default,Default,Default,Default,Default,Default,Default,Default,Default,Default,Default,Default,Default,Default,Default,Default,Default,Default,True,Default,Default,Default,Default,Default,.NET Core 5.0,Default,Default,Default,Default,Default,Default,Default,Default,Default,Default,Default,Default,"Job-PDALPH(EvaluateOverhead=True, Server=True, Toolchain=.NET Core 5.0)",,1,Overhead,Actual,1,245900,131072,1.88,135,1,0,9696
TypeHelperBenchmark.'Looping Collection: Normal StringBuilder',dotNetTips.Spargine.Core.BenchmarkTests,TypeHelperBenchmark,'Looping Collection: Normal StringBuilder',Job-PDALPH,Default,True,Default,Default,Default,Default,Default,Default,Default,Default,Default,Default,Default,Default,Default,Default,Default,Default,Default,Default,Default,True,Default,Default,Default,Default,Default,.NET Core 5.0,Default,Default,Default,Default,Default,Default,Default,Default,Default,Default,Default,Default,"Job-PDALPH(EvaluateOverhead=True, Server=True, Toolchain=.NET Core 5.0)",,1,Overhead,Actual,2,245500,131072,1.87,135,1,0,9696
TypeHelperBenchmark.'Looping Collection: Normal StringBuilder',dotNetTips.Spargine.Core.BenchmarkTests,TypeHelperBenchmark,'Looping Collection: Normal StringBuilder',Job-PDALPH,Default,True,Default,Default,Default,Default,Default,Default,Default,Default,Default,Default,Default,Default,Default,Default,Default,Default,Default,Default,Default,True,Default,Default,Default,Default,Default,.NET Core 5.0,Default,Default,Default,Default,Default,Default,Default,Default,Default,Default,Default,Default,"Job-PDALPH(EvaluateOverhead=True, Server=True, Toolchain=.NET Core 5.0)",,1,Overhead,Actual,3,245900,131072,1.88,135,1,0,9696
TypeHelperBenchmark.'Looping Collection: Normal StringBuilder',dotNetTips.Spargine.Core.BenchmarkTests,TypeHelperBenchmark,'Looping Collection: Normal StringBuilder',Job-PDALPH,Default,True,Default,Default,Default,Default,Default,Default,Default,Default,Default,Default,Default,Default,Default,Default,Default,Default,Default,Default,Default,True,Default,Default,Default,Default,Default,.NET Core 5.0,Default,Default,Default,Default,Default,Default,Default,Default,Default,Default,Default,Default,"Job-PDALPH(EvaluateOverhead=True, Server=True, Toolchain=.NET Core 5.0)",,1,Overhead,Actual,4,249200,131072,1.9,135,1,0,9696
TypeHelperBenchmark.'Looping Collection: Normal StringBuilder',dotNetTips.Spargine.Core.BenchmarkTests,TypeHelperBenchmark,'Looping Collection: Normal StringBuilder',Job-PDALPH,Default,True,Default,Default,Default,Default,Default,Default,Default,Default,Default,Default,Default,Default,Default,Default,Default,Default,Default,Default,Default,True,Default,Default,Default,Default,Default,.NET Core 5.0,Default,Default,Default,Default,Default,Default,Default,Default,Default,Default,Default,Default,"Job-PDALPH(EvaluateOverhead=True, Server=True, Toolchain=.NET Core 5.0)",,1,Overhead,Actual,5,245500,131072,1.87,135,1,0,9696
TypeHelperBenchmark.'Looping Collection: Normal StringBuilder',dotNetTips.Spargine.Core.BenchmarkTests,TypeHelperBenchmark,'Looping Collection: Normal StringBuilder',Job-PDALPH,Default,True,Default,Default,Default,Default,Default,Default,Default,Default,Default,Default,Default,Default,Default,Default,Default,Default,Default,Default,Default,True,Default,Default,Default,Default,Default,.NET Core 5.0,Default,Default,Default,Default,Default,Default,Default,Default,Default,Default,Default,Default,"Job-PDALPH(EvaluateOverhead=True, Server=True, Toolchain=.NET Core 5.0)",,1,Overhead,Actual,6,245200,131072,1.87,135,1,0,9696
TypeHelperBenchmark.'Looping Collection: Normal StringBuilder',dotNetTips.Spargine.Core.BenchmarkTests,TypeHelperBenchmark,'Looping Collection: Normal StringBuilder',Job-PDALPH,Default,True,Default,Default,Default,Default,Default,Default,Default,Default,Default,Default,Default,Default,Default,Default,Default,Default,Default,Default,Default,True,Default,Default,Default,Default,Default,.NET Core 5.0,Default,Default,Default,Default,Default,Default,Default,Default,Default,Default,Default,Default,"Job-PDALPH(EvaluateOverhead=True, Server=True, Toolchain=.NET Core 5.0)",,1,Overhead,Actual,7,246300,131072,1.88,135,1,0,9696
TypeHelperBenchmark.'Looping Collection: Normal StringBuilder',dotNetTips.Spargine.Core.BenchmarkTests,TypeHelperBenchmark,'Looping Collection: Normal StringBuilder',Job-PDALPH,Default,True,Default,Default,Default,Default,Default,Default,Default,Default,Default,Default,Default,Default,Default,Default,Default,Default,Default,Default,Default,True,Default,Default,Default,Default,Default,.NET Core 5.0,Default,Default,Default,Default,Default,Default,Default,Default,Default,Default,Default,Default,"Job-PDALPH(EvaluateOverhead=True, Server=True, Toolchain=.NET Core 5.0)",,1,Overhead,Actual,8,246600,131072,1.88,135,1,0,9696
TypeHelperBenchmark.'Looping Collection: Normal StringBuilder',dotNetTips.Spargine.Core.BenchmarkTests,TypeHelperBenchmark,'Looping Collection: Normal StringBuilder',Job-PDALPH,Default,True,Default,Default,Default,Default,Default,Default,Default,Default,Default,Default,Default,Default,Default,Default,Default,Default,Default,Default,Default,True,Default,Default,Default,Default,Default,.NET Core 5.0,Default,Default,Default,Default,Default,Default,Default,Default,Default,Default,Default,Default,"Job-PDALPH(EvaluateOverhead=True, Server=True, Toolchain=.NET Core 5.0)",,1,Overhead,Actual,9,247800,131072,1.89,135,1,0,9696
TypeHelperBenchmark.'Looping Collection: Normal StringBuilder',dotNetTips.Spargine.Core.BenchmarkTests,TypeHelperBenchmark,'Looping Collection: Normal StringBuilder',Job-PDALPH,Default,True,Default,Default,Default,Default,Default,Default,Default,Default,Default,Default,Default,Default,Default,Default,Default,Default,Default,Default,Default,True,Default,Default,Default,Default,Default,.NET Core 5.0,Default,Default,Default,Default,Default,Default,Default,Default,Default,Default,Default,Default,"Job-PDALPH(EvaluateOverhead=True, Server=True, Toolchain=.NET Core 5.0)",,1,Overhead,Actual,10,245900,131072,1.88,135,1,0,9696
TypeHelperBenchmark.'Looping Collection: Normal StringBuilder',dotNetTips.Spargine.Core.BenchmarkTests,TypeHelperBenchmark,'Looping Collection: Normal StringBuilder',Job-PDALPH,Default,True,Default,Default,Default,Default,Default,Default,Default,Default,Default,Default,Default,Default,Default,Default,Default,Default,Default,Default,Default,True,Default,Default,Default,Default,Default,.NET Core 5.0,Default,Default,Default,Default,Default,Default,Default,Default,Default,Default,Default,Default,"Job-PDALPH(EvaluateOverhead=True, Server=True, Toolchain=.NET Core 5.0)",,1,Overhead,Actual,11,245200,131072,1.87,135,1,0,9696
TypeHelperBenchmark.'Looping Collection: Normal StringBuilder',dotNetTips.Spargine.Core.BenchmarkTests,TypeHelperBenchmark,'Looping Collection: Normal StringBuilder',Job-PDALPH,Default,True,Default,Default,Default,Default,Default,Default,Default,Default,Default,Default,Default,Default,Default,Default,Default,Default,Default,Default,Default,True,Default,Default,Default,Default,Default,.NET Core 5.0,Default,Default,Default,Default,Default,Default,Default,Default,Default,Default,Default,Default,"Job-PDALPH(EvaluateOverhead=True, Server=True, Toolchain=.NET Core 5.0)",,1,Overhead,Actual,12,247100,131072,1.89,135,1,0,9696
TypeHelperBenchmark.'Looping Collection: Normal StringBuilder',dotNetTips.Spargine.Core.BenchmarkTests,TypeHelperBenchmark,'Looping Collection: Normal StringBuilder',Job-PDALPH,Default,True,Default,Default,Default,Default,Default,Default,Default,Default,Default,Default,Default,Default,Default,Default,Default,Default,Default,Default,Default,True,Default,Default,Default,Default,Default,.NET Core 5.0,Default,Default,Default,Default,Default,Default,Default,Default,Default,Default,Default,Default,"Job-PDALPH(EvaluateOverhead=True, Server=True, Toolchain=.NET Core 5.0)",,1,Overhead,Actual,13,245300,131072,1.87,135,1,0,9696
TypeHelperBenchmark.'Looping Collection: Normal StringBuilder',dotNetTips.Spargine.Core.BenchmarkTests,TypeHelperBenchmark,'Looping Collection: Normal StringBuilder',Job-PDALPH,Default,True,Default,Default,Default,Default,Default,Default,Default,Default,Default,Default,Default,Default,Default,Default,Default,Default,Default,Default,Default,True,Default,Default,Default,Default,Default,.NET Core 5.0,Default,Default,Default,Default,Default,Default,Default,Default,Default,Default,Default,Default,"Job-PDALPH(EvaluateOverhead=True, Server=True, Toolchain=.NET Core 5.0)",,1,Overhead,Actual,14,251300,131072,1.92,135,1,0,9696
TypeHelperBenchmark.'Looping Collection: Normal StringBuilder',dotNetTips.Spargine.Core.BenchmarkTests,TypeHelperBenchmark,'Looping Collection: Normal StringBuilder',Job-PDALPH,Default,True,Default,Default,Default,Default,Default,Default,Default,Default,Default,Default,Default,Default,Default,Default,Default,Default,Default,Default,Default,True,Default,Default,Default,Default,Default,.NET Core 5.0,Default,Default,Default,Default,Default,Default,Default,Default,Default,Default,Default,Default,"Job-PDALPH(EvaluateOverhead=True, Server=True, Toolchain=.NET Core 5.0)",,1,Overhead,Actual,15,245000,131072,1.87,135,1,0,9696
TypeHelperBenchmark.'Looping Collection: Normal StringBuilder',dotNetTips.Spargine.Core.BenchmarkTests,TypeHelperBenchmark,'Looping Collection: Normal StringBuilder',Job-PDALPH,Default,True,Default,Default,Default,Default,Default,Default,Default,Default,Default,Default,Default,Default,Default,Default,Default,Default,Default,Default,Default,True,Default,Default,Default,Default,Default,.NET Core 5.0,Default,Default,Default,Default,Default,Default,Default,Default,Default,Default,Default,Default,"Job-PDALPH(EvaluateOverhead=True, Server=True, Toolchain=.NET Core 5.0)",,1,Workload,Warmup,1,659555100,131072,5032.01,135,1,0,9696
TypeHelperBenchmark.'Looping Collection: Normal StringBuilder',dotNetTips.Spargine.Core.BenchmarkTests,TypeHelperBenchmark,'Looping Collection: Normal StringBuilder',Job-PDALPH,Default,True,Default,Default,Default,Default,Default,Default,Default,Default,Default,Default,Default,Default,Default,Default,Default,Default,Default,Default,Default,True,Default,Default,Default,Default,Default,.NET Core 5.0,Default,Default,Default,Default,Default,Default,Default,Default,Default,Default,Default,Default,"Job-PDALPH(EvaluateOverhead=True, Server=True, Toolchain=.NET Core 5.0)",,1,Workload,Warmup,2,653764900,131072,4987.83,135,1,0,9696
TypeHelperBenchmark.'Looping Collection: Normal StringBuilder',dotNetTips.Spargine.Core.BenchmarkTests,TypeHelperBenchmark,'Looping Collection: Normal StringBuilder',Job-PDALPH,Default,True,Default,Default,Default,Default,Default,Default,Default,Default,Default,Default,Default,Default,Default,Default,Default,Default,Default,Default,Default,True,Default,Default,Default,Default,Default,.NET Core 5.0,Default,Default,Default,Default,Default,Default,Default,Default,Default,Default,Default,Default,"Job-PDALPH(EvaluateOverhead=True, Server=True, Toolchain=.NET Core 5.0)",,1,Workload,Warmup,3,654458500,131072,4993.12,135,1,0,9696
TypeHelperBenchmark.'Looping Collection: Normal StringBuilder',dotNetTips.Spargine.Core.BenchmarkTests,TypeHelperBenchmark,'Looping Collection: Normal StringBuilder',Job-PDALPH,Default,True,Default,Default,Default,Default,Default,Default,Default,Default,Default,Default,Default,Default,Default,Default,Default,Default,Default,Default,Default,True,Default,Default,Default,Default,Default,.NET Core 5.0,Default,Default,Default,Default,Default,Default,Default,Default,Default,Default,Default,Default,"Job-PDALPH(EvaluateOverhead=True, Server=True, Toolchain=.NET Core 5.0)",,1,Workload,Warmup,4,660433900,131072,5038.71,135,1,0,9696
TypeHelperBenchmark.'Looping Collection: Normal StringBuilder',dotNetTips.Spargine.Core.BenchmarkTests,TypeHelperBenchmark,'Looping Collection: Normal StringBuilder',Job-PDALPH,Default,True,Default,Default,Default,Default,Default,Default,Default,Default,Default,Default,Default,Default,Default,Default,Default,Default,Default,Default,Default,True,Default,Default,Default,Default,Default,.NET Core 5.0,Default,Default,Default,Default,Default,Default,Default,Default,Default,Default,Default,Default,"Job-PDALPH(EvaluateOverhead=True, Server=True, Toolchain=.NET Core 5.0)",,1,Workload,Warmup,5,651726800,131072,4972.28,135,1,0,9696
TypeHelperBenchmark.'Looping Collection: Normal StringBuilder',dotNetTips.Spargine.Core.BenchmarkTests,TypeHelperBenchmark,'Looping Collection: Normal StringBuilder',Job-PDALPH,Default,True,Default,Default,Default,Default,Default,Default,Default,Default,Default,Default,Default,Default,Default,Default,Default,Default,Default,Default,Default,True,Default,Default,Default,Default,Default,.NET Core 5.0,Default,Default,Default,Default,Default,Default,Default,Default,Default,Default,Default,Default,"Job-PDALPH(EvaluateOverhead=True, Server=True, Toolchain=.NET Core 5.0)",,1,Workload,Warmup,6,652810300,131072,4980.55,135,1,0,9696
TypeHelperBenchmark.'Looping Collection: Normal StringBuilder',dotNetTips.Spargine.Core.BenchmarkTests,TypeHelperBenchmark,'Looping Collection: Normal StringBuilder',Job-PDALPH,Default,True,Default,Default,Default,Default,Default,Default,Default,Default,Default,Default,Default,Default,Default,Default,Default,Default,Default,Default,Default,True,Default,Default,Default,Default,Default,.NET Core 5.0,Default,Default,Default,Default,Default,Default,Default,Default,Default,Default,Default,Default,"Job-PDALPH(EvaluateOverhead=True, Server=True, Toolchain=.NET Core 5.0)",,1,Workload,Warmup,7,652444900,131072,4977.76,135,1,0,9696
TypeHelperBenchmark.'Looping Collection: Normal StringBuilder',dotNetTips.Spargine.Core.BenchmarkTests,TypeHelperBenchmark,'Looping Collection: Normal StringBuilder',Job-PDALPH,Default,True,Default,Default,Default,Default,Default,Default,Default,Default,Default,Default,Default,Default,Default,Default,Default,Default,Default,Default,Default,True,Default,Default,Default,Default,Default,.NET Core 5.0,Default,Default,Default,Default,Default,Default,Default,Default,Default,Default,Default,Default,"Job-PDALPH(EvaluateOverhead=True, Server=True, Toolchain=.NET Core 5.0)",,1,Workload,Actual,1,654178700,131072,4990.99,135,1,0,9696
TypeHelperBenchmark.'Looping Collection: Normal StringBuilder',dotNetTips.Spargine.Core.BenchmarkTests,TypeHelperBenchmark,'Looping Collection: Normal StringBuilder',Job-PDALPH,Default,True,Default,Default,Default,Default,Default,Default,Default,Default,Default,Default,Default,Default,Default,Default,Default,Default,Default,Default,Default,True,Default,Default,Default,Default,Default,.NET Core 5.0,Default,Default,Default,Default,Default,Default,Default,Default,Default,Default,Default,Default,"Job-PDALPH(EvaluateOverhead=True, Server=True, Toolchain=.NET Core 5.0)",,1,Workload,Actual,2,652196800,131072,4975.87,135,1,0,9696
TypeHelperBenchmark.'Looping Collection: Normal StringBuilder',dotNetTips.Spargine.Core.BenchmarkTests,TypeHelperBenchmark,'Looping Collection: Normal StringBuilder',Job-PDALPH,Default,True,Default,Default,Default,Default,Default,Default,Default,Default,Default,Default,Default,Default,Default,Default,Default,Default,Default,Default,Default,True,Default,Default,Default,Default,Default,.NET Core 5.0,Default,Default,Default,Default,Default,Default,Default,Default,Default,Default,Default,Default,"Job-PDALPH(EvaluateOverhead=True, Server=True, Toolchain=.NET Core 5.0)",,1,Workload,Actual,3,653326700,131072,4984.49,135,1,0,9696
TypeHelperBenchmark.'Looping Collection: Normal StringBuilder',dotNetTips.Spargine.Core.BenchmarkTests,TypeHelperBenchmark,'Looping Collection: Normal StringBuilder',Job-PDALPH,Default,True,Default,Default,Default,Default,Default,Default,Default,Default,Default,Default,Default,Default,Default,Default,Default,Default,Default,Default,Default,True,Default,Default,Default,Default,Default,.NET Core 5.0,Default,Default,Default,Default,Default,Default,Default,Default,Default,Default,Default,Default,"Job-PDALPH(EvaluateOverhead=True, Server=True, Toolchain=.NET Core 5.0)",,1,Workload,Actual,4,654777000,131072,4995.55,135,1,0,9696
TypeHelperBenchmark.'Looping Collection: Normal StringBuilder',dotNetTips.Spargine.Core.BenchmarkTests,TypeHelperBenchmark,'Looping Collection: Normal StringBuilder',Job-PDALPH,Default,True,Default,Default,Default,Default,Default,Default,Default,Default,Default,Default,Default,Default,Default,Default,Default,Default,Default,Default,Default,True,Default,Default,Default,Default,Default,.NET Core 5.0,Default,Default,Default,Default,Default,Default,Default,Default,Default,Default,Default,Default,"Job-PDALPH(EvaluateOverhead=True, Server=True, Toolchain=.NET Core 5.0)",,1,Workload,Actual,5,653940000,131072,4989.17,135,1,0,9696
TypeHelperBenchmark.'Looping Collection: Normal StringBuilder',dotNetTips.Spargine.Core.BenchmarkTests,TypeHelperBenchmark,'Looping Collection: Normal StringBuilder',Job-PDALPH,Default,True,Default,Default,Default,Default,Default,Default,Default,Default,Default,Default,Default,Default,Default,Default,Default,Default,Default,Default,Default,True,Default,Default,Default,Default,Default,.NET Core 5.0,Default,Default,Default,Default,Default,Default,Default,Default,Default,Default,Default,Default,"Job-PDALPH(EvaluateOverhead=True, Server=True, Toolchain=.NET Core 5.0)",,1,Workload,Actual,6,652780300,131072,4980.32,135,1,0,9696
TypeHelperBenchmark.'Looping Collection: Normal StringBuilder',dotNetTips.Spargine.Core.BenchmarkTests,TypeHelperBenchmark,'Looping Collection: Normal StringBuilder',Job-PDALPH,Default,True,Default,Default,Default,Default,Default,Default,Default,Default,Default,Default,Default,Default,Default,Default,Default,Default,Default,Default,Default,True,Default,Default,Default,Default,Default,.NET Core 5.0,Default,Default,Default,Default,Default,Default,Default,Default,Default,Default,Default,Default,"Job-PDALPH(EvaluateOverhead=True, Server=True, Toolchain=.NET Core 5.0)",,1,Workload,Actual,7,653233200,131072,4983.77,135,1,0,9696
TypeHelperBenchmark.'Looping Collection: Normal StringBuilder',dotNetTips.Spargine.Core.BenchmarkTests,TypeHelperBenchmark,'Looping Collection: Normal StringBuilder',Job-PDALPH,Default,True,Default,Default,Default,Default,Default,Default,Default,Default,Default,Default,Default,Default,Default,Default,Default,Default,Default,Default,Default,True,Default,Default,Default,Default,Default,.NET Core 5.0,Default,Default,Default,Default,Default,Default,Default,Default,Default,Default,Default,Default,"Job-PDALPH(EvaluateOverhead=True, Server=True, Toolchain=.NET Core 5.0)",,1,Workload,Actual,8,653070400,131072,4982.53,135,1,0,9696
TypeHelperBenchmark.'Looping Collection: Normal StringBuilder',dotNetTips.Spargine.Core.BenchmarkTests,TypeHelperBenchmark,'Looping Collection: Normal StringBuilder',Job-PDALPH,Default,True,Default,Default,Default,Default,Default,Default,Default,Default,Default,Default,Default,Default,Default,Default,Default,Default,Default,Default,Default,True,Default,Default,Default,Default,Default,.NET Core 5.0,Default,Default,Default,Default,Default,Default,Default,Default,Default,Default,Default,Default,"Job-PDALPH(EvaluateOverhead=True, Server=True, Toolchain=.NET Core 5.0)",,1,Workload,Actual,9,654175300,131072,4990.96,135,1,0,9696
TypeHelperBenchmark.'Looping Collection: Normal StringBuilder',dotNetTips.Spargine.Core.BenchmarkTests,TypeHelperBenchmark,'Looping Collection: Normal StringBuilder',Job-PDALPH,Default,True,Default,Default,Default,Default,Default,Default,Default,Default,Default,Default,Default,Default,Default,Default,Default,Default,Default,Default,Default,True,Default,Default,Default,Default,Default,.NET Core 5.0,Default,Default,Default,Default,Default,Default,Default,Default,Default,Default,Default,Default,"Job-PDALPH(EvaluateOverhead=True, Server=True, Toolchain=.NET Core 5.0)",,1,Workload,Actual,10,653886000,131072,4988.75,135,1,0,9696
TypeHelperBenchmark.'Looping Collection: Normal StringBuilder',dotNetTips.Spargine.Core.BenchmarkTests,TypeHelperBenchmark,'Looping Collection: Normal StringBuilder',Job-PDALPH,Default,True,Default,Default,Default,Default,Default,Default,Default,Default,Default,Default,Default,Default,Default,Default,Default,Default,Default,Default,Default,True,Default,Default,Default,Default,Default,.NET Core 5.0,Default,Default,Default,Default,Default,Default,Default,Default,Default,Default,Default,Default,"Job-PDALPH(EvaluateOverhead=True, Server=True, Toolchain=.NET Core 5.0)",,1,Workload,Actual,11,652544500,131072,4978.52,135,1,0,9696
TypeHelperBenchmark.'Looping Collection: Normal StringBuilder',dotNetTips.Spargine.Core.BenchmarkTests,TypeHelperBenchmark,'Looping Collection: Normal StringBuilder',Job-PDALPH,Default,True,Default,Default,Default,Default,Default,Default,Default,Default,Default,Default,Default,Default,Default,Default,Default,Default,Default,Default,Default,True,Default,Default,Default,Default,Default,.NET Core 5.0,Default,Default,Default,Default,Default,Default,Default,Default,Default,Default,Default,Default,"Job-PDALPH(EvaluateOverhead=True, Server=True, Toolchain=.NET Core 5.0)",,1,Workload,Actual,12,652671800,131072,4979.49,135,1,0,9696
TypeHelperBenchmark.'Looping Collection: Normal StringBuilder',dotNetTips.Spargine.Core.BenchmarkTests,TypeHelperBenchmark,'Looping Collection: Normal StringBuilder',Job-PDALPH,Default,True,Default,Default,Default,Default,Default,Default,Default,Default,Default,Default,Default,Default,Default,Default,Default,Default,Default,Default,Default,True,Default,Default,Default,Default,Default,.NET Core 5.0,Default,Default,Default,Default,Default,Default,Default,Default,Default,Default,Default,Default,"Job-PDALPH(EvaluateOverhead=True, Server=True, Toolchain=.NET Core 5.0)",,1,Workload,Actual,13,653687700,131072,4987.24,135,1,0,9696
TypeHelperBenchmark.'Looping Collection: Normal StringBuilder',dotNetTips.Spargine.Core.BenchmarkTests,TypeHelperBenchmark,'Looping Collection: Normal StringBuilder',Job-PDALPH,Default,True,Default,Default,Default,Default,Default,Default,Default,Default,Default,Default,Default,Default,Default,Default,Default,Default,Default,Default,Default,True,Default,Default,Default,Default,Default,.NET Core 5.0,Default,Default,Default,Default,Default,Default,Default,Default,Default,Default,Default,Default,"Job-PDALPH(EvaluateOverhead=True, Server=True, Toolchain=.NET Core 5.0)",,1,Workload,Actual,14,652354800,131072,4977.07,135,1,0,9696
TypeHelperBenchmark.'Looping Collection: Normal StringBuilder',dotNetTips.Spargine.Core.BenchmarkTests,TypeHelperBenchmark,'Looping Collection: Normal StringBuilder',Job-PDALPH,Default,True,Default,Default,Default,Default,Default,Default,Default,Default,Default,Default,Default,Default,Default,Default,Default,Default,Default,Default,Default,True,Default,Default,Default,Default,Default,.NET Core 5.0,Default,Default,Default,Default,Default,Default,Default,Default,Default,Default,Default,Default,"Job-PDALPH(EvaluateOverhead=True, Server=True, Toolchain=.NET Core 5.0)",,1,Workload,Actual,15,652103400,131072,4975.15,135,1,0,9696
TypeHelperBenchmark.'Looping Collection: Normal StringBuilder',dotNetTips.Spargine.Core.BenchmarkTests,TypeHelperBenchmark,'Looping Collection: Normal StringBuilder',Job-PDALPH,Default,True,Default,Default,Default,Default,Default,Default,Default,Default,Default,Default,Default,Default,Default,Default,Default,Default,Default,Default,Default,True,Default,Default,Default,Default,Default,.NET Core 5.0,Default,Default,Default,Default,Default,Default,Default,Default,Default,Default,Default,Default,"Job-PDALPH(EvaluateOverhead=True, Server=True, Toolchain=.NET Core 5.0)",,1,Workload,Result,1,653932800,131072,4989.11,135,1,0,9696
TypeHelperBenchmark.'Looping Collection: Normal StringBuilder',dotNetTips.Spargine.Core.BenchmarkTests,TypeHelperBenchmark,'Looping Collection: Normal StringBuilder',Job-PDALPH,Default,True,Default,Default,Default,Default,Default,Default,Default,Default,Default,Default,Default,Default,Default,Default,Default,Default,Default,Default,Default,True,Default,Default,Default,Default,Default,.NET Core 5.0,Default,Default,Default,Default,Default,Default,Default,Default,Default,Default,Default,Default,"Job-PDALPH(EvaluateOverhead=True, Server=True, Toolchain=.NET Core 5.0)",,1,Workload,Result,2,651950900,131072,4973.99,135,1,0,9696
TypeHelperBenchmark.'Looping Collection: Normal StringBuilder',dotNetTips.Spargine.Core.BenchmarkTests,TypeHelperBenchmark,'Looping Collection: Normal StringBuilder',Job-PDALPH,Default,True,Default,Default,Default,Default,Default,Default,Default,Default,Default,Default,Default,Default,Default,Default,Default,Default,Default,Default,Default,True,Default,Default,Default,Default,Default,.NET Core 5.0,Default,Default,Default,Default,Default,Default,Default,Default,Default,Default,Default,Default,"Job-PDALPH(EvaluateOverhead=True, Server=True, Toolchain=.NET Core 5.0)",,1,Workload,Result,3,653080800,131072,4982.61,135,1,0,9696
TypeHelperBenchmark.'Looping Collection: Normal StringBuilder',dotNetTips.Spargine.Core.BenchmarkTests,TypeHelperBenchmark,'Looping Collection: Normal StringBuilder',Job-PDALPH,Default,True,Default,Default,Default,Default,Default,Default,Default,Default,Default,Default,Default,Default,Default,Default,Default,Default,Default,Default,Default,True,Default,Default,Default,Default,Default,.NET Core 5.0,Default,Default,Default,Default,Default,Default,Default,Default,Default,Default,Default,Default,"Job-PDALPH(EvaluateOverhead=True, Server=True, Toolchain=.NET Core 5.0)",,1,Workload,Result,4,654531100,131072,4993.68,135,1,0,9696
TypeHelperBenchmark.'Looping Collection: Normal StringBuilder',dotNetTips.Spargine.Core.BenchmarkTests,TypeHelperBenchmark,'Looping Collection: Normal StringBuilder',Job-PDALPH,Default,True,Default,Default,Default,Default,Default,Default,Default,Default,Default,Default,Default,Default,Default,Default,Default,Default,Default,Default,Default,True,Default,Default,Default,Default,Default,.NET Core 5.0,Default,Default,Default,Default,Default,Default,Default,Default,Default,Default,Default,Default,"Job-PDALPH(EvaluateOverhead=True, Server=True, Toolchain=.NET Core 5.0)",,1,Workload,Result,5,653694100,131072,4987.29,135,1,0,9696
TypeHelperBenchmark.'Looping Collection: Normal StringBuilder',dotNetTips.Spargine.Core.BenchmarkTests,TypeHelperBenchmark,'Looping Collection: Normal StringBuilder',Job-PDALPH,Default,True,Default,Default,Default,Default,Default,Default,Default,Default,Default,Default,Default,Default,Default,Default,Default,Default,Default,Default,Default,True,Default,Default,Default,Default,Default,.NET Core 5.0,Default,Default,Default,Default,Default,Default,Default,Default,Default,Default,Default,Default,"Job-PDALPH(EvaluateOverhead=True, Server=True, Toolchain=.NET Core 5.0)",,1,Workload,Result,6,652534400,131072,4978.44,135,1,0,9696
TypeHelperBenchmark.'Looping Collection: Normal StringBuilder',dotNetTips.Spargine.Core.BenchmarkTests,TypeHelperBenchmark,'Looping Collection: Normal StringBuilder',Job-PDALPH,Default,True,Default,Default,Default,Default,Default,Default,Default,Default,Default,Default,Default,Default,Default,Default,Default,Default,Default,Default,Default,True,Default,Default,Default,Default,Default,.NET Core 5.0,Default,Default,Default,Default,Default,Default,Default,Default,Default,Default,Default,Default,"Job-PDALPH(EvaluateOverhead=True, Server=True, Toolchain=.NET Core 5.0)",,1,Workload,Result,7,652987300,131072,4981.9,135,1,0,9696
TypeHelperBenchmark.'Looping Collection: Normal StringBuilder',dotNetTips.Spargine.Core.BenchmarkTests,TypeHelperBenchmark,'Looping Collection: Normal StringBuilder',Job-PDALPH,Default,True,Default,Default,Default,Default,Default,Default,Default,Default,Default,Default,Default,Default,Default,Default,Default,Default,Default,Default,Default,True,Default,Default,Default,Default,Default,.NET Core 5.0,Default,Default,Default,Default,Default,Default,Default,Default,Default,Default,Default,Default,"Job-PDALPH(EvaluateOverhead=True, Server=True, Toolchain=.NET Core 5.0)",,1,Workload,Result,8,652824500,131072,4980.66,135,1,0,9696
TypeHelperBenchmark.'Looping Collection: Normal StringBuilder',dotNetTips.Spargine.Core.BenchmarkTests,TypeHelperBenchmark,'Looping Collection: Normal StringBuilder',Job-PDALPH,Default,True,Default,Default,Default,Default,Default,Default,Default,Default,Default,Default,Default,Default,Default,Default,Default,Default,Default,Default,Default,True,Default,Default,Default,Default,Default,.NET Core 5.0,Default,Default,Default,Default,Default,Default,Default,Default,Default,Default,Default,Default,"Job-PDALPH(EvaluateOverhead=True, Server=True, Toolchain=.NET Core 5.0)",,1,Workload,Result,9,653929400,131072,4989.09,135,1,0,9696
TypeHelperBenchmark.'Looping Collection: Normal StringBuilder',dotNetTips.Spargine.Core.BenchmarkTests,TypeHelperBenchmark,'Looping Collection: Normal StringBuilder',Job-PDALPH,Default,True,Default,Default,Default,Default,Default,Default,Default,Default,Default,Default,Default,Default,Default,Default,Default,Default,Default,Default,Default,True,Default,Default,Default,Default,Default,.NET Core 5.0,Default,Default,Default,Default,Default,Default,Default,Default,Default,Default,Default,Default,"Job-PDALPH(EvaluateOverhead=True, Server=True, Toolchain=.NET Core 5.0)",,1,Workload,Result,10,653640100,131072,4986.88,135,1,0,9696
TypeHelperBenchmark.'Looping Collection: Normal StringBuilder',dotNetTips.Spargine.Core.BenchmarkTests,TypeHelperBenchmark,'Looping Collection: Normal StringBuilder',Job-PDALPH,Default,True,Default,Default,Default,Default,Default,Default,Default,Default,Default,Default,Default,Default,Default,Default,Default,Default,Default,Default,Default,True,Default,Default,Default,Default,Default,.NET Core 5.0,Default,Default,Default,Default,Default,Default,Default,Default,Default,Default,Default,Default,"Job-PDALPH(EvaluateOverhead=True, Server=True, Toolchain=.NET Core 5.0)",,1,Workload,Result,11,652298600,131072,4976.64,135,1,0,9696
TypeHelperBenchmark.'Looping Collection: Normal StringBuilder',dotNetTips.Spargine.Core.BenchmarkTests,TypeHelperBenchmark,'Looping Collection: Normal StringBuilder',Job-PDALPH,Default,True,Default,Default,Default,Default,Default,Default,Default,Default,Default,Default,Default,Default,Default,Default,Default,Default,Default,Default,Default,True,Default,Default,Default,Default,Default,.NET Core 5.0,Default,Default,Default,Default,Default,Default,Default,Default,Default,Default,Default,Default,"Job-PDALPH(EvaluateOverhead=True, Server=True, Toolchain=.NET Core 5.0)",,1,Workload,Result,12,652425900,131072,4977.61,135,1,0,9696
TypeHelperBenchmark.'Looping Collection: Normal StringBuilder',dotNetTips.Spargine.Core.BenchmarkTests,TypeHelperBenchmark,'Looping Collection: Normal StringBuilder',Job-PDALPH,Default,True,Default,Default,Default,Default,Default,Default,Default,Default,Default,Default,Default,Default,Default,Default,Default,Default,Default,Default,Default,True,Default,Default,Default,Default,Default,.NET Core 5.0,Default,Default,Default,Default,Default,Default,Default,Default,Default,Default,Default,Default,"Job-PDALPH(EvaluateOverhead=True, Server=True, Toolchain=.NET Core 5.0)",,1,Workload,Result,13,653441800,131072,4985.37,135,1,0,9696
TypeHelperBenchmark.'Looping Collection: Normal StringBuilder',dotNetTips.Spargine.Core.BenchmarkTests,TypeHelperBenchmark,'Looping Collection: Normal StringBuilder',Job-PDALPH,Default,True,Default,Default,Default,Default,Default,Default,Default,Default,Default,Default,Default,Default,Default,Default,Default,Default,Default,Default,Default,True,Default,Default,Default,Default,Default,.NET Core 5.0,Default,Default,Default,Default,Default,Default,Default,Default,Default,Default,Default,Default,"Job-PDALPH(EvaluateOverhead=True, Server=True, Toolchain=.NET Core 5.0)",,1,Workload,Result,14,652108900,131072,4975.2,135,1,0,9696
TypeHelperBenchmark.'Looping Collection: Normal StringBuilder',dotNetTips.Spargine.Core.BenchmarkTests,TypeHelperBenchmark,'Looping Collection: Normal StringBuilder',Job-PDALPH,Default,True,Default,Default,Default,Default,Default,Default,Default,Default,Default,Default,Default,Default,Default,Default,Default,Default,Default,Default,Default,True,Default,Default,Default,Default,Default,.NET Core 5.0,Default,Default,Default,Default,Default,Default,Default,Default,Default,Default,Default,Default,"Job-PDALPH(EvaluateOverhead=True, Server=True, Toolchain=.NET Core 5.0)",,1,Workload,Result,15,651857500,131072,4973.28,135,1,0,9696
TypeHelperBenchmark.GetPropertyValues,dotNetTips.Spargine.Core.BenchmarkTests,TypeHelperBenchmark,GetPropertyValues,Job-PDALPH,Default,True,Default,Default,Default,Default,Default,Default,Default,Default,Default,Default,Default,Default,Default,Default,Default,Default,Default,Default,Default,True,Default,Default,Default,Default,Default,.NET Core 5.0,Default,Default,Default,Default,Default,Default,Default,Default,Default,Default,Default,Default,"Job-PDALPH(EvaluateOverhead=True, Server=True, Toolchain=.NET Core 5.0)",,1,Overhead,Jitting,1,192900,1,192900,23,0,0,6570
TypeHelperBenchmark.GetPropertyValues,dotNetTips.Spargine.Core.BenchmarkTests,TypeHelperBenchmark,GetPropertyValues,Job-PDALPH,Default,True,Default,Default,Default,Default,Default,Default,Default,Default,Default,Default,Default,Default,Default,Default,Default,Default,Default,Default,Default,True,Default,Default,Default,Default,Default,.NET Core 5.0,Default,Default,Default,Default,Default,Default,Default,Default,Default,Default,Default,Default,"Job-PDALPH(EvaluateOverhead=True, Server=True, Toolchain=.NET Core 5.0)",,1,Workload,Jitting,1,7335800,1,7335800,23,0,0,6570
TypeHelperBenchmark.GetPropertyValues,dotNetTips.Spargine.Core.BenchmarkTests,TypeHelperBenchmark,GetPropertyValues,Job-PDALPH,Default,True,Default,Default,Default,Default,Default,Default,Default,Default,Default,Default,Default,Default,Default,Default,Default,Default,Default,Default,Default,True,Default,Default,Default,Default,Default,.NET Core 5.0,Default,Default,Default,Default,Default,Default,Default,Default,Default,Default,Default,Default,"Job-PDALPH(EvaluateOverhead=True, Server=True, Toolchain=.NET Core 5.0)",,1,Overhead,Jitting,2,239500,16,14968.75,23,0,0,6570
TypeHelperBenchmark.GetPropertyValues,dotNetTips.Spargine.Core.BenchmarkTests,TypeHelperBenchmark,GetPropertyValues,Job-PDALPH,Default,True,Default,Default,Default,Default,Default,Default,Default,Default,Default,Default,Default,Default,Default,Default,Default,Default,Default,Default,Default,True,Default,Default,Default,Default,Default,.NET Core 5.0,Default,Default,Default,Default,Default,Default,Default,Default,Default,Default,Default,Default,"Job-PDALPH(EvaluateOverhead=True, Server=True, Toolchain=.NET Core 5.0)",,1,Workload,Jitting,2,913000,16,57062.5,23,0,0,6570
TypeHelperBenchmark.GetPropertyValues,dotNetTips.Spargine.Core.BenchmarkTests,TypeHelperBenchmark,GetPropertyValues,Job-PDALPH,Default,True,Default,Default,Default,Default,Default,Default,Default,Default,Default,Default,Default,Default,Default,Default,Default,Default,Default,Default,Default,True,Default,Default,Default,Default,Default,.NET Core 5.0,Default,Default,Default,Default,Default,Default,Default,Default,Default,Default,Default,Default,"Job-PDALPH(EvaluateOverhead=True, Server=True, Toolchain=.NET Core 5.0)",,1,Workload,Pilot,1,548000,16,34250,23,0,0,6570
TypeHelperBenchmark.GetPropertyValues,dotNetTips.Spargine.Core.BenchmarkTests,TypeHelperBenchmark,GetPropertyValues,Job-PDALPH,Default,True,Default,Default,Default,Default,Default,Default,Default,Default,Default,Default,Default,Default,Default,Default,Default,Default,Default,Default,Default,True,Default,Default,Default,Default,Default,.NET Core 5.0,Default,Default,Default,Default,Default,Default,Default,Default,Default,Default,Default,Default,"Job-PDALPH(EvaluateOverhead=True, Server=True, Toolchain=.NET Core 5.0)",,1,Workload,Pilot,2,929800,32,29056.25,23,0,0,6570
TypeHelperBenchmark.GetPropertyValues,dotNetTips.Spargine.Core.BenchmarkTests,TypeHelperBenchmark,GetPropertyValues,Job-PDALPH,Default,True,Default,Default,Default,Default,Default,Default,Default,Default,Default,Default,Default,Default,Default,Default,Default,Default,Default,Default,Default,True,Default,Default,Default,Default,Default,.NET Core 5.0,Default,Default,Default,Default,Default,Default,Default,Default,Default,Default,Default,Default,"Job-PDALPH(EvaluateOverhead=True, Server=True, Toolchain=.NET Core 5.0)",,1,Workload,Pilot,3,1686400,64,26350,23,0,0,6570
TypeHelperBenchmark.GetPropertyValues,dotNetTips.Spargine.Core.BenchmarkTests,TypeHelperBenchmark,GetPropertyValues,Job-PDALPH,Default,True,Default,Default,Default,Default,Default,Default,Default,Default,Default,Default,Default,Default,Default,Default,Default,Default,Default,Default,Default,True,Default,Default,Default,Default,Default,.NET Core 5.0,Default,Default,Default,Default,Default,Default,Default,Default,Default,Default,Default,Default,"Job-PDALPH(EvaluateOverhead=True, Server=True, Toolchain=.NET Core 5.0)",,1,Workload,Pilot,4,3446400,128,26925,23,0,0,6570
TypeHelperBenchmark.GetPropertyValues,dotNetTips.Spargine.Core.BenchmarkTests,TypeHelperBenchmark,GetPropertyValues,Job-PDALPH,Default,True,Default,Default,Default,Default,Default,Default,Default,Default,Default,Default,Default,Default,Default,Default,Default,Default,Default,Default,Default,True,Default,Default,Default,Default,Default,.NET Core 5.0,Default,Default,Default,Default,Default,Default,Default,Default,Default,Default,Default,Default,"Job-PDALPH(EvaluateOverhead=True, Server=True, Toolchain=.NET Core 5.0)",,1,Workload,Pilot,5,7644900,256,29862.89,23,0,0,6570
TypeHelperBenchmark.GetPropertyValues,dotNetTips.Spargine.Core.BenchmarkTests,TypeHelperBenchmark,GetPropertyValues,Job-PDALPH,Default,True,Default,Default,Default,Default,Default,Default,Default,Default,Default,Default,Default,Default,Default,Default,Default,Default,Default,Default,Default,True,Default,Default,Default,Default,Default,.NET Core 5.0,Default,Default,Default,Default,Default,Default,Default,Default,Default,Default,Default,Default,"Job-PDALPH(EvaluateOverhead=True, Server=True, Toolchain=.NET Core 5.0)",,1,Workload,Pilot,6,13571100,512,26506.05,23,0,0,6570
TypeHelperBenchmark.GetPropertyValues,dotNetTips.Spargine.Core.BenchmarkTests,TypeHelperBenchmark,GetPropertyValues,Job-PDALPH,Default,True,Default,Default,Default,Default,Default,Default,Default,Default,Default,Default,Default,Default,Default,Default,Default,Default,Default,Default,Default,True,Default,Default,Default,Default,Default,.NET Core 5.0,Default,Default,Default,Default,Default,Default,Default,Default,Default,Default,Default,Default,"Job-PDALPH(EvaluateOverhead=True, Server=True, Toolchain=.NET Core 5.0)",,1,Workload,Pilot,7,28440400,1024,27773.83,23,0,0,6570
TypeHelperBenchmark.GetPropertyValues,dotNetTips.Spargine.Core.BenchmarkTests,TypeHelperBenchmark,GetPropertyValues,Job-PDALPH,Default,True,Default,Default,Default,Default,Default,Default,Default,Default,Default,Default,Default,Default,Default,Default,Default,Default,Default,Default,Default,True,Default,Default,Default,Default,Default,.NET Core 5.0,Default,Default,Default,Default,Default,Default,Default,Default,Default,Default,Default,Default,"Job-PDALPH(EvaluateOverhead=True, Server=True, Toolchain=.NET Core 5.0)",,1,Workload,Pilot,8,51588900,2048,25189.89,23,0,0,6570
TypeHelperBenchmark.GetPropertyValues,dotNetTips.Spargine.Core.BenchmarkTests,TypeHelperBenchmark,GetPropertyValues,Job-PDALPH,Default,True,Default,Default,Default,Default,Default,Default,Default,Default,Default,Default,Default,Default,Default,Default,Default,Default,Default,Default,Default,True,Default,Default,Default,Default,Default,.NET Core 5.0,Default,Default,Default,Default,Default,Default,Default,Default,Default,Default,Default,Default,"Job-PDALPH(EvaluateOverhead=True, Server=True, Toolchain=.NET Core 5.0)",,1,Workload,Pilot,9,98676800,4096,24091.02,23,0,0,6570
TypeHelperBenchmark.GetPropertyValues,dotNetTips.Spargine.Core.BenchmarkTests,TypeHelperBenchmark,GetPropertyValues,Job-PDALPH,Default,True,Default,Default,Default,Default,Default,Default,Default,Default,Default,Default,Default,Default,Default,Default,Default,Default,Default,Default,Default,True,Default,Default,Default,Default,Default,.NET Core 5.0,Default,Default,Default,Default,Default,Default,Default,Default,Default,Default,Default,Default,"Job-PDALPH(EvaluateOverhead=True, Server=True, Toolchain=.NET Core 5.0)",,1,Workload,Pilot,10,163593200,8192,19969.87,23,0,0,6570
TypeHelperBenchmark.GetPropertyValues,dotNetTips.Spargine.Core.BenchmarkTests,TypeHelperBenchmark,GetPropertyValues,Job-PDALPH,Default,True,Default,Default,Default,Default,Default,Default,Default,Default,Default,Default,Default,Default,Default,Default,Default,Default,Default,Default,Default,True,Default,Default,Default,Default,Default,.NET Core 5.0,Default,Default,Default,Default,Default,Default,Default,Default,Default,Default,Default,Default,"Job-PDALPH(EvaluateOverhead=True, Server=True, Toolchain=.NET Core 5.0)",,1,Workload,Pilot,11,274981700,16384,16783.55,23,0,0,6570
TypeHelperBenchmark.GetPropertyValues,dotNetTips.Spargine.Core.BenchmarkTests,TypeHelperBenchmark,GetPropertyValues,Job-PDALPH,Default,True,Default,Default,Default,Default,Default,Default,Default,Default,Default,Default,Default,Default,Default,Default,Default,Default,Default,Default,Default,True,Default,Default,Default,Default,Default,.NET Core 5.0,Default,Default,Default,Default,Default,Default,Default,Default,Default,Default,Default,Default,"Job-PDALPH(EvaluateOverhead=True, Server=True, Toolchain=.NET Core 5.0)",,1,Workload,Pilot,12,550877100,32768,16811.43,23,0,0,6570
TypeHelperBenchmark.GetPropertyValues,dotNetTips.Spargine.Core.BenchmarkTests,TypeHelperBenchmark,GetPropertyValues,Job-PDALPH,Default,True,Default,Default,Default,Default,Default,Default,Default,Default,Default,Default,Default,Default,Default,Default,Default,Default,Default,Default,Default,True,Default,Default,Default,Default,Default,.NET Core 5.0,Default,Default,Default,Default,Default,Default,Default,Default,Default,Default,Default,Default,"Job-PDALPH(EvaluateOverhead=True, Server=True, Toolchain=.NET Core 5.0)",,1,Overhead,Warmup,1,71200,32768,2.17,23,0,0,6570
TypeHelperBenchmark.GetPropertyValues,dotNetTips.Spargine.Core.BenchmarkTests,TypeHelperBenchmark,GetPropertyValues,Job-PDALPH,Default,True,Default,Default,Default,Default,Default,Default,Default,Default,Default,Default,Default,Default,Default,Default,Default,Default,Default,Default,Default,True,Default,Default,Default,Default,Default,.NET Core 5.0,Default,Default,Default,Default,Default,Default,Default,Default,Default,Default,Default,Default,"Job-PDALPH(EvaluateOverhead=True, Server=True, Toolchain=.NET Core 5.0)",,1,Overhead,Warmup,2,71100,32768,2.17,23,0,0,6570
TypeHelperBenchmark.GetPropertyValues,dotNetTips.Spargine.Core.BenchmarkTests,TypeHelperBenchmark,GetPropertyValues,Job-PDALPH,Default,True,Default,Default,Default,Default,Default,Default,Default,Default,Default,Default,Default,Default,Default,Default,Default,Default,Default,Default,Default,True,Default,Default,Default,Default,Default,.NET Core 5.0,Default,Default,Default,Default,Default,Default,Default,Default,Default,Default,Default,Default,"Job-PDALPH(EvaluateOverhead=True, Server=True, Toolchain=.NET Core 5.0)",,1,Overhead,Warmup,3,109000,32768,3.33,23,0,0,6570
TypeHelperBenchmark.GetPropertyValues,dotNetTips.Spargine.Core.BenchmarkTests,TypeHelperBenchmark,GetPropertyValues,Job-PDALPH,Default,True,Default,Default,Default,Default,Default,Default,Default,Default,Default,Default,Default,Default,Default,Default,Default,Default,Default,Default,Default,True,Default,Default,Default,Default,Default,.NET Core 5.0,Default,Default,Default,Default,Default,Default,Default,Default,Default,Default,Default,Default,"Job-PDALPH(EvaluateOverhead=True, Server=True, Toolchain=.NET Core 5.0)",,1,Overhead,Warmup,4,115900,32768,3.54,23,0,0,6570
TypeHelperBenchmark.GetPropertyValues,dotNetTips.Spargine.Core.BenchmarkTests,TypeHelperBenchmark,GetPropertyValues,Job-PDALPH,Default,True,Default,Default,Default,Default,Default,Default,Default,Default,Default,Default,Default,Default,Default,Default,Default,Default,Default,Default,Default,True,Default,Default,Default,Default,Default,.NET Core 5.0,Default,Default,Default,Default,Default,Default,Default,Default,Default,Default,Default,Default,"Job-PDALPH(EvaluateOverhead=True, Server=True, Toolchain=.NET Core 5.0)",,1,Overhead,Warmup,5,89700,32768,2.74,23,0,0,6570
TypeHelperBenchmark.GetPropertyValues,dotNetTips.Spargine.Core.BenchmarkTests,TypeHelperBenchmark,GetPropertyValues,Job-PDALPH,Default,True,Default,Default,Default,Default,Default,Default,Default,Default,Default,Default,Default,Default,Default,Default,Default,Default,Default,Default,Default,True,Default,Default,Default,Default,Default,.NET Core 5.0,Default,Default,Default,Default,Default,Default,Default,Default,Default,Default,Default,Default,"Job-PDALPH(EvaluateOverhead=True, Server=True, Toolchain=.NET Core 5.0)",,1,Overhead,Warmup,6,77900,32768,2.38,23,0,0,6570
TypeHelperBenchmark.GetPropertyValues,dotNetTips.Spargine.Core.BenchmarkTests,TypeHelperBenchmark,GetPropertyValues,Job-PDALPH,Default,True,Default,Default,Default,Default,Default,Default,Default,Default,Default,Default,Default,Default,Default,Default,Default,Default,Default,Default,Default,True,Default,Default,Default,Default,Default,.NET Core 5.0,Default,Default,Default,Default,Default,Default,Default,Default,Default,Default,Default,Default,"Job-PDALPH(EvaluateOverhead=True, Server=True, Toolchain=.NET Core 5.0)",,1,Overhead,Warmup,7,78700,32768,2.4,23,0,0,6570
TypeHelperBenchmark.GetPropertyValues,dotNetTips.Spargine.Core.BenchmarkTests,TypeHelperBenchmark,GetPropertyValues,Job-PDALPH,Default,True,Default,Default,Default,Default,Default,Default,Default,Default,Default,Default,Default,Default,Default,Default,Default,Default,Default,Default,Default,True,Default,Default,Default,Default,Default,.NET Core 5.0,Default,Default,Default,Default,Default,Default,Default,Default,Default,Default,Default,Default,"Job-PDALPH(EvaluateOverhead=True, Server=True, Toolchain=.NET Core 5.0)",,1,Overhead,Warmup,8,71300,32768,2.18,23,0,0,6570
TypeHelperBenchmark.GetPropertyValues,dotNetTips.Spargine.Core.BenchmarkTests,TypeHelperBenchmark,GetPropertyValues,Job-PDALPH,Default,True,Default,Default,Default,Default,Default,Default,Default,Default,Default,Default,Default,Default,Default,Default,Default,Default,Default,Default,Default,True,Default,Default,Default,Default,Default,.NET Core 5.0,Default,Default,Default,Default,Default,Default,Default,Default,Default,Default,Default,Default,"Job-PDALPH(EvaluateOverhead=True, Server=True, Toolchain=.NET Core 5.0)",,1,Overhead,Actual,1,73000,32768,2.23,23,0,0,6570
TypeHelperBenchmark.GetPropertyValues,dotNetTips.Spargine.Core.BenchmarkTests,TypeHelperBenchmark,GetPropertyValues,Job-PDALPH,Default,True,Default,Default,Default,Default,Default,Default,Default,Default,Default,Default,Default,Default,Default,Default,Default,Default,Default,Default,Default,True,Default,Default,Default,Default,Default,.NET Core 5.0,Default,Default,Default,Default,Default,Default,Default,Default,Default,Default,Default,Default,"Job-PDALPH(EvaluateOverhead=True, Server=True, Toolchain=.NET Core 5.0)",,1,Overhead,Actual,2,72400,32768,2.21,23,0,0,6570
TypeHelperBenchmark.GetPropertyValues,dotNetTips.Spargine.Core.BenchmarkTests,TypeHelperBenchmark,GetPropertyValues,Job-PDALPH,Default,True,Default,Default,Default,Default,Default,Default,Default,Default,Default,Default,Default,Default,Default,Default,Default,Default,Default,Default,Default,True,Default,Default,Default,Default,Default,.NET Core 5.0,Default,Default,Default,Default,Default,Default,Default,Default,Default,Default,Default,Default,"Job-PDALPH(EvaluateOverhead=True, Server=True, Toolchain=.NET Core 5.0)",,1,Overhead,Actual,3,72200,32768,2.2,23,0,0,6570
TypeHelperBenchmark.GetPropertyValues,dotNetTips.Spargine.Core.BenchmarkTests,TypeHelperBenchmark,GetPropertyValues,Job-PDALPH,Default,True,Default,Default,Default,Default,Default,Default,Default,Default,Default,Default,Default,Default,Default,Default,Default,Default,Default,Default,Default,True,Default,Default,Default,Default,Default,.NET Core 5.0,Default,Default,Default,Default,Default,Default,Default,Default,Default,Default,Default,Default,"Job-PDALPH(EvaluateOverhead=True, Server=True, Toolchain=.NET Core 5.0)",,1,Overhead,Actual,4,71900,32768,2.19,23,0,0,6570
TypeHelperBenchmark.GetPropertyValues,dotNetTips.Spargine.Core.BenchmarkTests,TypeHelperBenchmark,GetPropertyValues,Job-PDALPH,Default,True,Default,Default,Default,Default,Default,Default,Default,Default,Default,Default,Default,Default,Default,Default,Default,Default,Default,Default,Default,True,Default,Default,Default,Default,Default,.NET Core 5.0,Default,Default,Default,Default,Default,Default,Default,Default,Default,Default,Default,Default,"Job-PDALPH(EvaluateOverhead=True, Server=True, Toolchain=.NET Core 5.0)",,1,Overhead,Actual,5,73100,32768,2.23,23,0,0,6570
TypeHelperBenchmark.GetPropertyValues,dotNetTips.Spargine.Core.BenchmarkTests,TypeHelperBenchmark,GetPropertyValues,Job-PDALPH,Default,True,Default,Default,Default,Default,Default,Default,Default,Default,Default,Default,Default,Default,Default,Default,Default,Default,Default,Default,Default,True,Default,Default,Default,Default,Default,.NET Core 5.0,Default,Default,Default,Default,Default,Default,Default,Default,Default,Default,Default,Default,"Job-PDALPH(EvaluateOverhead=True, Server=True, Toolchain=.NET Core 5.0)",,1,Overhead,Actual,6,77700,32768,2.37,23,0,0,6570
TypeHelperBenchmark.GetPropertyValues,dotNetTips.Spargine.Core.BenchmarkTests,TypeHelperBenchmark,GetPropertyValues,Job-PDALPH,Default,True,Default,Default,Default,Default,Default,Default,Default,Default,Default,Default,Default,Default,Default,Default,Default,Default,Default,Default,Default,True,Default,Default,Default,Default,Default,.NET Core 5.0,Default,Default,Default,Default,Default,Default,Default,Default,Default,Default,Default,Default,"Job-PDALPH(EvaluateOverhead=True, Server=True, Toolchain=.NET Core 5.0)",,1,Overhead,Actual,7,75400,32768,2.3,23,0,0,6570
TypeHelperBenchmark.GetPropertyValues,dotNetTips.Spargine.Core.BenchmarkTests,TypeHelperBenchmark,GetPropertyValues,Job-PDALPH,Default,True,Default,Default,Default,Default,Default,Default,Default,Default,Default,Default,Default,Default,Default,Default,Default,Default,Default,Default,Default,True,Default,Default,Default,Default,Default,.NET Core 5.0,Default,Default,Default,Default,Default,Default,Default,Default,Default,Default,Default,Default,"Job-PDALPH(EvaluateOverhead=True, Server=True, Toolchain=.NET Core 5.0)",,1,Overhead,Actual,8,75800,32768,2.31,23,0,0,6570
TypeHelperBenchmark.GetPropertyValues,dotNetTips.Spargine.Core.BenchmarkTests,TypeHelperBenchmark,GetPropertyValues,Job-PDALPH,Default,True,Default,Default,Default,Default,Default,Default,Default,Default,Default,Default,Default,Default,Default,Default,Default,Default,Default,Default,Default,True,Default,Default,Default,Default,Default,.NET Core 5.0,Default,Default,Default,Default,Default,Default,Default,Default,Default,Default,Default,Default,"Job-PDALPH(EvaluateOverhead=True, Server=True, Toolchain=.NET Core 5.0)",,1,Overhead,Actual,9,77600,32768,2.37,23,0,0,6570
TypeHelperBenchmark.GetPropertyValues,dotNetTips.Spargine.Core.BenchmarkTests,TypeHelperBenchmark,GetPropertyValues,Job-PDALPH,Default,True,Default,Default,Default,Default,Default,Default,Default,Default,Default,Default,Default,Default,Default,Default,Default,Default,Default,Default,Default,True,Default,Default,Default,Default,Default,.NET Core 5.0,Default,Default,Default,Default,Default,Default,Default,Default,Default,Default,Default,Default,"Job-PDALPH(EvaluateOverhead=True, Server=True, Toolchain=.NET Core 5.0)",,1,Overhead,Actual,10,72700,32768,2.22,23,0,0,6570
TypeHelperBenchmark.GetPropertyValues,dotNetTips.Spargine.Core.BenchmarkTests,TypeHelperBenchmark,GetPropertyValues,Job-PDALPH,Default,True,Default,Default,Default,Default,Default,Default,Default,Default,Default,Default,Default,Default,Default,Default,Default,Default,Default,Default,Default,True,Default,Default,Default,Default,Default,.NET Core 5.0,Default,Default,Default,Default,Default,Default,Default,Default,Default,Default,Default,Default,"Job-PDALPH(EvaluateOverhead=True, Server=True, Toolchain=.NET Core 5.0)",,1,Overhead,Actual,11,108100,32768,3.3,23,0,0,6570
TypeHelperBenchmark.GetPropertyValues,dotNetTips.Spargine.Core.BenchmarkTests,TypeHelperBenchmark,GetPropertyValues,Job-PDALPH,Default,True,Default,Default,Default,Default,Default,Default,Default,Default,Default,Default,Default,Default,Default,Default,Default,Default,Default,Default,Default,True,Default,Default,Default,Default,Default,.NET Core 5.0,Default,Default,Default,Default,Default,Default,Default,Default,Default,Default,Default,Default,"Job-PDALPH(EvaluateOverhead=True, Server=True, Toolchain=.NET Core 5.0)",,1,Overhead,Actual,12,135900,32768,4.15,23,0,0,6570
TypeHelperBenchmark.GetPropertyValues,dotNetTips.Spargine.Core.BenchmarkTests,TypeHelperBenchmark,GetPropertyValues,Job-PDALPH,Default,True,Default,Default,Default,Default,Default,Default,Default,Default,Default,Default,Default,Default,Default,Default,Default,Default,Default,Default,Default,True,Default,Default,Default,Default,Default,.NET Core 5.0,Default,Default,Default,Default,Default,Default,Default,Default,Default,Default,Default,Default,"Job-PDALPH(EvaluateOverhead=True, Server=True, Toolchain=.NET Core 5.0)",,1,Overhead,Actual,13,73200,32768,2.23,23,0,0,6570
TypeHelperBenchmark.GetPropertyValues,dotNetTips.Spargine.Core.BenchmarkTests,TypeHelperBenchmark,GetPropertyValues,Job-PDALPH,Default,True,Default,Default,Default,Default,Default,Default,Default,Default,Default,Default,Default,Default,Default,Default,Default,Default,Default,Default,Default,True,Default,Default,Default,Default,Default,.NET Core 5.0,Default,Default,Default,Default,Default,Default,Default,Default,Default,Default,Default,Default,"Job-PDALPH(EvaluateOverhead=True, Server=True, Toolchain=.NET Core 5.0)",,1,Overhead,Actual,14,72700,32768,2.22,23,0,0,6570
TypeHelperBenchmark.GetPropertyValues,dotNetTips.Spargine.Core.BenchmarkTests,TypeHelperBenchmark,GetPropertyValues,Job-PDALPH,Default,True,Default,Default,Default,Default,Default,Default,Default,Default,Default,Default,Default,Default,Default,Default,Default,Default,Default,Default,Default,True,Default,Default,Default,Default,Default,.NET Core 5.0,Default,Default,Default,Default,Default,Default,Default,Default,Default,Default,Default,Default,"Job-PDALPH(EvaluateOverhead=True, Server=True, Toolchain=.NET Core 5.0)",,1,Overhead,Actual,15,73000,32768,2.23,23,0,0,6570
TypeHelperBenchmark.GetPropertyValues,dotNetTips.Spargine.Core.BenchmarkTests,TypeHelperBenchmark,GetPropertyValues,Job-PDALPH,Default,True,Default,Default,Default,Default,Default,Default,Default,Default,Default,Default,Default,Default,Default,Default,Default,Default,Default,Default,Default,True,Default,Default,Default,Default,Default,.NET Core 5.0,Default,Default,Default,Default,Default,Default,Default,Default,Default,Default,Default,Default,"Job-PDALPH(EvaluateOverhead=True, Server=True, Toolchain=.NET Core 5.0)",,1,Workload,Warmup,1,557163700,32768,17003.29,23,0,0,6570
TypeHelperBenchmark.GetPropertyValues,dotNetTips.Spargine.Core.BenchmarkTests,TypeHelperBenchmark,GetPropertyValues,Job-PDALPH,Default,True,Default,Default,Default,Default,Default,Default,Default,Default,Default,Default,Default,Default,Default,Default,Default,Default,Default,Default,Default,True,Default,Default,Default,Default,Default,.NET Core 5.0,Default,Default,Default,Default,Default,Default,Default,Default,Default,Default,Default,Default,"Job-PDALPH(EvaluateOverhead=True, Server=True, Toolchain=.NET Core 5.0)",,1,Workload,Warmup,2,547433100,32768,16706.33,23,0,0,6570
TypeHelperBenchmark.GetPropertyValues,dotNetTips.Spargine.Core.BenchmarkTests,TypeHelperBenchmark,GetPropertyValues,Job-PDALPH,Default,True,Default,Default,Default,Default,Default,Default,Default,Default,Default,Default,Default,Default,Default,Default,Default,Default,Default,Default,Default,True,Default,Default,Default,Default,Default,.NET Core 5.0,Default,Default,Default,Default,Default,Default,Default,Default,Default,Default,Default,Default,"Job-PDALPH(EvaluateOverhead=True, Server=True, Toolchain=.NET Core 5.0)",,1,Workload,Warmup,3,546754500,32768,16685.62,23,0,0,6570
TypeHelperBenchmark.GetPropertyValues,dotNetTips.Spargine.Core.BenchmarkTests,TypeHelperBenchmark,GetPropertyValues,Job-PDALPH,Default,True,Default,Default,Default,Default,Default,Default,Default,Default,Default,Default,Default,Default,Default,Default,Default,Default,Default,Default,Default,True,Default,Default,Default,Default,Default,.NET Core 5.0,Default,Default,Default,Default,Default,Default,Default,Default,Default,Default,Default,Default,"Job-PDALPH(EvaluateOverhead=True, Server=True, Toolchain=.NET Core 5.0)",,1,Workload,Warmup,4,548340500,32768,16734.02,23,0,0,6570
TypeHelperBenchmark.GetPropertyValues,dotNetTips.Spargine.Core.BenchmarkTests,TypeHelperBenchmark,GetPropertyValues,Job-PDALPH,Default,True,Default,Default,Default,Default,Default,Default,Default,Default,Default,Default,Default,Default,Default,Default,Default,Default,Default,Default,Default,True,Default,Default,Default,Default,Default,.NET Core 5.0,Default,Default,Default,Default,Default,Default,Default,Default,Default,Default,Default,Default,"Job-PDALPH(EvaluateOverhead=True, Server=True, Toolchain=.NET Core 5.0)",,1,Workload,Warmup,5,550422900,32768,16797.57,23,0,0,6570
TypeHelperBenchmark.GetPropertyValues,dotNetTips.Spargine.Core.BenchmarkTests,TypeHelperBenchmark,GetPropertyValues,Job-PDALPH,Default,True,Default,Default,Default,Default,Default,Default,Default,Default,Default,Default,Default,Default,Default,Default,Default,Default,Default,Default,Default,True,Default,Default,Default,Default,Default,.NET Core 5.0,Default,Default,Default,Default,Default,Default,Default,Default,Default,Default,Default,Default,"Job-PDALPH(EvaluateOverhead=True, Server=True, Toolchain=.NET Core 5.0)",,1,Workload,Warmup,6,549738800,32768,16776.7,23,0,0,6570
TypeHelperBenchmark.GetPropertyValues,dotNetTips.Spargine.Core.BenchmarkTests,TypeHelperBenchmark,GetPropertyValues,Job-PDALPH,Default,True,Default,Default,Default,Default,Default,Default,Default,Default,Default,Default,Default,Default,Default,Default,Default,Default,Default,Default,Default,True,Default,Default,Default,Default,Default,.NET Core 5.0,Default,Default,Default,Default,Default,Default,Default,Default,Default,Default,Default,Default,"Job-PDALPH(EvaluateOverhead=True, Server=True, Toolchain=.NET Core 5.0)",,1,Workload,Warmup,7,546757300,32768,16685.71,23,0,0,6570
TypeHelperBenchmark.GetPropertyValues,dotNetTips.Spargine.Core.BenchmarkTests,TypeHelperBenchmark,GetPropertyValues,Job-PDALPH,Default,True,Default,Default,Default,Default,Default,Default,Default,Default,Default,Default,Default,Default,Default,Default,Default,Default,Default,Default,Default,True,Default,Default,Default,Default,Default,.NET Core 5.0,Default,Default,Default,Default,Default,Default,Default,Default,Default,Default,Default,Default,"Job-PDALPH(EvaluateOverhead=True, Server=True, Toolchain=.NET Core 5.0)",,1,Workload,Warmup,8,548204700,32768,16729.88,23,0,0,6570
TypeHelperBenchmark.GetPropertyValues,dotNetTips.Spargine.Core.BenchmarkTests,TypeHelperBenchmark,GetPropertyValues,Job-PDALPH,Default,True,Default,Default,Default,Default,Default,Default,Default,Default,Default,Default,Default,Default,Default,Default,Default,Default,Default,Default,Default,True,Default,Default,Default,Default,Default,.NET Core 5.0,Default,Default,Default,Default,Default,Default,Default,Default,Default,Default,Default,Default,"Job-PDALPH(EvaluateOverhead=True, Server=True, Toolchain=.NET Core 5.0)",,1,Workload,Warmup,9,550722000,32768,16806.7,23,0,0,6570
TypeHelperBenchmark.GetPropertyValues,dotNetTips.Spargine.Core.BenchmarkTests,TypeHelperBenchmark,GetPropertyValues,Job-PDALPH,Default,True,Default,Default,Default,Default,Default,Default,Default,Default,Default,Default,Default,Default,Default,Default,Default,Default,Default,Default,Default,True,Default,Default,Default,Default,Default,.NET Core 5.0,Default,Default,Default,Default,Default,Default,Default,Default,Default,Default,Default,Default,"Job-PDALPH(EvaluateOverhead=True, Server=True, Toolchain=.NET Core 5.0)",,1,Workload,Warmup,10,550646200,32768,16804.39,23,0,0,6570
TypeHelperBenchmark.GetPropertyValues,dotNetTips.Spargine.Core.BenchmarkTests,TypeHelperBenchmark,GetPropertyValues,Job-PDALPH,Default,True,Default,Default,Default,Default,Default,Default,Default,Default,Default,Default,Default,Default,Default,Default,Default,Default,Default,Default,Default,True,Default,Default,Default,Default,Default,.NET Core 5.0,Default,Default,Default,Default,Default,Default,Default,Default,Default,Default,Default,Default,"Job-PDALPH(EvaluateOverhead=True, Server=True, Toolchain=.NET Core 5.0)",,1,Workload,Actual,1,546379900,32768,16674.19,23,0,0,6570
TypeHelperBenchmark.GetPropertyValues,dotNetTips.Spargine.Core.BenchmarkTests,TypeHelperBenchmark,GetPropertyValues,Job-PDALPH,Default,True,Default,Default,Default,Default,Default,Default,Default,Default,Default,Default,Default,Default,Default,Default,Default,Default,Default,Default,Default,True,Default,Default,Default,Default,Default,.NET Core 5.0,Default,Default,Default,Default,Default,Default,Default,Default,Default,Default,Default,Default,"Job-PDALPH(EvaluateOverhead=True, Server=True, Toolchain=.NET Core 5.0)",,1,Workload,Actual,2,548994400,32768,16753.98,23,0,0,6570
TypeHelperBenchmark.GetPropertyValues,dotNetTips.Spargine.Core.BenchmarkTests,TypeHelperBenchmark,GetPropertyValues,Job-PDALPH,Default,True,Default,Default,Default,Default,Default,Default,Default,Default,Default,Default,Default,Default,Default,Default,Default,Default,Default,Default,Default,True,Default,Default,Default,Default,Default,.NET Core 5.0,Default,Default,Default,Default,Default,Default,Default,Default,Default,Default,Default,Default,"Job-PDALPH(EvaluateOverhead=True, Server=True, Toolchain=.NET Core 5.0)",,1,Workload,Actual,3,546205800,32768,16668.88,23,0,0,6570
TypeHelperBenchmark.GetPropertyValues,dotNetTips.Spargine.Core.BenchmarkTests,TypeHelperBenchmark,GetPropertyValues,Job-PDALPH,Default,True,Default,Default,Default,Default,Default,Default,Default,Default,Default,Default,Default,Default,Default,Default,Default,Default,Default,Default,Default,True,Default,Default,Default,Default,Default,.NET Core 5.0,Default,Default,Default,Default,Default,Default,Default,Default,Default,Default,Default,Default,"Job-PDALPH(EvaluateOverhead=True, Server=True, Toolchain=.NET Core 5.0)",,1,Workload,Actual,4,549461900,32768,16768.25,23,0,0,6570
TypeHelperBenchmark.GetPropertyValues,dotNetTips.Spargine.Core.BenchmarkTests,TypeHelperBenchmark,GetPropertyValues,Job-PDALPH,Default,True,Default,Default,Default,Default,Default,Default,Default,Default,Default,Default,Default,Default,Default,Default,Default,Default,Default,Default,Default,True,Default,Default,Default,Default,Default,.NET Core 5.0,Default,Default,Default,Default,Default,Default,Default,Default,Default,Default,Default,Default,"Job-PDALPH(EvaluateOverhead=True, Server=True, Toolchain=.NET Core 5.0)",,1,Workload,Actual,5,549127400,32768,16758.04,23,0,0,6570
TypeHelperBenchmark.GetPropertyValues,dotNetTips.Spargine.Core.BenchmarkTests,TypeHelperBenchmark,GetPropertyValues,Job-PDALPH,Default,True,Default,Default,Default,Default,Default,Default,Default,Default,Default,Default,Default,Default,Default,Default,Default,Default,Default,Default,Default,True,Default,Default,Default,Default,Default,.NET Core 5.0,Default,Default,Default,Default,Default,Default,Default,Default,Default,Default,Default,Default,"Job-PDALPH(EvaluateOverhead=True, Server=True, Toolchain=.NET Core 5.0)",,1,Workload,Actual,6,546543300,32768,16679.18,23,0,0,6570
TypeHelperBenchmark.GetPropertyValues,dotNetTips.Spargine.Core.BenchmarkTests,TypeHelperBenchmark,GetPropertyValues,Job-PDALPH,Default,True,Default,Default,Default,Default,Default,Default,Default,Default,Default,Default,Default,Default,Default,Default,Default,Default,Default,Default,Default,True,Default,Default,Default,Default,Default,.NET Core 5.0,Default,Default,Default,Default,Default,Default,Default,Default,Default,Default,Default,Default,"Job-PDALPH(EvaluateOverhead=True, Server=True, Toolchain=.NET Core 5.0)",,1,Workload,Actual,7,549681300,32768,16774.94,23,0,0,6570
TypeHelperBenchmark.GetPropertyValues,dotNetTips.Spargine.Core.BenchmarkTests,TypeHelperBenchmark,GetPropertyValues,Job-PDALPH,Default,True,Default,Default,Default,Default,Default,Default,Default,Default,Default,Default,Default,Default,Default,Default,Default,Default,Default,Default,Default,True,Default,Default,Default,Default,Default,.NET Core 5.0,Default,Default,Default,Default,Default,Default,Default,Default,Default,Default,Default,Default,"Job-PDALPH(EvaluateOverhead=True, Server=True, Toolchain=.NET Core 5.0)",,1,Workload,Actual,8,547639600,32768,16712.63,23,0,0,6570
TypeHelperBenchmark.GetPropertyValues,dotNetTips.Spargine.Core.BenchmarkTests,TypeHelperBenchmark,GetPropertyValues,Job-PDALPH,Default,True,Default,Default,Default,Default,Default,Default,Default,Default,Default,Default,Default,Default,Default,Default,Default,Default,Default,Default,Default,True,Default,Default,Default,Default,Default,.NET Core 5.0,Default,Default,Default,Default,Default,Default,Default,Default,Default,Default,Default,Default,"Job-PDALPH(EvaluateOverhead=True, Server=True, Toolchain=.NET Core 5.0)",,1,Workload,Actual,9,539562200,32768,16466.13,23,0,0,6570
TypeHelperBenchmark.GetPropertyValues,dotNetTips.Spargine.Core.BenchmarkTests,TypeHelperBenchmark,GetPropertyValues,Job-PDALPH,Default,True,Default,Default,Default,Default,Default,Default,Default,Default,Default,Default,Default,Default,Default,Default,Default,Default,Default,Default,Default,True,Default,Default,Default,Default,Default,.NET Core 5.0,Default,Default,Default,Default,Default,Default,Default,Default,Default,Default,Default,Default,"Job-PDALPH(EvaluateOverhead=True, Server=True, Toolchain=.NET Core 5.0)",,1,Workload,Actual,10,535043400,32768,16328.23,23,0,0,6570
TypeHelperBenchmark.GetPropertyValues,dotNetTips.Spargine.Core.BenchmarkTests,TypeHelperBenchmark,GetPropertyValues,Job-PDALPH,Default,True,Default,Default,Default,Default,Default,Default,Default,Default,Default,Default,Default,Default,Default,Default,Default,Default,Default,Default,Default,True,Default,Default,Default,Default,Default,.NET Core 5.0,Default,Default,Default,Default,Default,Default,Default,Default,Default,Default,Default,Default,"Job-PDALPH(EvaluateOverhead=True, Server=True, Toolchain=.NET Core 5.0)",,1,Workload,Actual,11,533357800,32768,16276.79,23,0,0,6570
TypeHelperBenchmark.GetPropertyValues,dotNetTips.Spargine.Core.BenchmarkTests,TypeHelperBenchmark,GetPropertyValues,Job-PDALPH,Default,True,Default,Default,Default,Default,Default,Default,Default,Default,Default,Default,Default,Default,Default,Default,Default,Default,Default,Default,Default,True,Default,Default,Default,Default,Default,.NET Core 5.0,Default,Default,Default,Default,Default,Default,Default,Default,Default,Default,Default,Default,"Job-PDALPH(EvaluateOverhead=True, Server=True, Toolchain=.NET Core 5.0)",,1,Workload,Actual,12,533700900,32768,16287.26,23,0,0,6570
TypeHelperBenchmark.GetPropertyValues,dotNetTips.Spargine.Core.BenchmarkTests,TypeHelperBenchmark,GetPropertyValues,Job-PDALPH,Default,True,Default,Default,Default,Default,Default,Default,Default,Default,Default,Default,Default,Default,Default,Default,Default,Default,Default,Default,Default,True,Default,Default,Default,Default,Default,.NET Core 5.0,Default,Default,Default,Default,Default,Default,Default,Default,Default,Default,Default,Default,"Job-PDALPH(EvaluateOverhead=True, Server=True, Toolchain=.NET Core 5.0)",,1,Workload,Actual,13,535696600,32768,16348.16,23,0,0,6570
TypeHelperBenchmark.GetPropertyValues,dotNetTips.Spargine.Core.BenchmarkTests,TypeHelperBenchmark,GetPropertyValues,Job-PDALPH,Default,True,Default,Default,Default,Default,Default,Default,Default,Default,Default,Default,Default,Default,Default,Default,Default,Default,Default,Default,Default,True,Default,Default,Default,Default,Default,.NET Core 5.0,Default,Default,Default,Default,Default,Default,Default,Default,Default,Default,Default,Default,"Job-PDALPH(EvaluateOverhead=True, Server=True, Toolchain=.NET Core 5.0)",,1,Workload,Actual,14,536971100,32768,16387.06,23,0,0,6570
TypeHelperBenchmark.GetPropertyValues,dotNetTips.Spargine.Core.BenchmarkTests,TypeHelperBenchmark,GetPropertyValues,Job-PDALPH,Default,True,Default,Default,Default,Default,Default,Default,Default,Default,Default,Default,Default,Default,Default,Default,Default,Default,Default,Default,Default,True,Default,Default,Default,Default,Default,.NET Core 5.0,Default,Default,Default,Default,Default,Default,Default,Default,Default,Default,Default,Default,"Job-PDALPH(EvaluateOverhead=True, Server=True, Toolchain=.NET Core 5.0)",,1,Workload,Actual,15,535090400,32768,16329.66,23,0,0,6570
TypeHelperBenchmark.GetPropertyValues,dotNetTips.Spargine.Core.BenchmarkTests,TypeHelperBenchmark,GetPropertyValues,Job-PDALPH,Default,True,Default,Default,Default,Default,Default,Default,Default,Default,Default,Default,Default,Default,Default,Default,Default,Default,Default,Default,Default,True,Default,Default,Default,Default,Default,.NET Core 5.0,Default,Default,Default,Default,Default,Default,Default,Default,Default,Default,Default,Default,"Job-PDALPH(EvaluateOverhead=True, Server=True, Toolchain=.NET Core 5.0)",,1,Workload,Result,1,546306800,32768,16671.96,23,0,0,6570
TypeHelperBenchmark.GetPropertyValues,dotNetTips.Spargine.Core.BenchmarkTests,TypeHelperBenchmark,GetPropertyValues,Job-PDALPH,Default,True,Default,Default,Default,Default,Default,Default,Default,Default,Default,Default,Default,Default,Default,Default,Default,Default,Default,Default,Default,True,Default,Default,Default,Default,Default,.NET Core 5.0,Default,Default,Default,Default,Default,Default,Default,Default,Default,Default,Default,Default,"Job-PDALPH(EvaluateOverhead=True, Server=True, Toolchain=.NET Core 5.0)",,1,Workload,Result,2,548921300,32768,16751.75,23,0,0,6570
TypeHelperBenchmark.GetPropertyValues,dotNetTips.Spargine.Core.BenchmarkTests,TypeHelperBenchmark,GetPropertyValues,Job-PDALPH,Default,True,Default,Default,Default,Default,Default,Default,Default,Default,Default,Default,Default,Default,Default,Default,Default,Default,Default,Default,Default,True,Default,Default,Default,Default,Default,.NET Core 5.0,Default,Default,Default,Default,Default,Default,Default,Default,Default,Default,Default,Default,"Job-PDALPH(EvaluateOverhead=True, Server=True, Toolchain=.NET Core 5.0)",,1,Workload,Result,3,546132700,32768,16666.65,23,0,0,6570
TypeHelperBenchmark.GetPropertyValues,dotNetTips.Spargine.Core.BenchmarkTests,TypeHelperBenchmark,GetPropertyValues,Job-PDALPH,Default,True,Default,Default,Default,Default,Default,Default,Default,Default,Default,Default,Default,Default,Default,Default,Default,Default,Default,Default,Default,True,Default,Default,Default,Default,Default,.NET Core 5.0,Default,Default,Default,Default,Default,Default,Default,Default,Default,Default,Default,Default,"Job-PDALPH(EvaluateOverhead=True, Server=True, Toolchain=.NET Core 5.0)",,1,Workload,Result,4,549388800,32768,16766.02,23,0,0,6570
TypeHelperBenchmark.GetPropertyValues,dotNetTips.Spargine.Core.BenchmarkTests,TypeHelperBenchmark,GetPropertyValues,Job-PDALPH,Default,True,Default,Default,Default,Default,Default,Default,Default,Default,Default,Default,Default,Default,Default,Default,Default,Default,Default,Default,Default,True,Default,Default,Default,Default,Default,.NET Core 5.0,Default,Default,Default,Default,Default,Default,Default,Default,Default,Default,Default,Default,"Job-PDALPH(EvaluateOverhead=True, Server=True, Toolchain=.NET Core 5.0)",,1,Workload,Result,5,549054300,32768,16755.81,23,0,0,6570
TypeHelperBenchmark.GetPropertyValues,dotNetTips.Spargine.Core.BenchmarkTests,TypeHelperBenchmark,GetPropertyValues,Job-PDALPH,Default,True,Default,Default,Default,Default,Default,Default,Default,Default,Default,Default,Default,Default,Default,Default,Default,Default,Default,Default,Default,True,Default,Default,Default,Default,Default,.NET Core 5.0,Default,Default,Default,Default,Default,Default,Default,Default,Default,Default,Default,Default,"Job-PDALPH(EvaluateOverhead=True, Server=True, Toolchain=.NET Core 5.0)",,1,Workload,Result,6,546470200,32768,16676.95,23,0,0,6570
TypeHelperBenchmark.GetPropertyValues,dotNetTips.Spargine.Core.BenchmarkTests,TypeHelperBenchmark,GetPropertyValues,Job-PDALPH,Default,True,Default,Default,Default,Default,Default,Default,Default,Default,Default,Default,Default,Default,Default,Default,Default,Default,Default,Default,Default,True,Default,Default,Default,Default,Default,.NET Core 5.0,Default,Default,Default,Default,Default,Default,Default,Default,Default,Default,Default,Default,"Job-PDALPH(EvaluateOverhead=True, Server=True, Toolchain=.NET Core 5.0)",,1,Workload,Result,7,549608200,32768,16772.71,23,0,0,6570
TypeHelperBenchmark.GetPropertyValues,dotNetTips.Spargine.Core.BenchmarkTests,TypeHelperBenchmark,GetPropertyValues,Job-PDALPH,Default,True,Default,Default,Default,Default,Default,Default,Default,Default,Default,Default,Default,Default,Default,Default,Default,Default,Default,Default,Default,True,Default,Default,Default,Default,Default,.NET Core 5.0,Default,Default,Default,Default,Default,Default,Default,Default,Default,Default,Default,Default,"Job-PDALPH(EvaluateOverhead=True, Server=True, Toolchain=.NET Core 5.0)",,1,Workload,Result,8,547566500,32768,16710.4,23,0,0,6570
TypeHelperBenchmark.GetPropertyValues,dotNetTips.Spargine.Core.BenchmarkTests,TypeHelperBenchmark,GetPropertyValues,Job-PDALPH,Default,True,Default,Default,Default,Default,Default,Default,Default,Default,Default,Default,Default,Default,Default,Default,Default,Default,Default,Default,Default,True,Default,Default,Default,Default,Default,.NET Core 5.0,Default,Default,Default,Default,Default,Default,Default,Default,Default,Default,Default,Default,"Job-PDALPH(EvaluateOverhead=True, Server=True, Toolchain=.NET Core 5.0)",,1,Workload,Result,9,539489100,32768,16463.9,23,0,0,6570
TypeHelperBenchmark.GetPropertyValues,dotNetTips.Spargine.Core.BenchmarkTests,TypeHelperBenchmark,GetPropertyValues,Job-PDALPH,Default,True,Default,Default,Default,Default,Default,Default,Default,Default,Default,Default,Default,Default,Default,Default,Default,Default,Default,Default,Default,True,Default,Default,Default,Default,Default,.NET Core 5.0,Default,Default,Default,Default,Default,Default,Default,Default,Default,Default,Default,Default,"Job-PDALPH(EvaluateOverhead=True, Server=True, Toolchain=.NET Core 5.0)",,1,Workload,Result,10,534970300,32768,16326,23,0,0,6570
TypeHelperBenchmark.GetPropertyValues,dotNetTips.Spargine.Core.BenchmarkTests,TypeHelperBenchmark,GetPropertyValues,Job-PDALPH,Default,True,Default,Default,Default,Default,Default,Default,Default,Default,Default,Default,Default,Default,Default,Default,Default,Default,Default,Default,Default,True,Default,Default,Default,Default,Default,.NET Core 5.0,Default,Default,Default,Default,Default,Default,Default,Default,Default,Default,Default,Default,"Job-PDALPH(EvaluateOverhead=True, Server=True, Toolchain=.NET Core 5.0)",,1,Workload,Result,11,533284700,32768,16274.56,23,0,0,6570
TypeHelperBenchmark.GetPropertyValues,dotNetTips.Spargine.Core.BenchmarkTests,TypeHelperBenchmark,GetPropertyValues,Job-PDALPH,Default,True,Default,Default,Default,Default,Default,Default,Default,Default,Default,Default,Default,Default,Default,Default,Default,Default,Default,Default,Default,True,Default,Default,Default,Default,Default,.NET Core 5.0,Default,Default,Default,Default,Default,Default,Default,Default,Default,Default,Default,Default,"Job-PDALPH(EvaluateOverhead=True, Server=True, Toolchain=.NET Core 5.0)",,1,Workload,Result,12,533627800,32768,16285.03,23,0,0,6570
TypeHelperBenchmark.GetPropertyValues,dotNetTips.Spargine.Core.BenchmarkTests,TypeHelperBenchmark,GetPropertyValues,Job-PDALPH,Default,True,Default,Default,Default,Default,Default,Default,Default,Default,Default,Default,Default,Default,Default,Default,Default,Default,Default,Default,Default,True,Default,Default,Default,Default,Default,.NET Core 5.0,Default,Default,Default,Default,Default,Default,Default,Default,Default,Default,Default,Default,"Job-PDALPH(EvaluateOverhead=True, Server=True, Toolchain=.NET Core 5.0)",,1,Workload,Result,13,535623500,32768,16345.93,23,0,0,6570
TypeHelperBenchmark.GetPropertyValues,dotNetTips.Spargine.Core.BenchmarkTests,TypeHelperBenchmark,GetPropertyValues,Job-PDALPH,Default,True,Default,Default,Default,Default,Default,Default,Default,Default,Default,Default,Default,Default,Default,Default,Default,Default,Default,Default,Default,True,Default,Default,Default,Default,Default,.NET Core 5.0,Default,Default,Default,Default,Default,Default,Default,Default,Default,Default,Default,Default,"Job-PDALPH(EvaluateOverhead=True, Server=True, Toolchain=.NET Core 5.0)",,1,Workload,Result,14,536898000,32768,16384.83,23,0,0,6570
TypeHelperBenchmark.GetPropertyValues,dotNetTips.Spargine.Core.BenchmarkTests,TypeHelperBenchmark,GetPropertyValues,Job-PDALPH,Default,True,Default,Default,Default,Default,Default,Default,Default,Default,Default,Default,Default,Default,Default,Default,Default,Default,Default,Default,Default,True,Default,Default,Default,Default,Default,.NET Core 5.0,Default,Default,Default,Default,Default,Default,Default,Default,Default,Default,Default,Default,"Job-PDALPH(EvaluateOverhead=True, Server=True, Toolchain=.NET Core 5.0)",,1,Workload,Result,15,535017300,32768,16327.43,23,0,0,6570
