Method,Job,AnalyzeLaunchVariance,EvaluateOverhead,MaxAbsoluteError,MaxRelativeError,MinInvokeCount,MinIterationTime,OutlierMode,Affinity,EnvironmentVariables,Jit,Platform,PowerPlanMode,Runtime,AllowVeryLargeObjects,Concurrent,CpuGroups,Force,HeapAffinitizeMask,HeapCount,NoAffinitize,RetainVm,Server,Arguments,BuildConfiguration,Clock,EngineFactory,NuGetReferences,Toolchain,IsMutator,InvocationCount,IterationCount,IterationTime,LaunchCount,MaxIterationCount,MaxWarmupIterationCount,MinIterationCount,MinWarmupIterationCount,RunStrategy,UnrollFactor,WarmupCount,Namespace,Categories,Mean,Error,StdDev,StdErr,Min,Q1,Median,Q3,Max,Op/s,CI99.9% Margin,Iterations,Kurtosis,MValue,Skewness,Rank,LogicalGroup,Baseline,Code Size,Gen 0,Gen 1,Gen 2,Allocated
'Creating: Person',Job-CJSTKQ,False,True,Default,Default,Default,Default,Default,1111,Empty,RyuJit,X64,8c5e7fda-e8bf-4a96-9a85-a6e23a8c635c,.NET Core 5.0,False,True,False,True,Default,Default,False,False,True,Default,Default,Default,Default,Default,.NET Core 5.0,Default,1,Default,Default,Default,Default,Default,Default,Default,Default,16,Default,dotNetTips.Spargine.Extensions.BenchmarkTests.Tester,RandomData,6.632 μs,0.0438 μs,0.0388 μs,0.0104 μs,6.587 μs,6.597 μs,6.625 μs,6.658 μs,6.718 μs,"150,792.1",0.0438 μs,14.00,2.353,2.000,0.6919,1,*,No,0.72 KB,0.3357,0.0000,0.0000,3.04 KB
'Creating: PersonFixed',Job-CJSTKQ,False,True,Default,Default,Default,Default,Default,1111,Empty,RyuJit,X64,8c5e7fda-e8bf-4a96-9a85-a6e23a8c635c,.NET Core 5.0,False,True,False,True,Default,Default,False,False,True,Default,Default,Default,Default,Default,.NET Core 5.0,Default,1,Default,Default,Default,Default,Default,Default,Default,Default,16,Default,dotNetTips.Spargine.Extensions.BenchmarkTests.Tester,RandomData,6.877 μs,0.1157 μs,0.0966 μs,0.0268 μs,6.711 μs,6.810 μs,6.907 μs,6.959 μs,7.011 μs,"145,409.4",0.1157 μs,13.00,1.490,2.000,-0.2044,2,*,No,0.72 KB,0.3357,0.0000,0.0000,3.04 KB
'Creating: PersonPlus',Job-CJSTKQ,False,True,Default,Default,Default,Default,Default,1111,Empty,RyuJit,X64,8c5e7fda-e8bf-4a96-9a85-a6e23a8c635c,.NET Core 5.0,False,True,False,True,Default,Default,False,False,True,Default,Default,Default,Default,Default,.NET Core 5.0,Default,1,Default,Default,Default,Default,Default,Default,Default,Default,16,Default,dotNetTips.Spargine.Extensions.BenchmarkTests.Tester,RandomData,6.777 μs,0.0511 μs,0.0453 μs,0.0121 μs,6.713 μs,6.752 μs,6.764 μs,6.821 μs,6.844 μs,"147,550.3",0.0511 μs,14.00,1.532,2.000,0.2900,2,*,No,0.72 KB,0.3357,0.0000,0.0000,3.04 KB
'Creating: PersonProper',Job-CJSTKQ,False,True,Default,Default,Default,Default,Default,1111,Empty,RyuJit,X64,8c5e7fda-e8bf-4a96-9a85-a6e23a8c635c,.NET Core 5.0,False,True,False,True,Default,Default,False,False,True,Default,Default,Default,Default,Default,.NET Core 5.0,Default,1,Default,Default,Default,Default,Default,Default,Default,Default,16,Default,dotNetTips.Spargine.Extensions.BenchmarkTests.Tester,RandomData,7.139 μs,0.0376 μs,0.0333 μs,0.0089 μs,7.090 μs,7.117 μs,7.134 μs,7.157 μs,7.199 μs,"140,076.0",0.0376 μs,14.00,1.829,2.000,0.3376,3,*,No,0.72 KB,0.3357,0.0000,0.0000,3.04 KB
'Creating: PersonRecord',Job-CJSTKQ,False,True,Default,Default,Default,Default,Default,1111,Empty,RyuJit,X64,8c5e7fda-e8bf-4a96-9a85-a6e23a8c635c,.NET Core 5.0,False,True,False,True,Default,Default,False,False,True,Default,Default,Default,Default,Default,.NET Core 5.0,Default,1,Default,Default,Default,Default,Default,Default,Default,Default,16,Default,dotNetTips.Spargine.Extensions.BenchmarkTests.Tester,RandomData,8.439 μs,0.0982 μs,0.0919 μs,0.0237 μs,8.307 μs,8.367 μs,8.427 μs,8.508 μs,8.580 μs,"118,493.6",0.0982 μs,15.00,1.494,2.000,0.0440,4,*,No,1.15 KB,0.4425,0.0000,0.0000,4.08 KB
'PropertiesToString(): PersonProper',Job-CJSTKQ,False,True,Default,Default,Default,Default,Default,1111,Empty,RyuJit,X64,8c5e7fda-e8bf-4a96-9a85-a6e23a8c635c,.NET Core 5.0,False,True,False,True,Default,Default,False,False,True,Default,Default,Default,Default,Default,.NET Core 5.0,Default,1,Default,Default,Default,Default,Default,Default,Default,Default,16,Default,dotNetTips.Spargine.Extensions.BenchmarkTests.Tester,RandomData,56.265 μs,0.1087 μs,0.0964 μs,0.0258 μs,56.069 μs,56.209 μs,56.286 μs,56.330 μs,56.380 μs,"17,772.9",0.1087 μs,14.00,2.009,2.000,-0.6290,6,*,No,1.18 KB,7.9956,0.0000,0.0000,70.64 KB
'PropertiesToString(): PersonRecord',Job-CJSTKQ,False,True,Default,Default,Default,Default,Default,1111,Empty,RyuJit,X64,8c5e7fda-e8bf-4a96-9a85-a6e23a8c635c,.NET Core 5.0,False,True,False,True,Default,Default,False,False,True,Default,Default,Default,Default,Default,.NET Core 5.0,Default,1,Default,Default,Default,Default,Default,Default,Default,Default,16,Default,dotNetTips.Spargine.Extensions.BenchmarkTests.Tester,RandomData,38.360 μs,0.1318 μs,0.1169 μs,0.0312 μs,38.089 μs,38.298 μs,38.370 μs,38.402 μs,38.544 μs,"26,068.6",0.1318 μs,14.00,2.992,2.000,-0.4129,5,*,No,1.61 KB,5.0659,0.0000,0.0000,44.99 KB
