Method,Job,AnalyzeLaunchVariance,EvaluateOverhead,MaxAbsoluteError,MaxRelativeError,MinInvokeCount,MinIterationTime,OutlierMode,Affinity,EnvironmentVariables,Jit,Platform,PowerPlanMode,Runtime,AllowVeryLargeObjects,Concurrent,CpuGroups,Force,HeapAffinitizeMask,HeapCount,NoAffinitize,RetainVm,Server,Arguments,BuildConfiguration,Clock,EngineFactory,NuGetReferences,Toolchain,IsMutator,InvocationCount,IterationCount,IterationTime,LaunchCount,MaxIterationCount,MaxWarmupIterationCount,MinIterationCount,MinWarmupIterationCount,RunStrategy,UnrollFactor,WarmupCount,Namespace,Categories,Count,Mean,Error,StdDev,StdErr,Min,Q1,Median,Q3,Max,Op/s,CI99.9% Margin,Iterations,Kurtosis,MValue,Skewness,Rank,LogicalGroup,Baseline,Gen 0,Gen 1,Gen 2,Allocated,Code Size
AppendBytes:01*,Job-CJSTKQ,False,True,Default,Default,Default,Default,Default,1111,Empty,RyuJit,X64,8c5e7fda-e8bf-4a96-9a85-a6e23a8c635c,.NET Core 5.0,False,True,False,True,Default,Default,False,False,True,Default,Default,Default,Default,Default,.NET Core 5.0,Default,1,Default,Default,Default,Default,Default,Default,Default,Default,16,Default,dotNetTips.Spargine.Extensions.BenchmarkTests,StringBuilderExtensions,10,"148,790.4 ns","2,711.09 ns","2,900.83 ns",683.73 ns,"143,452.9 ns","148,763.7 ns","149,714.2 ns","150,684.6 ns","151,684.4 ns","6,720.86","2,711.088 ns",18.00,2.287,2.000,-1.0011,15,*,No,23.9258,1.2207,0.0000,212.43 KB,0.64 KB
AppendBytes:01*,Job-CJSTKQ,False,True,Default,Default,Default,Default,Default,1111,Empty,RyuJit,X64,8c5e7fda-e8bf-4a96-9a85-a6e23a8c635c,.NET Core 5.0,False,True,False,True,Default,Default,False,False,True,Default,Default,Default,Default,Default,.NET Core 5.0,Default,1,Default,Default,Default,Default,Default,Default,Default,Default,16,Default,dotNetTips.Spargine.Extensions.BenchmarkTests,StringBuilderExtensions,25,"354,785.0 ns","1,305.51 ns","1,157.30 ns",309.30 ns,"352,923.8 ns","353,794.9 ns","355,164.9 ns","355,645.4 ns","356,609.3 ns","2,818.61","1,305.510 ns",14.00,1.612,2.000,-0.3160,16,*,No,57.6172,8.3008,0.0000,495.82 KB,0.64 KB
AppendBytes:01*,Job-CJSTKQ,False,True,Default,Default,Default,Default,Default,1111,Empty,RyuJit,X64,8c5e7fda-e8bf-4a96-9a85-a6e23a8c635c,.NET Core 5.0,False,True,False,True,Default,Default,False,False,True,Default,Default,Default,Default,Default,.NET Core 5.0,Default,1,Default,Default,Default,Default,Default,Default,Default,Default,16,Default,dotNetTips.Spargine.Extensions.BenchmarkTests,StringBuilderExtensions,50,"812,918.5 ns","15,712.07 ns","20,430.13 ns","4,170.28 ns","778,312.3 ns","798,832.0 ns","811,773.9 ns","827,799.8 ns","864,102.3 ns","1,230.14","15,712.070 ns",24.00,2.739,2.000,0.4977,17,*,No,108.3984,23.4375,8.7891,1010.92 KB,0.64 KB
AppendBytes:01*,Job-CJSTKQ,False,True,Default,Default,Default,Default,Default,1111,Empty,RyuJit,X64,8c5e7fda-e8bf-4a96-9a85-a6e23a8c635c,.NET Core 5.0,False,True,False,True,Default,Default,False,False,True,Default,Default,Default,Default,Default,.NET Core 5.0,Default,1,Default,Default,Default,Default,Default,Default,Default,Default,16,Default,dotNetTips.Spargine.Extensions.BenchmarkTests,StringBuilderExtensions,100,"1,500,855.2 ns","24,906.40 ns","22,078.88 ns","5,900.83 ns","1,473,564.4 ns","1,486,547.7 ns","1,494,110.0 ns","1,505,961.9 ns","1,549,049.1 ns",666.29,"24,906.404 ns",14.00,2.642,2.000,0.9773,18,*,No,214.8438,54.6875,19.5313,2005.09 KB,0.64 KB
AppendBytes:01*,Job-CJSTKQ,False,True,Default,Default,Default,Default,Default,1111,Empty,RyuJit,X64,8c5e7fda-e8bf-4a96-9a85-a6e23a8c635c,.NET Core 5.0,False,True,False,True,Default,Default,False,False,True,Default,Default,Default,Default,Default,.NET Core 5.0,Default,1,Default,Default,Default,Default,Default,Default,Default,Default,16,Default,dotNetTips.Spargine.Extensions.BenchmarkTests,StringBuilderExtensions,250,"3,950,491.2 ns","77,926.91 ns","104,030.19 ns","20,806.04 ns","3,792,285.2 ns","3,874,838.3 ns","3,923,853.1 ns","4,012,299.2 ns","4,183,527.3 ns",253.13,"77,926.915 ns",25.00,2.690,2.167,0.6539,20,*,No,539.0625,203.1250,46.8750,5003.32 KB,0.64 KB
AppendBytes:01*,Job-CJSTKQ,False,True,Default,Default,Default,Default,Default,1111,Empty,RyuJit,X64,8c5e7fda-e8bf-4a96-9a85-a6e23a8c635c,.NET Core 5.0,False,True,False,True,Default,Default,False,False,True,Default,Default,Default,Default,Default,.NET Core 5.0,Default,1,Default,Default,Default,Default,Default,Default,Default,Default,16,Default,dotNetTips.Spargine.Extensions.BenchmarkTests,StringBuilderExtensions,500,"7,767,953.1 ns","151,380.31 ns","148,675.71 ns","37,168.93 ns","7,571,539.1 ns","7,643,603.5 ns","7,755,232.8 ns","7,869,072.3 ns","8,101,090.6 ns",128.73,"151,380.311 ns",16.00,2.308,2.000,0.4270,23,*,No,406.2500,203.1250,78.1250,10005.57 KB,0.64 KB
AppendBytes:01*,Job-CJSTKQ,False,True,Default,Default,Default,Default,Default,1111,Empty,RyuJit,X64,8c5e7fda-e8bf-4a96-9a85-a6e23a8c635c,.NET Core 5.0,False,True,False,True,Default,Default,False,False,True,Default,Default,Default,Default,Default,.NET Core 5.0,Default,1,Default,Default,Default,Default,Default,Default,Default,Default,16,Default,dotNetTips.Spargine.Extensions.BenchmarkTests,StringBuilderExtensions,1000,"15,762,442.1 ns","225,194.63 ns","188,047.71 ns","52,155.05 ns","15,259,253.1 ns","15,760,981.2 ns","15,777,056.2 ns","15,866,746.9 ns","15,989,787.5 ns",63.44,"225,194.629 ns",13.00,4.282,2.000,-1.3043,24,*,No,500.0000,312.5000,156.2500,20010.22 KB,0.64 KB
AppendKeyValue,Job-CJSTKQ,False,True,Default,Default,Default,Default,Default,1111,Empty,RyuJit,X64,8c5e7fda-e8bf-4a96-9a85-a6e23a8c635c,.NET Core 5.0,False,True,False,True,Default,Default,False,False,True,Default,Default,Default,Default,Default,.NET Core 5.0,Default,1,Default,Default,Default,Default,Default,Default,Default,Default,16,Default,dotNetTips.Spargine.Extensions.BenchmarkTests,StringBuilderExtensions,10,917.5 ns,5.20 ns,4.61 ns,1.23 ns,905.8 ns,915.1 ns,917.8 ns,920.9 ns,924.3 ns,"1,089,884.00",5.195 ns,14.00,3.542,2.000,-0.8146,3,*,No,0.2403,0.0000,0.0000,2.13 KB,0.91 KB
AppendKeyValue,Job-CJSTKQ,False,True,Default,Default,Default,Default,Default,1111,Empty,RyuJit,X64,8c5e7fda-e8bf-4a96-9a85-a6e23a8c635c,.NET Core 5.0,False,True,False,True,Default,Default,False,False,True,Default,Default,Default,Default,Default,.NET Core 5.0,Default,1,Default,Default,Default,Default,Default,Default,Default,Default,16,Default,dotNetTips.Spargine.Extensions.BenchmarkTests,StringBuilderExtensions,25,"2,005.5 ns",35.13 ns,32.86 ns,8.49 ns,"1,946.6 ns","1,989.2 ns","2,003.0 ns","2,039.5 ns","2,045.1 ns","498,617.85",35.133 ns,15.00,1.827,2.000,-0.3265,5,*,No,0.4768,0.0000,0.0000,4.23 KB,0.91 KB
AppendKeyValue,Job-CJSTKQ,False,True,Default,Default,Default,Default,Default,1111,Empty,RyuJit,X64,8c5e7fda-e8bf-4a96-9a85-a6e23a8c635c,.NET Core 5.0,False,True,False,True,Default,Default,False,False,True,Default,Default,Default,Default,Default,.NET Core 5.0,Default,1,Default,Default,Default,Default,Default,Default,Default,Default,16,Default,dotNetTips.Spargine.Extensions.BenchmarkTests,StringBuilderExtensions,50,"4,075.3 ns",46.73 ns,36.48 ns,10.53 ns,"3,985.6 ns","4,071.7 ns","4,092.6 ns","4,096.5 ns","4,103.4 ns","245,383.03",46.727 ns,12.00,3.393,2.000,-1.3233,7,*,No,0.9079,0.0153,0.0000,8.04 KB,0.91 KB
AppendKeyValue,Job-CJSTKQ,False,True,Default,Default,Default,Default,Default,1111,Empty,RyuJit,X64,8c5e7fda-e8bf-4a96-9a85-a6e23a8c635c,.NET Core 5.0,False,True,False,True,Default,Default,False,False,True,Default,Default,Default,Default,Default,.NET Core 5.0,Default,1,Default,Default,Default,Default,Default,Default,Default,Default,16,Default,dotNetTips.Spargine.Extensions.BenchmarkTests,StringBuilderExtensions,100,"7,717.5 ns",109.39 ns,102.32 ns,26.42 ns,"7,583.1 ns","7,626.0 ns","7,699.0 ns","7,805.5 ns","7,882.7 ns","129,576.25",109.391 ns,15.00,1.474,2.000,0.0712,9,*,No,1.7395,0.0458,0.0000,15.55 KB,0.91 KB
AppendKeyValue,Job-CJSTKQ,False,True,Default,Default,Default,Default,Default,1111,Empty,RyuJit,X64,8c5e7fda-e8bf-4a96-9a85-a6e23a8c635c,.NET Core 5.0,False,True,False,True,Default,Default,False,False,True,Default,Default,Default,Default,Default,.NET Core 5.0,Default,1,Default,Default,Default,Default,Default,Default,Default,Default,16,Default,dotNetTips.Spargine.Extensions.BenchmarkTests,StringBuilderExtensions,250,"18,581.0 ns",52.02 ns,48.66 ns,12.56 ns,"18,516.9 ns","18,540.3 ns","18,582.7 ns","18,622.3 ns","18,653.0 ns","53,818.46",52.017 ns,15.00,1.383,2.000,0.1450,11,*,No,5.6763,0.0305,0.0000,49.61 KB,0.91 KB
AppendKeyValue,Job-CJSTKQ,False,True,Default,Default,Default,Default,Default,1111,Empty,RyuJit,X64,8c5e7fda-e8bf-4a96-9a85-a6e23a8c635c,.NET Core 5.0,False,True,False,True,Default,Default,False,False,True,Default,Default,Default,Default,Default,.NET Core 5.0,Default,1,Default,Default,Default,Default,Default,Default,Default,Default,16,Default,dotNetTips.Spargine.Extensions.BenchmarkTests,StringBuilderExtensions,500,"37,038.8 ns",92.29 ns,86.33 ns,22.29 ns,"36,838.4 ns","36,983.1 ns","37,060.9 ns","37,113.3 ns","37,140.6 ns","26,998.69",92.287 ns,15.00,2.485,2.000,-0.6486,13,*,No,9.6436,0.9766,0.0000,82.52 KB,0.91 KB
AppendKeyValue,Job-CJSTKQ,False,True,Default,Default,Default,Default,Default,1111,Empty,RyuJit,X64,8c5e7fda-e8bf-4a96-9a85-a6e23a8c635c,.NET Core 5.0,False,True,False,True,Default,Default,False,False,True,Default,Default,Default,Default,Default,.NET Core 5.0,Default,1,Default,Default,Default,Default,Default,Default,Default,Default,16,Default,dotNetTips.Spargine.Extensions.BenchmarkTests,StringBuilderExtensions,1000,"71,857.2 ns",401.68 ns,356.08 ns,95.17 ns,"70,700.8 ns","71,845.7 ns","71,982.3 ns","72,015.5 ns","72,111.8 ns","13,916.50",401.681 ns,14.00,7.999,2.000,-2.3713,14,*,No,17.0898,3.2959,0.0000,148.44 KB,0.91 KB
AppendValues,Job-CJSTKQ,False,True,Default,Default,Default,Default,Default,1111,Empty,RyuJit,X64,8c5e7fda-e8bf-4a96-9a85-a6e23a8c635c,.NET Core 5.0,False,True,False,True,Default,Default,False,False,True,Default,Default,Default,Default,Default,.NET Core 5.0,Default,1,Default,Default,Default,Default,Default,Default,Default,Default,16,Default,dotNetTips.Spargine.Extensions.BenchmarkTests,StringBuilderExtensions,10,503.5 ns,1.37 ns,1.28 ns,0.33 ns,501.7 ns,502.5 ns,503.3 ns,504.3 ns,505.8 ns,"1,986,265.45",1.372 ns,15.00,1.784,2.000,0.3788,1,*,No,0.1535,0.0000,0.0000,1.37 KB,0.67 KB
AppendValues,Job-CJSTKQ,False,True,Default,Default,Default,Default,Default,1111,Empty,RyuJit,X64,8c5e7fda-e8bf-4a96-9a85-a6e23a8c635c,.NET Core 5.0,False,True,False,True,Default,Default,False,False,True,Default,Default,Default,Default,Default,.NET Core 5.0,Default,1,Default,Default,Default,Default,Default,Default,Default,Default,16,Default,dotNetTips.Spargine.Extensions.BenchmarkTests,StringBuilderExtensions,25,886.8 ns,17.76 ns,21.81 ns,4.65 ns,822.7 ns,893.3 ns,894.5 ns,895.4 ns,898.3 ns,"1,127,622.79",17.756 ns,22.00,6.808,2.000,-2.3054,2,*,No,0.2766,0.0000,0.0000,2.44 KB,0.67 KB
AppendValues,Job-CJSTKQ,False,True,Default,Default,Default,Default,Default,1111,Empty,RyuJit,X64,8c5e7fda-e8bf-4a96-9a85-a6e23a8c635c,.NET Core 5.0,False,True,False,True,Default,Default,False,False,True,Default,Default,Default,Default,Default,.NET Core 5.0,Default,1,Default,Default,Default,Default,Default,Default,Default,Default,16,Default,dotNetTips.Spargine.Extensions.BenchmarkTests,StringBuilderExtensions,50,"1,488.7 ns",5.77 ns,5.11 ns,1.37 ns,"1,479.8 ns","1,486.3 ns","1,488.0 ns","1,490.9 ns","1,498.7 ns","671,714.02",5.766 ns,14.00,2.481,2.000,0.3799,4,*,No,0.4959,0.0038,0.0000,4.34 KB,0.67 KB
AppendValues,Job-CJSTKQ,False,True,Default,Default,Default,Default,Default,1111,Empty,RyuJit,X64,8c5e7fda-e8bf-4a96-9a85-a6e23a8c635c,.NET Core 5.0,False,True,False,True,Default,Default,False,False,True,Default,Default,Default,Default,Default,.NET Core 5.0,Default,1,Default,Default,Default,Default,Default,Default,Default,Default,16,Default,dotNetTips.Spargine.Extensions.BenchmarkTests,StringBuilderExtensions,100,"2,734.8 ns",12.72 ns,11.90 ns,3.07 ns,"2,716.9 ns","2,724.1 ns","2,735.5 ns","2,742.6 ns","2,754.7 ns","365,653.95",12.719 ns,15.00,1.697,2.000,0.1020,6,*,No,0.9041,0.0114,0.0000,8.07 KB,0.67 KB
AppendValues,Job-CJSTKQ,False,True,Default,Default,Default,Default,Default,1111,Empty,RyuJit,X64,8c5e7fda-e8bf-4a96-9a85-a6e23a8c635c,.NET Core 5.0,False,True,False,True,Default,Default,False,False,True,Default,Default,Default,Default,Default,.NET Core 5.0,Default,1,Default,Default,Default,Default,Default,Default,Default,Default,16,Default,dotNetTips.Spargine.Extensions.BenchmarkTests,StringBuilderExtensions,250,"6,865.4 ns",45.31 ns,42.39 ns,10.94 ns,"6,812.0 ns","6,833.0 ns","6,846.8 ns","6,899.8 ns","6,943.6 ns","145,657.64",45.312 ns,15.00,1.656,2.000,0.4970,8,*,No,2.8687,0.1297,0.0000,25.19 KB,0.67 KB
AppendValues,Job-CJSTKQ,False,True,Default,Default,Default,Default,Default,1111,Empty,RyuJit,X64,8c5e7fda-e8bf-4a96-9a85-a6e23a8c635c,.NET Core 5.0,False,True,False,True,Default,Default,False,False,True,Default,Default,Default,Default,Default,.NET Core 5.0,Default,1,Default,Default,Default,Default,Default,Default,Default,Default,16,Default,dotNetTips.Spargine.Extensions.BenchmarkTests,StringBuilderExtensions,500,"12,687.9 ns",47.30 ns,44.24 ns,11.42 ns,"12,616.9 ns","12,654.2 ns","12,678.2 ns","12,715.4 ns","12,764.0 ns","78,815.26",47.295 ns,15.00,1.639,2.000,0.1435,10,*,No,5.6000,0.3815,0.0000,49.19 KB,0.67 KB
AppendValues,Job-CJSTKQ,False,True,Default,Default,Default,Default,Default,1111,Empty,RyuJit,X64,8c5e7fda-e8bf-4a96-9a85-a6e23a8c635c,.NET Core 5.0,False,True,False,True,Default,Default,False,False,True,Default,Default,Default,Default,Default,.NET Core 5.0,Default,1,Default,Default,Default,Default,Default,Default,Default,Default,16,Default,dotNetTips.Spargine.Extensions.BenchmarkTests,StringBuilderExtensions,1000,"24,121.4 ns",190.29 ns,168.69 ns,45.08 ns,"23,796.6 ns","24,015.0 ns","24,150.9 ns","24,182.1 ns","24,392.8 ns","41,457.00",190.290 ns,14.00,2.071,2.000,-0.0837,12,*,No,9.4299,1.0376,0.0000,81.48 KB,0.67 KB
BytesToString:01**,Job-CJSTKQ,False,True,Default,Default,Default,Default,Default,1111,Empty,RyuJit,X64,8c5e7fda-e8bf-4a96-9a85-a6e23a8c635c,.NET Core 5.0,False,True,False,True,Default,Default,False,False,True,Default,Default,Default,Default,Default,.NET Core 5.0,Default,1,Default,Default,Default,Default,Default,Default,Default,Default,16,Default,dotNetTips.Spargine.Extensions.BenchmarkTests,StringBuilderExtensions,10,"149,849.8 ns","1,149.24 ns","1,075.00 ns",277.56 ns,"148,444.2 ns","148,807.9 ns","150,377.0 ns","150,742.3 ns","151,391.4 ns","6,673.35","1,149.241 ns",15.00,1.169,2.000,-0.1234,15,*,No,22.2168,1.2207,0.0000,205.59 KB,0.39 KB
BytesToString:01**,Job-CJSTKQ,False,True,Default,Default,Default,Default,Default,1111,Empty,RyuJit,X64,8c5e7fda-e8bf-4a96-9a85-a6e23a8c635c,.NET Core 5.0,False,True,False,True,Default,Default,False,False,True,Default,Default,Default,Default,Default,.NET Core 5.0,Default,1,Default,Default,Default,Default,Default,Default,Default,Default,16,Default,dotNetTips.Spargine.Extensions.BenchmarkTests,StringBuilderExtensions,25,"355,843.9 ns","1,237.08 ns","1,096.64 ns",293.09 ns,"354,592.9 ns","354,834.4 ns","355,441.7 ns","356,809.7 ns","357,493.2 ns","2,810.22","1,237.082 ns",14.00,1.197,2.000,0.2525,16,*,No,56.1523,0.0000,0.0000,488.98 KB,0.39 KB
BytesToString:01**,Job-CJSTKQ,False,True,Default,Default,Default,Default,Default,1111,Empty,RyuJit,X64,8c5e7fda-e8bf-4a96-9a85-a6e23a8c635c,.NET Core 5.0,False,True,False,True,Default,Default,False,False,True,Default,Default,Default,Default,Default,.NET Core 5.0,Default,1,Default,Default,Default,Default,Default,Default,Default,Default,16,Default,dotNetTips.Spargine.Extensions.BenchmarkTests,StringBuilderExtensions,50,"804,043.2 ns","14,404.03 ns","13,473.53 ns","3,478.85 ns","779,802.4 ns","796,404.5 ns","803,908.8 ns","814,195.7 ns","824,600.0 ns","1,243.71","14,404.025 ns",15.00,1.901,2.000,-0.1019,17,*,No,108.3984,24.4141,9.7656,1004.07 KB,0.39 KB
BytesToString:01**,Job-CJSTKQ,False,True,Default,Default,Default,Default,Default,1111,Empty,RyuJit,X64,8c5e7fda-e8bf-4a96-9a85-a6e23a8c635c,.NET Core 5.0,False,True,False,True,Default,Default,False,False,True,Default,Default,Default,Default,Default,.NET Core 5.0,Default,1,Default,Default,Default,Default,Default,Default,Default,Default,16,Default,dotNetTips.Spargine.Extensions.BenchmarkTests,StringBuilderExtensions,100,"1,534,979.0 ns","27,967.57 ns","26,160.89 ns","6,754.71 ns","1,498,493.0 ns","1,515,967.4 ns","1,531,319.3 ns","1,552,859.9 ns","1,592,799.0 ns",651.47,"27,967.575 ns",15.00,2.290,2.000,0.4119,19,*,No,214.8438,58.5938,19.5313,2013.95 KB,0.39 KB
BytesToString:01**,Job-CJSTKQ,False,True,Default,Default,Default,Default,Default,1111,Empty,RyuJit,X64,8c5e7fda-e8bf-4a96-9a85-a6e23a8c635c,.NET Core 5.0,False,True,False,True,Default,Default,False,False,True,Default,Default,Default,Default,Default,.NET Core 5.0,Default,1,Default,Default,Default,Default,Default,Default,Default,Default,16,Default,dotNetTips.Spargine.Extensions.BenchmarkTests,StringBuilderExtensions,250,"4,053,956.9 ns","80,389.65 ns","107,317.87 ns","21,463.57 ns","3,893,840.2 ns","3,977,594.9 ns","4,029,623.0 ns","4,141,156.6 ns","4,272,112.1 ns",246.67,"80,389.645 ns",25.00,2.047,2.000,0.4452,21,*,No,539.0625,210.9375,46.8750,5012.21 KB,0.39 KB
BytesToString:01**,Job-CJSTKQ,False,True,Default,Default,Default,Default,Default,1111,Empty,RyuJit,X64,8c5e7fda-e8bf-4a96-9a85-a6e23a8c635c,.NET Core 5.0,False,True,False,True,Default,Default,False,False,True,Default,Default,Default,Default,Default,.NET Core 5.0,Default,1,Default,Default,Default,Default,Default,Default,Default,Default,16,Default,dotNetTips.Spargine.Extensions.BenchmarkTests,StringBuilderExtensions,500,"7,522,122.8 ns","88,058.80 ns","82,370.25 ns","21,267.91 ns","7,346,745.7 ns","7,487,795.7 ns","7,529,530.1 ns","7,570,102.3 ns","7,662,409.8 ns",132.94,"88,058.799 ns",15.00,2.634,2.000,-0.4954,22,*,No,421.8750,203.1250,78.1250,10014.42 KB,0.39 KB
BytesToString:01**,Job-CJSTKQ,False,True,Default,Default,Default,Default,Default,1111,Empty,RyuJit,X64,8c5e7fda-e8bf-4a96-9a85-a6e23a8c635c,.NET Core 5.0,False,True,False,True,Default,Default,False,False,True,Default,Default,Default,Default,Default,.NET Core 5.0,Default,1,Default,Default,Default,Default,Default,Default,Default,Default,16,Default,dotNetTips.Spargine.Extensions.BenchmarkTests,StringBuilderExtensions,1000,"15,561,239.6 ns","207,439.11 ns","194,038.68 ns","50,100.57 ns","15,205,440.6 ns","15,450,739.1 ns","15,557,168.8 ns","15,709,170.3 ns","15,879,703.1 ns",64.26,"207,439.114 ns",15.00,1.973,2.000,-0.1748,24,*,No,500.0000,312.5000,156.2500,20018.95 KB,0.39 KB
