Method,Job,AnalyzeLaunchVariance,EvaluateOverhead,MaxAbsoluteError,MaxRelativeError,MinInvokeCount,MinIterationTime,OutlierMode,Affinity,EnvironmentVariables,Jit,Platform,PowerPlanMode,Runtime,AllowVeryLargeObjects,Concurrent,CpuGroups,Force,HeapAffinitizeMask,HeapCount,NoAffinitize,RetainVm,Server,Arguments,BuildConfiguration,Clock,EngineFactory,NuGetReferences,Toolchain,IsMutator,InvocationCount,IterationCount,IterationTime,LaunchCount,MaxIterationCount,MaxWarmupIterationCount,MinIterationCount,MinWarmupIterationCount,RunStrategy,UnrollFactor,WarmupCount,Namespace,Categories,Count,Mean,Error,StdDev,StdErr,Min,Q1,Median,Q3,Max,Op/s,CI99.9% Margin,Iterations,Kurtosis,MValue,Skewness,Rank,LogicalGroup,Baseline,Code Size,Gen 0,Gen 1,Gen 2,Allocated
'AddIfNotExists: Params with dups',Job-CJSTKQ,False,True,Default,Default,Default,Default,Default,1111,Empty,RyuJit,X64,8c5e7fda-e8bf-4a96-9a85-a6e23a8c635c,.NET Core 5.0,False,True,False,True,Default,Default,False,False,True,Default,Default,Default,Default,Default,.NET Core 5.0,Default,1,Default,Default,Default,Default,Default,Default,Default,Default,16,Default,dotNetTips.Spargine.Extensions.BenchmarkTests,ArrayExtensions,10,"42,501.92 ns",131.425 ns,122.935 ns,31.742 ns,"42,354.21 ns","42,407.40 ns","42,468.68 ns","42,589.18 ns","42,737.68 ns","23,528.35",131.4247 ns,15.00,1.827,2.000,0.4465,40,*,No,1173 B,0.1221,0.0000,0.0000,1280 B
'AddIfNotExists: Params with dups',Job-CJSTKQ,False,True,Default,Default,Default,Default,Default,1111,Empty,RyuJit,X64,8c5e7fda-e8bf-4a96-9a85-a6e23a8c635c,.NET Core 5.0,False,True,False,True,Default,Default,False,False,True,Default,Default,Default,Default,Default,.NET Core 5.0,Default,1,Default,Default,Default,Default,Default,Default,Default,Default,16,Default,dotNetTips.Spargine.Extensions.BenchmarkTests,ArrayExtensions,25,"43,576.27 ns",95.075 ns,84.281 ns,22.525 ns,"43,435.85 ns","43,529.72 ns","43,565.85 ns","43,646.98 ns","43,705.24 ns","22,948.27",95.0745 ns,14.00,1.707,2.000,0.0663,41,*,No,1173 B,0.1221,0.0000,0.0000,1400 B
'AddIfNotExists: Params with dups',Job-CJSTKQ,False,True,Default,Default,Default,Default,Default,1111,Empty,RyuJit,X64,8c5e7fda-e8bf-4a96-9a85-a6e23a8c635c,.NET Core 5.0,False,True,False,True,Default,Default,False,False,True,Default,Default,Default,Default,Default,.NET Core 5.0,Default,1,Default,Default,Default,Default,Default,Default,Default,Default,16,Default,dotNetTips.Spargine.Extensions.BenchmarkTests,ArrayExtensions,50,"44,930.80 ns",458.082 ns,382.519 ns,106.092 ns,"44,125.36 ns","44,848.09 ns","45,114.66 ns","45,163.24 ns","45,282.12 ns","22,256.45",458.0818 ns,13.00,2.571,2.000,-1.0371,42,*,No,1173 B,0.1221,0.0000,0.0000,1600 B
'AddIfNotExists: Params with dups',Job-CJSTKQ,False,True,Default,Default,Default,Default,Default,1111,Empty,RyuJit,X64,8c5e7fda-e8bf-4a96-9a85-a6e23a8c635c,.NET Core 5.0,False,True,False,True,Default,Default,False,False,True,Default,Default,Default,Default,Default,.NET Core 5.0,Default,1,Default,Default,Default,Default,Default,Default,Default,Default,16,Default,dotNetTips.Spargine.Extensions.BenchmarkTests,ArrayExtensions,100,"46,205.98 ns",343.834 ns,304.800 ns,81.461 ns,"45,634.51 ns","46,163.96 ns","46,285.41 ns","46,393.21 ns","46,620.10 ns","21,642.22",343.8342 ns,14.00,2.159,2.000,-0.7052,43,*,No,1173 B,0.1831,0.0000,0.0000,2000 B
'AddIfNotExists: Params with dups',Job-CJSTKQ,False,True,Default,Default,Default,Default,Default,1111,Empty,RyuJit,X64,8c5e7fda-e8bf-4a96-9a85-a6e23a8c635c,.NET Core 5.0,False,True,False,True,Default,Default,False,False,True,Default,Default,Default,Default,Default,.NET Core 5.0,Default,1,Default,Default,Default,Default,Default,Default,Default,Default,16,Default,dotNetTips.Spargine.Extensions.BenchmarkTests,ArrayExtensions,250,"49,481.57 ns",312.665 ns,292.467 ns,75.515 ns,"48,856.26 ns","49,359.95 ns","49,566.64 ns","49,653.22 ns","49,958.91 ns","20,209.54",312.6653 ns,15.00,2.619,2.000,-0.6380,45,*,No,1173 B,0.3052,0.0000,0.0000,3200 B
'AddIfNotExists: Params with dups',Job-CJSTKQ,False,True,Default,Default,Default,Default,Default,1111,Empty,RyuJit,X64,8c5e7fda-e8bf-4a96-9a85-a6e23a8c635c,.NET Core 5.0,False,True,False,True,Default,Default,False,False,True,Default,Default,Default,Default,Default,.NET Core 5.0,Default,1,Default,Default,Default,Default,Default,Default,Default,Default,16,Default,dotNetTips.Spargine.Extensions.BenchmarkTests,ArrayExtensions,500,"53,713.90 ns",275.693 ns,257.883 ns,66.585 ns,"53,402.06 ns","53,512.41 ns","53,698.78 ns","53,842.51 ns","54,317.47 ns","18,617.15",275.6931 ns,15.00,2.779,2.000,0.8241,46,*,No,1173 B,0.5493,0.0000,0.0000,5200 B
'AddIfNotExists: Params with dups',Job-CJSTKQ,False,True,Default,Default,Default,Default,Default,1111,Empty,RyuJit,X64,8c5e7fda-e8bf-4a96-9a85-a6e23a8c635c,.NET Core 5.0,False,True,False,True,Default,Default,False,False,True,Default,Default,Default,Default,Default,.NET Core 5.0,Default,1,Default,Default,Default,Default,Default,Default,Default,Default,16,Default,dotNetTips.Spargine.Extensions.BenchmarkTests,ArrayExtensions,1000,"64,045.65 ns",528.471 ns,494.332 ns,127.636 ns,"63,380.43 ns","63,736.85 ns","63,916.92 ns","64,295.28 ns","65,085.84 ns","15,613.86",528.4709 ns,15.00,2.233,2.000,0.6776,48,*,No,1173 B,0.9766,0.0000,0.0000,9200 B
'AddIfNotExists: Params',Job-CJSTKQ,False,True,Default,Default,Default,Default,Default,1111,Empty,RyuJit,X64,8c5e7fda-e8bf-4a96-9a85-a6e23a8c635c,.NET Core 5.0,False,True,False,True,Default,Default,False,False,True,Default,Default,Default,Default,Default,.NET Core 5.0,Default,1,Default,Default,Default,Default,Default,Default,Default,Default,16,Default,dotNetTips.Spargine.Extensions.BenchmarkTests,ArrayExtensions,10,"42,468.53 ns",199.824 ns,186.915 ns,48.261 ns,"42,198.52 ns","42,324.64 ns","42,504.13 ns","42,571.76 ns","42,812.30 ns","23,546.85",199.8236 ns,15.00,1.773,2.000,0.2260,40,*,No,1173 B,0.1221,0.0000,0.0000,1280 B
'AddIfNotExists: Params',Job-CJSTKQ,False,True,Default,Default,Default,Default,Default,1111,Empty,RyuJit,X64,8c5e7fda-e8bf-4a96-9a85-a6e23a8c635c,.NET Core 5.0,False,True,False,True,Default,Default,False,False,True,Default,Default,Default,Default,Default,.NET Core 5.0,Default,1,Default,Default,Default,Default,Default,Default,Default,Default,16,Default,dotNetTips.Spargine.Extensions.BenchmarkTests,ArrayExtensions,25,"42,949.48 ns",154.470 ns,136.934 ns,36.597 ns,"42,771.30 ns","42,842.19 ns","42,923.14 ns","43,066.15 ns","43,210.35 ns","23,283.17",154.4704 ns,14.00,1.806,2.000,0.3923,40,*,No,1173 B,0.1221,0.0000,0.0000,1400 B
'AddIfNotExists: Params',Job-CJSTKQ,False,True,Default,Default,Default,Default,Default,1111,Empty,RyuJit,X64,8c5e7fda-e8bf-4a96-9a85-a6e23a8c635c,.NET Core 5.0,False,True,False,True,Default,Default,False,False,True,Default,Default,Default,Default,Default,.NET Core 5.0,Default,1,Default,Default,Default,Default,Default,Default,Default,Default,16,Default,dotNetTips.Spargine.Extensions.BenchmarkTests,ArrayExtensions,50,"44,934.14 ns",236.079 ns,220.829 ns,57.018 ns,"44,398.93 ns","44,822.15 ns","45,026.82 ns","45,066.63 ns","45,182.22 ns","22,254.79",236.0793 ns,15.00,2.887,2.000,-1.0380,42,*,No,1173 B,0.1221,0.0000,0.0000,1600 B
'AddIfNotExists: Params',Job-CJSTKQ,False,True,Default,Default,Default,Default,Default,1111,Empty,RyuJit,X64,8c5e7fda-e8bf-4a96-9a85-a6e23a8c635c,.NET Core 5.0,False,True,False,True,Default,Default,False,False,True,Default,Default,Default,Default,Default,.NET Core 5.0,Default,1,Default,Default,Default,Default,Default,Default,Default,Default,16,Default,dotNetTips.Spargine.Extensions.BenchmarkTests,ArrayExtensions,100,"45,872.06 ns",425.630 ns,398.134 ns,102.798 ns,"45,175.95 ns","45,595.39 ns","45,814.00 ns","46,197.31 ns","46,517.74 ns","21,799.76",425.6298 ns,15.00,1.712,2.000,-0.0931,43,*,No,1173 B,0.1831,0.0000,0.0000,2000 B
'AddIfNotExists: Params',Job-CJSTKQ,False,True,Default,Default,Default,Default,Default,1111,Empty,RyuJit,X64,8c5e7fda-e8bf-4a96-9a85-a6e23a8c635c,.NET Core 5.0,False,True,False,True,Default,Default,False,False,True,Default,Default,Default,Default,Default,.NET Core 5.0,Default,1,Default,Default,Default,Default,Default,Default,Default,Default,16,Default,dotNetTips.Spargine.Extensions.BenchmarkTests,ArrayExtensions,250,"48,661.56 ns",315.452 ns,295.074 ns,76.188 ns,"48,143.34 ns","48,480.62 ns","48,690.24 ns","48,859.02 ns","49,156.13 ns","20,550.10",315.4521 ns,15.00,1.864,2.000,-0.1195,44,*,No,1173 B,0.3052,0.0000,0.0000,3200 B
'AddIfNotExists: Params',Job-CJSTKQ,False,True,Default,Default,Default,Default,Default,1111,Empty,RyuJit,X64,8c5e7fda-e8bf-4a96-9a85-a6e23a8c635c,.NET Core 5.0,False,True,False,True,Default,Default,False,False,True,Default,Default,Default,Default,Default,.NET Core 5.0,Default,1,Default,Default,Default,Default,Default,Default,Default,Default,16,Default,dotNetTips.Spargine.Extensions.BenchmarkTests,ArrayExtensions,500,"58,222.41 ns",484.114 ns,429.154 ns,114.696 ns,"57,469.42 ns","58,065.31 ns","58,224.39 ns","58,432.70 ns","58,961.52 ns","17,175.52",484.1139 ns,14.00,2.056,2.000,0.0267,47,*,No,1173 B,0.5493,0.0000,0.0000,5200 B
'AddIfNotExists: Params',Job-CJSTKQ,False,True,Default,Default,Default,Default,Default,1111,Empty,RyuJit,X64,8c5e7fda-e8bf-4a96-9a85-a6e23a8c635c,.NET Core 5.0,False,True,False,True,Default,Default,False,False,True,Default,Default,Default,Default,Default,.NET Core 5.0,Default,1,Default,Default,Default,Default,Default,Default,Default,Default,16,Default,dotNetTips.Spargine.Extensions.BenchmarkTests,ArrayExtensions,1000,"69,228.01 ns",400.533 ns,374.659 ns,96.736 ns,"68,709.69 ns","68,905.88 ns","69,130.94 ns","69,407.11 ns","69,941.87 ns","14,445.02",400.5329 ns,15.00,1.917,2.000,0.4745,49,*,No,1173 B,0.9766,0.0000,0.0000,9200 B
'Clone: Array-CoordinateProper',Job-CJSTKQ,False,True,Default,Default,Default,Default,Default,1111,Empty,RyuJit,X64,8c5e7fda-e8bf-4a96-9a85-a6e23a8c635c,.NET Core 5.0,False,True,False,True,Default,Default,False,False,True,Default,Default,Default,Default,Default,.NET Core 5.0,Default,1,Default,Default,Default,Default,Default,Default,Default,Default,16,Default,dotNetTips.Spargine.Extensions.BenchmarkTests,ArrayExtensions,10,92.44 ns,0.108 ns,0.101 ns,0.026 ns,92.28 ns,92.39 ns,92.42 ns,92.53 ns,92.59 ns,"10,818,025.79",0.1082 ns,15.00,1.720,2.000,-0.1414,8,*,No,167 B,0.0122,0.0000,0.0000,104 B
'Clone: Array-CoordinateProper',Job-CJSTKQ,False,True,Default,Default,Default,Default,Default,1111,Empty,RyuJit,X64,8c5e7fda-e8bf-4a96-9a85-a6e23a8c635c,.NET Core 5.0,False,True,False,True,Default,Default,False,False,True,Default,Default,Default,Default,Default,.NET Core 5.0,Default,1,Default,Default,Default,Default,Default,Default,Default,Default,16,Default,dotNetTips.Spargine.Extensions.BenchmarkTests,ArrayExtensions,25,102.03 ns,0.275 ns,0.230 ns,0.064 ns,101.72 ns,101.81 ns,102.09 ns,102.16 ns,102.49 ns,"9,800,965.50",0.2751 ns,13.00,1.957,2.000,0.2000,9,*,No,167 B,0.0261,0.0000,0.0000,224 B
'Clone: Array-CoordinateProper',Job-CJSTKQ,False,True,Default,Default,Default,Default,Default,1111,Empty,RyuJit,X64,8c5e7fda-e8bf-4a96-9a85-a6e23a8c635c,.NET Core 5.0,False,True,False,True,Default,Default,False,False,True,Default,Default,Default,Default,Default,.NET Core 5.0,Default,1,Default,Default,Default,Default,Default,Default,Default,Default,16,Default,dotNetTips.Spargine.Extensions.BenchmarkTests,ArrayExtensions,50,112.81 ns,0.182 ns,0.152 ns,0.042 ns,112.59 ns,112.69 ns,112.81 ns,112.92 ns,113.12 ns,"8,864,087.25",0.1823 ns,13.00,2.013,2.000,0.2499,11,*,No,167 B,0.0494,0.0000,0.0000,424 B
'Clone: Array-CoordinateProper',Job-CJSTKQ,False,True,Default,Default,Default,Default,Default,1111,Empty,RyuJit,X64,8c5e7fda-e8bf-4a96-9a85-a6e23a8c635c,.NET Core 5.0,False,True,False,True,Default,Default,False,False,True,Default,Default,Default,Default,Default,.NET Core 5.0,Default,1,Default,Default,Default,Default,Default,Default,Default,Default,16,Default,dotNetTips.Spargine.Extensions.BenchmarkTests,ArrayExtensions,100,135.91 ns,0.556 ns,0.493 ns,0.132 ns,134.64 ns,135.85 ns,135.92 ns,136.20 ns,136.44 ns,"7,357,853.27",0.5565 ns,14.00,3.775,2.000,-1.2142,14,*,No,167 B,0.0949,0.0000,0.0000,824 B
'Clone: Array-CoordinateProper',Job-CJSTKQ,False,True,Default,Default,Default,Default,Default,1111,Empty,RyuJit,X64,8c5e7fda-e8bf-4a96-9a85-a6e23a8c635c,.NET Core 5.0,False,True,False,True,Default,Default,False,False,True,Default,Default,Default,Default,Default,.NET Core 5.0,Default,1,Default,Default,Default,Default,Default,Default,Default,Default,16,Default,dotNetTips.Spargine.Extensions.BenchmarkTests,ArrayExtensions,250,233.91 ns,3.906 ns,3.653 ns,0.943 ns,221.82 ns,233.58 ns,234.34 ns,235.91 ns,236.91 ns,"4,275,190.03",3.9056 ns,15.00,8.094,2.000,-2.2904,21,*,No,167 B,0.2260,0.0005,0.0000,2024 B
'Clone: Array-CoordinateProper',Job-CJSTKQ,False,True,Default,Default,Default,Default,Default,1111,Empty,RyuJit,X64,8c5e7fda-e8bf-4a96-9a85-a6e23a8c635c,.NET Core 5.0,False,True,False,True,Default,Default,False,False,True,Default,Default,Default,Default,Default,.NET Core 5.0,Default,1,Default,Default,Default,Default,Default,Default,Default,Default,16,Default,dotNetTips.Spargine.Extensions.BenchmarkTests,ArrayExtensions,500,338.63 ns,2.096 ns,1.858 ns,0.497 ns,334.83 ns,337.55 ns,338.88 ns,340.01 ns,341.04 ns,"2,953,083.04",2.0963 ns,14.00,1.984,2.000,-0.5057,22,*,No,167 B,0.4287,0.0024,0.0000,4024 B
'Clone: Array-CoordinateProper',Job-CJSTKQ,False,True,Default,Default,Default,Default,Default,1111,Empty,RyuJit,X64,8c5e7fda-e8bf-4a96-9a85-a6e23a8c635c,.NET Core 5.0,False,True,False,True,Default,Default,False,False,True,Default,Default,Default,Default,Default,.NET Core 5.0,Default,1,Default,Default,Default,Default,Default,Default,Default,Default,16,Default,dotNetTips.Spargine.Extensions.BenchmarkTests,ArrayExtensions,1000,552.75 ns,5.268 ns,4.928 ns,1.272 ns,544.22 ns,548.23 ns,553.23 ns,557.00 ns,559.15 ns,"1,809,140.56",5.2681 ns,15.00,1.357,2.000,-0.1942,24,*,No,167 B,0.8717,0.0124,0.0000,8024 B
'Clone: Array-PersonProper',Job-CJSTKQ,False,True,Default,Default,Default,Default,Default,1111,Empty,RyuJit,X64,8c5e7fda-e8bf-4a96-9a85-a6e23a8c635c,.NET Core 5.0,False,True,False,True,Default,Default,False,False,True,Default,Default,Default,Default,Default,.NET Core 5.0,Default,1,Default,Default,Default,Default,Default,Default,Default,Default,16,Default,dotNetTips.Spargine.Extensions.BenchmarkTests,ArrayExtensions,10,51.83 ns,0.071 ns,0.055 ns,0.016 ns,51.73 ns,51.79 ns,51.84 ns,51.87 ns,51.92 ns,"19,292,975.65",0.0709 ns,12.00,1.785,2.000,-0.1377,1,*,No,167 B,0.0115,0.0000,0.0000,104 B
'Clone: Array-PersonProper',Job-CJSTKQ,False,True,Default,Default,Default,Default,Default,1111,Empty,RyuJit,X64,8c5e7fda-e8bf-4a96-9a85-a6e23a8c635c,.NET Core 5.0,False,True,False,True,Default,Default,False,False,True,Default,Default,Default,Default,Default,.NET Core 5.0,Default,1,Default,Default,Default,Default,Default,Default,Default,Default,16,Default,dotNetTips.Spargine.Extensions.BenchmarkTests,ArrayExtensions,25,65.61 ns,0.656 ns,0.582 ns,0.155 ns,63.97 ns,65.50 ns,65.65 ns,65.85 ns,66.40 ns,"15,242,689.58",0.6560 ns,14.00,4.932,2.000,-1.2916,4,*,No,167 B,0.0248,0.0000,0.0000,224 B
'Clone: Array-PersonProper',Job-CJSTKQ,False,True,Default,Default,Default,Default,Default,1111,Empty,RyuJit,X64,8c5e7fda-e8bf-4a96-9a85-a6e23a8c635c,.NET Core 5.0,False,True,False,True,Default,Default,False,False,True,Default,Default,Default,Default,Default,.NET Core 5.0,Default,1,Default,Default,Default,Default,Default,Default,Default,Default,16,Default,dotNetTips.Spargine.Extensions.BenchmarkTests,ArrayExtensions,50,85.45 ns,0.921 ns,0.816 ns,0.218 ns,83.05 ns,85.20 ns,85.55 ns,85.97 ns,86.29 ns,"11,702,373.31",0.9209 ns,14.00,5.553,2.000,-1.6052,7,*,No,167 B,0.0474,0.0000,0.0000,424 B
'Clone: Array-PersonProper',Job-CJSTKQ,False,True,Default,Default,Default,Default,Default,1111,Empty,RyuJit,X64,8c5e7fda-e8bf-4a96-9a85-a6e23a8c635c,.NET Core 5.0,False,True,False,True,Default,Default,False,False,True,Default,Default,Default,Default,Default,.NET Core 5.0,Default,1,Default,Default,Default,Default,Default,Default,Default,Default,16,Default,dotNetTips.Spargine.Extensions.BenchmarkTests,ArrayExtensions,100,122.15 ns,0.597 ns,0.498 ns,0.138 ns,120.82 ns,121.83 ns,122.39 ns,122.46 ns,122.51 ns,"8,186,771.95",0.5969 ns,13.00,4.090,2.000,-1.4468,13,*,No,167 B,0.0904,0.0000,0.0000,824 B
'Clone: Array-PersonProper',Job-CJSTKQ,False,True,Default,Default,Default,Default,Default,1111,Empty,RyuJit,X64,8c5e7fda-e8bf-4a96-9a85-a6e23a8c635c,.NET Core 5.0,False,True,False,True,Default,Default,False,False,True,Default,Default,Default,Default,Default,.NET Core 5.0,Default,1,Default,Default,Default,Default,Default,Default,Default,Default,16,Default,dotNetTips.Spargine.Extensions.BenchmarkTests,ArrayExtensions,250,229.67 ns,1.737 ns,1.540 ns,0.412 ns,225.76 ns,229.64 ns,230.20 ns,230.60 ns,231.02 ns,"4,354,101.94",1.7373 ns,14.00,3.901,2.000,-1.4726,20,*,No,167 B,0.2258,0.0002,0.0000,2024 B
'Clone: Array-PersonProper',Job-CJSTKQ,False,True,Default,Default,Default,Default,Default,1111,Empty,RyuJit,X64,8c5e7fda-e8bf-4a96-9a85-a6e23a8c635c,.NET Core 5.0,False,True,False,True,Default,Default,False,False,True,Default,Default,Default,Default,Default,.NET Core 5.0,Default,1,Default,Default,Default,Default,Default,Default,Default,Default,16,Default,dotNetTips.Spargine.Extensions.BenchmarkTests,ArrayExtensions,500,425.16 ns,3.643 ns,3.408 ns,0.880 ns,416.68 ns,423.96 ns,426.76 ns,427.33 ns,428.87 ns,"2,352,034.64",3.6428 ns,15.00,3.268,2.000,-1.1700,23,*,No,167 B,0.4463,0.0000,0.0000,4024 B
'Clone: Array-PersonProper',Job-CJSTKQ,False,True,Default,Default,Default,Default,Default,1111,Empty,RyuJit,X64,8c5e7fda-e8bf-4a96-9a85-a6e23a8c635c,.NET Core 5.0,False,True,False,True,Default,Default,False,False,True,Default,Default,Default,Default,Default,.NET Core 5.0,Default,1,Default,Default,Default,Default,Default,Default,Default,Default,16,Default,dotNetTips.Spargine.Extensions.BenchmarkTests,ArrayExtensions,1000,809.23 ns,11.101 ns,10.383 ns,2.681 ns,794.81 ns,800.37 ns,808.13 ns,816.94 ns,830.02 ns,"1,235,750.20",11.1005 ns,15.00,1.877,2.000,0.3624,27,*,No,167 B,0.8869,0.0000,0.0000,8024 B
'Clone: Array-PersonRecord',Job-CJSTKQ,False,True,Default,Default,Default,Default,Default,1111,Empty,RyuJit,X64,8c5e7fda-e8bf-4a96-9a85-a6e23a8c635c,.NET Core 5.0,False,True,False,True,Default,Default,False,False,True,Default,Default,Default,Default,Default,.NET Core 5.0,Default,1,Default,Default,Default,Default,Default,Default,Default,Default,16,Default,dotNetTips.Spargine.Extensions.BenchmarkTests,ArrayExtensions,10,51.84 ns,0.284 ns,0.266 ns,0.069 ns,51.57 ns,51.61 ns,51.76 ns,52.08 ns,52.36 ns,"19,288,722.35",0.2844 ns,15.00,1.756,2.000,0.6429,1,*,No,167 B,0.0114,0.0000,0.0000,104 B
'Clone: Array-PersonRecord',Job-CJSTKQ,False,True,Default,Default,Default,Default,Default,1111,Empty,RyuJit,X64,8c5e7fda-e8bf-4a96-9a85-a6e23a8c635c,.NET Core 5.0,False,True,False,True,Default,Default,False,False,True,Default,Default,Default,Default,Default,.NET Core 5.0,Default,1,Default,Default,Default,Default,Default,Default,Default,Default,16,Default,dotNetTips.Spargine.Extensions.BenchmarkTests,ArrayExtensions,25,67.15 ns,0.514 ns,0.481 ns,0.124 ns,66.12 ns,66.87 ns,67.08 ns,67.39 ns,68.04 ns,"14,891,538.77",0.5141 ns,15.00,2.635,2.000,-0.0671,5,*,No,167 B,0.0248,0.0000,0.0000,224 B
'Clone: Array-PersonRecord',Job-CJSTKQ,False,True,Default,Default,Default,Default,Default,1111,Empty,RyuJit,X64,8c5e7fda-e8bf-4a96-9a85-a6e23a8c635c,.NET Core 5.0,False,True,False,True,Default,Default,False,False,True,Default,Default,Default,Default,Default,.NET Core 5.0,Default,1,Default,Default,Default,Default,Default,Default,Default,Default,16,Default,dotNetTips.Spargine.Extensions.BenchmarkTests,ArrayExtensions,50,86.44 ns,0.656 ns,0.581 ns,0.155 ns,85.46 ns,86.03 ns,86.34 ns,86.91 ns,87.39 ns,"11,569,355.44",0.6556 ns,14.00,1.661,2.000,0.0693,7,*,No,167 B,0.0465,0.0000,0.0000,424 B
'Clone: Array-PersonRecord',Job-CJSTKQ,False,True,Default,Default,Default,Default,Default,1111,Empty,RyuJit,X64,8c5e7fda-e8bf-4a96-9a85-a6e23a8c635c,.NET Core 5.0,False,True,False,True,Default,Default,False,False,True,Default,Default,Default,Default,Default,.NET Core 5.0,Default,1,Default,Default,Default,Default,Default,Default,Default,Default,16,Default,dotNetTips.Spargine.Extensions.BenchmarkTests,ArrayExtensions,100,121.38 ns,0.918 ns,0.814 ns,0.217 ns,119.78 ns,120.85 ns,121.43 ns,121.72 ns,122.94 ns,"8,238,342.40",0.9180 ns,14.00,2.566,2.000,0.1362,13,*,No,167 B,0.0908,0.0000,0.0000,824 B
'Clone: Array-PersonRecord',Job-CJSTKQ,False,True,Default,Default,Default,Default,Default,1111,Empty,RyuJit,X64,8c5e7fda-e8bf-4a96-9a85-a6e23a8c635c,.NET Core 5.0,False,True,False,True,Default,Default,False,False,True,Default,Default,Default,Default,Default,.NET Core 5.0,Default,1,Default,Default,Default,Default,Default,Default,Default,Default,16,Default,dotNetTips.Spargine.Extensions.BenchmarkTests,ArrayExtensions,250,227.46 ns,2.026 ns,1.895 ns,0.489 ns,223.65 ns,225.79 ns,228.03 ns,229.05 ns,229.64 ns,"4,396,316.75",2.0257 ns,15.00,1.801,2.000,-0.4750,20,*,No,167 B,0.2258,0.0002,0.0000,2024 B
'Clone: Array-PersonRecord',Job-CJSTKQ,False,True,Default,Default,Default,Default,Default,1111,Empty,RyuJit,X64,8c5e7fda-e8bf-4a96-9a85-a6e23a8c635c,.NET Core 5.0,False,True,False,True,Default,Default,False,False,True,Default,Default,Default,Default,Default,.NET Core 5.0,Default,1,Default,Default,Default,Default,Default,Default,Default,Default,16,Default,dotNetTips.Spargine.Extensions.BenchmarkTests,ArrayExtensions,500,423.80 ns,2.561 ns,2.396 ns,0.619 ns,418.90 ns,422.35 ns,424.22 ns,425.38 ns,428.00 ns,"2,359,623.26",2.5610 ns,15.00,2.373,2.000,-0.3934,23,*,No,167 B,0.4511,0.0033,0.0000,4024 B
'Clone: Array-PersonRecord',Job-CJSTKQ,False,True,Default,Default,Default,Default,Default,1111,Empty,RyuJit,X64,8c5e7fda-e8bf-4a96-9a85-a6e23a8c635c,.NET Core 5.0,False,True,False,True,Default,Default,False,False,True,Default,Default,Default,Default,Default,.NET Core 5.0,Default,1,Default,Default,Default,Default,Default,Default,Default,Default,16,Default,dotNetTips.Spargine.Extensions.BenchmarkTests,ArrayExtensions,1000,817.00 ns,7.753 ns,6.873 ns,1.837 ns,806.69 ns,811.65 ns,816.56 ns,821.83 ns,831.80 ns,"1,223,986.94",7.7531 ns,14.00,2.269,2.000,0.3860,27,*,No,167 B,0.8812,0.0000,0.0000,8024 B
AddFirst,Job-CJSTKQ,False,True,Default,Default,Default,Default,Default,1111,Empty,RyuJit,X64,8c5e7fda-e8bf-4a96-9a85-a6e23a8c635c,.NET Core 5.0,False,True,False,True,Default,Default,False,False,True,Default,Default,Default,Default,Default,.NET Core 5.0,Default,1,Default,Default,Default,Default,Default,Default,Default,Default,16,Default,dotNetTips.Spargine.Extensions.BenchmarkTests,ArrayExtensions,10,"75,733.98 ns",127.901 ns,113.381 ns,30.302 ns,"75,544.81 ns","75,653.18 ns","75,720.50 ns","75,821.64 ns","75,929.80 ns","13,204.11",127.9007 ns,14.00,1.790,2.000,0.0697,50,*,No,559 B,2.5635,0.0000,0.0000,24855 B
AddFirst,Job-CJSTKQ,False,True,Default,Default,Default,Default,Default,1111,Empty,RyuJit,X64,8c5e7fda-e8bf-4a96-9a85-a6e23a8c635c,.NET Core 5.0,False,True,False,True,Default,Default,False,False,True,Default,Default,Default,Default,Default,.NET Core 5.0,Default,1,Default,Default,Default,Default,Default,Default,Default,Default,16,Default,dotNetTips.Spargine.Extensions.BenchmarkTests,ArrayExtensions,25,"206,773.56 ns","1,494.910 ns","1,325.199 ns",354.174 ns,"203,056.05 ns","206,286.62 ns","206,920.87 ns","207,442.07 ns","208,666.26 ns","4,836.21","1,494.9103 ns",14.00,4.838,2.000,-1.2972,53,*,No,559 B,6.5918,0.2441,0.0000,60871 B
AddFirst,Job-CJSTKQ,False,True,Default,Default,Default,Default,Default,1111,Empty,RyuJit,X64,8c5e7fda-e8bf-4a96-9a85-a6e23a8c635c,.NET Core 5.0,False,True,False,True,Default,Default,False,False,True,Default,Default,Default,Default,Default,.NET Core 5.0,Default,1,Default,Default,Default,Default,Default,Default,Default,Default,16,Default,dotNetTips.Spargine.Extensions.BenchmarkTests,ArrayExtensions,50,"413,488.65 ns","1,613.437 ns","1,509.210 ns",389.676 ns,"410,909.96 ns","412,404.47 ns","413,247.51 ns","414,156.93 ns","416,415.97 ns","2,418.45","1,613.4373 ns",15.00,2.232,2.000,0.3946,55,*,No,559 B,13.1836,1.9531,0.0000,120246 B
AddFirst,Job-CJSTKQ,False,True,Default,Default,Default,Default,Default,1111,Empty,RyuJit,X64,8c5e7fda-e8bf-4a96-9a85-a6e23a8c635c,.NET Core 5.0,False,True,False,True,Default,Default,False,False,True,Default,Default,Default,Default,Default,.NET Core 5.0,Default,1,Default,Default,Default,Default,Default,Default,Default,Default,16,Default,dotNetTips.Spargine.Extensions.BenchmarkTests,ArrayExtensions,100,"911,980.23 ns","17,868.325 ns","33,561.045 ns","5,059.518 ns","843,416.70 ns","889,929.74 ns","909,516.26 ns","933,228.52 ns","991,852.25 ns","1,096.51","17,868.3245 ns",44.00,2.414,2.000,0.1755,57,*,No,559 B,25.3906,23.4375,15.6250,239510 B
AddFirst,Job-CJSTKQ,False,True,Default,Default,Default,Default,Default,1111,Empty,RyuJit,X64,8c5e7fda-e8bf-4a96-9a85-a6e23a8c635c,.NET Core 5.0,False,True,False,True,Default,Default,False,False,True,Default,Default,Default,Default,Default,.NET Core 5.0,Default,1,Default,Default,Default,Default,Default,Default,Default,Default,16,Default,dotNetTips.Spargine.Extensions.BenchmarkTests,ArrayExtensions,250,"2,195,359.30 ns","40,497.994 ns","37,881.849 ns","9,781.051 ns","2,133,526.17 ns","2,170,241.99 ns","2,199,532.81 ns","2,210,407.42 ns","2,266,596.88 ns",455.51,"40,497.9943 ns",15.00,2.231,2.000,0.2516,59,*,No,559 B,62.5000,58.5938,35.1563,595927 B
AddFirst,Job-CJSTKQ,False,True,Default,Default,Default,Default,Default,1111,Empty,RyuJit,X64,8c5e7fda-e8bf-4a96-9a85-a6e23a8c635c,.NET Core 5.0,False,True,False,True,Default,Default,False,False,True,Default,Default,Default,Default,Default,.NET Core 5.0,Default,1,Default,Default,Default,Default,Default,Default,Default,Default,16,Default,dotNetTips.Spargine.Extensions.BenchmarkTests,ArrayExtensions,500,"4,465,986.58 ns","88,802.594 ns","91,193.726 ns","22,117.727 ns","4,277,001.56 ns","4,420,424.22 ns","4,457,050.00 ns","4,510,582.03 ns","4,626,739.84 ns",223.91,"88,802.5944 ns",17.00,2.520,2.000,0.0566,61,*,No,559 B,125.0000,117.1875,93.7500,1546349 B
AddFirst,Job-CJSTKQ,False,True,Default,Default,Default,Default,Default,1111,Empty,RyuJit,X64,8c5e7fda-e8bf-4a96-9a85-a6e23a8c635c,.NET Core 5.0,False,True,False,True,Default,Default,False,False,True,Default,Default,Default,Default,Default,.NET Core 5.0,Default,1,Default,Default,Default,Default,Default,Default,Default,Default,16,Default,dotNetTips.Spargine.Extensions.BenchmarkTests,ArrayExtensions,1000,"8,944,609.25 ns","78,208.286 ns","65,307.461 ns","18,113.031 ns","8,785,760.94 ns","8,946,245.31 ns","8,958,495.31 ns","8,973,928.12 ns","9,010,612.50 ns",111.80,"78,208.2862 ns",13.00,3.495,2.000,-1.2818,63,*,No,559 B,187.5000,171.8750,156.2500,3097497 B
AddLast,Job-CJSTKQ,False,True,Default,Default,Default,Default,Default,1111,Empty,RyuJit,X64,8c5e7fda-e8bf-4a96-9a85-a6e23a8c635c,.NET Core 5.0,False,True,False,True,Default,Default,False,False,True,Default,Default,Default,Default,Default,.NET Core 5.0,Default,1,Default,Default,Default,Default,Default,Default,Default,Default,16,Default,dotNetTips.Spargine.Extensions.BenchmarkTests,ArrayExtensions,10,58.21 ns,0.216 ns,0.192 ns,0.051 ns,57.83 ns,58.04 ns,58.28 ns,58.31 ns,58.47 ns,"17,178,925.04",0.2161 ns,14.00,1.887,2.000,-0.4095,2,*,No,394 B,0.0237,0.0000,0.0000,216 B
AddLast,Job-CJSTKQ,False,True,Default,Default,Default,Default,Default,1111,Empty,RyuJit,X64,8c5e7fda-e8bf-4a96-9a85-a6e23a8c635c,.NET Core 5.0,False,True,False,True,Default,Default,False,False,True,Default,Default,Default,Default,Default,.NET Core 5.0,Default,1,Default,Default,Default,Default,Default,Default,Default,Default,16,Default,dotNetTips.Spargine.Extensions.BenchmarkTests,ArrayExtensions,25,83.51 ns,1.703 ns,1.893 ns,0.434 ns,78.80 ns,83.33 ns,83.91 ns,84.92 ns,85.52 ns,"11,974,333.16",1.7032 ns,19.00,3.124,2.000,-1.1055,6,*,No,394 B,0.0504,0.0000,0.0000,456 B
AddLast,Job-CJSTKQ,False,True,Default,Default,Default,Default,Default,1111,Empty,RyuJit,X64,8c5e7fda-e8bf-4a96-9a85-a6e23a8c635c,.NET Core 5.0,False,True,False,True,Default,Default,False,False,True,Default,Default,Default,Default,Default,.NET Core 5.0,Default,1,Default,Default,Default,Default,Default,Default,Default,Default,16,Default,dotNetTips.Spargine.Extensions.BenchmarkTests,ArrayExtensions,50,122.28 ns,1.521 ns,1.270 ns,0.352 ns,120.36 ns,121.88 ns,122.04 ns,122.44 ns,125.30 ns,"8,177,712.84",1.5211 ns,13.00,3.393,2.000,0.9698,13,*,No,394 B,0.0944,0.0000,0.0000,856 B
AddLast,Job-CJSTKQ,False,True,Default,Default,Default,Default,Default,1111,Empty,RyuJit,X64,8c5e7fda-e8bf-4a96-9a85-a6e23a8c635c,.NET Core 5.0,False,True,False,True,Default,Default,False,False,True,Default,Default,Default,Default,Default,.NET Core 5.0,Default,1,Default,Default,Default,Default,Default,Default,Default,Default,16,Default,dotNetTips.Spargine.Extensions.BenchmarkTests,ArrayExtensions,100,198.07 ns,0.646 ns,0.573 ns,0.153 ns,197.16 ns,197.67 ns,198.00 ns,198.47 ns,199.21 ns,"5,048,650.74",0.6460 ns,14.00,1.950,2.000,0.1962,17,*,No,394 B,0.1838,0.0002,0.0000,1656 B
AddLast,Job-CJSTKQ,False,True,Default,Default,Default,Default,Default,1111,Empty,RyuJit,X64,8c5e7fda-e8bf-4a96-9a85-a6e23a8c635c,.NET Core 5.0,False,True,False,True,Default,Default,False,False,True,Default,Default,Default,Default,Default,.NET Core 5.0,Default,1,Default,Default,Default,Default,Default,Default,Default,Default,16,Default,dotNetTips.Spargine.Extensions.BenchmarkTests,ArrayExtensions,250,427.07 ns,4.804 ns,4.494 ns,1.160 ns,418.08 ns,423.86 ns,426.96 ns,431.13 ns,434.66 ns,"2,341,512.34",4.8044 ns,15.00,2.043,2.000,-0.0719,23,*,No,394 B,0.4482,0.0000,0.0000,4056 B
AddLast,Job-CJSTKQ,False,True,Default,Default,Default,Default,Default,1111,Empty,RyuJit,X64,8c5e7fda-e8bf-4a96-9a85-a6e23a8c635c,.NET Core 5.0,False,True,False,True,Default,Default,False,False,True,Default,Default,Default,Default,Default,.NET Core 5.0,Default,1,Default,Default,Default,Default,Default,Default,Default,Default,16,Default,dotNetTips.Spargine.Extensions.BenchmarkTests,ArrayExtensions,500,833.14 ns,3.338 ns,2.959 ns,0.791 ns,828.91 ns,830.68 ns,833.33 ns,834.44 ns,838.53 ns,"1,200,284.10",3.3380 ns,14.00,1.987,2.000,0.2426,27,*,No,394 B,0.8850,0.0000,0.0000,8056 B
AddLast,Job-CJSTKQ,False,True,Default,Default,Default,Default,Default,1111,Empty,RyuJit,X64,8c5e7fda-e8bf-4a96-9a85-a6e23a8c635c,.NET Core 5.0,False,True,False,True,Default,Default,False,False,True,Default,Default,Default,Default,Default,.NET Core 5.0,Default,1,Default,Default,Default,Default,Default,Default,Default,Default,16,Default,dotNetTips.Spargine.Extensions.BenchmarkTests,ArrayExtensions,1000,"1,678.63 ns",18.414 ns,17.225 ns,4.447 ns,"1,650.49 ns","1,666.14 ns","1,679.16 ns","1,685.13 ns","1,707.24 ns","595,722.62",18.4142 ns,15.00,1.929,2.000,0.1225,31,*,No,394 B,1.7834,0.0000,0.0000,16056 B
AreEqual,Job-CJSTKQ,False,True,Default,Default,Default,Default,Default,1111,Empty,RyuJit,X64,8c5e7fda-e8bf-4a96-9a85-a6e23a8c635c,.NET Core 5.0,False,True,False,True,Default,Default,False,False,True,Default,Default,Default,Default,Default,.NET Core 5.0,Default,1,Default,Default,Default,Default,Default,Default,Default,Default,16,Default,dotNetTips.Spargine.Extensions.BenchmarkTests,ArrayExtensions,10,107.45 ns,0.370 ns,0.328 ns,0.088 ns,106.90 ns,107.19 ns,107.41 ns,107.70 ns,107.96 ns,"9,306,319.82",0.3704 ns,14.00,1.559,2.000,0.0389,10,*,No,693 B,0.0230,0.0000,0.0000,208 B
AreEqual,Job-CJSTKQ,False,True,Default,Default,Default,Default,Default,1111,Empty,RyuJit,X64,8c5e7fda-e8bf-4a96-9a85-a6e23a8c635c,.NET Core 5.0,False,True,False,True,Default,Default,False,False,True,Default,Default,Default,Default,Default,.NET Core 5.0,Default,1,Default,Default,Default,Default,Default,Default,Default,Default,16,Default,dotNetTips.Spargine.Extensions.BenchmarkTests,ArrayExtensions,25,192.64 ns,0.899 ns,0.797 ns,0.213 ns,191.33 ns,191.99 ns,192.62 ns,193.35 ns,193.83 ns,"5,191,124.67",0.8989 ns,14.00,1.522,2.000,-0.0105,16,*,No,693 B,0.0494,0.0000,0.0000,448 B
AreEqual,Job-CJSTKQ,False,True,Default,Default,Default,Default,Default,1111,Empty,RyuJit,X64,8c5e7fda-e8bf-4a96-9a85-a6e23a8c635c,.NET Core 5.0,False,True,False,True,Default,Default,False,False,True,Default,Default,Default,Default,Default,.NET Core 5.0,Default,1,Default,Default,Default,Default,Default,Default,Default,Default,16,Default,dotNetTips.Spargine.Extensions.BenchmarkTests,ArrayExtensions,50,335.34 ns,2.695 ns,2.521 ns,0.651 ns,331.41 ns,332.97 ns,336.90 ns,337.32 ns,338.74 ns,"2,982,066.16",2.6952 ns,15.00,1.253,2.000,-0.2931,22,*,No,693 B,0.0925,0.0000,0.0000,848 B
AreEqual,Job-CJSTKQ,False,True,Default,Default,Default,Default,Default,1111,Empty,RyuJit,X64,8c5e7fda-e8bf-4a96-9a85-a6e23a8c635c,.NET Core 5.0,False,True,False,True,Default,Default,False,False,True,Default,Default,Default,Default,Default,.NET Core 5.0,Default,1,Default,Default,Default,Default,Default,Default,Default,Default,16,Default,dotNetTips.Spargine.Extensions.BenchmarkTests,ArrayExtensions,100,590.67 ns,4.297 ns,4.019 ns,1.038 ns,582.15 ns,587.69 ns,590.34 ns,593.82 ns,596.76 ns,"1,692,985.31",4.2967 ns,15.00,2.143,2.000,-0.3099,25,*,No,693 B,0.1812,0.0000,0.0000,1648 B
AreEqual,Job-CJSTKQ,False,True,Default,Default,Default,Default,Default,1111,Empty,RyuJit,X64,8c5e7fda-e8bf-4a96-9a85-a6e23a8c635c,.NET Core 5.0,False,True,False,True,Default,Default,False,False,True,Default,Default,Default,Default,Default,.NET Core 5.0,Default,1,Default,Default,Default,Default,Default,Default,Default,Default,16,Default,dotNetTips.Spargine.Extensions.BenchmarkTests,ArrayExtensions,250,"1,445.35 ns",12.723 ns,10.624 ns,2.947 ns,"1,421.32 ns","1,437.10 ns","1,448.43 ns","1,452.57 ns","1,460.73 ns","691,875.27",12.7231 ns,13.00,2.584,2.000,-0.6889,29,*,No,693 B,0.4501,0.0000,0.0000,4048 B
AreEqual,Job-CJSTKQ,False,True,Default,Default,Default,Default,Default,1111,Empty,RyuJit,X64,8c5e7fda-e8bf-4a96-9a85-a6e23a8c635c,.NET Core 5.0,False,True,False,True,Default,Default,False,False,True,Default,Default,Default,Default,Default,.NET Core 5.0,Default,1,Default,Default,Default,Default,Default,Default,Default,Default,16,Default,dotNetTips.Spargine.Extensions.BenchmarkTests,ArrayExtensions,500,"3,008.44 ns",8.160 ns,6.814 ns,1.890 ns,"2,994.79 ns","3,005.81 ns","3,009.23 ns","3,013.46 ns","3,021.23 ns","332,397.66",8.1597 ns,13.00,2.457,2.000,-0.1374,34,*,No,693 B,0.8965,0.0000,0.0000,8048 B
AreEqual,Job-CJSTKQ,False,True,Default,Default,Default,Default,Default,1111,Empty,RyuJit,X64,8c5e7fda-e8bf-4a96-9a85-a6e23a8c635c,.NET Core 5.0,False,True,False,True,Default,Default,False,False,True,Default,Default,Default,Default,Default,.NET Core 5.0,Default,1,Default,Default,Default,Default,Default,Default,Default,Default,16,Default,dotNetTips.Spargine.Extensions.BenchmarkTests,ArrayExtensions,1000,"6,183.58 ns",44.918 ns,42.016 ns,10.848 ns,"6,128.31 ns","6,144.04 ns","6,181.76 ns","6,218.41 ns","6,245.96 ns","161,718.71",44.9175 ns,15.00,1.286,2.000,0.0311,36,*,No,693 B,1.7853,0.0076,0.0000,16048 B
ArrayHashCode,Job-CJSTKQ,False,True,Default,Default,Default,Default,Default,1111,Empty,RyuJit,X64,8c5e7fda-e8bf-4a96-9a85-a6e23a8c635c,.NET Core 5.0,False,True,False,True,Default,Default,False,False,True,Default,Default,Default,Default,Default,.NET Core 5.0,Default,1,Default,Default,Default,Default,Default,Default,Default,Default,16,Default,dotNetTips.Spargine.Extensions.BenchmarkTests,ArrayExtensions,10,731.68 ns,1.386 ns,1.157 ns,0.321 ns,729.58 ns,731.29 ns,731.63 ns,731.90 ns,734.35 ns,"1,366,720.51",1.3857 ns,13.00,3.299,2.000,0.5635,26,*,No,820 B,0.0162,0.0000,0.0000,152 B
ArrayHashCode,Job-CJSTKQ,False,True,Default,Default,Default,Default,Default,1111,Empty,RyuJit,X64,8c5e7fda-e8bf-4a96-9a85-a6e23a8c635c,.NET Core 5.0,False,True,False,True,Default,Default,False,False,True,Default,Default,Default,Default,Default,.NET Core 5.0,Default,1,Default,Default,Default,Default,Default,Default,Default,Default,16,Default,dotNetTips.Spargine.Extensions.BenchmarkTests,ArrayExtensions,25,"1,805.23 ns",3.268 ns,3.056 ns,0.789 ns,"1,799.07 ns","1,803.40 ns","1,805.29 ns","1,806.97 ns","1,811.67 ns","553,945.90",3.2675 ns,15.00,2.705,2.000,0.0134,32,*,No,820 B,0.0286,0.0000,0.0000,272 B
ArrayHashCode,Job-CJSTKQ,False,True,Default,Default,Default,Default,Default,1111,Empty,RyuJit,X64,8c5e7fda-e8bf-4a96-9a85-a6e23a8c635c,.NET Core 5.0,False,True,False,True,Default,Default,False,False,True,Default,Default,Default,Default,Default,.NET Core 5.0,Default,1,Default,Default,Default,Default,Default,Default,Default,Default,16,Default,dotNetTips.Spargine.Extensions.BenchmarkTests,ArrayExtensions,50,"3,786.78 ns",9.048 ns,8.021 ns,2.144 ns,"3,774.18 ns","3,780.77 ns","3,786.39 ns","3,789.81 ns","3,806.45 ns","264,076.73",9.0480 ns,14.00,3.236,2.000,0.6983,35,*,No,820 B,0.0496,0.0000,0.0000,472 B
ArrayHashCode,Job-CJSTKQ,False,True,Default,Default,Default,Default,Default,1111,Empty,RyuJit,X64,8c5e7fda-e8bf-4a96-9a85-a6e23a8c635c,.NET Core 5.0,False,True,False,True,Default,Default,False,False,True,Default,Default,Default,Default,Default,.NET Core 5.0,Default,1,Default,Default,Default,Default,Default,Default,Default,Default,16,Default,dotNetTips.Spargine.Extensions.BenchmarkTests,ArrayExtensions,100,"7,291.84 ns",17.255 ns,15.296 ns,4.088 ns,"7,264.23 ns","7,284.81 ns","7,286.63 ns","7,305.55 ns","7,314.85 ns","137,139.65",17.2549 ns,14.00,1.643,2.000,-0.1242,37,*,No,820 B,0.0916,0.0000,0.0000,872 B
ArrayHashCode,Job-CJSTKQ,False,True,Default,Default,Default,Default,Default,1111,Empty,RyuJit,X64,8c5e7fda-e8bf-4a96-9a85-a6e23a8c635c,.NET Core 5.0,False,True,False,True,Default,Default,False,False,True,Default,Default,Default,Default,Default,.NET Core 5.0,Default,1,Default,Default,Default,Default,Default,Default,Default,Default,16,Default,dotNetTips.Spargine.Extensions.BenchmarkTests,ArrayExtensions,250,"18,874.30 ns",24.296 ns,20.288 ns,5.627 ns,"18,837.89 ns","18,862.87 ns","18,877.55 ns","18,888.48 ns","18,903.06 ns","52,982.11",24.2961 ns,13.00,1.878,2.000,-0.3584,38,*,No,820 B,0.2136,0.0000,0.0000,2072 B
ArrayHashCode,Job-CJSTKQ,False,True,Default,Default,Default,Default,Default,1111,Empty,RyuJit,X64,8c5e7fda-e8bf-4a96-9a85-a6e23a8c635c,.NET Core 5.0,False,True,False,True,Default,Default,False,False,True,Default,Default,Default,Default,Default,.NET Core 5.0,Default,1,Default,Default,Default,Default,Default,Default,Default,Default,16,Default,dotNetTips.Spargine.Extensions.BenchmarkTests,ArrayExtensions,500,"39,287.72 ns",763.255 ns,"1,142.404 ns",208.574 ns,"38,291.23 ns","38,445.61 ns","38,714.03 ns","39,837.66 ns","42,230.80 ns","25,453.24",763.2552 ns,30.00,3.512,2.000,1.2656,39,*,No,820 B,0.4272,0.0000,0.0000,4064 B
ArrayHashCode,Job-CJSTKQ,False,True,Default,Default,Default,Default,Default,1111,Empty,RyuJit,X64,8c5e7fda-e8bf-4a96-9a85-a6e23a8c635c,.NET Core 5.0,False,True,False,True,Default,Default,False,False,True,Default,Default,Default,Default,Default,.NET Core 5.0,Default,1,Default,Default,Default,Default,Default,Default,Default,Default,16,Default,dotNetTips.Spargine.Extensions.BenchmarkTests,ArrayExtensions,1000,"79,184.69 ns",874.133 ns,729.941 ns,202.449 ns,"78,009.67 ns","78,812.71 ns","79,106.19 ns","79,754.38 ns","80,213.82 ns","12,628.70",874.1335 ns,13.00,1.483,2.000,-0.1152,51,*,No,820 B,0.8545,0.0000,0.0000,8072 B
BytesToString,Job-CJSTKQ,False,True,Default,Default,Default,Default,Default,1111,Empty,RyuJit,X64,8c5e7fda-e8bf-4a96-9a85-a6e23a8c635c,.NET Core 5.0,False,True,False,True,Default,Default,False,False,True,Default,Default,Default,Default,Default,.NET Core 5.0,Default,1,Default,Default,Default,Default,Default,Default,Default,Default,16,Default,dotNetTips.Spargine.Extensions.BenchmarkTests,ArrayExtensions,10,"134,030.83 ns",351.188 ns,311.319 ns,83.203 ns,"133,480.57 ns","133,823.87 ns","134,020.50 ns","134,244.48 ns","134,510.60 ns","7,460.97",351.1876 ns,14.00,1.829,2.000,-0.0344,52,*,No,248 B,23.6816,1.7090,0.0000,217520 B
BytesToString,Job-CJSTKQ,False,True,Default,Default,Default,Default,Default,1111,Empty,RyuJit,X64,8c5e7fda-e8bf-4a96-9a85-a6e23a8c635c,.NET Core 5.0,False,True,False,True,Default,Default,False,False,True,Default,Default,Default,Default,Default,.NET Core 5.0,Default,1,Default,Default,Default,Default,Default,Default,Default,Default,16,Default,dotNetTips.Spargine.Extensions.BenchmarkTests,ArrayExtensions,25,"344,895.49 ns","2,519.406 ns","2,356.654 ns",608.485 ns,"340,922.17 ns","343,362.57 ns","345,103.03 ns","346,552.56 ns","348,575.34 ns","2,899.43","2,519.4058 ns",15.00,1.802,2.000,-0.1616,54,*,No,248 B,57.6172,8.7891,0.0000,507712 B
BytesToString,Job-CJSTKQ,False,True,Default,Default,Default,Default,Default,1111,Empty,RyuJit,X64,8c5e7fda-e8bf-4a96-9a85-a6e23a8c635c,.NET Core 5.0,False,True,False,True,Default,Default,False,False,True,Default,Default,Default,Default,Default,.NET Core 5.0,Default,1,Default,Default,Default,Default,Default,Default,Default,Default,16,Default,dotNetTips.Spargine.Extensions.BenchmarkTests,ArrayExtensions,50,"790,450.90 ns","14,837.821 ns","14,572.724 ns","3,643.181 ns","764,173.97 ns","778,393.95 ns","792,411.96 ns","800,603.64 ns","812,794.38 ns","1,265.10","14,837.8207 ns",16.00,1.799,2.000,-0.2705,56,*,No,248 B,109.3750,23.4375,9.7656,1035173 B
BytesToString,Job-CJSTKQ,False,True,Default,Default,Default,Default,Default,1111,Empty,RyuJit,X64,8c5e7fda-e8bf-4a96-9a85-a6e23a8c635c,.NET Core 5.0,False,True,False,True,Default,Default,False,False,True,Default,Default,Default,Default,Default,.NET Core 5.0,Default,1,Default,Default,Default,Default,Default,Default,Default,Default,16,Default,dotNetTips.Spargine.Extensions.BenchmarkTests,ArrayExtensions,100,"1,503,176.23 ns","16,177.200 ns","14,340.666 ns","3,832.704 ns","1,482,964.26 ns","1,493,113.77 ns","1,501,739.55 ns","1,505,734.13 ns","1,533,079.49 ns",665.26,"16,177.1997 ns",14.00,2.436,2.000,0.7196,58,*,No,248 B,212.8906,54.6875,19.5313,2053198 B
BytesToString,Job-CJSTKQ,False,True,Default,Default,Default,Default,Default,1111,Empty,RyuJit,X64,8c5e7fda-e8bf-4a96-9a85-a6e23a8c635c,.NET Core 5.0,False,True,False,True,Default,Default,False,False,True,Default,Default,Default,Default,Default,.NET Core 5.0,Default,1,Default,Default,Default,Default,Default,Default,Default,Default,16,Default,dotNetTips.Spargine.Extensions.BenchmarkTests,ArrayExtensions,250,"3,919,864.11 ns","77,443.144 ns","82,863.296 ns","19,531.066 ns","3,785,573.44 ns","3,861,618.95 ns","3,898,539.84 ns","3,989,889.65 ns","4,043,458.59 ns",255.11,"77,443.1438 ns",18.00,1.627,2.000,0.0137,60,*,No,248 B,539.0625,195.3125,46.8750,5123402 B
BytesToString,Job-CJSTKQ,False,True,Default,Default,Default,Default,Default,1111,Empty,RyuJit,X64,8c5e7fda-e8bf-4a96-9a85-a6e23a8c635c,.NET Core 5.0,False,True,False,True,Default,Default,False,False,True,Default,Default,Default,Default,Default,.NET Core 5.0,Default,1,Default,Default,Default,Default,Default,Default,Default,Default,16,Default,dotNetTips.Spargine.Extensions.BenchmarkTests,ArrayExtensions,500,"7,821,810.49 ns","153,603.542 ns","182,854.090 ns","39,902.034 ns","7,433,154.69 ns","7,792,803.12 ns","7,827,782.81 ns","7,936,268.75 ns","8,124,331.25 ns",127.85,"153,603.5416 ns",21.00,2.612,2.000,-0.5624,62,*,No,248 B,453.1250,218.7500,78.1250,10245831 B
BytesToString,Job-CJSTKQ,False,True,Default,Default,Default,Default,Default,1111,Empty,RyuJit,X64,8c5e7fda-e8bf-4a96-9a85-a6e23a8c635c,.NET Core 5.0,False,True,False,True,Default,Default,False,False,True,Default,Default,Default,Default,Default,.NET Core 5.0,Default,1,Default,Default,Default,Default,Default,Default,Default,Default,16,Default,dotNetTips.Spargine.Extensions.BenchmarkTests,ArrayExtensions,1000,"15,811,485.73 ns","219,237.287 ns","205,074.694 ns","52,950.058 ns","15,390,017.19 ns","15,717,067.19 ns","15,817,685.94 ns","15,905,441.41 ns","16,138,662.50 ns",63.25,"219,237.2870 ns",15.00,2.476,2.000,-0.2398,64,*,No,248 B,500.0000,328.1250,156.2500,20490417 B
ContainsAny,Job-CJSTKQ,False,True,Default,Default,Default,Default,Default,1111,Empty,RyuJit,X64,8c5e7fda-e8bf-4a96-9a85-a6e23a8c635c,.NET Core 5.0,False,True,False,True,Default,Default,False,False,True,Default,Default,Default,Default,Default,.NET Core 5.0,Default,1,Default,Default,Default,Default,Default,Default,Default,Default,16,Default,dotNetTips.Spargine.Extensions.BenchmarkTests,ArrayExtensions,10,123.26 ns,0.716 ns,0.669 ns,0.173 ns,122.36 ns,122.76 ns,123.29 ns,123.63 ns,124.69 ns,"8,113,143.05",0.7156 ns,15.00,2.244,2.000,0.3398,13,*,No,416 B,0.0184,0.0000,0.0000,168 B
ContainsAny,Job-CJSTKQ,False,True,Default,Default,Default,Default,Default,1111,Empty,RyuJit,X64,8c5e7fda-e8bf-4a96-9a85-a6e23a8c635c,.NET Core 5.0,False,True,False,True,Default,Default,False,False,True,Default,Default,Default,Default,Default,.NET Core 5.0,Default,1,Default,Default,Default,Default,Default,Default,Default,Default,16,Default,dotNetTips.Spargine.Extensions.BenchmarkTests,ArrayExtensions,25,200.86 ns,0.888 ns,0.831 ns,0.214 ns,198.93 ns,200.94 ns,201.17 ns,201.31 ns,201.63 ns,"4,978,554.08",0.8880 ns,15.00,3.671,2.000,-1.4551,18,*,No,416 B,0.0184,0.0000,0.0000,168 B
ContainsAny,Job-CJSTKQ,False,True,Default,Default,Default,Default,Default,1111,Empty,RyuJit,X64,8c5e7fda-e8bf-4a96-9a85-a6e23a8c635c,.NET Core 5.0,False,True,False,True,Default,Default,False,False,True,Default,Default,Default,Default,Default,.NET Core 5.0,Default,1,Default,Default,Default,Default,Default,Default,Default,Default,16,Default,dotNetTips.Spargine.Extensions.BenchmarkTests,ArrayExtensions,50,114.76 ns,0.792 ns,0.702 ns,0.188 ns,113.58 ns,114.36 ns,114.91 ns,115.05 ns,115.98 ns,"8,714,215.15",0.7921 ns,14.00,1.950,2.000,-0.1029,12,*,No,416 B,0.0184,0.0000,0.0000,168 B
ContainsAny,Job-CJSTKQ,False,True,Default,Default,Default,Default,Default,1111,Empty,RyuJit,X64,8c5e7fda-e8bf-4a96-9a85-a6e23a8c635c,.NET Core 5.0,False,True,False,True,Default,Default,False,False,True,Default,Default,Default,Default,Default,.NET Core 5.0,Default,1,Default,Default,Default,Default,Default,Default,Default,Default,16,Default,dotNetTips.Spargine.Extensions.BenchmarkTests,ArrayExtensions,100,170.97 ns,0.457 ns,0.382 ns,0.106 ns,169.86 ns,170.89 ns,171.01 ns,171.13 ns,171.46 ns,"5,849,064.63",0.4574 ns,13.00,5.792,2.000,-1.6809,15,*,No,416 B,0.0184,0.0000,0.0000,168 B
ContainsAny,Job-CJSTKQ,False,True,Default,Default,Default,Default,Default,1111,Empty,RyuJit,X64,8c5e7fda-e8bf-4a96-9a85-a6e23a8c635c,.NET Core 5.0,False,True,False,True,Default,Default,False,False,True,Default,Default,Default,Default,Default,.NET Core 5.0,Default,1,Default,Default,Default,Default,Default,Default,Default,Default,16,Default,dotNetTips.Spargine.Extensions.BenchmarkTests,ArrayExtensions,250,206.65 ns,1.118 ns,1.046 ns,0.270 ns,205.01 ns,205.97 ns,206.49 ns,207.50 ns,209.07 ns,"4,838,989.95",1.1179 ns,15.00,2.636,2.000,0.5586,19,*,No,416 B,0.0184,0.0000,0.0000,168 B
ContainsAny,Job-CJSTKQ,False,True,Default,Default,Default,Default,Default,1111,Empty,RyuJit,X64,8c5e7fda-e8bf-4a96-9a85-a6e23a8c635c,.NET Core 5.0,False,True,False,True,Default,Default,False,False,True,Default,Default,Default,Default,Default,.NET Core 5.0,Default,1,Default,Default,Default,Default,Default,Default,Default,Default,16,Default,dotNetTips.Spargine.Extensions.BenchmarkTests,ArrayExtensions,500,"1,594.87 ns",11.828 ns,11.064 ns,2.857 ns,"1,579.28 ns","1,586.21 ns","1,591.37 ns","1,603.96 ns","1,611.67 ns","627,010.52",11.8284 ns,15.00,1.392,2.000,0.1980,30,*,No,416 B,0.0172,0.0000,0.0000,168 B
ContainsAny,Job-CJSTKQ,False,True,Default,Default,Default,Default,Default,1111,Empty,RyuJit,X64,8c5e7fda-e8bf-4a96-9a85-a6e23a8c635c,.NET Core 5.0,False,True,False,True,Default,Default,False,False,True,Default,Default,Default,Default,Default,.NET Core 5.0,Default,1,Default,Default,Default,Default,Default,Default,Default,Default,16,Default,dotNetTips.Spargine.Extensions.BenchmarkTests,ArrayExtensions,1000,"2,669.15 ns",35.844 ns,31.775 ns,8.492 ns,"2,563.48 ns","2,671.49 ns","2,673.60 ns","2,683.65 ns","2,696.02 ns","374,651.28",35.8442 ns,14.00,8.797,2.000,-2.5422,33,*,No,416 B,0.0153,0.0000,0.0000,168 B
RemoveFirst,Job-CJSTKQ,False,True,Default,Default,Default,Default,Default,1111,Empty,RyuJit,X64,8c5e7fda-e8bf-4a96-9a85-a6e23a8c635c,.NET Core 5.0,False,True,False,True,Default,Default,False,False,True,Default,Default,Default,Default,Default,.NET Core 5.0,Default,1,Default,Default,Default,Default,Default,Default,Default,Default,16,Default,dotNetTips.Spargine.Extensions.BenchmarkTests,ArrayExtensions,10,61.21 ns,0.426 ns,0.332 ns,0.096 ns,60.54 ns,61.16 ns,61.33 ns,61.45 ns,61.54 ns,"16,335,878.02",0.4256 ns,12.00,2.338,2.000,-0.9668,3,*,No,351 B,0.0218,0.0000,0.0000,200 B
RemoveFirst,Job-CJSTKQ,False,True,Default,Default,Default,Default,Default,1111,Empty,RyuJit,X64,8c5e7fda-e8bf-4a96-9a85-a6e23a8c635c,.NET Core 5.0,False,True,False,True,Default,Default,False,False,True,Default,Default,Default,Default,Default,.NET Core 5.0,Default,1,Default,Default,Default,Default,Default,Default,Default,Default,16,Default,dotNetTips.Spargine.Extensions.BenchmarkTests,ArrayExtensions,25,86.05 ns,0.481 ns,0.427 ns,0.114 ns,85.40 ns,85.81 ns,86.11 ns,86.22 ns,86.75 ns,"11,620,812.71",0.4814 ns,14.00,1.843,2.000,0.0891,7,*,No,351 B,0.0485,0.0000,0.0000,440 B
RemoveFirst,Job-CJSTKQ,False,True,Default,Default,Default,Default,Default,1111,Empty,RyuJit,X64,8c5e7fda-e8bf-4a96-9a85-a6e23a8c635c,.NET Core 5.0,False,True,False,True,Default,Default,False,False,True,Default,Default,Default,Default,Default,.NET Core 5.0,Default,1,Default,Default,Default,Default,Default,Default,Default,Default,16,Default,dotNetTips.Spargine.Extensions.BenchmarkTests,ArrayExtensions,50,123.89 ns,0.462 ns,0.410 ns,0.110 ns,123.12 ns,123.77 ns,123.91 ns,124.19 ns,124.43 ns,"8,071,415.66",0.4622 ns,14.00,1.890,2.000,-0.4585,13,*,No,351 B,0.0930,0.0000,0.0000,840 B
RemoveFirst,Job-CJSTKQ,False,True,Default,Default,Default,Default,Default,1111,Empty,RyuJit,X64,8c5e7fda-e8bf-4a96-9a85-a6e23a8c635c,.NET Core 5.0,False,True,False,True,Default,Default,False,False,True,Default,Default,Default,Default,Default,.NET Core 5.0,Default,1,Default,Default,Default,Default,Default,Default,Default,Default,16,Default,dotNetTips.Spargine.Extensions.BenchmarkTests,ArrayExtensions,100,196.60 ns,1.088 ns,0.964 ns,0.258 ns,194.87 ns,196.09 ns,196.55 ns,197.22 ns,198.49 ns,"5,086,551.21",1.0879 ns,14.00,2.342,2.000,-0.0059,17,*,No,351 B,0.1831,0.0002,0.0000,1640 B
RemoveFirst,Job-CJSTKQ,False,True,Default,Default,Default,Default,Default,1111,Empty,RyuJit,X64,8c5e7fda-e8bf-4a96-9a85-a6e23a8c635c,.NET Core 5.0,False,True,False,True,Default,Default,False,False,True,Default,Default,Default,Default,Default,.NET Core 5.0,Default,1,Default,Default,Default,Default,Default,Default,Default,Default,16,Default,dotNetTips.Spargine.Extensions.BenchmarkTests,ArrayExtensions,250,427.74 ns,2.809 ns,2.628 ns,0.678 ns,423.17 ns,425.90 ns,428.00 ns,429.26 ns,431.66 ns,"2,337,881.07",2.8091 ns,15.00,1.895,2.000,-0.2960,23,*,No,351 B,0.4430,0.0010,0.0000,4040 B
RemoveFirst,Job-CJSTKQ,False,True,Default,Default,Default,Default,Default,1111,Empty,RyuJit,X64,8c5e7fda-e8bf-4a96-9a85-a6e23a8c635c,.NET Core 5.0,False,True,False,True,Default,Default,False,False,True,Default,Default,Default,Default,Default,.NET Core 5.0,Default,1,Default,Default,Default,Default,Default,Default,Default,Default,16,Default,dotNetTips.Spargine.Extensions.BenchmarkTests,ArrayExtensions,500,847.53 ns,2.813 ns,2.631 ns,0.679 ns,843.45 ns,845.71 ns,847.58 ns,848.71 ns,852.19 ns,"1,179,894.44",2.8127 ns,15.00,1.909,2.000,0.3685,28,*,No,351 B,0.8812,0.0057,0.0000,8040 B
RemoveFirst,Job-CJSTKQ,False,True,Default,Default,Default,Default,Default,1111,Empty,RyuJit,X64,8c5e7fda-e8bf-4a96-9a85-a6e23a8c635c,.NET Core 5.0,False,True,False,True,Default,Default,False,False,True,Default,Default,Default,Default,Default,.NET Core 5.0,Default,1,Default,Default,Default,Default,Default,Default,Default,Default,16,Default,dotNetTips.Spargine.Extensions.BenchmarkTests,ArrayExtensions,1000,"1,678.67 ns",11.082 ns,10.366 ns,2.676 ns,"1,659.37 ns","1,672.68 ns","1,675.22 ns","1,687.32 ns","1,693.78 ns","595,709.53",11.0819 ns,15.00,1.822,2.000,-0.0365,31,*,No,351 B,1.7967,0.0000,0.0000,16040 B
RemoveLast,Job-CJSTKQ,False,True,Default,Default,Default,Default,Default,1111,Empty,RyuJit,X64,8c5e7fda-e8bf-4a96-9a85-a6e23a8c635c,.NET Core 5.0,False,True,False,True,Default,Default,False,False,True,Default,Default,Default,Default,Default,.NET Core 5.0,Default,1,Default,Default,Default,Default,Default,Default,Default,Default,16,Default,dotNetTips.Spargine.Extensions.BenchmarkTests,ArrayExtensions,10,61.20 ns,0.336 ns,0.298 ns,0.080 ns,60.41 ns,61.11 ns,61.23 ns,61.34 ns,61.69 ns,"16,339,440.15",0.3363 ns,14.00,4.197,2.000,-0.9841,3,*,No,340 B,0.0222,0.0000,0.0000,200 B
RemoveLast,Job-CJSTKQ,False,True,Default,Default,Default,Default,Default,1111,Empty,RyuJit,X64,8c5e7fda-e8bf-4a96-9a85-a6e23a8c635c,.NET Core 5.0,False,True,False,True,Default,Default,False,False,True,Default,Default,Default,Default,Default,.NET Core 5.0,Default,1,Default,Default,Default,Default,Default,Default,Default,Default,16,Default,dotNetTips.Spargine.Extensions.BenchmarkTests,ArrayExtensions,25,85.66 ns,0.341 ns,0.284 ns,0.079 ns,84.98 ns,85.58 ns,85.69 ns,85.79 ns,86.06 ns,"11,674,256.57",0.3405 ns,13.00,3.035,2.000,-0.7263,7,*,No,340 B,0.0496,0.0000,0.0000,440 B
RemoveLast,Job-CJSTKQ,False,True,Default,Default,Default,Default,Default,1111,Empty,RyuJit,X64,8c5e7fda-e8bf-4a96-9a85-a6e23a8c635c,.NET Core 5.0,False,True,False,True,Default,Default,False,False,True,Default,Default,Default,Default,Default,.NET Core 5.0,Default,1,Default,Default,Default,Default,Default,Default,Default,Default,16,Default,dotNetTips.Spargine.Extensions.BenchmarkTests,ArrayExtensions,50,120.73 ns,2.403 ns,3.447 ns,0.651 ns,113.11 ns,120.96 ns,122.07 ns,122.62 ns,124.36 ns,"8,282,708.31",2.4035 ns,28.00,2.981,2.000,-1.2072,13,*,No,340 B,0.0925,0.0000,0.0000,840 B
RemoveLast,Job-CJSTKQ,False,True,Default,Default,Default,Default,Default,1111,Empty,RyuJit,X64,8c5e7fda-e8bf-4a96-9a85-a6e23a8c635c,.NET Core 5.0,False,True,False,True,Default,Default,False,False,True,Default,Default,Default,Default,Default,.NET Core 5.0,Default,1,Default,Default,Default,Default,Default,Default,Default,Default,16,Default,dotNetTips.Spargine.Extensions.BenchmarkTests,ArrayExtensions,100,197.40 ns,1.597 ns,1.494 ns,0.386 ns,195.61 ns,196.16 ns,197.11 ns,198.83 ns,200.40 ns,"5,065,932.47",1.5967 ns,15.00,1.796,2.000,0.5368,17,*,No,340 B,0.1802,0.0002,0.0000,1640 B
RemoveLast,Job-CJSTKQ,False,True,Default,Default,Default,Default,Default,1111,Empty,RyuJit,X64,8c5e7fda-e8bf-4a96-9a85-a6e23a8c635c,.NET Core 5.0,False,True,False,True,Default,Default,False,False,True,Default,Default,Default,Default,Default,.NET Core 5.0,Default,1,Default,Default,Default,Default,Default,Default,Default,Default,16,Default,dotNetTips.Spargine.Extensions.BenchmarkTests,ArrayExtensions,250,420.69 ns,2.999 ns,2.658 ns,0.710 ns,413.29 ns,420.46 ns,421.67 ns,422.21 ns,423.06 ns,"2,377,067.16",2.9987 ns,14.00,4.778,2.000,-1.6739,23,*,No,340 B,0.4530,0.0038,0.0000,4040 B
RemoveLast,Job-CJSTKQ,False,True,Default,Default,Default,Default,Default,1111,Empty,RyuJit,X64,8c5e7fda-e8bf-4a96-9a85-a6e23a8c635c,.NET Core 5.0,False,True,False,True,Default,Default,False,False,True,Default,Default,Default,Default,Default,.NET Core 5.0,Default,1,Default,Default,Default,Default,Default,Default,Default,Default,16,Default,dotNetTips.Spargine.Extensions.BenchmarkTests,ArrayExtensions,500,825.42 ns,4.775 ns,4.233 ns,1.131 ns,815.87 ns,824.49 ns,826.20 ns,828.09 ns,832.43 ns,"1,211,504.11",4.7752 ns,14.00,3.040,2.000,-0.7660,27,*,No,340 B,0.8926,0.0095,0.0000,8040 B
RemoveLast,Job-CJSTKQ,False,True,Default,Default,Default,Default,Default,1111,Empty,RyuJit,X64,8c5e7fda-e8bf-4a96-9a85-a6e23a8c635c,.NET Core 5.0,False,True,False,True,Default,Default,False,False,True,Default,Default,Default,Default,Default,.NET Core 5.0,Default,1,Default,Default,Default,Default,Default,Default,Default,Default,16,Default,dotNetTips.Spargine.Extensions.BenchmarkTests,ArrayExtensions,1000,"1,676.14 ns",17.041 ns,15.940 ns,4.116 ns,"1,644.97 ns","1,670.83 ns","1,675.19 ns","1,687.60 ns","1,700.07 ns","596,607.13",17.0406 ns,15.00,2.425,2.000,-0.5802,31,*,No,340 B,1.7662,0.0000,0.0000,16040 B
