Method,Job,AnalyzeLaunchVariance,EvaluateOverhead,MaxAbsoluteError,MaxRelativeError,MinInvokeCount,MinIterationTime,OutlierMode,Affinity,EnvironmentVariables,Jit,Platform,PowerPlanMode,Runtime,AllowVeryLargeObjects,Concurrent,CpuGroups,Force,HeapAffinitizeMask,HeapCount,NoAffinitize,RetainVm,Server,Arguments,BuildConfiguration,Clock,EngineFactory,NuGetReferences,Toolchain,IsMutator,InvocationCount,IterationCount,IterationTime,LaunchCount,MaxIterationCount,MaxWarmupIterationCount,MinIterationCount,MinWarmupIterationCount,RunStrategy,UnrollFactor,WarmupCount,Namespace,Categories,Count,Mean,Error,StdDev,StdErr,Min,Q1,Median,Q3,Max,Op/s,CI99.9% Margin,Iterations,Kurtosis,MValue,Skewness,Rank,LogicalGroup,Baseline,Code Size,Gen 0,Gen 1,Gen 2,Allocated
'StringExtensions.ToDelimitedString: 01*',Job-PDALPH,False,True,Default,Default,Default,Default,Default,1111,Empty,RyuJit,X64,8c5e7fda-e8bf-4a96-9a85-a6e23a8c635c,.NET Core 5.0,False,True,False,True,Default,Default,False,False,True,Default,Default,Default,Default,Default,.NET Core 5.0,Default,1,Default,Default,Default,Default,Default,Default,Default,Default,16,Default,dotNetTips.Spargine.Core.BenchmarkTests,StringBuilderHelper,10,"3,035.5 ns",13.88 ns,11.59 ns,3.21 ns,"3,008.3 ns","3,032.6 ns","3,039.4 ns","3,043.3 ns","3,048.0 ns","329,431.18",13.879 ns,13.00,2.952,2.000,-1.0230,6,*,No,406 B,0.9766,0.0038,0.0000,8800 B
'StringExtensions.ToDelimitedString: 01*',Job-PDALPH,False,True,Default,Default,Default,Default,Default,1111,Empty,RyuJit,X64,8c5e7fda-e8bf-4a96-9a85-a6e23a8c635c,.NET Core 5.0,False,True,False,True,Default,Default,False,False,True,Default,Default,Default,Default,Default,.NET Core 5.0,Default,1,Default,Default,Default,Default,Default,Default,Default,Default,16,Default,dotNetTips.Spargine.Core.BenchmarkTests,StringBuilderHelper,25,"7,051.0 ns",11.69 ns,10.37 ns,2.77 ns,"7,026.3 ns","7,045.0 ns","7,053.6 ns","7,056.5 ns","7,071.1 ns","141,823.96",11.695 ns,14.00,3.458,2.000,-0.5029,9,*,No,406 B,2.3422,0.0153,0.0000,21224 B
'StringExtensions.ToDelimitedString: 01*',Job-PDALPH,False,True,Default,Default,Default,Default,Default,1111,Empty,RyuJit,X64,8c5e7fda-e8bf-4a96-9a85-a6e23a8c635c,.NET Core 5.0,False,True,False,True,Default,Default,False,False,True,Default,Default,Default,Default,Default,.NET Core 5.0,Default,1,Default,Default,Default,Default,Default,Default,Default,Default,16,Default,dotNetTips.Spargine.Core.BenchmarkTests,StringBuilderHelper,50,"13,742.5 ns",99.63 ns,88.32 ns,23.60 ns,"13,533.8 ns","13,745.1 ns","13,752.8 ns","13,796.2 ns","13,850.9 ns","72,767.17",99.629 ns,14.00,3.415,2.000,-1.2143,12,*,No,406 B,4.5471,0.1221,0.0000,41920 B
'StringExtensions.ToDelimitedString: 01*',Job-PDALPH,False,True,Default,Default,Default,Default,Default,1111,Empty,RyuJit,X64,8c5e7fda-e8bf-4a96-9a85-a6e23a8c635c,.NET Core 5.0,False,True,False,True,Default,Default,False,False,True,Default,Default,Default,Default,Default,.NET Core 5.0,Default,1,Default,Default,Default,Default,Default,Default,Default,Default,16,Default,dotNetTips.Spargine.Core.BenchmarkTests,StringBuilderHelper,100,"26,635.2 ns",91.63 ns,81.23 ns,21.71 ns,"26,429.0 ns","26,589.3 ns","26,665.8 ns","26,692.6 ns","26,720.9 ns","37,544.31",91.634 ns,14.00,3.306,2.000,-1.0511,15,*,No,406 B,8.7891,0.0000,0.0000,83320 B
'StringExtensions.ToDelimitedString: 01*',Job-PDALPH,False,True,Default,Default,Default,Default,Default,1111,Empty,RyuJit,X64,8c5e7fda-e8bf-4a96-9a85-a6e23a8c635c,.NET Core 5.0,False,True,False,True,Default,Default,False,False,True,Default,Default,Default,Default,Default,.NET Core 5.0,Default,1,Default,Default,Default,Default,Default,Default,Default,Default,16,Default,dotNetTips.Spargine.Core.BenchmarkTests,StringBuilderHelper,250,"65,540.2 ns",398.26 ns,372.53 ns,96.19 ns,"65,057.4 ns","65,288.1 ns","65,518.3 ns","65,667.8 ns","66,235.8 ns","15,257.80",398.256 ns,15.00,2.008,2.000,0.5522,17,*,No,406 B,22.3389,2.0752,0.0000,203520 B
'StringExtensions.ToDelimitedString: 01*',Job-PDALPH,False,True,Default,Default,Default,Default,Default,1111,Empty,RyuJit,X64,8c5e7fda-e8bf-4a96-9a85-a6e23a8c635c,.NET Core 5.0,False,True,False,True,Default,Default,False,False,True,Default,Default,Default,Default,Default,.NET Core 5.0,Default,1,Default,Default,Default,Default,Default,Default,Default,Default,16,Default,dotNetTips.Spargine.Core.BenchmarkTests,StringBuilderHelper,500,"134,549.1 ns",841.95 ns,746.37 ns,199.48 ns,"132,559.4 ns","134,417.8 ns","134,660.1 ns","135,094.2 ns","135,425.1 ns","7,432.23",841.951 ns,14.00,3.976,2.000,-1.2456,19,*,No,406 B,47.6074,0.0000,0.0000,418664 B
'StringExtensions.ToDelimitedString: 01*',Job-PDALPH,False,True,Default,Default,Default,Default,Default,1111,Empty,RyuJit,X64,8c5e7fda-e8bf-4a96-9a85-a6e23a8c635c,.NET Core 5.0,False,True,False,True,Default,Default,False,False,True,Default,Default,Default,Default,Default,.NET Core 5.0,Default,1,Default,Default,Default,Default,Default,Default,Default,Default,16,Default,dotNetTips.Spargine.Core.BenchmarkTests,StringBuilderHelper,1000,"676,203.7 ns","19,349.50 ns","57,052.42 ns","5,705.24 ns","526,778.8 ns","643,332.6 ns","675,955.2 ns","715,222.5 ns","801,870.3 ns","1,478.84","19,349.496 ns",100.00,2.745,2.320,-0.1592,23,*,No,406 B,83.0078,45.8984,28.3203,816901 B
'ToDelimitedString: 01**',Job-PDALPH,False,True,Default,Default,Default,Default,Default,1111,Empty,RyuJit,X64,8c5e7fda-e8bf-4a96-9a85-a6e23a8c635c,.NET Core 5.0,False,True,False,True,Default,Default,False,False,True,Default,Default,Default,Default,Default,.NET Core 5.0,Default,1,Default,Default,Default,Default,Default,Default,Default,Default,16,Default,dotNetTips.Spargine.Core.BenchmarkTests,StringBuilderHelper,10,"1,701.3 ns",6.69 ns,6.26 ns,1.62 ns,"1,684.2 ns","1,701.0 ns","1,702.5 ns","1,704.5 ns","1,709.4 ns","587,797.53",6.694 ns,15.00,4.505,2.000,-1.4834,5,*,No,655 B,0.3490,0.0000,0.0000,3184 B
'ToDelimitedString: 01**',Job-PDALPH,False,True,Default,Default,Default,Default,Default,1111,Empty,RyuJit,X64,8c5e7fda-e8bf-4a96-9a85-a6e23a8c635c,.NET Core 5.0,False,True,False,True,Default,Default,False,False,True,Default,Default,Default,Default,Default,.NET Core 5.0,Default,1,Default,Default,Default,Default,Default,Default,Default,Default,16,Default,dotNetTips.Spargine.Core.BenchmarkTests,StringBuilderHelper,25,"4,209.9 ns",20.41 ns,19.09 ns,4.93 ns,"4,178.9 ns","4,198.5 ns","4,207.9 ns","4,220.7 ns","4,248.9 ns","237,533.10",20.406 ns,15.00,2.381,2.000,0.4907,7,*,No,655 B,0.8621,0.0000,0.0000,7920 B
'ToDelimitedString: 01**',Job-PDALPH,False,True,Default,Default,Default,Default,Default,1111,Empty,RyuJit,X64,8c5e7fda-e8bf-4a96-9a85-a6e23a8c635c,.NET Core 5.0,False,True,False,True,Default,Default,False,False,True,Default,Default,Default,Default,Default,.NET Core 5.0,Default,1,Default,Default,Default,Default,Default,Default,Default,Default,16,Default,dotNetTips.Spargine.Core.BenchmarkTests,StringBuilderHelper,50,"9,668.0 ns",69.80 ns,65.29 ns,16.86 ns,"9,524.5 ns","9,630.3 ns","9,657.0 ns","9,707.6 ns","9,811.3 ns","103,433.50",69.800 ns,15.00,3.310,2.000,0.1041,10,*,No,655 B,3.2349,0.1221,0.0000,29128 B
'ToDelimitedString: 01**',Job-PDALPH,False,True,Default,Default,Default,Default,Default,1111,Empty,RyuJit,X64,8c5e7fda-e8bf-4a96-9a85-a6e23a8c635c,.NET Core 5.0,False,True,False,True,Default,Default,False,False,True,Default,Default,Default,Default,Default,.NET Core 5.0,Default,1,Default,Default,Default,Default,Default,Default,Default,Default,16,Default,dotNetTips.Spargine.Core.BenchmarkTests,StringBuilderHelper,100,"18,334.5 ns",77.03 ns,68.28 ns,18.25 ns,"18,249.0 ns","18,286.5 ns","18,315.9 ns","18,372.0 ns","18,463.7 ns","54,541.92",77.028 ns,14.00,2.137,2.000,0.6442,13,*,No,655 B,6.3477,0.3357,0.0000,57800 B
'ToDelimitedString: 01**',Job-PDALPH,False,True,Default,Default,Default,Default,Default,1111,Empty,RyuJit,X64,8c5e7fda-e8bf-4a96-9a85-a6e23a8c635c,.NET Core 5.0,False,True,False,True,Default,Default,False,False,True,Default,Default,Default,Default,Default,.NET Core 5.0,Default,1,Default,Default,Default,Default,Default,Default,Default,Default,16,Default,dotNetTips.Spargine.Core.BenchmarkTests,StringBuilderHelper,250,"43,685.7 ns",130.63 ns,115.80 ns,30.95 ns,"43,454.3 ns","43,632.7 ns","43,720.9 ns","43,754.9 ns","43,867.8 ns","22,890.81",130.634 ns,14.00,2.136,2.000,-0.4835,16,*,No,655 B,13.2446,0.0000,0.0000,121272 B
'ToDelimitedString: 01**',Job-PDALPH,False,True,Default,Default,Default,Default,Default,1111,Empty,RyuJit,X64,8c5e7fda-e8bf-4a96-9a85-a6e23a8c635c,.NET Core 5.0,False,True,False,True,Default,Default,False,False,True,Default,Default,Default,Default,Default,.NET Core 5.0,Default,1,Default,Default,Default,Default,Default,Default,Default,Default,16,Default,dotNetTips.Spargine.Core.BenchmarkTests,StringBuilderHelper,500,"86,045.2 ns",370.94 ns,346.98 ns,89.59 ns,"85,457.9 ns","85,773.1 ns","86,101.3 ns","86,177.7 ns","86,752.8 ns","11,621.80",370.942 ns,15.00,2.254,2.000,0.1139,18,*,No,655 B,25.5127,0.0000,0.0000,232416 B
'ToDelimitedString: 01**',Job-PDALPH,False,True,Default,Default,Default,Default,Default,1111,Empty,RyuJit,X64,8c5e7fda-e8bf-4a96-9a85-a6e23a8c635c,.NET Core 5.0,False,True,False,True,Default,Default,False,False,True,Default,Default,Default,Default,Default,.NET Core 5.0,Default,1,Default,Default,Default,Default,Default,Default,Default,Default,16,Default,dotNetTips.Spargine.Core.BenchmarkTests,StringBuilderHelper,1000,"368,015.5 ns","7,313.24 ns","18,614.54 ns","2,135.23 ns","317,081.2 ns","353,377.1 ns","368,074.9 ns","379,839.3 ns","410,539.6 ns","2,717.28","7,313.244 ns",76.00,2.621,2.000,0.0005,22,*,No,655 B,50.2930,24.9023,13.1836,454719 B
BytesToString,Job-PDALPH,False,True,Default,Default,Default,Default,Default,1111,Empty,RyuJit,X64,8c5e7fda-e8bf-4a96-9a85-a6e23a8c635c,.NET Core 5.0,False,True,False,True,Default,Default,False,False,True,Default,Default,Default,Default,Default,.NET Core 5.0,Default,1,Default,Default,Default,Default,Default,Default,Default,Default,16,Default,dotNetTips.Spargine.Core.BenchmarkTests,StringBuilderHelper,10,"145,163.4 ns","2,415.53 ns","1,885.89 ns",544.41 ns,"142,036.7 ns","144,585.1 ns","145,028.6 ns","145,642.6 ns","148,888.8 ns","6,888.79","2,415.531 ns",12.00,2.534,2.000,0.2912,20,*,No,404 B,22.4609,0.9766,0.0000,210530 B
BytesToString,Job-PDALPH,False,True,Default,Default,Default,Default,Default,1111,Empty,RyuJit,X64,8c5e7fda-e8bf-4a96-9a85-a6e23a8c635c,.NET Core 5.0,False,True,False,True,Default,Default,False,False,True,Default,Default,Default,Default,Default,.NET Core 5.0,Default,1,Default,Default,Default,Default,Default,Default,Default,Default,16,Default,dotNetTips.Spargine.Core.BenchmarkTests,StringBuilderHelper,25,"351,126.0 ns","3,027.28 ns","2,831.72 ns",731.15 ns,"347,416.7 ns","348,379.9 ns","351,545.7 ns","352,653.9 ns","357,734.1 ns","2,847.98","3,027.284 ns",15.00,2.677,2.000,0.4113,21,*,No,404 B,56.1523,0.0000,0.0000,500720 B
BytesToString,Job-PDALPH,False,True,Default,Default,Default,Default,Default,1111,Empty,RyuJit,X64,8c5e7fda-e8bf-4a96-9a85-a6e23a8c635c,.NET Core 5.0,False,True,False,True,Default,Default,False,False,True,Default,Default,Default,Default,Default,.NET Core 5.0,Default,1,Default,Default,Default,Default,Default,Default,Default,Default,16,Default,dotNetTips.Spargine.Core.BenchmarkTests,StringBuilderHelper,50,"790,532.5 ns","15,543.23 ns","33,789.71 ns","4,475.56 ns","727,384.7 ns","767,775.5 ns","779,892.7 ns","810,721.8 ns","869,381.8 ns","1,264.97","15,543.233 ns",57.00,2.661,2.160,0.6399,24,*,No,404 B,108.3984,24.4141,9.7656,1028177 B
BytesToString,Job-PDALPH,False,True,Default,Default,Default,Default,Default,1111,Empty,RyuJit,X64,8c5e7fda-e8bf-4a96-9a85-a6e23a8c635c,.NET Core 5.0,False,True,False,True,Default,Default,False,False,True,Default,Default,Default,Default,Default,.NET Core 5.0,Default,1,Default,Default,Default,Default,Default,Default,Default,Default,16,Default,dotNetTips.Spargine.Core.BenchmarkTests,StringBuilderHelper,100,"1,509,740.8 ns","23,399.75 ns","20,743.27 ns","5,543.87 ns","1,474,989.1 ns","1,500,594.8 ns","1,508,804.6 ns","1,519,435.7 ns","1,547,356.2 ns",662.37,"23,399.748 ns",14.00,2.000,2.000,0.0629,25,*,No,404 B,216.7969,56.6406,19.5313,2062278 B
BytesToString,Job-PDALPH,False,True,Default,Default,Default,Default,Default,1111,Empty,RyuJit,X64,8c5e7fda-e8bf-4a96-9a85-a6e23a8c635c,.NET Core 5.0,False,True,False,True,Default,Default,False,False,True,Default,Default,Default,Default,Default,.NET Core 5.0,Default,1,Default,Default,Default,Default,Default,Default,Default,Default,16,Default,dotNetTips.Spargine.Core.BenchmarkTests,StringBuilderHelper,250,"3,928,228.0 ns","77,824.77 ns","76,434.34 ns","19,108.58 ns","3,813,741.4 ns","3,881,161.9 ns","3,905,537.5 ns","3,977,363.3 ns","4,070,116.4 ns",254.57,"77,824.775 ns",16.00,1.999,2.000,0.5688,26,*,No,404 B,492.1875,164.0625,46.8750,5132449 B
BytesToString,Job-PDALPH,False,True,Default,Default,Default,Default,Default,1111,Empty,RyuJit,X64,8c5e7fda-e8bf-4a96-9a85-a6e23a8c635c,.NET Core 5.0,False,True,False,True,Default,Default,False,False,True,Default,Default,Default,Default,Default,.NET Core 5.0,Default,1,Default,Default,Default,Default,Default,Default,Default,Default,16,Default,dotNetTips.Spargine.Core.BenchmarkTests,StringBuilderHelper,500,"7,575,558.0 ns","150,478.17 ns","242,994.19 ns","41,673.16 ns","7,035,582.0 ns","7,474,116.0 ns","7,572,628.9 ns","7,702,944.9 ns","8,092,985.2 ns",132.00,"150,478.165 ns",34.00,2.870,2.000,-0.1220,27,*,No,404 B,437.5000,218.7500,78.1250,10254758 B
BytesToString,Job-PDALPH,False,True,Default,Default,Default,Default,Default,1111,Empty,RyuJit,X64,8c5e7fda-e8bf-4a96-9a85-a6e23a8c635c,.NET Core 5.0,False,True,False,True,Default,Default,False,False,True,Default,Default,Default,Default,Default,.NET Core 5.0,Default,1,Default,Default,Default,Default,Default,Default,Default,Default,16,Default,dotNetTips.Spargine.Core.BenchmarkTests,StringBuilderHelper,1000,"15,203,340.6 ns","303,017.00 ns","383,219.49 ns","79,906.79 ns","14,305,033.6 ns","15,145,929.7 ns","15,277,957.0 ns","15,425,237.5 ns","15,789,238.3 ns",65.78,"303,017.003 ns",23.00,3.077,2.000,-0.9304,28,*,No,404 B,515.6250,312.5000,156.2500,20499487 B
ConcatToString,Job-PDALPH,False,True,Default,Default,Default,Default,Default,1111,Empty,RyuJit,X64,8c5e7fda-e8bf-4a96-9a85-a6e23a8c635c,.NET Core 5.0,False,True,False,True,Default,Default,False,False,True,Default,Default,Default,Default,Default,.NET Core 5.0,Default,1,Default,Default,Default,Default,Default,Default,Default,Default,16,Default,dotNetTips.Spargine.Core.BenchmarkTests,StringBuilderHelper,10,195.5 ns,1.64 ns,1.53 ns,0.40 ns,191.3 ns,195.0 ns,195.4 ns,196.6 ns,197.2 ns,"5,115,934.48",1.637 ns,15.00,4.197,2.000,-1.1678,1,*,No,452 B,0.0417,0.0000,0.0000,368 B
ConcatToString,Job-PDALPH,False,True,Default,Default,Default,Default,Default,1111,Empty,RyuJit,X64,8c5e7fda-e8bf-4a96-9a85-a6e23a8c635c,.NET Core 5.0,False,True,False,True,Default,Default,False,False,True,Default,Default,Default,Default,Default,.NET Core 5.0,Default,1,Default,Default,Default,Default,Default,Default,Default,Default,16,Default,dotNetTips.Spargine.Core.BenchmarkTests,StringBuilderHelper,25,444.4 ns,2.96 ns,2.62 ns,0.70 ns,438.8 ns,443.8 ns,444.2 ns,446.1 ns,448.1 ns,"2,250,263.48",2.960 ns,14.00,2.773,2.000,-0.6780,2,*,No,452 B,0.0958,0.0000,0.0000,872 B
ConcatToString,Job-PDALPH,False,True,Default,Default,Default,Default,Default,1111,Empty,RyuJit,X64,8c5e7fda-e8bf-4a96-9a85-a6e23a8c635c,.NET Core 5.0,False,True,False,True,Default,Default,False,False,True,Default,Default,Default,Default,Default,.NET Core 5.0,Default,1,Default,Default,Default,Default,Default,Default,Default,Default,16,Default,dotNetTips.Spargine.Core.BenchmarkTests,StringBuilderHelper,50,815.0 ns,5.10 ns,4.26 ns,1.18 ns,808.2 ns,813.7 ns,815.5 ns,817.5 ns,823.1 ns,"1,226,999.93",5.103 ns,13.00,2.196,2.000,-0.1715,3,*,No,452 B,0.1898,0.0000,0.0000,1728 B
ConcatToString,Job-PDALPH,False,True,Default,Default,Default,Default,Default,1111,Empty,RyuJit,X64,8c5e7fda-e8bf-4a96-9a85-a6e23a8c635c,.NET Core 5.0,False,True,False,True,Default,Default,False,False,True,Default,Default,Default,Default,Default,.NET Core 5.0,Default,1,Default,Default,Default,Default,Default,Default,Default,Default,16,Default,dotNetTips.Spargine.Core.BenchmarkTests,StringBuilderHelper,100,"1,671.1 ns",11.46 ns,10.72 ns,2.77 ns,"1,642.0 ns","1,670.4 ns","1,675.0 ns","1,678.0 ns","1,679.1 ns","598,391.64",11.456 ns,15.00,4.140,2.000,-1.4975,4,*,No,452 B,0.3757,0.0000,0.0000,3424 B
ConcatToString,Job-PDALPH,False,True,Default,Default,Default,Default,Default,1111,Empty,RyuJit,X64,8c5e7fda-e8bf-4a96-9a85-a6e23a8c635c,.NET Core 5.0,False,True,False,True,Default,Default,False,False,True,Default,Default,Default,Default,Default,.NET Core 5.0,Default,1,Default,Default,Default,Default,Default,Default,Default,Default,16,Default,dotNetTips.Spargine.Core.BenchmarkTests,StringBuilderHelper,250,"5,175.8 ns",38.32 ns,32.00 ns,8.87 ns,"5,074.0 ns","5,173.6 ns","5,184.4 ns","5,188.6 ns","5,202.3 ns","193,207.66",38.317 ns,13.00,7.949,2.000,-2.3951,8,*,No,452 B,2.4338,0.0534,0.0000,21832 B
ConcatToString,Job-PDALPH,False,True,Default,Default,Default,Default,Default,1111,Empty,RyuJit,X64,8c5e7fda-e8bf-4a96-9a85-a6e23a8c635c,.NET Core 5.0,False,True,False,True,Default,Default,False,False,True,Default,Default,Default,Default,Default,.NET Core 5.0,Default,1,Default,Default,Default,Default,Default,Default,Default,Default,16,Default,dotNetTips.Spargine.Core.BenchmarkTests,StringBuilderHelper,500,"9,814.6 ns",31.53 ns,24.62 ns,7.11 ns,"9,767.6 ns","9,801.3 ns","9,821.0 ns","9,828.2 ns","9,852.9 ns","101,889.00",31.533 ns,12.00,2.080,2.000,-0.4726,11,*,No,452 B,4.7607,0.0000,0.0000,43200 B
ConcatToString,Job-PDALPH,False,True,Default,Default,Default,Default,Default,1111,Empty,RyuJit,X64,8c5e7fda-e8bf-4a96-9a85-a6e23a8c635c,.NET Core 5.0,False,True,False,True,Default,Default,False,False,True,Default,Default,Default,Default,Default,.NET Core 5.0,Default,1,Default,Default,Default,Default,Default,Default,Default,Default,16,Default,dotNetTips.Spargine.Core.BenchmarkTests,StringBuilderHelper,1000,"18,764.0 ns",189.81 ns,177.55 ns,45.84 ns,"18,502.0 ns","18,601.1 ns","18,773.4 ns","18,898.9 ns","19,091.2 ns","53,293.54",189.807 ns,15.00,1.647,2.000,0.0414,14,*,No,452 B,8.8196,1.0986,0.0000,76272 B
