<?xml version="1.0" encoding="utf-8"?>
<Summary>
  <Title>dotNetTips.Spargine.Extensions.BenchmarkTests.Extensions.AssemblyExtensionsBenchmark-20210420-215721</Title>
  <HostEnvironmentInfo>
    <BenchmarkDotNetCaption>BenchmarkDotNet</BenchmarkDotNetCaption>
    <BenchmarkDotNetVersion>0.12.1</BenchmarkDotNetVersion>
    <OsVersion>Windows 10.0.19042</OsVersion>
    <ProcessorName>Unknown processor</ProcessorName>
    <RuntimeVersion>.NET Core 5.0.5 (CoreCLR 5.0.521.16609, CoreFX 5.0.521.16609)</RuntimeVersion>
    <Architecture>X64</Architecture>
    <HasAttachedDebugger>False</HasAttachedDebugger>
    <HasRyuJit>True</HasRyuJit>
    <Configuration>RELEASE</Configuration>
    <DotNetSdkVersion>5.0.300-preview.21180.15</DotNetSdkVersion>
    <ChronometerFrequency>
      <Hertz>10000000</Hertz>
    </ChronometerFrequency>
    <HardwareTimerKind>Unknown</HardwareTimerKind>
  </HostEnvironmentInfo>
  <Benchmarks>
    <BenchmarkCase>
      <DisplayInfo>AssemblyExtensionsBenchmark.GetAllInterfaces: Job-CJSTKQ(EvaluateOverhead=True, Server=True, Toolchain=.NET Core 5.0)</DisplayInfo>
      <Namespace>dotNetTips.Spargine.Extensions.BenchmarkTests.Extensions</Namespace>
      <Type>AssemblyExtensionsBenchmark</Type>
      <Method>GetAllInterfaces01</Method>
      <MethodTitle>GetAllInterfaces</MethodTitle>
      <Statistics>
        <OriginalValues>
          <Item>1864.7640228271484</Item>
          <Item>1866.1556243896484</Item>
          <Item>1870.242691040039</Item>
          <Item>1869.0383911132812</Item>
          <Item>1840.3495788574219</Item>
          <Item>1844.6075439453125</Item>
          <Item>1843.8217163085938</Item>
          <Item>1838.7962341308594</Item>
          <Item>1842.7841186523438</Item>
          <Item>1881.8828582763672</Item>
          <Item>1806.3064575195312</Item>
          <Item>1836.1801147460938</Item>
          <Item>1860.5384826660156</Item>
          <Item>1858.7032318115234</Item>
          <Item>1864.339828491211</Item>
        </OriginalValues>
        <N>15</N>
        <Min>1806.3064575195312</Min>
        <LowerFence>1805.7273864746094</LowerFence>
        <Q1>1841.5668487548828</Q1>
        <Median>1858.7032318115234</Median>
        <Mean>1852.5673929850261</Mean>
        <Q3>1865.4598236083984</Q3>
        <UpperFence>1901.2992858886719</UpperFence>
        <Max>1881.8828582763672</Max>
        <InterquartileRange>23.892974853515625</InterquartileRange>
        <StandardError>4.879196184329354</StandardError>
        <Variance>357.098331077612</Variance>
        <StandardDeviation>18.897045564786364</StandardDeviation>
        <Skewness>-0.6724968205011784</Skewness>
        <Kurtosis>2.9903756404834136</Kurtosis>
        <ConfidenceInterval>
          <N>15</N>
          <Mean>1852.5673929850261</Mean>
          <StandardError>4.879196184329354</StandardError>
          <Level>L999</Level>
          <Margin>20.202087909467316</Margin>
          <Lower>1832.3653050755588</Lower>
          <Upper>1872.7694808944934</Upper>
        </ConfidenceInterval>
        <Percentiles>
          <P0>1806.3064575195312</P0>
          <P25>1841.5668487548828</P25>
          <P50>1858.7032318115234</P50>
          <P67>1864.5010223388672</P67>
          <P80>1866.732177734375</P80>
          <P85>1868.750114440918</P85>
          <P90>1869.760971069336</P90>
          <P95>1873.7347412109375</P95>
          <P100>1881.8828582763672</P100>
        </Percentiles>
      </Statistics>
      <Memory>
        <Gen0Collections>8</Gen0Collections>
        <Gen1Collections>0</Gen1Collections>
        <Gen2Collections>0</Gen2Collections>
        <TotalOperations>262144</TotalOperations>
        <BytesAllocatedPerOperation>312</BytesAllocatedPerOperation>
      </Memory>
      <Measurements>
        <Measurement>
          <IterationMode>Overhead</IterationMode>
          <IterationStage>Jitting</IterationStage>
          <LaunchIndex>1</LaunchIndex>
          <IterationIndex>1</IterationIndex>
          <Operations>1</Operations>
          <Nanoseconds>215300</Nanoseconds>
        </Measurement>
        <Measurement>
          <IterationMode>Workload</IterationMode>
          <IterationStage>Jitting</IterationStage>
          <LaunchIndex>1</LaunchIndex>
          <IterationIndex>1</IterationIndex>
          <Operations>1</Operations>
          <Nanoseconds>1314700</Nanoseconds>
        </Measurement>
        <Measurement>
          <IterationMode>Overhead</IterationMode>
          <IterationStage>Jitting</IterationStage>
          <LaunchIndex>1</LaunchIndex>
          <IterationIndex>2</IterationIndex>
          <Operations>16</Operations>
          <Nanoseconds>311400</Nanoseconds>
        </Measurement>
        <Measurement>
          <IterationMode>Workload</IterationMode>
          <IterationStage>Jitting</IterationStage>
          <LaunchIndex>1</LaunchIndex>
          <IterationIndex>2</IterationIndex>
          <Operations>16</Operations>
          <Nanoseconds>273000</Nanoseconds>
        </Measurement>
        <Measurement>
          <IterationMode>Workload</IterationMode>
          <IterationStage>Pilot</IterationStage>
          <LaunchIndex>1</LaunchIndex>
          <IterationIndex>1</IterationIndex>
          <Operations>16</Operations>
          <Nanoseconds>59700</Nanoseconds>
        </Measurement>
        <Measurement>
          <IterationMode>Workload</IterationMode>
          <IterationStage>Pilot</IterationStage>
          <LaunchIndex>1</LaunchIndex>
          <IterationIndex>2</IterationIndex>
          <Operations>32</Operations>
          <Nanoseconds>96900</Nanoseconds>
        </Measurement>
        <Measurement>
          <IterationMode>Workload</IterationMode>
          <IterationStage>Pilot</IterationStage>
          <LaunchIndex>1</LaunchIndex>
          <IterationIndex>3</IterationIndex>
          <Operations>64</Operations>
          <Nanoseconds>166400</Nanoseconds>
        </Measurement>
        <Measurement>
          <IterationMode>Workload</IterationMode>
          <IterationStage>Pilot</IterationStage>
          <LaunchIndex>1</LaunchIndex>
          <IterationIndex>4</IterationIndex>
          <Operations>128</Operations>
          <Nanoseconds>328100</Nanoseconds>
        </Measurement>
        <Measurement>
          <IterationMode>Workload</IterationMode>
          <IterationStage>Pilot</IterationStage>
          <LaunchIndex>1</LaunchIndex>
          <IterationIndex>5</IterationIndex>
          <Operations>256</Operations>
          <Nanoseconds>641000</Nanoseconds>
        </Measurement>
        <Measurement>
          <IterationMode>Workload</IterationMode>
          <IterationStage>Pilot</IterationStage>
          <LaunchIndex>1</LaunchIndex>
          <IterationIndex>6</IterationIndex>
          <Operations>512</Operations>
          <Nanoseconds>1275100</Nanoseconds>
        </Measurement>
        <Measurement>
          <IterationMode>Workload</IterationMode>
          <IterationStage>Pilot</IterationStage>
          <LaunchIndex>1</LaunchIndex>
          <IterationIndex>7</IterationIndex>
          <Operations>1024</Operations>
          <Nanoseconds>3031200</Nanoseconds>
        </Measurement>
        <Measurement>
          <IterationMode>Workload</IterationMode>
          <IterationStage>Pilot</IterationStage>
          <LaunchIndex>1</LaunchIndex>
          <IterationIndex>8</IterationIndex>
          <Operations>2048</Operations>
          <Nanoseconds>5833400</Nanoseconds>
        </Measurement>
        <Measurement>
          <IterationMode>Workload</IterationMode>
          <IterationStage>Pilot</IterationStage>
          <LaunchIndex>1</LaunchIndex>
          <IterationIndex>9</IterationIndex>
          <Operations>4096</Operations>
          <Nanoseconds>10497900</Nanoseconds>
        </Measurement>
        <Measurement>
          <IterationMode>Workload</IterationMode>
          <IterationStage>Pilot</IterationStage>
          <LaunchIndex>1</LaunchIndex>
          <IterationIndex>10</IterationIndex>
          <Operations>8192</Operations>
          <Nanoseconds>21426100</Nanoseconds>
        </Measurement>
        <Measurement>
          <IterationMode>Workload</IterationMode>
          <IterationStage>Pilot</IterationStage>
          <LaunchIndex>1</LaunchIndex>
          <IterationIndex>11</IterationIndex>
          <Operations>16384</Operations>
          <Nanoseconds>41802300</Nanoseconds>
        </Measurement>
        <Measurement>
          <IterationMode>Workload</IterationMode>
          <IterationStage>Pilot</IterationStage>
          <LaunchIndex>1</LaunchIndex>
          <IterationIndex>12</IterationIndex>
          <Operations>32768</Operations>
          <Nanoseconds>80371700</Nanoseconds>
        </Measurement>
        <Measurement>
          <IterationMode>Workload</IterationMode>
          <IterationStage>Pilot</IterationStage>
          <LaunchIndex>1</LaunchIndex>
          <IterationIndex>13</IterationIndex>
          <Operations>65536</Operations>
          <Nanoseconds>154310500</Nanoseconds>
        </Measurement>
        <Measurement>
          <IterationMode>Workload</IterationMode>
          <IterationStage>Pilot</IterationStage>
          <LaunchIndex>1</LaunchIndex>
          <IterationIndex>14</IterationIndex>
          <Operations>131072</Operations>
          <Nanoseconds>246912600</Nanoseconds>
        </Measurement>
        <Measurement>
          <IterationMode>Workload</IterationMode>
          <IterationStage>Pilot</IterationStage>
          <LaunchIndex>1</LaunchIndex>
          <IterationIndex>15</IterationIndex>
          <Operations>262144</Operations>
          <Nanoseconds>514816100</Nanoseconds>
        </Measurement>
        <Measurement>
          <IterationMode>Overhead</IterationMode>
          <IterationStage>Warmup</IterationStage>
          <LaunchIndex>1</LaunchIndex>
          <IterationIndex>1</IterationIndex>
          <Operations>262144</Operations>
          <Nanoseconds>481200</Nanoseconds>
        </Measurement>
        <Measurement>
          <IterationMode>Overhead</IterationMode>
          <IterationStage>Warmup</IterationStage>
          <LaunchIndex>1</LaunchIndex>
          <IterationIndex>2</IterationIndex>
          <Operations>262144</Operations>
          <Nanoseconds>481400</Nanoseconds>
        </Measurement>
        <Measurement>
          <IterationMode>Overhead</IterationMode>
          <IterationStage>Warmup</IterationStage>
          <LaunchIndex>1</LaunchIndex>
          <IterationIndex>3</IterationIndex>
          <Operations>262144</Operations>
          <Nanoseconds>482200</Nanoseconds>
        </Measurement>
        <Measurement>
          <IterationMode>Overhead</IterationMode>
          <IterationStage>Warmup</IterationStage>
          <LaunchIndex>1</LaunchIndex>
          <IterationIndex>4</IterationIndex>
          <Operations>262144</Operations>
          <Nanoseconds>480600</Nanoseconds>
        </Measurement>
        <Measurement>
          <IterationMode>Overhead</IterationMode>
          <IterationStage>Warmup</IterationStage>
          <LaunchIndex>1</LaunchIndex>
          <IterationIndex>5</IterationIndex>
          <Operations>262144</Operations>
          <Nanoseconds>481600</Nanoseconds>
        </Measurement>
        <Measurement>
          <IterationMode>Overhead</IterationMode>
          <IterationStage>Warmup</IterationStage>
          <LaunchIndex>1</LaunchIndex>
          <IterationIndex>6</IterationIndex>
          <Operations>262144</Operations>
          <Nanoseconds>484000</Nanoseconds>
        </Measurement>
        <Measurement>
          <IterationMode>Overhead</IterationMode>
          <IterationStage>Warmup</IterationStage>
          <LaunchIndex>1</LaunchIndex>
          <IterationIndex>7</IterationIndex>
          <Operations>262144</Operations>
          <Nanoseconds>499300</Nanoseconds>
        </Measurement>
        <Measurement>
          <IterationMode>Overhead</IterationMode>
          <IterationStage>Warmup</IterationStage>
          <LaunchIndex>1</LaunchIndex>
          <IterationIndex>8</IterationIndex>
          <Operations>262144</Operations>
          <Nanoseconds>487000</Nanoseconds>
        </Measurement>
        <Measurement>
          <IterationMode>Overhead</IterationMode>
          <IterationStage>Actual</IterationStage>
          <LaunchIndex>1</LaunchIndex>
          <IterationIndex>1</IterationIndex>
          <Operations>262144</Operations>
          <Nanoseconds>481000</Nanoseconds>
        </Measurement>
        <Measurement>
          <IterationMode>Overhead</IterationMode>
          <IterationStage>Actual</IterationStage>
          <LaunchIndex>1</LaunchIndex>
          <IterationIndex>2</IterationIndex>
          <Operations>262144</Operations>
          <Nanoseconds>489300</Nanoseconds>
        </Measurement>
        <Measurement>
          <IterationMode>Overhead</IterationMode>
          <IterationStage>Actual</IterationStage>
          <LaunchIndex>1</LaunchIndex>
          <IterationIndex>3</IterationIndex>
          <Operations>262144</Operations>
          <Nanoseconds>481900</Nanoseconds>
        </Measurement>
        <Measurement>
          <IterationMode>Overhead</IterationMode>
          <IterationStage>Actual</IterationStage>
          <LaunchIndex>1</LaunchIndex>
          <IterationIndex>4</IterationIndex>
          <Operations>262144</Operations>
          <Nanoseconds>488200</Nanoseconds>
        </Measurement>
        <Measurement>
          <IterationMode>Overhead</IterationMode>
          <IterationStage>Actual</IterationStage>
          <LaunchIndex>1</LaunchIndex>
          <IterationIndex>5</IterationIndex>
          <Operations>262144</Operations>
          <Nanoseconds>508400</Nanoseconds>
        </Measurement>
        <Measurement>
          <IterationMode>Overhead</IterationMode>
          <IterationStage>Actual</IterationStage>
          <LaunchIndex>1</LaunchIndex>
          <IterationIndex>6</IterationIndex>
          <Operations>262144</Operations>
          <Nanoseconds>517800</Nanoseconds>
        </Measurement>
        <Measurement>
          <IterationMode>Overhead</IterationMode>
          <IterationStage>Actual</IterationStage>
          <LaunchIndex>1</LaunchIndex>
          <IterationIndex>7</IterationIndex>
          <Operations>262144</Operations>
          <Nanoseconds>481500</Nanoseconds>
        </Measurement>
        <Measurement>
          <IterationMode>Overhead</IterationMode>
          <IterationStage>Actual</IterationStage>
          <LaunchIndex>1</LaunchIndex>
          <IterationIndex>8</IterationIndex>
          <Operations>262144</Operations>
          <Nanoseconds>481100</Nanoseconds>
        </Measurement>
        <Measurement>
          <IterationMode>Overhead</IterationMode>
          <IterationStage>Actual</IterationStage>
          <LaunchIndex>1</LaunchIndex>
          <IterationIndex>9</IterationIndex>
          <Operations>262144</Operations>
          <Nanoseconds>481200</Nanoseconds>
        </Measurement>
        <Measurement>
          <IterationMode>Overhead</IterationMode>
          <IterationStage>Actual</IterationStage>
          <LaunchIndex>1</LaunchIndex>
          <IterationIndex>10</IterationIndex>
          <Operations>262144</Operations>
          <Nanoseconds>538800</Nanoseconds>
        </Measurement>
        <Measurement>
          <IterationMode>Overhead</IterationMode>
          <IterationStage>Actual</IterationStage>
          <LaunchIndex>1</LaunchIndex>
          <IterationIndex>11</IterationIndex>
          <Operations>262144</Operations>
          <Nanoseconds>483700</Nanoseconds>
        </Measurement>
        <Measurement>
          <IterationMode>Overhead</IterationMode>
          <IterationStage>Actual</IterationStage>
          <LaunchIndex>1</LaunchIndex>
          <IterationIndex>12</IterationIndex>
          <Operations>262144</Operations>
          <Nanoseconds>481200</Nanoseconds>
        </Measurement>
        <Measurement>
          <IterationMode>Overhead</IterationMode>
          <IterationStage>Actual</IterationStage>
          <LaunchIndex>1</LaunchIndex>
          <IterationIndex>13</IterationIndex>
          <Operations>262144</Operations>
          <Nanoseconds>481200</Nanoseconds>
        </Measurement>
        <Measurement>
          <IterationMode>Overhead</IterationMode>
          <IterationStage>Actual</IterationStage>
          <LaunchIndex>1</LaunchIndex>
          <IterationIndex>14</IterationIndex>
          <Operations>262144</Operations>
          <Nanoseconds>481200</Nanoseconds>
        </Measurement>
        <Measurement>
          <IterationMode>Overhead</IterationMode>
          <IterationStage>Actual</IterationStage>
          <LaunchIndex>1</LaunchIndex>
          <IterationIndex>15</IterationIndex>
          <Operations>262144</Operations>
          <Nanoseconds>497500</Nanoseconds>
        </Measurement>
        <Measurement>
          <IterationMode>Workload</IterationMode>
          <IterationStage>Warmup</IterationStage>
          <LaunchIndex>1</LaunchIndex>
          <IterationIndex>1</IterationIndex>
          <Operations>262144</Operations>
          <Nanoseconds>501920000</Nanoseconds>
        </Measurement>
        <Measurement>
          <IterationMode>Workload</IterationMode>
          <IterationStage>Warmup</IterationStage>
          <LaunchIndex>1</LaunchIndex>
          <IterationIndex>2</IterationIndex>
          <Operations>262144</Operations>
          <Nanoseconds>482822000</Nanoseconds>
        </Measurement>
        <Measurement>
          <IterationMode>Workload</IterationMode>
          <IterationStage>Warmup</IterationStage>
          <LaunchIndex>1</LaunchIndex>
          <IterationIndex>3</IterationIndex>
          <Operations>262144</Operations>
          <Nanoseconds>484806300</Nanoseconds>
        </Measurement>
        <Measurement>
          <IterationMode>Workload</IterationMode>
          <IterationStage>Warmup</IterationStage>
          <LaunchIndex>1</LaunchIndex>
          <IterationIndex>4</IterationIndex>
          <Operations>262144</Operations>
          <Nanoseconds>481910300</Nanoseconds>
        </Measurement>
        <Measurement>
          <IterationMode>Workload</IterationMode>
          <IterationStage>Warmup</IterationStage>
          <LaunchIndex>1</LaunchIndex>
          <IterationIndex>5</IterationIndex>
          <Operations>262144</Operations>
          <Nanoseconds>505424800</Nanoseconds>
        </Measurement>
        <Measurement>
          <IterationMode>Workload</IterationMode>
          <IterationStage>Warmup</IterationStage>
          <LaunchIndex>1</LaunchIndex>
          <IterationIndex>6</IterationIndex>
          <Operations>262144</Operations>
          <Nanoseconds>482738300</Nanoseconds>
        </Measurement>
        <Measurement>
          <IterationMode>Workload</IterationMode>
          <IterationStage>Actual</IterationStage>
          <LaunchIndex>1</LaunchIndex>
          <IterationIndex>1</IterationIndex>
          <Operations>262144</Operations>
          <Nanoseconds>489318600</Nanoseconds>
        </Measurement>
        <Measurement>
          <IterationMode>Workload</IterationMode>
          <IterationStage>Actual</IterationStage>
          <LaunchIndex>1</LaunchIndex>
          <IterationIndex>2</IterationIndex>
          <Operations>262144</Operations>
          <Nanoseconds>489683400</Nanoseconds>
        </Measurement>
        <Measurement>
          <IterationMode>Workload</IterationMode>
          <IterationStage>Actual</IterationStage>
          <LaunchIndex>1</LaunchIndex>
          <IterationIndex>3</IterationIndex>
          <Operations>262144</Operations>
          <Nanoseconds>490754800</Nanoseconds>
        </Measurement>
        <Measurement>
          <IterationMode>Workload</IterationMode>
          <IterationStage>Actual</IterationStage>
          <LaunchIndex>1</LaunchIndex>
          <IterationIndex>4</IterationIndex>
          <Operations>262144</Operations>
          <Nanoseconds>490439100</Nanoseconds>
        </Measurement>
        <Measurement>
          <IterationMode>Workload</IterationMode>
          <IterationStage>Actual</IterationStage>
          <LaunchIndex>1</LaunchIndex>
          <IterationIndex>5</IterationIndex>
          <Operations>262144</Operations>
          <Nanoseconds>482918500</Nanoseconds>
        </Measurement>
        <Measurement>
          <IterationMode>Workload</IterationMode>
          <IterationStage>Actual</IterationStage>
          <LaunchIndex>1</LaunchIndex>
          <IterationIndex>6</IterationIndex>
          <Operations>262144</Operations>
          <Nanoseconds>484034700</Nanoseconds>
        </Measurement>
        <Measurement>
          <IterationMode>Workload</IterationMode>
          <IterationStage>Actual</IterationStage>
          <LaunchIndex>1</LaunchIndex>
          <IterationIndex>7</IterationIndex>
          <Operations>262144</Operations>
          <Nanoseconds>483828700</Nanoseconds>
        </Measurement>
        <Measurement>
          <IterationMode>Workload</IterationMode>
          <IterationStage>Actual</IterationStage>
          <LaunchIndex>1</LaunchIndex>
          <IterationIndex>8</IterationIndex>
          <Operations>262144</Operations>
          <Nanoseconds>482511300</Nanoseconds>
        </Measurement>
        <Measurement>
          <IterationMode>Workload</IterationMode>
          <IterationStage>Actual</IterationStage>
          <LaunchIndex>1</LaunchIndex>
          <IterationIndex>9</IterationIndex>
          <Operations>262144</Operations>
          <Nanoseconds>483556700</Nanoseconds>
        </Measurement>
        <Measurement>
          <IterationMode>Workload</IterationMode>
          <IterationStage>Actual</IterationStage>
          <LaunchIndex>1</LaunchIndex>
          <IterationIndex>10</IterationIndex>
          <Operations>262144</Operations>
          <Nanoseconds>493806200</Nanoseconds>
        </Measurement>
        <Measurement>
          <IterationMode>Workload</IterationMode>
          <IterationStage>Actual</IterationStage>
          <LaunchIndex>1</LaunchIndex>
          <IterationIndex>11</IterationIndex>
          <Operations>262144</Operations>
          <Nanoseconds>473994300</Nanoseconds>
        </Measurement>
        <Measurement>
          <IterationMode>Workload</IterationMode>
          <IterationStage>Actual</IterationStage>
          <LaunchIndex>1</LaunchIndex>
          <IterationIndex>12</IterationIndex>
          <Operations>262144</Operations>
          <Nanoseconds>481825500</Nanoseconds>
        </Measurement>
        <Measurement>
          <IterationMode>Workload</IterationMode>
          <IterationStage>Actual</IterationStage>
          <LaunchIndex>1</LaunchIndex>
          <IterationIndex>13</IterationIndex>
          <Operations>262144</Operations>
          <Nanoseconds>488210900</Nanoseconds>
        </Measurement>
        <Measurement>
          <IterationMode>Workload</IterationMode>
          <IterationStage>Actual</IterationStage>
          <LaunchIndex>1</LaunchIndex>
          <IterationIndex>14</IterationIndex>
          <Operations>262144</Operations>
          <Nanoseconds>487729800</Nanoseconds>
        </Measurement>
        <Measurement>
          <IterationMode>Workload</IterationMode>
          <IterationStage>Actual</IterationStage>
          <LaunchIndex>1</LaunchIndex>
          <IterationIndex>15</IterationIndex>
          <Operations>262144</Operations>
          <Nanoseconds>489207400</Nanoseconds>
        </Measurement>
        <Measurement>
          <IterationMode>Workload</IterationMode>
          <IterationStage>Result</IterationStage>
          <LaunchIndex>1</LaunchIndex>
          <IterationIndex>1</IterationIndex>
          <Operations>262144</Operations>
          <Nanoseconds>488836700</Nanoseconds>
        </Measurement>
        <Measurement>
          <IterationMode>Workload</IterationMode>
          <IterationStage>Result</IterationStage>
          <LaunchIndex>1</LaunchIndex>
          <IterationIndex>2</IterationIndex>
          <Operations>262144</Operations>
          <Nanoseconds>489201500</Nanoseconds>
        </Measurement>
        <Measurement>
          <IterationMode>Workload</IterationMode>
          <IterationStage>Result</IterationStage>
          <LaunchIndex>1</LaunchIndex>
          <IterationIndex>3</IterationIndex>
          <Operations>262144</Operations>
          <Nanoseconds>490272900</Nanoseconds>
        </Measurement>
        <Measurement>
          <IterationMode>Workload</IterationMode>
          <IterationStage>Result</IterationStage>
          <LaunchIndex>1</LaunchIndex>
          <IterationIndex>4</IterationIndex>
          <Operations>262144</Operations>
          <Nanoseconds>489957200</Nanoseconds>
        </Measurement>
        <Measurement>
          <IterationMode>Workload</IterationMode>
          <IterationStage>Result</IterationStage>
          <LaunchIndex>1</LaunchIndex>
          <IterationIndex>5</IterationIndex>
          <Operations>262144</Operations>
          <Nanoseconds>482436600</Nanoseconds>
        </Measurement>
        <Measurement>
          <IterationMode>Workload</IterationMode>
          <IterationStage>Result</IterationStage>
          <LaunchIndex>1</LaunchIndex>
          <IterationIndex>6</IterationIndex>
          <Operations>262144</Operations>
          <Nanoseconds>483552800</Nanoseconds>
        </Measurement>
        <Measurement>
          <IterationMode>Workload</IterationMode>
          <IterationStage>Result</IterationStage>
          <LaunchIndex>1</LaunchIndex>
          <IterationIndex>7</IterationIndex>
          <Operations>262144</Operations>
          <Nanoseconds>483346800</Nanoseconds>
        </Measurement>
        <Measurement>
          <IterationMode>Workload</IterationMode>
          <IterationStage>Result</IterationStage>
          <LaunchIndex>1</LaunchIndex>
          <IterationIndex>8</IterationIndex>
          <Operations>262144</Operations>
          <Nanoseconds>482029400</Nanoseconds>
        </Measurement>
        <Measurement>
          <IterationMode>Workload</IterationMode>
          <IterationStage>Result</IterationStage>
          <LaunchIndex>1</LaunchIndex>
          <IterationIndex>9</IterationIndex>
          <Operations>262144</Operations>
          <Nanoseconds>483074800</Nanoseconds>
        </Measurement>
        <Measurement>
          <IterationMode>Workload</IterationMode>
          <IterationStage>Result</IterationStage>
          <LaunchIndex>1</LaunchIndex>
          <IterationIndex>10</IterationIndex>
          <Operations>262144</Operations>
          <Nanoseconds>493324300</Nanoseconds>
        </Measurement>
        <Measurement>
          <IterationMode>Workload</IterationMode>
          <IterationStage>Result</IterationStage>
          <LaunchIndex>1</LaunchIndex>
          <IterationIndex>11</IterationIndex>
          <Operations>262144</Operations>
          <Nanoseconds>473512400</Nanoseconds>
        </Measurement>
        <Measurement>
          <IterationMode>Workload</IterationMode>
          <IterationStage>Result</IterationStage>
          <LaunchIndex>1</LaunchIndex>
          <IterationIndex>12</IterationIndex>
          <Operations>262144</Operations>
          <Nanoseconds>481343600</Nanoseconds>
        </Measurement>
        <Measurement>
          <IterationMode>Workload</IterationMode>
          <IterationStage>Result</IterationStage>
          <LaunchIndex>1</LaunchIndex>
          <IterationIndex>13</IterationIndex>
          <Operations>262144</Operations>
          <Nanoseconds>487729000</Nanoseconds>
        </Measurement>
        <Measurement>
          <IterationMode>Workload</IterationMode>
          <IterationStage>Result</IterationStage>
          <LaunchIndex>1</LaunchIndex>
          <IterationIndex>14</IterationIndex>
          <Operations>262144</Operations>
          <Nanoseconds>487247900</Nanoseconds>
        </Measurement>
        <Measurement>
          <IterationMode>Workload</IterationMode>
          <IterationStage>Result</IterationStage>
          <LaunchIndex>1</LaunchIndex>
          <IterationIndex>15</IterationIndex>
          <Operations>262144</Operations>
          <Nanoseconds>488725500</Nanoseconds>
        </Measurement>
      </Measurements>
    </BenchmarkCase>
    <BenchmarkCase>
      <DisplayInfo>AssemblyExtensionsBenchmark.GetAllTypes: Job-CJSTKQ(EvaluateOverhead=True, Server=True, Toolchain=.NET Core 5.0)</DisplayInfo>
      <Namespace>dotNetTips.Spargine.Extensions.BenchmarkTests.Extensions</Namespace>
      <Type>AssemblyExtensionsBenchmark</Type>
      <Method>GetAllTypes01</Method>
      <MethodTitle>GetAllTypes</MethodTitle>
      <Statistics>
        <OriginalValues>
          <Item>1268.7976837158203</Item>
          <Item>1276.1899948120117</Item>
          <Item>1270.1257705688477</Item>
          <Item>1270.926284790039</Item>
          <Item>1273.0533599853516</Item>
          <Item>1276.6807556152344</Item>
          <Item>1276.7156600952148</Item>
          <Item>1273.7396240234375</Item>
          <Item>1262.6739501953125</Item>
          <Item>1283.510971069336</Item>
          <Item>1248.1508255004883</Item>
          <Item>1259.920883178711</Item>
          <Item>1275.2582550048828</Item>
          <Item>1270.918846130371</Item>
          <Item>1262.797737121582</Item>
        </OriginalValues>
        <N>15</N>
        <Min>1248.1508255004883</Min>
        <LowerFence>1250.908088684082</LowerFence>
        <Q1>1265.7977104187012</Q1>
        <Median>1270.926284790039</Median>
        <Mean>1269.9640401204426</Mean>
        <Q3>1275.7241249084473</Q3>
        <UpperFence>1290.6137466430664</UpperFence>
        <Max>1283.510971069336</Max>
        <InterquartileRange>9.926414489746094</InterquartileRange>
        <LowerOutliers>
          <Item>1248.1508255004883</Item>
        </LowerOutliers>
        <AllOutliers>
          <Outlier>1248.1508255004883</Outlier>
        </AllOutliers>
        <StandardError>2.2352318384900194</StandardError>
        <Variance>74.94392057699208</Variance>
        <StandardDeviation>8.657015685384431</StandardDeviation>
        <Skewness>-0.8813765805013775</Skewness>
        <Kurtosis>3.352155949269408</Kurtosis>
        <ConfidenceInterval>
          <N>15</N>
          <Mean>1269.9640401204426</Mean>
          <StandardError>2.2352318384900194</StandardError>
          <Level>L999</Level>
          <Margin>9.254874859151082</Margin>
          <Lower>1260.7091652612914</Lower>
          <Upper>1279.2189149795938</Upper>
        </ConfidenceInterval>
        <Percentiles>
          <P0>1248.1508255004883</P0>
          <P25>1265.7977104187012</P25>
          <P50>1270.926284790039</P50>
          <P67>1274.3167037963867</P67>
          <P80>1276.2881469726562</P80>
          <P85>1276.631679534912</P85>
          <P90>1276.7016983032227</P90>
          <P95>1278.7542533874512</P95>
          <P100>1283.510971069336</P100>
        </Percentiles>
      </Statistics>
      <Memory>
        <Gen0Collections>13</Gen0Collections>
        <Gen1Collections>0</Gen1Collections>
        <Gen2Collections>0</Gen2Collections>
        <TotalOperations>524288</TotalOperations>
        <BytesAllocatedPerOperation>240</BytesAllocatedPerOperation>
      </Memory>
      <Measurements>
        <Measurement>
          <IterationMode>Overhead</IterationMode>
          <IterationStage>Jitting</IterationStage>
          <LaunchIndex>1</LaunchIndex>
          <IterationIndex>1</IterationIndex>
          <Operations>1</Operations>
          <Nanoseconds>198700</Nanoseconds>
        </Measurement>
        <Measurement>
          <IterationMode>Workload</IterationMode>
          <IterationStage>Jitting</IterationStage>
          <LaunchIndex>1</LaunchIndex>
          <IterationIndex>1</IterationIndex>
          <Operations>1</Operations>
          <Nanoseconds>896800</Nanoseconds>
        </Measurement>
        <Measurement>
          <IterationMode>Overhead</IterationMode>
          <IterationStage>Jitting</IterationStage>
          <LaunchIndex>1</LaunchIndex>
          <IterationIndex>2</IterationIndex>
          <Operations>16</Operations>
          <Nanoseconds>183500</Nanoseconds>
        </Measurement>
        <Measurement>
          <IterationMode>Workload</IterationMode>
          <IterationStage>Jitting</IterationStage>
          <LaunchIndex>1</LaunchIndex>
          <IterationIndex>2</IterationIndex>
          <Operations>16</Operations>
          <Nanoseconds>213800</Nanoseconds>
        </Measurement>
        <Measurement>
          <IterationMode>Workload</IterationMode>
          <IterationStage>Pilot</IterationStage>
          <LaunchIndex>1</LaunchIndex>
          <IterationIndex>1</IterationIndex>
          <Operations>16</Operations>
          <Nanoseconds>49700</Nanoseconds>
        </Measurement>
        <Measurement>
          <IterationMode>Workload</IterationMode>
          <IterationStage>Pilot</IterationStage>
          <LaunchIndex>1</LaunchIndex>
          <IterationIndex>2</IterationIndex>
          <Operations>32</Operations>
          <Nanoseconds>62900</Nanoseconds>
        </Measurement>
        <Measurement>
          <IterationMode>Workload</IterationMode>
          <IterationStage>Pilot</IterationStage>
          <LaunchIndex>1</LaunchIndex>
          <IterationIndex>3</IterationIndex>
          <Operations>64</Operations>
          <Nanoseconds>164100</Nanoseconds>
        </Measurement>
        <Measurement>
          <IterationMode>Workload</IterationMode>
          <IterationStage>Pilot</IterationStage>
          <LaunchIndex>1</LaunchIndex>
          <IterationIndex>4</IterationIndex>
          <Operations>128</Operations>
          <Nanoseconds>243500</Nanoseconds>
        </Measurement>
        <Measurement>
          <IterationMode>Workload</IterationMode>
          <IterationStage>Pilot</IterationStage>
          <LaunchIndex>1</LaunchIndex>
          <IterationIndex>5</IterationIndex>
          <Operations>256</Operations>
          <Nanoseconds>447200</Nanoseconds>
        </Measurement>
        <Measurement>
          <IterationMode>Workload</IterationMode>
          <IterationStage>Pilot</IterationStage>
          <LaunchIndex>1</LaunchIndex>
          <IterationIndex>6</IterationIndex>
          <Operations>512</Operations>
          <Nanoseconds>1015800</Nanoseconds>
        </Measurement>
        <Measurement>
          <IterationMode>Workload</IterationMode>
          <IterationStage>Pilot</IterationStage>
          <LaunchIndex>1</LaunchIndex>
          <IterationIndex>7</IterationIndex>
          <Operations>1024</Operations>
          <Nanoseconds>1956800</Nanoseconds>
        </Measurement>
        <Measurement>
          <IterationMode>Workload</IterationMode>
          <IterationStage>Pilot</IterationStage>
          <LaunchIndex>1</LaunchIndex>
          <IterationIndex>8</IterationIndex>
          <Operations>2048</Operations>
          <Nanoseconds>3615900</Nanoseconds>
        </Measurement>
        <Measurement>
          <IterationMode>Workload</IterationMode>
          <IterationStage>Pilot</IterationStage>
          <LaunchIndex>1</LaunchIndex>
          <IterationIndex>9</IterationIndex>
          <Operations>4096</Operations>
          <Nanoseconds>7098300</Nanoseconds>
        </Measurement>
        <Measurement>
          <IterationMode>Workload</IterationMode>
          <IterationStage>Pilot</IterationStage>
          <LaunchIndex>1</LaunchIndex>
          <IterationIndex>10</IterationIndex>
          <Operations>8192</Operations>
          <Nanoseconds>14617200</Nanoseconds>
        </Measurement>
        <Measurement>
          <IterationMode>Workload</IterationMode>
          <IterationStage>Pilot</IterationStage>
          <LaunchIndex>1</LaunchIndex>
          <IterationIndex>11</IterationIndex>
          <Operations>16384</Operations>
          <Nanoseconds>29612800</Nanoseconds>
        </Measurement>
        <Measurement>
          <IterationMode>Workload</IterationMode>
          <IterationStage>Pilot</IterationStage>
          <LaunchIndex>1</LaunchIndex>
          <IterationIndex>12</IterationIndex>
          <Operations>32768</Operations>
          <Nanoseconds>57328200</Nanoseconds>
        </Measurement>
        <Measurement>
          <IterationMode>Workload</IterationMode>
          <IterationStage>Pilot</IterationStage>
          <LaunchIndex>1</LaunchIndex>
          <IterationIndex>13</IterationIndex>
          <Operations>65536</Operations>
          <Nanoseconds>101837300</Nanoseconds>
        </Measurement>
        <Measurement>
          <IterationMode>Workload</IterationMode>
          <IterationStage>Pilot</IterationStage>
          <LaunchIndex>1</LaunchIndex>
          <IterationIndex>14</IterationIndex>
          <Operations>131072</Operations>
          <Nanoseconds>161864300</Nanoseconds>
        </Measurement>
        <Measurement>
          <IterationMode>Workload</IterationMode>
          <IterationStage>Pilot</IterationStage>
          <LaunchIndex>1</LaunchIndex>
          <IterationIndex>15</IterationIndex>
          <Operations>262144</Operations>
          <Nanoseconds>331513500</Nanoseconds>
        </Measurement>
        <Measurement>
          <IterationMode>Workload</IterationMode>
          <IterationStage>Pilot</IterationStage>
          <LaunchIndex>1</LaunchIndex>
          <IterationIndex>16</IterationIndex>
          <Operations>524288</Operations>
          <Nanoseconds>654330300</Nanoseconds>
        </Measurement>
        <Measurement>
          <IterationMode>Overhead</IterationMode>
          <IterationStage>Warmup</IterationStage>
          <LaunchIndex>1</LaunchIndex>
          <IterationIndex>1</IterationIndex>
          <Operations>524288</Operations>
          <Nanoseconds>972400</Nanoseconds>
        </Measurement>
        <Measurement>
          <IterationMode>Overhead</IterationMode>
          <IterationStage>Warmup</IterationStage>
          <LaunchIndex>1</LaunchIndex>
          <IterationIndex>2</IterationIndex>
          <Operations>524288</Operations>
          <Nanoseconds>971900</Nanoseconds>
        </Measurement>
        <Measurement>
          <IterationMode>Overhead</IterationMode>
          <IterationStage>Warmup</IterationStage>
          <LaunchIndex>1</LaunchIndex>
          <IterationIndex>3</IterationIndex>
          <Operations>524288</Operations>
          <Nanoseconds>978800</Nanoseconds>
        </Measurement>
        <Measurement>
          <IterationMode>Overhead</IterationMode>
          <IterationStage>Warmup</IterationStage>
          <LaunchIndex>1</LaunchIndex>
          <IterationIndex>4</IterationIndex>
          <Operations>524288</Operations>
          <Nanoseconds>990700</Nanoseconds>
        </Measurement>
        <Measurement>
          <IterationMode>Overhead</IterationMode>
          <IterationStage>Warmup</IterationStage>
          <LaunchIndex>1</LaunchIndex>
          <IterationIndex>5</IterationIndex>
          <Operations>524288</Operations>
          <Nanoseconds>993000</Nanoseconds>
        </Measurement>
        <Measurement>
          <IterationMode>Overhead</IterationMode>
          <IterationStage>Warmup</IterationStage>
          <LaunchIndex>1</LaunchIndex>
          <IterationIndex>6</IterationIndex>
          <Operations>524288</Operations>
          <Nanoseconds>979100</Nanoseconds>
        </Measurement>
        <Measurement>
          <IterationMode>Overhead</IterationMode>
          <IterationStage>Warmup</IterationStage>
          <LaunchIndex>1</LaunchIndex>
          <IterationIndex>7</IterationIndex>
          <Operations>524288</Operations>
          <Nanoseconds>972000</Nanoseconds>
        </Measurement>
        <Measurement>
          <IterationMode>Overhead</IterationMode>
          <IterationStage>Warmup</IterationStage>
          <LaunchIndex>1</LaunchIndex>
          <IterationIndex>8</IterationIndex>
          <Operations>524288</Operations>
          <Nanoseconds>972000</Nanoseconds>
        </Measurement>
        <Measurement>
          <IterationMode>Overhead</IterationMode>
          <IterationStage>Warmup</IterationStage>
          <LaunchIndex>1</LaunchIndex>
          <IterationIndex>9</IterationIndex>
          <Operations>524288</Operations>
          <Nanoseconds>971900</Nanoseconds>
        </Measurement>
        <Measurement>
          <IterationMode>Overhead</IterationMode>
          <IterationStage>Actual</IterationStage>
          <LaunchIndex>1</LaunchIndex>
          <IterationIndex>1</IterationIndex>
          <Operations>524288</Operations>
          <Nanoseconds>980600</Nanoseconds>
        </Measurement>
        <Measurement>
          <IterationMode>Overhead</IterationMode>
          <IterationStage>Actual</IterationStage>
          <LaunchIndex>1</LaunchIndex>
          <IterationIndex>2</IterationIndex>
          <Operations>524288</Operations>
          <Nanoseconds>972300</Nanoseconds>
        </Measurement>
        <Measurement>
          <IterationMode>Overhead</IterationMode>
          <IterationStage>Actual</IterationStage>
          <LaunchIndex>1</LaunchIndex>
          <IterationIndex>3</IterationIndex>
          <Operations>524288</Operations>
          <Nanoseconds>1082400</Nanoseconds>
        </Measurement>
        <Measurement>
          <IterationMode>Overhead</IterationMode>
          <IterationStage>Actual</IterationStage>
          <LaunchIndex>1</LaunchIndex>
          <IterationIndex>4</IterationIndex>
          <Operations>524288</Operations>
          <Nanoseconds>972100</Nanoseconds>
        </Measurement>
        <Measurement>
          <IterationMode>Overhead</IterationMode>
          <IterationStage>Actual</IterationStage>
          <LaunchIndex>1</LaunchIndex>
          <IterationIndex>5</IterationIndex>
          <Operations>524288</Operations>
          <Nanoseconds>972400</Nanoseconds>
        </Measurement>
        <Measurement>
          <IterationMode>Overhead</IterationMode>
          <IterationStage>Actual</IterationStage>
          <LaunchIndex>1</LaunchIndex>
          <IterationIndex>6</IterationIndex>
          <Operations>524288</Operations>
          <Nanoseconds>973200</Nanoseconds>
        </Measurement>
        <Measurement>
          <IterationMode>Overhead</IterationMode>
          <IterationStage>Actual</IterationStage>
          <LaunchIndex>1</LaunchIndex>
          <IterationIndex>7</IterationIndex>
          <Operations>524288</Operations>
          <Nanoseconds>984400</Nanoseconds>
        </Measurement>
        <Measurement>
          <IterationMode>Overhead</IterationMode>
          <IterationStage>Actual</IterationStage>
          <LaunchIndex>1</LaunchIndex>
          <IterationIndex>8</IterationIndex>
          <Operations>524288</Operations>
          <Nanoseconds>1312500</Nanoseconds>
        </Measurement>
        <Measurement>
          <IterationMode>Overhead</IterationMode>
          <IterationStage>Actual</IterationStage>
          <LaunchIndex>1</LaunchIndex>
          <IterationIndex>9</IterationIndex>
          <Operations>524288</Operations>
          <Nanoseconds>991200</Nanoseconds>
        </Measurement>
        <Measurement>
          <IterationMode>Overhead</IterationMode>
          <IterationStage>Actual</IterationStage>
          <LaunchIndex>1</LaunchIndex>
          <IterationIndex>10</IterationIndex>
          <Operations>524288</Operations>
          <Nanoseconds>1020000</Nanoseconds>
        </Measurement>
        <Measurement>
          <IterationMode>Overhead</IterationMode>
          <IterationStage>Actual</IterationStage>
          <LaunchIndex>1</LaunchIndex>
          <IterationIndex>11</IterationIndex>
          <Operations>524288</Operations>
          <Nanoseconds>979300</Nanoseconds>
        </Measurement>
        <Measurement>
          <IterationMode>Overhead</IterationMode>
          <IterationStage>Actual</IterationStage>
          <LaunchIndex>1</LaunchIndex>
          <IterationIndex>12</IterationIndex>
          <Operations>524288</Operations>
          <Nanoseconds>973500</Nanoseconds>
        </Measurement>
        <Measurement>
          <IterationMode>Overhead</IterationMode>
          <IterationStage>Actual</IterationStage>
          <LaunchIndex>1</LaunchIndex>
          <IterationIndex>13</IterationIndex>
          <Operations>524288</Operations>
          <Nanoseconds>991100</Nanoseconds>
        </Measurement>
        <Measurement>
          <IterationMode>Overhead</IterationMode>
          <IterationStage>Actual</IterationStage>
          <LaunchIndex>1</LaunchIndex>
          <IterationIndex>14</IterationIndex>
          <Operations>524288</Operations>
          <Nanoseconds>971800</Nanoseconds>
        </Measurement>
        <Measurement>
          <IterationMode>Overhead</IterationMode>
          <IterationStage>Actual</IterationStage>
          <LaunchIndex>1</LaunchIndex>
          <IterationIndex>15</IterationIndex>
          <Operations>524288</Operations>
          <Nanoseconds>971800</Nanoseconds>
        </Measurement>
        <Measurement>
          <IterationMode>Workload</IterationMode>
          <IterationStage>Warmup</IterationStage>
          <LaunchIndex>1</LaunchIndex>
          <IterationIndex>1</IterationIndex>
          <Operations>524288</Operations>
          <Nanoseconds>660235000</Nanoseconds>
        </Measurement>
        <Measurement>
          <IterationMode>Workload</IterationMode>
          <IterationStage>Warmup</IterationStage>
          <LaunchIndex>1</LaunchIndex>
          <IterationIndex>2</IterationIndex>
          <Operations>524288</Operations>
          <Nanoseconds>656048000</Nanoseconds>
        </Measurement>
        <Measurement>
          <IterationMode>Workload</IterationMode>
          <IterationStage>Warmup</IterationStage>
          <LaunchIndex>1</LaunchIndex>
          <IterationIndex>3</IterationIndex>
          <Operations>524288</Operations>
          <Nanoseconds>666258700</Nanoseconds>
        </Measurement>
        <Measurement>
          <IterationMode>Workload</IterationMode>
          <IterationStage>Warmup</IterationStage>
          <LaunchIndex>1</LaunchIndex>
          <IterationIndex>4</IterationIndex>
          <Operations>524288</Operations>
          <Nanoseconds>655519300</Nanoseconds>
        </Measurement>
        <Measurement>
          <IterationMode>Workload</IterationMode>
          <IterationStage>Warmup</IterationStage>
          <LaunchIndex>1</LaunchIndex>
          <IterationIndex>5</IterationIndex>
          <Operations>524288</Operations>
          <Nanoseconds>671380300</Nanoseconds>
        </Measurement>
        <Measurement>
          <IterationMode>Workload</IterationMode>
          <IterationStage>Warmup</IterationStage>
          <LaunchIndex>1</LaunchIndex>
          <IterationIndex>6</IterationIndex>
          <Operations>524288</Operations>
          <Nanoseconds>669290000</Nanoseconds>
        </Measurement>
        <Measurement>
          <IterationMode>Workload</IterationMode>
          <IterationStage>Actual</IterationStage>
          <LaunchIndex>1</LaunchIndex>
          <IterationIndex>1</IterationIndex>
          <Operations>524288</Operations>
          <Nanoseconds>666194700</Nanoseconds>
        </Measurement>
        <Measurement>
          <IterationMode>Workload</IterationMode>
          <IterationStage>Actual</IterationStage>
          <LaunchIndex>1</LaunchIndex>
          <IterationIndex>2</IterationIndex>
          <Operations>524288</Operations>
          <Nanoseconds>670070400</Nanoseconds>
        </Measurement>
        <Measurement>
          <IterationMode>Workload</IterationMode>
          <IterationStage>Actual</IterationStage>
          <LaunchIndex>1</LaunchIndex>
          <IterationIndex>3</IterationIndex>
          <Operations>524288</Operations>
          <Nanoseconds>666891000</Nanoseconds>
        </Measurement>
        <Measurement>
          <IterationMode>Workload</IterationMode>
          <IterationStage>Actual</IterationStage>
          <LaunchIndex>1</LaunchIndex>
          <IterationIndex>4</IterationIndex>
          <Operations>524288</Operations>
          <Nanoseconds>667310700</Nanoseconds>
        </Measurement>
        <Measurement>
          <IterationMode>Workload</IterationMode>
          <IterationStage>Actual</IterationStage>
          <LaunchIndex>1</LaunchIndex>
          <IterationIndex>5</IterationIndex>
          <Operations>524288</Operations>
          <Nanoseconds>668425900</Nanoseconds>
        </Measurement>
        <Measurement>
          <IterationMode>Workload</IterationMode>
          <IterationStage>Actual</IterationStage>
          <LaunchIndex>1</LaunchIndex>
          <IterationIndex>6</IterationIndex>
          <Operations>524288</Operations>
          <Nanoseconds>670327700</Nanoseconds>
        </Measurement>
        <Measurement>
          <IterationMode>Workload</IterationMode>
          <IterationStage>Actual</IterationStage>
          <LaunchIndex>1</LaunchIndex>
          <IterationIndex>7</IterationIndex>
          <Operations>524288</Operations>
          <Nanoseconds>670346000</Nanoseconds>
        </Measurement>
        <Measurement>
          <IterationMode>Workload</IterationMode>
          <IterationStage>Actual</IterationStage>
          <LaunchIndex>1</LaunchIndex>
          <IterationIndex>8</IterationIndex>
          <Operations>524288</Operations>
          <Nanoseconds>668785700</Nanoseconds>
        </Measurement>
        <Measurement>
          <IterationMode>Workload</IterationMode>
          <IterationStage>Actual</IterationStage>
          <LaunchIndex>1</LaunchIndex>
          <IterationIndex>9</IterationIndex>
          <Operations>524288</Operations>
          <Nanoseconds>662984100</Nanoseconds>
        </Measurement>
        <Measurement>
          <IterationMode>Workload</IterationMode>
          <IterationStage>Actual</IterationStage>
          <LaunchIndex>1</LaunchIndex>
          <IterationIndex>10</IterationIndex>
          <Operations>524288</Operations>
          <Nanoseconds>673908700</Nanoseconds>
        </Measurement>
        <Measurement>
          <IterationMode>Workload</IterationMode>
          <IterationStage>Actual</IterationStage>
          <LaunchIndex>1</LaunchIndex>
          <IterationIndex>11</IterationIndex>
          <Operations>524288</Operations>
          <Nanoseconds>655369800</Nanoseconds>
        </Measurement>
        <Measurement>
          <IterationMode>Workload</IterationMode>
          <IterationStage>Actual</IterationStage>
          <LaunchIndex>1</LaunchIndex>
          <IterationIndex>12</IterationIndex>
          <Operations>524288</Operations>
          <Nanoseconds>661540700</Nanoseconds>
        </Measurement>
        <Measurement>
          <IterationMode>Workload</IterationMode>
          <IterationStage>Actual</IterationStage>
          <LaunchIndex>1</LaunchIndex>
          <IterationIndex>13</IterationIndex>
          <Operations>524288</Operations>
          <Nanoseconds>669581900</Nanoseconds>
        </Measurement>
        <Measurement>
          <IterationMode>Workload</IterationMode>
          <IterationStage>Actual</IterationStage>
          <LaunchIndex>1</LaunchIndex>
          <IterationIndex>14</IterationIndex>
          <Operations>524288</Operations>
          <Nanoseconds>667306800</Nanoseconds>
        </Measurement>
        <Measurement>
          <IterationMode>Workload</IterationMode>
          <IterationStage>Actual</IterationStage>
          <LaunchIndex>1</LaunchIndex>
          <IterationIndex>15</IterationIndex>
          <Operations>524288</Operations>
          <Nanoseconds>663049000</Nanoseconds>
        </Measurement>
        <Measurement>
          <IterationMode>Workload</IterationMode>
          <IterationStage>Result</IterationStage>
          <LaunchIndex>1</LaunchIndex>
          <IterationIndex>1</IterationIndex>
          <Operations>524288</Operations>
          <Nanoseconds>665215400</Nanoseconds>
        </Measurement>
        <Measurement>
          <IterationMode>Workload</IterationMode>
          <IterationStage>Result</IterationStage>
          <LaunchIndex>1</LaunchIndex>
          <IterationIndex>2</IterationIndex>
          <Operations>524288</Operations>
          <Nanoseconds>669091100</Nanoseconds>
        </Measurement>
        <Measurement>
          <IterationMode>Workload</IterationMode>
          <IterationStage>Result</IterationStage>
          <LaunchIndex>1</LaunchIndex>
          <IterationIndex>3</IterationIndex>
          <Operations>524288</Operations>
          <Nanoseconds>665911700</Nanoseconds>
        </Measurement>
        <Measurement>
          <IterationMode>Workload</IterationMode>
          <IterationStage>Result</IterationStage>
          <LaunchIndex>1</LaunchIndex>
          <IterationIndex>4</IterationIndex>
          <Operations>524288</Operations>
          <Nanoseconds>666331400</Nanoseconds>
        </Measurement>
        <Measurement>
          <IterationMode>Workload</IterationMode>
          <IterationStage>Result</IterationStage>
          <LaunchIndex>1</LaunchIndex>
          <IterationIndex>5</IterationIndex>
          <Operations>524288</Operations>
          <Nanoseconds>667446600</Nanoseconds>
        </Measurement>
        <Measurement>
          <IterationMode>Workload</IterationMode>
          <IterationStage>Result</IterationStage>
          <LaunchIndex>1</LaunchIndex>
          <IterationIndex>6</IterationIndex>
          <Operations>524288</Operations>
          <Nanoseconds>669348400</Nanoseconds>
        </Measurement>
        <Measurement>
          <IterationMode>Workload</IterationMode>
          <IterationStage>Result</IterationStage>
          <LaunchIndex>1</LaunchIndex>
          <IterationIndex>7</IterationIndex>
          <Operations>524288</Operations>
          <Nanoseconds>669366700</Nanoseconds>
        </Measurement>
        <Measurement>
          <IterationMode>Workload</IterationMode>
          <IterationStage>Result</IterationStage>
          <LaunchIndex>1</LaunchIndex>
          <IterationIndex>8</IterationIndex>
          <Operations>524288</Operations>
          <Nanoseconds>667806400</Nanoseconds>
        </Measurement>
        <Measurement>
          <IterationMode>Workload</IterationMode>
          <IterationStage>Result</IterationStage>
          <LaunchIndex>1</LaunchIndex>
          <IterationIndex>9</IterationIndex>
          <Operations>524288</Operations>
          <Nanoseconds>662004800</Nanoseconds>
        </Measurement>
        <Measurement>
          <IterationMode>Workload</IterationMode>
          <IterationStage>Result</IterationStage>
          <LaunchIndex>1</LaunchIndex>
          <IterationIndex>10</IterationIndex>
          <Operations>524288</Operations>
          <Nanoseconds>672929400</Nanoseconds>
        </Measurement>
        <Measurement>
          <IterationMode>Workload</IterationMode>
          <IterationStage>Result</IterationStage>
          <LaunchIndex>1</LaunchIndex>
          <IterationIndex>11</IterationIndex>
          <Operations>524288</Operations>
          <Nanoseconds>654390500</Nanoseconds>
        </Measurement>
        <Measurement>
          <IterationMode>Workload</IterationMode>
          <IterationStage>Result</IterationStage>
          <LaunchIndex>1</LaunchIndex>
          <IterationIndex>12</IterationIndex>
          <Operations>524288</Operations>
          <Nanoseconds>660561400</Nanoseconds>
        </Measurement>
        <Measurement>
          <IterationMode>Workload</IterationMode>
          <IterationStage>Result</IterationStage>
          <LaunchIndex>1</LaunchIndex>
          <IterationIndex>13</IterationIndex>
          <Operations>524288</Operations>
          <Nanoseconds>668602600</Nanoseconds>
        </Measurement>
        <Measurement>
          <IterationMode>Workload</IterationMode>
          <IterationStage>Result</IterationStage>
          <LaunchIndex>1</LaunchIndex>
          <IterationIndex>14</IterationIndex>
          <Operations>524288</Operations>
          <Nanoseconds>666327500</Nanoseconds>
        </Measurement>
        <Measurement>
          <IterationMode>Workload</IterationMode>
          <IterationStage>Result</IterationStage>
          <LaunchIndex>1</LaunchIndex>
          <IterationIndex>15</IterationIndex>
          <Operations>524288</Operations>
          <Nanoseconds>662069700</Nanoseconds>
        </Measurement>
      </Measurements>
    </BenchmarkCase>
    <BenchmarkCase>
      <DisplayInfo>AssemblyExtensionsBenchmark.GetInstances: Job-CJSTKQ(EvaluateOverhead=True, Server=True, Toolchain=.NET Core 5.0)</DisplayInfo>
      <Namespace>dotNetTips.Spargine.Extensions.BenchmarkTests.Extensions</Namespace>
      <Type>AssemblyExtensionsBenchmark</Type>
      <Method>GetInstances01</Method>
      <MethodTitle>GetInstances</MethodTitle>
      <Statistics>
        <OriginalValues>
          <Item>699.2621421813965</Item>
          <Item>709.1971397399902</Item>
          <Item>704.9195289611816</Item>
          <Item>712.8538131713867</Item>
          <Item>695.8430290222168</Item>
          <Item>706.7265510559082</Item>
          <Item>714.4320487976074</Item>
          <Item>711.9354248046875</Item>
          <Item>715.900993347168</Item>
          <Item>702.9742240905762</Item>
          <Item>700.8701324462891</Item>
          <Item>707.5320243835449</Item>
          <Item>697.7673530578613</Item>
          <Item>706.9852828979492</Item>
          <Item>708.3778381347656</Item>
        </OriginalValues>
        <N>15</N>
        <Min>695.8430290222168</Min>
        <LowerFence>688.9560222625732</LowerFence>
        <Q1>701.9221782684326</Q1>
        <Median>706.9852828979492</Median>
        <Mean>706.3718350728353</Mean>
        <Q3>710.5662822723389</Q3>
        <UpperFence>723.5324382781982</UpperFence>
        <Max>715.900993347168</Max>
        <InterquartileRange>8.64410400390625</InterquartileRange>
        <StandardError>1.5765518959859335</StandardError>
        <Variance>37.28273821105263</Variance>
        <StandardDeviation>6.105959237585249</StandardDeviation>
        <Skewness>-0.14831704526062314</Skewness>
        <Kurtosis>1.757841212645435</Kurtosis>
        <ConfidenceInterval>
          <N>15</N>
          <Mean>706.3718350728353</Mean>
          <StandardError>1.5765518959859335</StandardError>
          <Level>L999</Level>
          <Margin>6.527640782069299</Margin>
          <Lower>699.844194290766</Lower>
          <Upper>712.8994758549046</Upper>
        </ConfidenceInterval>
        <Percentiles>
          <P0>695.8430290222168</P0>
          <P25>701.9221782684326</P25>
          <P50>706.9852828979492</P50>
          <P67>708.689172744751</P67>
          <P80>712.1191024780273</P80>
          <P85>712.7619743347168</P85>
          <P90>713.8007545471191</P90>
          <P95>714.8727321624756</P95>
          <P100>715.900993347168</P100>
        </Percentiles>
      </Statistics>
      <Memory>
        <Gen0Collections>6</Gen0Collections>
        <Gen1Collections>0</Gen1Collections>
        <Gen2Collections>0</Gen2Collections>
        <TotalOperations>1048576</TotalOperations>
        <BytesAllocatedPerOperation>56</BytesAllocatedPerOperation>
      </Memory>
      <Measurements>
        <Measurement>
          <IterationMode>Overhead</IterationMode>
          <IterationStage>Jitting</IterationStage>
          <LaunchIndex>1</LaunchIndex>
          <IterationIndex>1</IterationIndex>
          <Operations>1</Operations>
          <Nanoseconds>203100</Nanoseconds>
        </Measurement>
        <Measurement>
          <IterationMode>Workload</IterationMode>
          <IterationStage>Jitting</IterationStage>
          <LaunchIndex>1</LaunchIndex>
          <IterationIndex>1</IterationIndex>
          <Operations>1</Operations>
          <Nanoseconds>591900</Nanoseconds>
        </Measurement>
        <Measurement>
          <IterationMode>Overhead</IterationMode>
          <IterationStage>Jitting</IterationStage>
          <LaunchIndex>1</LaunchIndex>
          <IterationIndex>2</IterationIndex>
          <Operations>16</Operations>
          <Nanoseconds>180100</Nanoseconds>
        </Measurement>
        <Measurement>
          <IterationMode>Workload</IterationMode>
          <IterationStage>Jitting</IterationStage>
          <LaunchIndex>1</LaunchIndex>
          <IterationIndex>2</IterationIndex>
          <Operations>16</Operations>
          <Nanoseconds>207200</Nanoseconds>
        </Measurement>
        <Measurement>
          <IterationMode>Workload</IterationMode>
          <IterationStage>Pilot</IterationStage>
          <LaunchIndex>1</LaunchIndex>
          <IterationIndex>1</IterationIndex>
          <Operations>16</Operations>
          <Nanoseconds>23900</Nanoseconds>
        </Measurement>
        <Measurement>
          <IterationMode>Workload</IterationMode>
          <IterationStage>Pilot</IterationStage>
          <LaunchIndex>1</LaunchIndex>
          <IterationIndex>2</IterationIndex>
          <Operations>32</Operations>
          <Nanoseconds>42700</Nanoseconds>
        </Measurement>
        <Measurement>
          <IterationMode>Workload</IterationMode>
          <IterationStage>Pilot</IterationStage>
          <LaunchIndex>1</LaunchIndex>
          <IterationIndex>3</IterationIndex>
          <Operations>64</Operations>
          <Nanoseconds>82800</Nanoseconds>
        </Measurement>
        <Measurement>
          <IterationMode>Workload</IterationMode>
          <IterationStage>Pilot</IterationStage>
          <LaunchIndex>1</LaunchIndex>
          <IterationIndex>4</IterationIndex>
          <Operations>128</Operations>
          <Nanoseconds>164700</Nanoseconds>
        </Measurement>
        <Measurement>
          <IterationMode>Workload</IterationMode>
          <IterationStage>Pilot</IterationStage>
          <LaunchIndex>1</LaunchIndex>
          <IterationIndex>5</IterationIndex>
          <Operations>256</Operations>
          <Nanoseconds>354500</Nanoseconds>
        </Measurement>
        <Measurement>
          <IterationMode>Workload</IterationMode>
          <IterationStage>Pilot</IterationStage>
          <LaunchIndex>1</LaunchIndex>
          <IterationIndex>6</IterationIndex>
          <Operations>512</Operations>
          <Nanoseconds>591700</Nanoseconds>
        </Measurement>
        <Measurement>
          <IterationMode>Workload</IterationMode>
          <IterationStage>Pilot</IterationStage>
          <LaunchIndex>1</LaunchIndex>
          <IterationIndex>7</IterationIndex>
          <Operations>1024</Operations>
          <Nanoseconds>1180700</Nanoseconds>
        </Measurement>
        <Measurement>
          <IterationMode>Workload</IterationMode>
          <IterationStage>Pilot</IterationStage>
          <LaunchIndex>1</LaunchIndex>
          <IterationIndex>8</IterationIndex>
          <Operations>2048</Operations>
          <Nanoseconds>2185500</Nanoseconds>
        </Measurement>
        <Measurement>
          <IterationMode>Workload</IterationMode>
          <IterationStage>Pilot</IterationStage>
          <LaunchIndex>1</LaunchIndex>
          <IterationIndex>9</IterationIndex>
          <Operations>4096</Operations>
          <Nanoseconds>4335000</Nanoseconds>
        </Measurement>
        <Measurement>
          <IterationMode>Workload</IterationMode>
          <IterationStage>Pilot</IterationStage>
          <LaunchIndex>1</LaunchIndex>
          <IterationIndex>10</IterationIndex>
          <Operations>8192</Operations>
          <Nanoseconds>9229600</Nanoseconds>
        </Measurement>
        <Measurement>
          <IterationMode>Workload</IterationMode>
          <IterationStage>Pilot</IterationStage>
          <LaunchIndex>1</LaunchIndex>
          <IterationIndex>11</IterationIndex>
          <Operations>16384</Operations>
          <Nanoseconds>17821500</Nanoseconds>
        </Measurement>
        <Measurement>
          <IterationMode>Workload</IterationMode>
          <IterationStage>Pilot</IterationStage>
          <LaunchIndex>1</LaunchIndex>
          <IterationIndex>12</IterationIndex>
          <Operations>32768</Operations>
          <Nanoseconds>35682400</Nanoseconds>
        </Measurement>
        <Measurement>
          <IterationMode>Workload</IterationMode>
          <IterationStage>Pilot</IterationStage>
          <LaunchIndex>1</LaunchIndex>
          <IterationIndex>13</IterationIndex>
          <Operations>65536</Operations>
          <Nanoseconds>69933300</Nanoseconds>
        </Measurement>
        <Measurement>
          <IterationMode>Workload</IterationMode>
          <IterationStage>Pilot</IterationStage>
          <LaunchIndex>1</LaunchIndex>
          <IterationIndex>14</IterationIndex>
          <Operations>131072</Operations>
          <Nanoseconds>113114100</Nanoseconds>
        </Measurement>
        <Measurement>
          <IterationMode>Workload</IterationMode>
          <IterationStage>Pilot</IterationStage>
          <LaunchIndex>1</LaunchIndex>
          <IterationIndex>15</IterationIndex>
          <Operations>262144</Operations>
          <Nanoseconds>191619800</Nanoseconds>
        </Measurement>
        <Measurement>
          <IterationMode>Workload</IterationMode>
          <IterationStage>Pilot</IterationStage>
          <LaunchIndex>1</LaunchIndex>
          <IterationIndex>16</IterationIndex>
          <Operations>524288</Operations>
          <Nanoseconds>372560400</Nanoseconds>
        </Measurement>
        <Measurement>
          <IterationMode>Workload</IterationMode>
          <IterationStage>Pilot</IterationStage>
          <LaunchIndex>1</LaunchIndex>
          <IterationIndex>17</IterationIndex>
          <Operations>1048576</Operations>
          <Nanoseconds>754588100</Nanoseconds>
        </Measurement>
        <Measurement>
          <IterationMode>Overhead</IterationMode>
          <IterationStage>Warmup</IterationStage>
          <LaunchIndex>1</LaunchIndex>
          <IterationIndex>1</IterationIndex>
          <Operations>1048576</Operations>
          <Nanoseconds>1920900</Nanoseconds>
        </Measurement>
        <Measurement>
          <IterationMode>Overhead</IterationMode>
          <IterationStage>Warmup</IterationStage>
          <LaunchIndex>1</LaunchIndex>
          <IterationIndex>2</IterationIndex>
          <Operations>1048576</Operations>
          <Nanoseconds>1920400</Nanoseconds>
        </Measurement>
        <Measurement>
          <IterationMode>Overhead</IterationMode>
          <IterationStage>Warmup</IterationStage>
          <LaunchIndex>1</LaunchIndex>
          <IterationIndex>3</IterationIndex>
          <Operations>1048576</Operations>
          <Nanoseconds>1920100</Nanoseconds>
        </Measurement>
        <Measurement>
          <IterationMode>Overhead</IterationMode>
          <IterationStage>Warmup</IterationStage>
          <LaunchIndex>1</LaunchIndex>
          <IterationIndex>4</IterationIndex>
          <Operations>1048576</Operations>
          <Nanoseconds>1950700</Nanoseconds>
        </Measurement>
        <Measurement>
          <IterationMode>Overhead</IterationMode>
          <IterationStage>Warmup</IterationStage>
          <LaunchIndex>1</LaunchIndex>
          <IterationIndex>5</IterationIndex>
          <Operations>1048576</Operations>
          <Nanoseconds>1921700</Nanoseconds>
        </Measurement>
        <Measurement>
          <IterationMode>Overhead</IterationMode>
          <IterationStage>Warmup</IterationStage>
          <LaunchIndex>1</LaunchIndex>
          <IterationIndex>6</IterationIndex>
          <Operations>1048576</Operations>
          <Nanoseconds>1920700</Nanoseconds>
        </Measurement>
        <Measurement>
          <IterationMode>Overhead</IterationMode>
          <IterationStage>Warmup</IterationStage>
          <LaunchIndex>1</LaunchIndex>
          <IterationIndex>7</IterationIndex>
          <Operations>1048576</Operations>
          <Nanoseconds>1917000</Nanoseconds>
        </Measurement>
        <Measurement>
          <IterationMode>Overhead</IterationMode>
          <IterationStage>Warmup</IterationStage>
          <LaunchIndex>1</LaunchIndex>
          <IterationIndex>8</IterationIndex>
          <Operations>1048576</Operations>
          <Nanoseconds>1925900</Nanoseconds>
        </Measurement>
        <Measurement>
          <IterationMode>Overhead</IterationMode>
          <IterationStage>Warmup</IterationStage>
          <LaunchIndex>1</LaunchIndex>
          <IterationIndex>9</IterationIndex>
          <Operations>1048576</Operations>
          <Nanoseconds>1922900</Nanoseconds>
        </Measurement>
        <Measurement>
          <IterationMode>Overhead</IterationMode>
          <IterationStage>Actual</IterationStage>
          <LaunchIndex>1</LaunchIndex>
          <IterationIndex>1</IterationIndex>
          <Operations>1048576</Operations>
          <Nanoseconds>2151600</Nanoseconds>
        </Measurement>
        <Measurement>
          <IterationMode>Overhead</IterationMode>
          <IterationStage>Actual</IterationStage>
          <LaunchIndex>1</LaunchIndex>
          <IterationIndex>2</IterationIndex>
          <Operations>1048576</Operations>
          <Nanoseconds>1920800</Nanoseconds>
        </Measurement>
        <Measurement>
          <IterationMode>Overhead</IterationMode>
          <IterationStage>Actual</IterationStage>
          <LaunchIndex>1</LaunchIndex>
          <IterationIndex>3</IterationIndex>
          <Operations>1048576</Operations>
          <Nanoseconds>1920200</Nanoseconds>
        </Measurement>
        <Measurement>
          <IterationMode>Overhead</IterationMode>
          <IterationStage>Actual</IterationStage>
          <LaunchIndex>1</LaunchIndex>
          <IterationIndex>4</IterationIndex>
          <Operations>1048576</Operations>
          <Nanoseconds>1949800</Nanoseconds>
        </Measurement>
        <Measurement>
          <IterationMode>Overhead</IterationMode>
          <IterationStage>Actual</IterationStage>
          <LaunchIndex>1</LaunchIndex>
          <IterationIndex>5</IterationIndex>
          <Operations>1048576</Operations>
          <Nanoseconds>1920800</Nanoseconds>
        </Measurement>
        <Measurement>
          <IterationMode>Overhead</IterationMode>
          <IterationStage>Actual</IterationStage>
          <LaunchIndex>1</LaunchIndex>
          <IterationIndex>6</IterationIndex>
          <Operations>1048576</Operations>
          <Nanoseconds>1920600</Nanoseconds>
        </Measurement>
        <Measurement>
          <IterationMode>Overhead</IterationMode>
          <IterationStage>Actual</IterationStage>
          <LaunchIndex>1</LaunchIndex>
          <IterationIndex>7</IterationIndex>
          <Operations>1048576</Operations>
          <Nanoseconds>1920300</Nanoseconds>
        </Measurement>
        <Measurement>
          <IterationMode>Overhead</IterationMode>
          <IterationStage>Actual</IterationStage>
          <LaunchIndex>1</LaunchIndex>
          <IterationIndex>8</IterationIndex>
          <Operations>1048576</Operations>
          <Nanoseconds>1952300</Nanoseconds>
        </Measurement>
        <Measurement>
          <IterationMode>Overhead</IterationMode>
          <IterationStage>Actual</IterationStage>
          <LaunchIndex>1</LaunchIndex>
          <IterationIndex>9</IterationIndex>
          <Operations>1048576</Operations>
          <Nanoseconds>1995300</Nanoseconds>
        </Measurement>
        <Measurement>
          <IterationMode>Overhead</IterationMode>
          <IterationStage>Actual</IterationStage>
          <LaunchIndex>1</LaunchIndex>
          <IterationIndex>10</IterationIndex>
          <Operations>1048576</Operations>
          <Nanoseconds>1926600</Nanoseconds>
        </Measurement>
        <Measurement>
          <IterationMode>Overhead</IterationMode>
          <IterationStage>Actual</IterationStage>
          <LaunchIndex>1</LaunchIndex>
          <IterationIndex>11</IterationIndex>
          <Operations>1048576</Operations>
          <Nanoseconds>1920500</Nanoseconds>
        </Measurement>
        <Measurement>
          <IterationMode>Overhead</IterationMode>
          <IterationStage>Actual</IterationStage>
          <LaunchIndex>1</LaunchIndex>
          <IterationIndex>12</IterationIndex>
          <Operations>1048576</Operations>
          <Nanoseconds>1920300</Nanoseconds>
        </Measurement>
        <Measurement>
          <IterationMode>Overhead</IterationMode>
          <IterationStage>Actual</IterationStage>
          <LaunchIndex>1</LaunchIndex>
          <IterationIndex>13</IterationIndex>
          <Operations>1048576</Operations>
          <Nanoseconds>1930800</Nanoseconds>
        </Measurement>
        <Measurement>
          <IterationMode>Overhead</IterationMode>
          <IterationStage>Actual</IterationStage>
          <LaunchIndex>1</LaunchIndex>
          <IterationIndex>14</IterationIndex>
          <Operations>1048576</Operations>
          <Nanoseconds>2170100</Nanoseconds>
        </Measurement>
        <Measurement>
          <IterationMode>Overhead</IterationMode>
          <IterationStage>Actual</IterationStage>
          <LaunchIndex>1</LaunchIndex>
          <IterationIndex>15</IterationIndex>
          <Operations>1048576</Operations>
          <Nanoseconds>2042200</Nanoseconds>
        </Measurement>
        <Measurement>
          <IterationMode>Workload</IterationMode>
          <IterationStage>Warmup</IterationStage>
          <LaunchIndex>1</LaunchIndex>
          <IterationIndex>1</IterationIndex>
          <Operations>1048576</Operations>
          <Nanoseconds>728455200</Nanoseconds>
        </Measurement>
        <Measurement>
          <IterationMode>Workload</IterationMode>
          <IterationStage>Warmup</IterationStage>
          <LaunchIndex>1</LaunchIndex>
          <IterationIndex>2</IterationIndex>
          <Operations>1048576</Operations>
          <Nanoseconds>731323300</Nanoseconds>
        </Measurement>
        <Measurement>
          <IterationMode>Workload</IterationMode>
          <IterationStage>Warmup</IterationStage>
          <LaunchIndex>1</LaunchIndex>
          <IterationIndex>3</IterationIndex>
          <Operations>1048576</Operations>
          <Nanoseconds>737706700</Nanoseconds>
        </Measurement>
        <Measurement>
          <IterationMode>Workload</IterationMode>
          <IterationStage>Warmup</IterationStage>
          <LaunchIndex>1</LaunchIndex>
          <IterationIndex>4</IterationIndex>
          <Operations>1048576</Operations>
          <Nanoseconds>758220200</Nanoseconds>
        </Measurement>
        <Measurement>
          <IterationMode>Workload</IterationMode>
          <IterationStage>Warmup</IterationStage>
          <LaunchIndex>1</LaunchIndex>
          <IterationIndex>5</IterationIndex>
          <Operations>1048576</Operations>
          <Nanoseconds>749750200</Nanoseconds>
        </Measurement>
        <Measurement>
          <IterationMode>Workload</IterationMode>
          <IterationStage>Warmup</IterationStage>
          <LaunchIndex>1</LaunchIndex>
          <IterationIndex>6</IterationIndex>
          <Operations>1048576</Operations>
          <Nanoseconds>760853900</Nanoseconds>
        </Measurement>
        <Measurement>
          <IterationMode>Workload</IterationMode>
          <IterationStage>Warmup</IterationStage>
          <LaunchIndex>1</LaunchIndex>
          <IterationIndex>7</IterationIndex>
          <Operations>1048576</Operations>
          <Nanoseconds>750380400</Nanoseconds>
        </Measurement>
        <Measurement>
          <IterationMode>Workload</IterationMode>
          <IterationStage>Actual</IterationStage>
          <LaunchIndex>1</LaunchIndex>
          <IterationIndex>1</IterationIndex>
          <Operations>1048576</Operations>
          <Nanoseconds>735156100</Nanoseconds>
        </Measurement>
        <Measurement>
          <IterationMode>Workload</IterationMode>
          <IterationStage>Actual</IterationStage>
          <LaunchIndex>1</LaunchIndex>
          <IterationIndex>2</IterationIndex>
          <Operations>1048576</Operations>
          <Nanoseconds>745573700</Nanoseconds>
        </Measurement>
        <Measurement>
          <IterationMode>Workload</IterationMode>
          <IterationStage>Actual</IterationStage>
          <LaunchIndex>1</LaunchIndex>
          <IterationIndex>3</IterationIndex>
          <Operations>1048576</Operations>
          <Nanoseconds>741088300</Nanoseconds>
        </Measurement>
        <Measurement>
          <IterationMode>Workload</IterationMode>
          <IterationStage>Actual</IterationStage>
          <LaunchIndex>1</LaunchIndex>
          <IterationIndex>4</IterationIndex>
          <Operations>1048576</Operations>
          <Nanoseconds>749408000</Nanoseconds>
        </Measurement>
        <Measurement>
          <IterationMode>Workload</IterationMode>
          <IterationStage>Actual</IterationStage>
          <LaunchIndex>1</LaunchIndex>
          <IterationIndex>5</IterationIndex>
          <Operations>1048576</Operations>
          <Nanoseconds>731570900</Nanoseconds>
        </Measurement>
        <Measurement>
          <IterationMode>Workload</IterationMode>
          <IterationStage>Actual</IterationStage>
          <LaunchIndex>1</LaunchIndex>
          <IterationIndex>6</IterationIndex>
          <Operations>1048576</Operations>
          <Nanoseconds>742983100</Nanoseconds>
        </Measurement>
        <Measurement>
          <IterationMode>Workload</IterationMode>
          <IterationStage>Actual</IterationStage>
          <LaunchIndex>1</LaunchIndex>
          <IterationIndex>7</IterationIndex>
          <Operations>1048576</Operations>
          <Nanoseconds>751062900</Nanoseconds>
        </Measurement>
        <Measurement>
          <IterationMode>Workload</IterationMode>
          <IterationStage>Actual</IterationStage>
          <LaunchIndex>1</LaunchIndex>
          <IterationIndex>8</IterationIndex>
          <Operations>1048576</Operations>
          <Nanoseconds>748445000</Nanoseconds>
        </Measurement>
        <Measurement>
          <IterationMode>Workload</IterationMode>
          <IterationStage>Actual</IterationStage>
          <LaunchIndex>1</LaunchIndex>
          <IterationIndex>9</IterationIndex>
          <Operations>1048576</Operations>
          <Nanoseconds>752603200</Nanoseconds>
        </Measurement>
        <Measurement>
          <IterationMode>Workload</IterationMode>
          <IterationStage>Actual</IterationStage>
          <LaunchIndex>1</LaunchIndex>
          <IterationIndex>10</IterationIndex>
          <Operations>1048576</Operations>
          <Nanoseconds>739048500</Nanoseconds>
        </Measurement>
        <Measurement>
          <IterationMode>Workload</IterationMode>
          <IterationStage>Actual</IterationStage>
          <LaunchIndex>1</LaunchIndex>
          <IterationIndex>11</IterationIndex>
          <Operations>1048576</Operations>
          <Nanoseconds>736842200</Nanoseconds>
        </Measurement>
        <Measurement>
          <IterationMode>Workload</IterationMode>
          <IterationStage>Actual</IterationStage>
          <LaunchIndex>1</LaunchIndex>
          <IterationIndex>12</IterationIndex>
          <Operations>1048576</Operations>
          <Nanoseconds>743827700</Nanoseconds>
        </Measurement>
        <Measurement>
          <IterationMode>Workload</IterationMode>
          <IterationStage>Actual</IterationStage>
          <LaunchIndex>1</LaunchIndex>
          <IterationIndex>13</IterationIndex>
          <Operations>1048576</Operations>
          <Nanoseconds>733588700</Nanoseconds>
        </Measurement>
        <Measurement>
          <IterationMode>Workload</IterationMode>
          <IterationStage>Actual</IterationStage>
          <LaunchIndex>1</LaunchIndex>
          <IterationIndex>14</IterationIndex>
          <Operations>1048576</Operations>
          <Nanoseconds>743254400</Nanoseconds>
        </Measurement>
        <Measurement>
          <IterationMode>Workload</IterationMode>
          <IterationStage>Actual</IterationStage>
          <LaunchIndex>1</LaunchIndex>
          <IterationIndex>15</IterationIndex>
          <Operations>1048576</Operations>
          <Nanoseconds>744714600</Nanoseconds>
        </Measurement>
        <Measurement>
          <IterationMode>Workload</IterationMode>
          <IterationStage>Result</IterationStage>
          <LaunchIndex>1</LaunchIndex>
          <IterationIndex>1</IterationIndex>
          <Operations>1048576</Operations>
          <Nanoseconds>733229500</Nanoseconds>
        </Measurement>
        <Measurement>
          <IterationMode>Workload</IterationMode>
          <IterationStage>Result</IterationStage>
          <LaunchIndex>1</LaunchIndex>
          <IterationIndex>2</IterationIndex>
          <Operations>1048576</Operations>
          <Nanoseconds>743647100</Nanoseconds>
        </Measurement>
        <Measurement>
          <IterationMode>Workload</IterationMode>
          <IterationStage>Result</IterationStage>
          <LaunchIndex>1</LaunchIndex>
          <IterationIndex>3</IterationIndex>
          <Operations>1048576</Operations>
          <Nanoseconds>739161700</Nanoseconds>
        </Measurement>
        <Measurement>
          <IterationMode>Workload</IterationMode>
          <IterationStage>Result</IterationStage>
          <LaunchIndex>1</LaunchIndex>
          <IterationIndex>4</IterationIndex>
          <Operations>1048576</Operations>
          <Nanoseconds>747481400</Nanoseconds>
        </Measurement>
        <Measurement>
          <IterationMode>Workload</IterationMode>
          <IterationStage>Result</IterationStage>
          <LaunchIndex>1</LaunchIndex>
          <IterationIndex>5</IterationIndex>
          <Operations>1048576</Operations>
          <Nanoseconds>729644300</Nanoseconds>
        </Measurement>
        <Measurement>
          <IterationMode>Workload</IterationMode>
          <IterationStage>Result</IterationStage>
          <LaunchIndex>1</LaunchIndex>
          <IterationIndex>6</IterationIndex>
          <Operations>1048576</Operations>
          <Nanoseconds>741056500</Nanoseconds>
        </Measurement>
        <Measurement>
          <IterationMode>Workload</IterationMode>
          <IterationStage>Result</IterationStage>
          <LaunchIndex>1</LaunchIndex>
          <IterationIndex>7</IterationIndex>
          <Operations>1048576</Operations>
          <Nanoseconds>749136300</Nanoseconds>
        </Measurement>
        <Measurement>
          <IterationMode>Workload</IterationMode>
          <IterationStage>Result</IterationStage>
          <LaunchIndex>1</LaunchIndex>
          <IterationIndex>8</IterationIndex>
          <Operations>1048576</Operations>
          <Nanoseconds>746518400</Nanoseconds>
        </Measurement>
        <Measurement>
          <IterationMode>Workload</IterationMode>
          <IterationStage>Result</IterationStage>
          <LaunchIndex>1</LaunchIndex>
          <IterationIndex>9</IterationIndex>
          <Operations>1048576</Operations>
          <Nanoseconds>750676600</Nanoseconds>
        </Measurement>
        <Measurement>
          <IterationMode>Workload</IterationMode>
          <IterationStage>Result</IterationStage>
          <LaunchIndex>1</LaunchIndex>
          <IterationIndex>10</IterationIndex>
          <Operations>1048576</Operations>
          <Nanoseconds>737121900</Nanoseconds>
        </Measurement>
        <Measurement>
          <IterationMode>Workload</IterationMode>
          <IterationStage>Result</IterationStage>
          <LaunchIndex>1</LaunchIndex>
          <IterationIndex>11</IterationIndex>
          <Operations>1048576</Operations>
          <Nanoseconds>734915600</Nanoseconds>
        </Measurement>
        <Measurement>
          <IterationMode>Workload</IterationMode>
          <IterationStage>Result</IterationStage>
          <LaunchIndex>1</LaunchIndex>
          <IterationIndex>12</IterationIndex>
          <Operations>1048576</Operations>
          <Nanoseconds>741901100</Nanoseconds>
        </Measurement>
        <Measurement>
          <IterationMode>Workload</IterationMode>
          <IterationStage>Result</IterationStage>
          <LaunchIndex>1</LaunchIndex>
          <IterationIndex>13</IterationIndex>
          <Operations>1048576</Operations>
          <Nanoseconds>731662100</Nanoseconds>
        </Measurement>
        <Measurement>
          <IterationMode>Workload</IterationMode>
          <IterationStage>Result</IterationStage>
          <LaunchIndex>1</LaunchIndex>
          <IterationIndex>14</IterationIndex>
          <Operations>1048576</Operations>
          <Nanoseconds>741327800</Nanoseconds>
        </Measurement>
        <Measurement>
          <IterationMode>Workload</IterationMode>
          <IterationStage>Result</IterationStage>
          <LaunchIndex>1</LaunchIndex>
          <IterationIndex>15</IterationIndex>
          <Operations>1048576</Operations>
          <Nanoseconds>742788000</Nanoseconds>
        </Measurement>
      </Measurements>
    </BenchmarkCase>
  </Benchmarks>
</Summary>
