Target,Target_Namespace,Target_Type,Target_Method,Job_Id,Job_AnalyzeLaunchVariance,Job_EvaluateOverhead,Job_MaxAbsoluteError,Job_MaxRelativeError,Job_MinInvokeCount,Job_MinIterationTime,Job_OutlierMode,Job_Affinity,Job_EnvironmentVariables,Job_Jit,Job_Platform,Job_PowerPlanMode,Job_Runtime,Job_AllowVeryLargeObjects,Job_Concurrent,Job_CpuGroups,Job_Force,Job_HeapAffinitizeMask,Job_HeapCount,Job_NoAffinitize,Job_RetainVm,Job_Server,Job_Arguments,Job_BuildConfiguration,Job_Clock,Job_EngineFactory,Job_NuGetReferences,Job_Toolchain,Job_IsMutator,Job_InvocationCount,Job_IterationCount,Job_IterationTime,Job_LaunchCount,Job_MaxIterationCount,Job_MaxWarmupIterationCount,Job_MinIterationCount,Job_MinWarmupIterationCount,Job_RunStrategy,Job_UnrollFactor,Job_WarmupCount,Job_Display,Params,Measurement_LaunchIndex,Measurement_IterationMode,Measurement_IterationStage,Measurement_IterationIndex,Measurement_Nanoseconds,Measurement_Operations,Measurement_Value,Gen_0,Gen_1,Gen_2,Allocated_Bytes
ExceptionExtensionsBenchmark.GetAllMessages,dotNetTips.Spargine.Extensions.BenchmarkTests,ExceptionExtensionsBenchmark,GetAllMessages,Job-CJSTKQ,Default,True,Default,Default,Default,Default,Default,Default,Default,Default,Default,Default,Default,Default,Default,Default,Default,Default,Default,Default,Default,True,Default,Default,Default,Default,Default,.NET Core 5.0,Default,Default,Default,Default,Default,Default,Default,Default,Default,Default,Default,Default,"Job-CJSTKQ(EvaluateOverhead=True, Server=True, Toolchain=.NET Core 5.0)",,1,Overhead,Jitting,1,211300,1,211300,129,0,0,280
ExceptionExtensionsBenchmark.GetAllMessages,dotNetTips.Spargine.Extensions.BenchmarkTests,ExceptionExtensionsBenchmark,GetAllMessages,Job-CJSTKQ,Default,True,Default,Default,Default,Default,Default,Default,Default,Default,Default,Default,Default,Default,Default,Default,Default,Default,Default,Default,Default,True,Default,Default,Default,Default,Default,.NET Core 5.0,Default,Default,Default,Default,Default,Default,Default,Default,Default,Default,Default,Default,"Job-CJSTKQ(EvaluateOverhead=True, Server=True, Toolchain=.NET Core 5.0)",,1,Workload,Jitting,1,1914000,1,1914000,129,0,0,280
ExceptionExtensionsBenchmark.GetAllMessages,dotNetTips.Spargine.Extensions.BenchmarkTests,ExceptionExtensionsBenchmark,GetAllMessages,Job-CJSTKQ,Default,True,Default,Default,Default,Default,Default,Default,Default,Default,Default,Default,Default,Default,Default,Default,Default,Default,Default,Default,Default,True,Default,Default,Default,Default,Default,.NET Core 5.0,Default,Default,Default,Default,Default,Default,Default,Default,Default,Default,Default,Default,"Job-CJSTKQ(EvaluateOverhead=True, Server=True, Toolchain=.NET Core 5.0)",,1,Overhead,Jitting,2,191600,16,11975,129,0,0,280
ExceptionExtensionsBenchmark.GetAllMessages,dotNetTips.Spargine.Extensions.BenchmarkTests,ExceptionExtensionsBenchmark,GetAllMessages,Job-CJSTKQ,Default,True,Default,Default,Default,Default,Default,Default,Default,Default,Default,Default,Default,Default,Default,Default,Default,Default,Default,Default,Default,True,Default,Default,Default,Default,Default,.NET Core 5.0,Default,Default,Default,Default,Default,Default,Default,Default,Default,Default,Default,Default,"Job-CJSTKQ(EvaluateOverhead=True, Server=True, Toolchain=.NET Core 5.0)",,1,Workload,Jitting,2,215000,16,13437.5,129,0,0,280
ExceptionExtensionsBenchmark.GetAllMessages,dotNetTips.Spargine.Extensions.BenchmarkTests,ExceptionExtensionsBenchmark,GetAllMessages,Job-CJSTKQ,Default,True,Default,Default,Default,Default,Default,Default,Default,Default,Default,Default,Default,Default,Default,Default,Default,Default,Default,Default,Default,True,Default,Default,Default,Default,Default,.NET Core 5.0,Default,Default,Default,Default,Default,Default,Default,Default,Default,Default,Default,Default,"Job-CJSTKQ(EvaluateOverhead=True, Server=True, Toolchain=.NET Core 5.0)",,1,Workload,Pilot,1,124300,16,7768.75,129,0,0,280
ExceptionExtensionsBenchmark.GetAllMessages,dotNetTips.Spargine.Extensions.BenchmarkTests,ExceptionExtensionsBenchmark,GetAllMessages,Job-CJSTKQ,Default,True,Default,Default,Default,Default,Default,Default,Default,Default,Default,Default,Default,Default,Default,Default,Default,Default,Default,Default,Default,True,Default,Default,Default,Default,Default,.NET Core 5.0,Default,Default,Default,Default,Default,Default,Default,Default,Default,Default,Default,Default,"Job-CJSTKQ(EvaluateOverhead=True, Server=True, Toolchain=.NET Core 5.0)",,1,Workload,Pilot,2,32400,32,1012.5,129,0,0,280
ExceptionExtensionsBenchmark.GetAllMessages,dotNetTips.Spargine.Extensions.BenchmarkTests,ExceptionExtensionsBenchmark,GetAllMessages,Job-CJSTKQ,Default,True,Default,Default,Default,Default,Default,Default,Default,Default,Default,Default,Default,Default,Default,Default,Default,Default,Default,Default,Default,True,Default,Default,Default,Default,Default,.NET Core 5.0,Default,Default,Default,Default,Default,Default,Default,Default,Default,Default,Default,Default,"Job-CJSTKQ(EvaluateOverhead=True, Server=True, Toolchain=.NET Core 5.0)",,1,Workload,Pilot,3,31900,64,498.44,129,0,0,280
ExceptionExtensionsBenchmark.GetAllMessages,dotNetTips.Spargine.Extensions.BenchmarkTests,ExceptionExtensionsBenchmark,GetAllMessages,Job-CJSTKQ,Default,True,Default,Default,Default,Default,Default,Default,Default,Default,Default,Default,Default,Default,Default,Default,Default,Default,Default,Default,Default,True,Default,Default,Default,Default,Default,.NET Core 5.0,Default,Default,Default,Default,Default,Default,Default,Default,Default,Default,Default,Default,"Job-CJSTKQ(EvaluateOverhead=True, Server=True, Toolchain=.NET Core 5.0)",,1,Workload,Pilot,4,60300,128,471.09,129,0,0,280
ExceptionExtensionsBenchmark.GetAllMessages,dotNetTips.Spargine.Extensions.BenchmarkTests,ExceptionExtensionsBenchmark,GetAllMessages,Job-CJSTKQ,Default,True,Default,Default,Default,Default,Default,Default,Default,Default,Default,Default,Default,Default,Default,Default,Default,Default,Default,Default,Default,True,Default,Default,Default,Default,Default,.NET Core 5.0,Default,Default,Default,Default,Default,Default,Default,Default,Default,Default,Default,Default,"Job-CJSTKQ(EvaluateOverhead=True, Server=True, Toolchain=.NET Core 5.0)",,1,Workload,Pilot,5,103400,256,403.91,129,0,0,280
ExceptionExtensionsBenchmark.GetAllMessages,dotNetTips.Spargine.Extensions.BenchmarkTests,ExceptionExtensionsBenchmark,GetAllMessages,Job-CJSTKQ,Default,True,Default,Default,Default,Default,Default,Default,Default,Default,Default,Default,Default,Default,Default,Default,Default,Default,Default,Default,Default,True,Default,Default,Default,Default,Default,.NET Core 5.0,Default,Default,Default,Default,Default,Default,Default,Default,Default,Default,Default,Default,"Job-CJSTKQ(EvaluateOverhead=True, Server=True, Toolchain=.NET Core 5.0)",,1,Workload,Pilot,6,172600,512,337.11,129,0,0,280
ExceptionExtensionsBenchmark.GetAllMessages,dotNetTips.Spargine.Extensions.BenchmarkTests,ExceptionExtensionsBenchmark,GetAllMessages,Job-CJSTKQ,Default,True,Default,Default,Default,Default,Default,Default,Default,Default,Default,Default,Default,Default,Default,Default,Default,Default,Default,Default,Default,True,Default,Default,Default,Default,Default,.NET Core 5.0,Default,Default,Default,Default,Default,Default,Default,Default,Default,Default,Default,Default,"Job-CJSTKQ(EvaluateOverhead=True, Server=True, Toolchain=.NET Core 5.0)",,1,Workload,Pilot,7,404800,1024,395.31,129,0,0,280
ExceptionExtensionsBenchmark.GetAllMessages,dotNetTips.Spargine.Extensions.BenchmarkTests,ExceptionExtensionsBenchmark,GetAllMessages,Job-CJSTKQ,Default,True,Default,Default,Default,Default,Default,Default,Default,Default,Default,Default,Default,Default,Default,Default,Default,Default,Default,Default,Default,True,Default,Default,Default,Default,Default,.NET Core 5.0,Default,Default,Default,Default,Default,Default,Default,Default,Default,Default,Default,Default,"Job-CJSTKQ(EvaluateOverhead=True, Server=True, Toolchain=.NET Core 5.0)",,1,Workload,Pilot,8,712600,2048,347.95,129,0,0,280
ExceptionExtensionsBenchmark.GetAllMessages,dotNetTips.Spargine.Extensions.BenchmarkTests,ExceptionExtensionsBenchmark,GetAllMessages,Job-CJSTKQ,Default,True,Default,Default,Default,Default,Default,Default,Default,Default,Default,Default,Default,Default,Default,Default,Default,Default,Default,Default,Default,True,Default,Default,Default,Default,Default,.NET Core 5.0,Default,Default,Default,Default,Default,Default,Default,Default,Default,Default,Default,Default,"Job-CJSTKQ(EvaluateOverhead=True, Server=True, Toolchain=.NET Core 5.0)",,1,Workload,Pilot,9,1526300,4096,372.63,129,0,0,280
ExceptionExtensionsBenchmark.GetAllMessages,dotNetTips.Spargine.Extensions.BenchmarkTests,ExceptionExtensionsBenchmark,GetAllMessages,Job-CJSTKQ,Default,True,Default,Default,Default,Default,Default,Default,Default,Default,Default,Default,Default,Default,Default,Default,Default,Default,Default,Default,Default,True,Default,Default,Default,Default,Default,.NET Core 5.0,Default,Default,Default,Default,Default,Default,Default,Default,Default,Default,Default,Default,"Job-CJSTKQ(EvaluateOverhead=True, Server=True, Toolchain=.NET Core 5.0)",,1,Workload,Pilot,10,3472900,8192,423.94,129,0,0,280
ExceptionExtensionsBenchmark.GetAllMessages,dotNetTips.Spargine.Extensions.BenchmarkTests,ExceptionExtensionsBenchmark,GetAllMessages,Job-CJSTKQ,Default,True,Default,Default,Default,Default,Default,Default,Default,Default,Default,Default,Default,Default,Default,Default,Default,Default,Default,Default,Default,True,Default,Default,Default,Default,Default,.NET Core 5.0,Default,Default,Default,Default,Default,Default,Default,Default,Default,Default,Default,Default,"Job-CJSTKQ(EvaluateOverhead=True, Server=True, Toolchain=.NET Core 5.0)",,1,Workload,Pilot,11,6438700,16384,392.99,129,0,0,280
ExceptionExtensionsBenchmark.GetAllMessages,dotNetTips.Spargine.Extensions.BenchmarkTests,ExceptionExtensionsBenchmark,GetAllMessages,Job-CJSTKQ,Default,True,Default,Default,Default,Default,Default,Default,Default,Default,Default,Default,Default,Default,Default,Default,Default,Default,Default,Default,Default,True,Default,Default,Default,Default,Default,.NET Core 5.0,Default,Default,Default,Default,Default,Default,Default,Default,Default,Default,Default,Default,"Job-CJSTKQ(EvaluateOverhead=True, Server=True, Toolchain=.NET Core 5.0)",,1,Workload,Pilot,12,13389600,32768,408.62,129,0,0,280
ExceptionExtensionsBenchmark.GetAllMessages,dotNetTips.Spargine.Extensions.BenchmarkTests,ExceptionExtensionsBenchmark,GetAllMessages,Job-CJSTKQ,Default,True,Default,Default,Default,Default,Default,Default,Default,Default,Default,Default,Default,Default,Default,Default,Default,Default,Default,Default,Default,True,Default,Default,Default,Default,Default,.NET Core 5.0,Default,Default,Default,Default,Default,Default,Default,Default,Default,Default,Default,Default,"Job-CJSTKQ(EvaluateOverhead=True, Server=True, Toolchain=.NET Core 5.0)",,1,Workload,Pilot,13,23843500,65536,363.82,129,0,0,280
ExceptionExtensionsBenchmark.GetAllMessages,dotNetTips.Spargine.Extensions.BenchmarkTests,ExceptionExtensionsBenchmark,GetAllMessages,Job-CJSTKQ,Default,True,Default,Default,Default,Default,Default,Default,Default,Default,Default,Default,Default,Default,Default,Default,Default,Default,Default,Default,Default,True,Default,Default,Default,Default,Default,.NET Core 5.0,Default,Default,Default,Default,Default,Default,Default,Default,Default,Default,Default,Default,"Job-CJSTKQ(EvaluateOverhead=True, Server=True, Toolchain=.NET Core 5.0)",,1,Workload,Pilot,14,46518600,131072,354.91,129,0,0,280
ExceptionExtensionsBenchmark.GetAllMessages,dotNetTips.Spargine.Extensions.BenchmarkTests,ExceptionExtensionsBenchmark,GetAllMessages,Job-CJSTKQ,Default,True,Default,Default,Default,Default,Default,Default,Default,Default,Default,Default,Default,Default,Default,Default,Default,Default,Default,Default,Default,True,Default,Default,Default,Default,Default,.NET Core 5.0,Default,Default,Default,Default,Default,Default,Default,Default,Default,Default,Default,Default,"Job-CJSTKQ(EvaluateOverhead=True, Server=True, Toolchain=.NET Core 5.0)",,1,Workload,Pilot,15,65823400,262144,251.1,129,0,0,280
ExceptionExtensionsBenchmark.GetAllMessages,dotNetTips.Spargine.Extensions.BenchmarkTests,ExceptionExtensionsBenchmark,GetAllMessages,Job-CJSTKQ,Default,True,Default,Default,Default,Default,Default,Default,Default,Default,Default,Default,Default,Default,Default,Default,Default,Default,Default,Default,Default,True,Default,Default,Default,Default,Default,.NET Core 5.0,Default,Default,Default,Default,Default,Default,Default,Default,Default,Default,Default,Default,"Job-CJSTKQ(EvaluateOverhead=True, Server=True, Toolchain=.NET Core 5.0)",,1,Workload,Pilot,16,106430700,524288,203,129,0,0,280
ExceptionExtensionsBenchmark.GetAllMessages,dotNetTips.Spargine.Extensions.BenchmarkTests,ExceptionExtensionsBenchmark,GetAllMessages,Job-CJSTKQ,Default,True,Default,Default,Default,Default,Default,Default,Default,Default,Default,Default,Default,Default,Default,Default,Default,Default,Default,Default,Default,True,Default,Default,Default,Default,Default,.NET Core 5.0,Default,Default,Default,Default,Default,Default,Default,Default,Default,Default,Default,Default,"Job-CJSTKQ(EvaluateOverhead=True, Server=True, Toolchain=.NET Core 5.0)",,1,Workload,Pilot,17,209279100,1048576,199.58,129,0,0,280
ExceptionExtensionsBenchmark.GetAllMessages,dotNetTips.Spargine.Extensions.BenchmarkTests,ExceptionExtensionsBenchmark,GetAllMessages,Job-CJSTKQ,Default,True,Default,Default,Default,Default,Default,Default,Default,Default,Default,Default,Default,Default,Default,Default,Default,Default,Default,Default,Default,True,Default,Default,Default,Default,Default,.NET Core 5.0,Default,Default,Default,Default,Default,Default,Default,Default,Default,Default,Default,Default,"Job-CJSTKQ(EvaluateOverhead=True, Server=True, Toolchain=.NET Core 5.0)",,1,Workload,Pilot,18,415232200,2097152,198,129,0,0,280
ExceptionExtensionsBenchmark.GetAllMessages,dotNetTips.Spargine.Extensions.BenchmarkTests,ExceptionExtensionsBenchmark,GetAllMessages,Job-CJSTKQ,Default,True,Default,Default,Default,Default,Default,Default,Default,Default,Default,Default,Default,Default,Default,Default,Default,Default,Default,Default,Default,True,Default,Default,Default,Default,Default,.NET Core 5.0,Default,Default,Default,Default,Default,Default,Default,Default,Default,Default,Default,Default,"Job-CJSTKQ(EvaluateOverhead=True, Server=True, Toolchain=.NET Core 5.0)",,1,Workload,Pilot,19,842174900,4194304,200.79,129,0,0,280
ExceptionExtensionsBenchmark.GetAllMessages,dotNetTips.Spargine.Extensions.BenchmarkTests,ExceptionExtensionsBenchmark,GetAllMessages,Job-CJSTKQ,Default,True,Default,Default,Default,Default,Default,Default,Default,Default,Default,Default,Default,Default,Default,Default,Default,Default,Default,Default,Default,True,Default,Default,Default,Default,Default,.NET Core 5.0,Default,Default,Default,Default,Default,Default,Default,Default,Default,Default,Default,Default,"Job-CJSTKQ(EvaluateOverhead=True, Server=True, Toolchain=.NET Core 5.0)",,1,Overhead,Warmup,1,8125200,4194304,1.94,129,0,0,280
ExceptionExtensionsBenchmark.GetAllMessages,dotNetTips.Spargine.Extensions.BenchmarkTests,ExceptionExtensionsBenchmark,GetAllMessages,Job-CJSTKQ,Default,True,Default,Default,Default,Default,Default,Default,Default,Default,Default,Default,Default,Default,Default,Default,Default,Default,Default,Default,Default,True,Default,Default,Default,Default,Default,.NET Core 5.0,Default,Default,Default,Default,Default,Default,Default,Default,Default,Default,Default,Default,"Job-CJSTKQ(EvaluateOverhead=True, Server=True, Toolchain=.NET Core 5.0)",,1,Overhead,Warmup,2,8251400,4194304,1.97,129,0,0,280
ExceptionExtensionsBenchmark.GetAllMessages,dotNetTips.Spargine.Extensions.BenchmarkTests,ExceptionExtensionsBenchmark,GetAllMessages,Job-CJSTKQ,Default,True,Default,Default,Default,Default,Default,Default,Default,Default,Default,Default,Default,Default,Default,Default,Default,Default,Default,Default,Default,True,Default,Default,Default,Default,Default,.NET Core 5.0,Default,Default,Default,Default,Default,Default,Default,Default,Default,Default,Default,Default,"Job-CJSTKQ(EvaluateOverhead=True, Server=True, Toolchain=.NET Core 5.0)",,1,Overhead,Warmup,3,8269000,4194304,1.97,129,0,0,280
ExceptionExtensionsBenchmark.GetAllMessages,dotNetTips.Spargine.Extensions.BenchmarkTests,ExceptionExtensionsBenchmark,GetAllMessages,Job-CJSTKQ,Default,True,Default,Default,Default,Default,Default,Default,Default,Default,Default,Default,Default,Default,Default,Default,Default,Default,Default,Default,Default,True,Default,Default,Default,Default,Default,.NET Core 5.0,Default,Default,Default,Default,Default,Default,Default,Default,Default,Default,Default,Default,"Job-CJSTKQ(EvaluateOverhead=True, Server=True, Toolchain=.NET Core 5.0)",,1,Overhead,Warmup,4,8647600,4194304,2.06,129,0,0,280
ExceptionExtensionsBenchmark.GetAllMessages,dotNetTips.Spargine.Extensions.BenchmarkTests,ExceptionExtensionsBenchmark,GetAllMessages,Job-CJSTKQ,Default,True,Default,Default,Default,Default,Default,Default,Default,Default,Default,Default,Default,Default,Default,Default,Default,Default,Default,Default,Default,True,Default,Default,Default,Default,Default,.NET Core 5.0,Default,Default,Default,Default,Default,Default,Default,Default,Default,Default,Default,Default,"Job-CJSTKQ(EvaluateOverhead=True, Server=True, Toolchain=.NET Core 5.0)",,1,Overhead,Warmup,5,8540100,4194304,2.04,129,0,0,280
ExceptionExtensionsBenchmark.GetAllMessages,dotNetTips.Spargine.Extensions.BenchmarkTests,ExceptionExtensionsBenchmark,GetAllMessages,Job-CJSTKQ,Default,True,Default,Default,Default,Default,Default,Default,Default,Default,Default,Default,Default,Default,Default,Default,Default,Default,Default,Default,Default,True,Default,Default,Default,Default,Default,.NET Core 5.0,Default,Default,Default,Default,Default,Default,Default,Default,Default,Default,Default,Default,"Job-CJSTKQ(EvaluateOverhead=True, Server=True, Toolchain=.NET Core 5.0)",,1,Overhead,Warmup,6,8230400,4194304,1.96,129,0,0,280
ExceptionExtensionsBenchmark.GetAllMessages,dotNetTips.Spargine.Extensions.BenchmarkTests,ExceptionExtensionsBenchmark,GetAllMessages,Job-CJSTKQ,Default,True,Default,Default,Default,Default,Default,Default,Default,Default,Default,Default,Default,Default,Default,Default,Default,Default,Default,Default,Default,True,Default,Default,Default,Default,Default,.NET Core 5.0,Default,Default,Default,Default,Default,Default,Default,Default,Default,Default,Default,Default,"Job-CJSTKQ(EvaluateOverhead=True, Server=True, Toolchain=.NET Core 5.0)",,1,Overhead,Warmup,7,8602500,4194304,2.05,129,0,0,280
ExceptionExtensionsBenchmark.GetAllMessages,dotNetTips.Spargine.Extensions.BenchmarkTests,ExceptionExtensionsBenchmark,GetAllMessages,Job-CJSTKQ,Default,True,Default,Default,Default,Default,Default,Default,Default,Default,Default,Default,Default,Default,Default,Default,Default,Default,Default,Default,Default,True,Default,Default,Default,Default,Default,.NET Core 5.0,Default,Default,Default,Default,Default,Default,Default,Default,Default,Default,Default,Default,"Job-CJSTKQ(EvaluateOverhead=True, Server=True, Toolchain=.NET Core 5.0)",,1,Overhead,Warmup,8,8151300,4194304,1.94,129,0,0,280
ExceptionExtensionsBenchmark.GetAllMessages,dotNetTips.Spargine.Extensions.BenchmarkTests,ExceptionExtensionsBenchmark,GetAllMessages,Job-CJSTKQ,Default,True,Default,Default,Default,Default,Default,Default,Default,Default,Default,Default,Default,Default,Default,Default,Default,Default,Default,Default,Default,True,Default,Default,Default,Default,Default,.NET Core 5.0,Default,Default,Default,Default,Default,Default,Default,Default,Default,Default,Default,Default,"Job-CJSTKQ(EvaluateOverhead=True, Server=True, Toolchain=.NET Core 5.0)",,1,Overhead,Actual,1,8704100,4194304,2.08,129,0,0,280
ExceptionExtensionsBenchmark.GetAllMessages,dotNetTips.Spargine.Extensions.BenchmarkTests,ExceptionExtensionsBenchmark,GetAllMessages,Job-CJSTKQ,Default,True,Default,Default,Default,Default,Default,Default,Default,Default,Default,Default,Default,Default,Default,Default,Default,Default,Default,Default,Default,True,Default,Default,Default,Default,Default,.NET Core 5.0,Default,Default,Default,Default,Default,Default,Default,Default,Default,Default,Default,Default,"Job-CJSTKQ(EvaluateOverhead=True, Server=True, Toolchain=.NET Core 5.0)",,1,Overhead,Actual,2,8323200,4194304,1.98,129,0,0,280
ExceptionExtensionsBenchmark.GetAllMessages,dotNetTips.Spargine.Extensions.BenchmarkTests,ExceptionExtensionsBenchmark,GetAllMessages,Job-CJSTKQ,Default,True,Default,Default,Default,Default,Default,Default,Default,Default,Default,Default,Default,Default,Default,Default,Default,Default,Default,Default,Default,True,Default,Default,Default,Default,Default,.NET Core 5.0,Default,Default,Default,Default,Default,Default,Default,Default,Default,Default,Default,Default,"Job-CJSTKQ(EvaluateOverhead=True, Server=True, Toolchain=.NET Core 5.0)",,1,Overhead,Actual,3,8187900,4194304,1.95,129,0,0,280
ExceptionExtensionsBenchmark.GetAllMessages,dotNetTips.Spargine.Extensions.BenchmarkTests,ExceptionExtensionsBenchmark,GetAllMessages,Job-CJSTKQ,Default,True,Default,Default,Default,Default,Default,Default,Default,Default,Default,Default,Default,Default,Default,Default,Default,Default,Default,Default,Default,True,Default,Default,Default,Default,Default,.NET Core 5.0,Default,Default,Default,Default,Default,Default,Default,Default,Default,Default,Default,Default,"Job-CJSTKQ(EvaluateOverhead=True, Server=True, Toolchain=.NET Core 5.0)",,1,Overhead,Actual,4,8303300,4194304,1.98,129,0,0,280
ExceptionExtensionsBenchmark.GetAllMessages,dotNetTips.Spargine.Extensions.BenchmarkTests,ExceptionExtensionsBenchmark,GetAllMessages,Job-CJSTKQ,Default,True,Default,Default,Default,Default,Default,Default,Default,Default,Default,Default,Default,Default,Default,Default,Default,Default,Default,Default,Default,True,Default,Default,Default,Default,Default,.NET Core 5.0,Default,Default,Default,Default,Default,Default,Default,Default,Default,Default,Default,Default,"Job-CJSTKQ(EvaluateOverhead=True, Server=True, Toolchain=.NET Core 5.0)",,1,Overhead,Actual,5,8494100,4194304,2.03,129,0,0,280
ExceptionExtensionsBenchmark.GetAllMessages,dotNetTips.Spargine.Extensions.BenchmarkTests,ExceptionExtensionsBenchmark,GetAllMessages,Job-CJSTKQ,Default,True,Default,Default,Default,Default,Default,Default,Default,Default,Default,Default,Default,Default,Default,Default,Default,Default,Default,Default,Default,True,Default,Default,Default,Default,Default,.NET Core 5.0,Default,Default,Default,Default,Default,Default,Default,Default,Default,Default,Default,Default,"Job-CJSTKQ(EvaluateOverhead=True, Server=True, Toolchain=.NET Core 5.0)",,1,Overhead,Actual,6,8068100,4194304,1.92,129,0,0,280
ExceptionExtensionsBenchmark.GetAllMessages,dotNetTips.Spargine.Extensions.BenchmarkTests,ExceptionExtensionsBenchmark,GetAllMessages,Job-CJSTKQ,Default,True,Default,Default,Default,Default,Default,Default,Default,Default,Default,Default,Default,Default,Default,Default,Default,Default,Default,Default,Default,True,Default,Default,Default,Default,Default,.NET Core 5.0,Default,Default,Default,Default,Default,Default,Default,Default,Default,Default,Default,Default,"Job-CJSTKQ(EvaluateOverhead=True, Server=True, Toolchain=.NET Core 5.0)",,1,Overhead,Actual,7,8305000,4194304,1.98,129,0,0,280
ExceptionExtensionsBenchmark.GetAllMessages,dotNetTips.Spargine.Extensions.BenchmarkTests,ExceptionExtensionsBenchmark,GetAllMessages,Job-CJSTKQ,Default,True,Default,Default,Default,Default,Default,Default,Default,Default,Default,Default,Default,Default,Default,Default,Default,Default,Default,Default,Default,True,Default,Default,Default,Default,Default,.NET Core 5.0,Default,Default,Default,Default,Default,Default,Default,Default,Default,Default,Default,Default,"Job-CJSTKQ(EvaluateOverhead=True, Server=True, Toolchain=.NET Core 5.0)",,1,Overhead,Actual,8,8068300,4194304,1.92,129,0,0,280
ExceptionExtensionsBenchmark.GetAllMessages,dotNetTips.Spargine.Extensions.BenchmarkTests,ExceptionExtensionsBenchmark,GetAllMessages,Job-CJSTKQ,Default,True,Default,Default,Default,Default,Default,Default,Default,Default,Default,Default,Default,Default,Default,Default,Default,Default,Default,Default,Default,True,Default,Default,Default,Default,Default,.NET Core 5.0,Default,Default,Default,Default,Default,Default,Default,Default,Default,Default,Default,Default,"Job-CJSTKQ(EvaluateOverhead=True, Server=True, Toolchain=.NET Core 5.0)",,1,Overhead,Actual,9,8539700,4194304,2.04,129,0,0,280
ExceptionExtensionsBenchmark.GetAllMessages,dotNetTips.Spargine.Extensions.BenchmarkTests,ExceptionExtensionsBenchmark,GetAllMessages,Job-CJSTKQ,Default,True,Default,Default,Default,Default,Default,Default,Default,Default,Default,Default,Default,Default,Default,Default,Default,Default,Default,Default,Default,True,Default,Default,Default,Default,Default,.NET Core 5.0,Default,Default,Default,Default,Default,Default,Default,Default,Default,Default,Default,Default,"Job-CJSTKQ(EvaluateOverhead=True, Server=True, Toolchain=.NET Core 5.0)",,1,Overhead,Actual,10,8171500,4194304,1.95,129,0,0,280
ExceptionExtensionsBenchmark.GetAllMessages,dotNetTips.Spargine.Extensions.BenchmarkTests,ExceptionExtensionsBenchmark,GetAllMessages,Job-CJSTKQ,Default,True,Default,Default,Default,Default,Default,Default,Default,Default,Default,Default,Default,Default,Default,Default,Default,Default,Default,Default,Default,True,Default,Default,Default,Default,Default,.NET Core 5.0,Default,Default,Default,Default,Default,Default,Default,Default,Default,Default,Default,Default,"Job-CJSTKQ(EvaluateOverhead=True, Server=True, Toolchain=.NET Core 5.0)",,1,Overhead,Actual,11,8624400,4194304,2.06,129,0,0,280
ExceptionExtensionsBenchmark.GetAllMessages,dotNetTips.Spargine.Extensions.BenchmarkTests,ExceptionExtensionsBenchmark,GetAllMessages,Job-CJSTKQ,Default,True,Default,Default,Default,Default,Default,Default,Default,Default,Default,Default,Default,Default,Default,Default,Default,Default,Default,Default,Default,True,Default,Default,Default,Default,Default,.NET Core 5.0,Default,Default,Default,Default,Default,Default,Default,Default,Default,Default,Default,Default,"Job-CJSTKQ(EvaluateOverhead=True, Server=True, Toolchain=.NET Core 5.0)",,1,Overhead,Actual,12,8690300,4194304,2.07,129,0,0,280
ExceptionExtensionsBenchmark.GetAllMessages,dotNetTips.Spargine.Extensions.BenchmarkTests,ExceptionExtensionsBenchmark,GetAllMessages,Job-CJSTKQ,Default,True,Default,Default,Default,Default,Default,Default,Default,Default,Default,Default,Default,Default,Default,Default,Default,Default,Default,Default,Default,True,Default,Default,Default,Default,Default,.NET Core 5.0,Default,Default,Default,Default,Default,Default,Default,Default,Default,Default,Default,Default,"Job-CJSTKQ(EvaluateOverhead=True, Server=True, Toolchain=.NET Core 5.0)",,1,Overhead,Actual,13,8362200,4194304,1.99,129,0,0,280
ExceptionExtensionsBenchmark.GetAllMessages,dotNetTips.Spargine.Extensions.BenchmarkTests,ExceptionExtensionsBenchmark,GetAllMessages,Job-CJSTKQ,Default,True,Default,Default,Default,Default,Default,Default,Default,Default,Default,Default,Default,Default,Default,Default,Default,Default,Default,Default,Default,True,Default,Default,Default,Default,Default,.NET Core 5.0,Default,Default,Default,Default,Default,Default,Default,Default,Default,Default,Default,Default,"Job-CJSTKQ(EvaluateOverhead=True, Server=True, Toolchain=.NET Core 5.0)",,1,Overhead,Actual,14,8819600,4194304,2.1,129,0,0,280
ExceptionExtensionsBenchmark.GetAllMessages,dotNetTips.Spargine.Extensions.BenchmarkTests,ExceptionExtensionsBenchmark,GetAllMessages,Job-CJSTKQ,Default,True,Default,Default,Default,Default,Default,Default,Default,Default,Default,Default,Default,Default,Default,Default,Default,Default,Default,Default,Default,True,Default,Default,Default,Default,Default,.NET Core 5.0,Default,Default,Default,Default,Default,Default,Default,Default,Default,Default,Default,Default,"Job-CJSTKQ(EvaluateOverhead=True, Server=True, Toolchain=.NET Core 5.0)",,1,Overhead,Actual,15,8205300,4194304,1.96,129,0,0,280
ExceptionExtensionsBenchmark.GetAllMessages,dotNetTips.Spargine.Extensions.BenchmarkTests,ExceptionExtensionsBenchmark,GetAllMessages,Job-CJSTKQ,Default,True,Default,Default,Default,Default,Default,Default,Default,Default,Default,Default,Default,Default,Default,Default,Default,Default,Default,Default,Default,True,Default,Default,Default,Default,Default,.NET Core 5.0,Default,Default,Default,Default,Default,Default,Default,Default,Default,Default,Default,Default,"Job-CJSTKQ(EvaluateOverhead=True, Server=True, Toolchain=.NET Core 5.0)",,1,Workload,Warmup,1,855801500,4194304,204.04,129,0,0,280
ExceptionExtensionsBenchmark.GetAllMessages,dotNetTips.Spargine.Extensions.BenchmarkTests,ExceptionExtensionsBenchmark,GetAllMessages,Job-CJSTKQ,Default,True,Default,Default,Default,Default,Default,Default,Default,Default,Default,Default,Default,Default,Default,Default,Default,Default,Default,Default,Default,True,Default,Default,Default,Default,Default,.NET Core 5.0,Default,Default,Default,Default,Default,Default,Default,Default,Default,Default,Default,Default,"Job-CJSTKQ(EvaluateOverhead=True, Server=True, Toolchain=.NET Core 5.0)",,1,Workload,Warmup,2,860192200,4194304,205.09,129,0,0,280
ExceptionExtensionsBenchmark.GetAllMessages,dotNetTips.Spargine.Extensions.BenchmarkTests,ExceptionExtensionsBenchmark,GetAllMessages,Job-CJSTKQ,Default,True,Default,Default,Default,Default,Default,Default,Default,Default,Default,Default,Default,Default,Default,Default,Default,Default,Default,Default,Default,True,Default,Default,Default,Default,Default,.NET Core 5.0,Default,Default,Default,Default,Default,Default,Default,Default,Default,Default,Default,Default,"Job-CJSTKQ(EvaluateOverhead=True, Server=True, Toolchain=.NET Core 5.0)",,1,Workload,Warmup,3,857331800,4194304,204.4,129,0,0,280
ExceptionExtensionsBenchmark.GetAllMessages,dotNetTips.Spargine.Extensions.BenchmarkTests,ExceptionExtensionsBenchmark,GetAllMessages,Job-CJSTKQ,Default,True,Default,Default,Default,Default,Default,Default,Default,Default,Default,Default,Default,Default,Default,Default,Default,Default,Default,Default,Default,True,Default,Default,Default,Default,Default,.NET Core 5.0,Default,Default,Default,Default,Default,Default,Default,Default,Default,Default,Default,Default,"Job-CJSTKQ(EvaluateOverhead=True, Server=True, Toolchain=.NET Core 5.0)",,1,Workload,Warmup,4,844474200,4194304,201.34,129,0,0,280
ExceptionExtensionsBenchmark.GetAllMessages,dotNetTips.Spargine.Extensions.BenchmarkTests,ExceptionExtensionsBenchmark,GetAllMessages,Job-CJSTKQ,Default,True,Default,Default,Default,Default,Default,Default,Default,Default,Default,Default,Default,Default,Default,Default,Default,Default,Default,Default,Default,True,Default,Default,Default,Default,Default,.NET Core 5.0,Default,Default,Default,Default,Default,Default,Default,Default,Default,Default,Default,Default,"Job-CJSTKQ(EvaluateOverhead=True, Server=True, Toolchain=.NET Core 5.0)",,1,Workload,Warmup,5,843292000,4194304,201.06,129,0,0,280
ExceptionExtensionsBenchmark.GetAllMessages,dotNetTips.Spargine.Extensions.BenchmarkTests,ExceptionExtensionsBenchmark,GetAllMessages,Job-CJSTKQ,Default,True,Default,Default,Default,Default,Default,Default,Default,Default,Default,Default,Default,Default,Default,Default,Default,Default,Default,Default,Default,True,Default,Default,Default,Default,Default,.NET Core 5.0,Default,Default,Default,Default,Default,Default,Default,Default,Default,Default,Default,Default,"Job-CJSTKQ(EvaluateOverhead=True, Server=True, Toolchain=.NET Core 5.0)",,1,Workload,Warmup,6,839888700,4194304,200.25,129,0,0,280
ExceptionExtensionsBenchmark.GetAllMessages,dotNetTips.Spargine.Extensions.BenchmarkTests,ExceptionExtensionsBenchmark,GetAllMessages,Job-CJSTKQ,Default,True,Default,Default,Default,Default,Default,Default,Default,Default,Default,Default,Default,Default,Default,Default,Default,Default,Default,Default,Default,True,Default,Default,Default,Default,Default,.NET Core 5.0,Default,Default,Default,Default,Default,Default,Default,Default,Default,Default,Default,Default,"Job-CJSTKQ(EvaluateOverhead=True, Server=True, Toolchain=.NET Core 5.0)",,1,Workload,Warmup,7,839120600,4194304,200.06,129,0,0,280
ExceptionExtensionsBenchmark.GetAllMessages,dotNetTips.Spargine.Extensions.BenchmarkTests,ExceptionExtensionsBenchmark,GetAllMessages,Job-CJSTKQ,Default,True,Default,Default,Default,Default,Default,Default,Default,Default,Default,Default,Default,Default,Default,Default,Default,Default,Default,Default,Default,True,Default,Default,Default,Default,Default,.NET Core 5.0,Default,Default,Default,Default,Default,Default,Default,Default,Default,Default,Default,Default,"Job-CJSTKQ(EvaluateOverhead=True, Server=True, Toolchain=.NET Core 5.0)",,1,Workload,Warmup,8,837984700,4194304,199.79,129,0,0,280
ExceptionExtensionsBenchmark.GetAllMessages,dotNetTips.Spargine.Extensions.BenchmarkTests,ExceptionExtensionsBenchmark,GetAllMessages,Job-CJSTKQ,Default,True,Default,Default,Default,Default,Default,Default,Default,Default,Default,Default,Default,Default,Default,Default,Default,Default,Default,Default,Default,True,Default,Default,Default,Default,Default,.NET Core 5.0,Default,Default,Default,Default,Default,Default,Default,Default,Default,Default,Default,Default,"Job-CJSTKQ(EvaluateOverhead=True, Server=True, Toolchain=.NET Core 5.0)",,1,Workload,Warmup,9,837380700,4194304,199.65,129,0,0,280
ExceptionExtensionsBenchmark.GetAllMessages,dotNetTips.Spargine.Extensions.BenchmarkTests,ExceptionExtensionsBenchmark,GetAllMessages,Job-CJSTKQ,Default,True,Default,Default,Default,Default,Default,Default,Default,Default,Default,Default,Default,Default,Default,Default,Default,Default,Default,Default,Default,True,Default,Default,Default,Default,Default,.NET Core 5.0,Default,Default,Default,Default,Default,Default,Default,Default,Default,Default,Default,Default,"Job-CJSTKQ(EvaluateOverhead=True, Server=True, Toolchain=.NET Core 5.0)",,1,Workload,Warmup,10,842142900,4194304,200.78,129,0,0,280
ExceptionExtensionsBenchmark.GetAllMessages,dotNetTips.Spargine.Extensions.BenchmarkTests,ExceptionExtensionsBenchmark,GetAllMessages,Job-CJSTKQ,Default,True,Default,Default,Default,Default,Default,Default,Default,Default,Default,Default,Default,Default,Default,Default,Default,Default,Default,Default,Default,True,Default,Default,Default,Default,Default,.NET Core 5.0,Default,Default,Default,Default,Default,Default,Default,Default,Default,Default,Default,Default,"Job-CJSTKQ(EvaluateOverhead=True, Server=True, Toolchain=.NET Core 5.0)",,1,Workload,Warmup,11,845220600,4194304,201.52,129,0,0,280
ExceptionExtensionsBenchmark.GetAllMessages,dotNetTips.Spargine.Extensions.BenchmarkTests,ExceptionExtensionsBenchmark,GetAllMessages,Job-CJSTKQ,Default,True,Default,Default,Default,Default,Default,Default,Default,Default,Default,Default,Default,Default,Default,Default,Default,Default,Default,Default,Default,True,Default,Default,Default,Default,Default,.NET Core 5.0,Default,Default,Default,Default,Default,Default,Default,Default,Default,Default,Default,Default,"Job-CJSTKQ(EvaluateOverhead=True, Server=True, Toolchain=.NET Core 5.0)",,1,Workload,Warmup,12,842804700,4194304,200.94,129,0,0,280
ExceptionExtensionsBenchmark.GetAllMessages,dotNetTips.Spargine.Extensions.BenchmarkTests,ExceptionExtensionsBenchmark,GetAllMessages,Job-CJSTKQ,Default,True,Default,Default,Default,Default,Default,Default,Default,Default,Default,Default,Default,Default,Default,Default,Default,Default,Default,Default,Default,True,Default,Default,Default,Default,Default,.NET Core 5.0,Default,Default,Default,Default,Default,Default,Default,Default,Default,Default,Default,Default,"Job-CJSTKQ(EvaluateOverhead=True, Server=True, Toolchain=.NET Core 5.0)",,1,Workload,Actual,1,880665600,4194304,209.97,129,0,0,280
ExceptionExtensionsBenchmark.GetAllMessages,dotNetTips.Spargine.Extensions.BenchmarkTests,ExceptionExtensionsBenchmark,GetAllMessages,Job-CJSTKQ,Default,True,Default,Default,Default,Default,Default,Default,Default,Default,Default,Default,Default,Default,Default,Default,Default,Default,Default,Default,Default,True,Default,Default,Default,Default,Default,.NET Core 5.0,Default,Default,Default,Default,Default,Default,Default,Default,Default,Default,Default,Default,"Job-CJSTKQ(EvaluateOverhead=True, Server=True, Toolchain=.NET Core 5.0)",,1,Workload,Actual,2,853441400,4194304,203.48,129,0,0,280
ExceptionExtensionsBenchmark.GetAllMessages,dotNetTips.Spargine.Extensions.BenchmarkTests,ExceptionExtensionsBenchmark,GetAllMessages,Job-CJSTKQ,Default,True,Default,Default,Default,Default,Default,Default,Default,Default,Default,Default,Default,Default,Default,Default,Default,Default,Default,Default,Default,True,Default,Default,Default,Default,Default,.NET Core 5.0,Default,Default,Default,Default,Default,Default,Default,Default,Default,Default,Default,Default,"Job-CJSTKQ(EvaluateOverhead=True, Server=True, Toolchain=.NET Core 5.0)",,1,Workload,Actual,3,847634400,4194304,202.09,129,0,0,280
ExceptionExtensionsBenchmark.GetAllMessages,dotNetTips.Spargine.Extensions.BenchmarkTests,ExceptionExtensionsBenchmark,GetAllMessages,Job-CJSTKQ,Default,True,Default,Default,Default,Default,Default,Default,Default,Default,Default,Default,Default,Default,Default,Default,Default,Default,Default,Default,Default,True,Default,Default,Default,Default,Default,.NET Core 5.0,Default,Default,Default,Default,Default,Default,Default,Default,Default,Default,Default,Default,"Job-CJSTKQ(EvaluateOverhead=True, Server=True, Toolchain=.NET Core 5.0)",,1,Workload,Actual,4,842080700,4194304,200.77,129,0,0,280
ExceptionExtensionsBenchmark.GetAllMessages,dotNetTips.Spargine.Extensions.BenchmarkTests,ExceptionExtensionsBenchmark,GetAllMessages,Job-CJSTKQ,Default,True,Default,Default,Default,Default,Default,Default,Default,Default,Default,Default,Default,Default,Default,Default,Default,Default,Default,Default,Default,True,Default,Default,Default,Default,Default,.NET Core 5.0,Default,Default,Default,Default,Default,Default,Default,Default,Default,Default,Default,Default,"Job-CJSTKQ(EvaluateOverhead=True, Server=True, Toolchain=.NET Core 5.0)",,1,Workload,Actual,5,848596000,4194304,202.32,129,0,0,280
ExceptionExtensionsBenchmark.GetAllMessages,dotNetTips.Spargine.Extensions.BenchmarkTests,ExceptionExtensionsBenchmark,GetAllMessages,Job-CJSTKQ,Default,True,Default,Default,Default,Default,Default,Default,Default,Default,Default,Default,Default,Default,Default,Default,Default,Default,Default,Default,Default,True,Default,Default,Default,Default,Default,.NET Core 5.0,Default,Default,Default,Default,Default,Default,Default,Default,Default,Default,Default,Default,"Job-CJSTKQ(EvaluateOverhead=True, Server=True, Toolchain=.NET Core 5.0)",,1,Workload,Actual,6,850010600,4194304,202.66,129,0,0,280
ExceptionExtensionsBenchmark.GetAllMessages,dotNetTips.Spargine.Extensions.BenchmarkTests,ExceptionExtensionsBenchmark,GetAllMessages,Job-CJSTKQ,Default,True,Default,Default,Default,Default,Default,Default,Default,Default,Default,Default,Default,Default,Default,Default,Default,Default,Default,Default,Default,True,Default,Default,Default,Default,Default,.NET Core 5.0,Default,Default,Default,Default,Default,Default,Default,Default,Default,Default,Default,Default,"Job-CJSTKQ(EvaluateOverhead=True, Server=True, Toolchain=.NET Core 5.0)",,1,Workload,Actual,7,851340100,4194304,202.98,129,0,0,280
ExceptionExtensionsBenchmark.GetAllMessages,dotNetTips.Spargine.Extensions.BenchmarkTests,ExceptionExtensionsBenchmark,GetAllMessages,Job-CJSTKQ,Default,True,Default,Default,Default,Default,Default,Default,Default,Default,Default,Default,Default,Default,Default,Default,Default,Default,Default,Default,Default,True,Default,Default,Default,Default,Default,.NET Core 5.0,Default,Default,Default,Default,Default,Default,Default,Default,Default,Default,Default,Default,"Job-CJSTKQ(EvaluateOverhead=True, Server=True, Toolchain=.NET Core 5.0)",,1,Workload,Actual,8,850006000,4194304,202.66,129,0,0,280
ExceptionExtensionsBenchmark.GetAllMessages,dotNetTips.Spargine.Extensions.BenchmarkTests,ExceptionExtensionsBenchmark,GetAllMessages,Job-CJSTKQ,Default,True,Default,Default,Default,Default,Default,Default,Default,Default,Default,Default,Default,Default,Default,Default,Default,Default,Default,Default,Default,True,Default,Default,Default,Default,Default,.NET Core 5.0,Default,Default,Default,Default,Default,Default,Default,Default,Default,Default,Default,Default,"Job-CJSTKQ(EvaluateOverhead=True, Server=True, Toolchain=.NET Core 5.0)",,1,Workload,Actual,9,849505500,4194304,202.54,129,0,0,280
ExceptionExtensionsBenchmark.GetAllMessages,dotNetTips.Spargine.Extensions.BenchmarkTests,ExceptionExtensionsBenchmark,GetAllMessages,Job-CJSTKQ,Default,True,Default,Default,Default,Default,Default,Default,Default,Default,Default,Default,Default,Default,Default,Default,Default,Default,Default,Default,Default,True,Default,Default,Default,Default,Default,.NET Core 5.0,Default,Default,Default,Default,Default,Default,Default,Default,Default,Default,Default,Default,"Job-CJSTKQ(EvaluateOverhead=True, Server=True, Toolchain=.NET Core 5.0)",,1,Workload,Actual,10,847854300,4194304,202.14,129,0,0,280
ExceptionExtensionsBenchmark.GetAllMessages,dotNetTips.Spargine.Extensions.BenchmarkTests,ExceptionExtensionsBenchmark,GetAllMessages,Job-CJSTKQ,Default,True,Default,Default,Default,Default,Default,Default,Default,Default,Default,Default,Default,Default,Default,Default,Default,Default,Default,Default,Default,True,Default,Default,Default,Default,Default,.NET Core 5.0,Default,Default,Default,Default,Default,Default,Default,Default,Default,Default,Default,Default,"Job-CJSTKQ(EvaluateOverhead=True, Server=True, Toolchain=.NET Core 5.0)",,1,Workload,Actual,11,853673900,4194304,203.53,129,0,0,280
ExceptionExtensionsBenchmark.GetAllMessages,dotNetTips.Spargine.Extensions.BenchmarkTests,ExceptionExtensionsBenchmark,GetAllMessages,Job-CJSTKQ,Default,True,Default,Default,Default,Default,Default,Default,Default,Default,Default,Default,Default,Default,Default,Default,Default,Default,Default,Default,Default,True,Default,Default,Default,Default,Default,.NET Core 5.0,Default,Default,Default,Default,Default,Default,Default,Default,Default,Default,Default,Default,"Job-CJSTKQ(EvaluateOverhead=True, Server=True, Toolchain=.NET Core 5.0)",,1,Workload,Actual,12,854250200,4194304,203.67,129,0,0,280
ExceptionExtensionsBenchmark.GetAllMessages,dotNetTips.Spargine.Extensions.BenchmarkTests,ExceptionExtensionsBenchmark,GetAllMessages,Job-CJSTKQ,Default,True,Default,Default,Default,Default,Default,Default,Default,Default,Default,Default,Default,Default,Default,Default,Default,Default,Default,Default,Default,True,Default,Default,Default,Default,Default,.NET Core 5.0,Default,Default,Default,Default,Default,Default,Default,Default,Default,Default,Default,Default,"Job-CJSTKQ(EvaluateOverhead=True, Server=True, Toolchain=.NET Core 5.0)",,1,Workload,Actual,13,858304700,4194304,204.64,129,0,0,280
ExceptionExtensionsBenchmark.GetAllMessages,dotNetTips.Spargine.Extensions.BenchmarkTests,ExceptionExtensionsBenchmark,GetAllMessages,Job-CJSTKQ,Default,True,Default,Default,Default,Default,Default,Default,Default,Default,Default,Default,Default,Default,Default,Default,Default,Default,Default,Default,Default,True,Default,Default,Default,Default,Default,.NET Core 5.0,Default,Default,Default,Default,Default,Default,Default,Default,Default,Default,Default,Default,"Job-CJSTKQ(EvaluateOverhead=True, Server=True, Toolchain=.NET Core 5.0)",,1,Workload,Actual,14,851289400,4194304,202.96,129,0,0,280
ExceptionExtensionsBenchmark.GetAllMessages,dotNetTips.Spargine.Extensions.BenchmarkTests,ExceptionExtensionsBenchmark,GetAllMessages,Job-CJSTKQ,Default,True,Default,Default,Default,Default,Default,Default,Default,Default,Default,Default,Default,Default,Default,Default,Default,Default,Default,Default,Default,True,Default,Default,Default,Default,Default,.NET Core 5.0,Default,Default,Default,Default,Default,Default,Default,Default,Default,Default,Default,Default,"Job-CJSTKQ(EvaluateOverhead=True, Server=True, Toolchain=.NET Core 5.0)",,1,Workload,Actual,15,857315600,4194304,204.4,129,0,0,280
ExceptionExtensionsBenchmark.GetAllMessages,dotNetTips.Spargine.Extensions.BenchmarkTests,ExceptionExtensionsBenchmark,GetAllMessages,Job-CJSTKQ,Default,True,Default,Default,Default,Default,Default,Default,Default,Default,Default,Default,Default,Default,Default,Default,Default,Default,Default,Default,Default,True,Default,Default,Default,Default,Default,.NET Core 5.0,Default,Default,Default,Default,Default,Default,Default,Default,Default,Default,Default,Default,"Job-CJSTKQ(EvaluateOverhead=True, Server=True, Toolchain=.NET Core 5.0)",,1,Workload,Result,1,845118200,4194304,201.49,129,0,0,280
ExceptionExtensionsBenchmark.GetAllMessages,dotNetTips.Spargine.Extensions.BenchmarkTests,ExceptionExtensionsBenchmark,GetAllMessages,Job-CJSTKQ,Default,True,Default,Default,Default,Default,Default,Default,Default,Default,Default,Default,Default,Default,Default,Default,Default,Default,Default,Default,Default,True,Default,Default,Default,Default,Default,.NET Core 5.0,Default,Default,Default,Default,Default,Default,Default,Default,Default,Default,Default,Default,"Job-CJSTKQ(EvaluateOverhead=True, Server=True, Toolchain=.NET Core 5.0)",,1,Workload,Result,2,839311200,4194304,200.11,129,0,0,280
ExceptionExtensionsBenchmark.GetAllMessages,dotNetTips.Spargine.Extensions.BenchmarkTests,ExceptionExtensionsBenchmark,GetAllMessages,Job-CJSTKQ,Default,True,Default,Default,Default,Default,Default,Default,Default,Default,Default,Default,Default,Default,Default,Default,Default,Default,Default,Default,Default,True,Default,Default,Default,Default,Default,.NET Core 5.0,Default,Default,Default,Default,Default,Default,Default,Default,Default,Default,Default,Default,"Job-CJSTKQ(EvaluateOverhead=True, Server=True, Toolchain=.NET Core 5.0)",,1,Workload,Result,3,833757500,4194304,198.78,129,0,0,280
ExceptionExtensionsBenchmark.GetAllMessages,dotNetTips.Spargine.Extensions.BenchmarkTests,ExceptionExtensionsBenchmark,GetAllMessages,Job-CJSTKQ,Default,True,Default,Default,Default,Default,Default,Default,Default,Default,Default,Default,Default,Default,Default,Default,Default,Default,Default,Default,Default,True,Default,Default,Default,Default,Default,.NET Core 5.0,Default,Default,Default,Default,Default,Default,Default,Default,Default,Default,Default,Default,"Job-CJSTKQ(EvaluateOverhead=True, Server=True, Toolchain=.NET Core 5.0)",,1,Workload,Result,4,840272800,4194304,200.34,129,0,0,280
ExceptionExtensionsBenchmark.GetAllMessages,dotNetTips.Spargine.Extensions.BenchmarkTests,ExceptionExtensionsBenchmark,GetAllMessages,Job-CJSTKQ,Default,True,Default,Default,Default,Default,Default,Default,Default,Default,Default,Default,Default,Default,Default,Default,Default,Default,Default,Default,Default,True,Default,Default,Default,Default,Default,.NET Core 5.0,Default,Default,Default,Default,Default,Default,Default,Default,Default,Default,Default,Default,"Job-CJSTKQ(EvaluateOverhead=True, Server=True, Toolchain=.NET Core 5.0)",,1,Workload,Result,5,841687400,4194304,200.67,129,0,0,280
ExceptionExtensionsBenchmark.GetAllMessages,dotNetTips.Spargine.Extensions.BenchmarkTests,ExceptionExtensionsBenchmark,GetAllMessages,Job-CJSTKQ,Default,True,Default,Default,Default,Default,Default,Default,Default,Default,Default,Default,Default,Default,Default,Default,Default,Default,Default,Default,Default,True,Default,Default,Default,Default,Default,.NET Core 5.0,Default,Default,Default,Default,Default,Default,Default,Default,Default,Default,Default,Default,"Job-CJSTKQ(EvaluateOverhead=True, Server=True, Toolchain=.NET Core 5.0)",,1,Workload,Result,6,843016900,4194304,200.99,129,0,0,280
ExceptionExtensionsBenchmark.GetAllMessages,dotNetTips.Spargine.Extensions.BenchmarkTests,ExceptionExtensionsBenchmark,GetAllMessages,Job-CJSTKQ,Default,True,Default,Default,Default,Default,Default,Default,Default,Default,Default,Default,Default,Default,Default,Default,Default,Default,Default,Default,Default,True,Default,Default,Default,Default,Default,.NET Core 5.0,Default,Default,Default,Default,Default,Default,Default,Default,Default,Default,Default,Default,"Job-CJSTKQ(EvaluateOverhead=True, Server=True, Toolchain=.NET Core 5.0)",,1,Workload,Result,7,841682800,4194304,200.67,129,0,0,280
ExceptionExtensionsBenchmark.GetAllMessages,dotNetTips.Spargine.Extensions.BenchmarkTests,ExceptionExtensionsBenchmark,GetAllMessages,Job-CJSTKQ,Default,True,Default,Default,Default,Default,Default,Default,Default,Default,Default,Default,Default,Default,Default,Default,Default,Default,Default,Default,Default,True,Default,Default,Default,Default,Default,.NET Core 5.0,Default,Default,Default,Default,Default,Default,Default,Default,Default,Default,Default,Default,"Job-CJSTKQ(EvaluateOverhead=True, Server=True, Toolchain=.NET Core 5.0)",,1,Workload,Result,8,841182300,4194304,200.55,129,0,0,280
ExceptionExtensionsBenchmark.GetAllMessages,dotNetTips.Spargine.Extensions.BenchmarkTests,ExceptionExtensionsBenchmark,GetAllMessages,Job-CJSTKQ,Default,True,Default,Default,Default,Default,Default,Default,Default,Default,Default,Default,Default,Default,Default,Default,Default,Default,Default,Default,Default,True,Default,Default,Default,Default,Default,.NET Core 5.0,Default,Default,Default,Default,Default,Default,Default,Default,Default,Default,Default,Default,"Job-CJSTKQ(EvaluateOverhead=True, Server=True, Toolchain=.NET Core 5.0)",,1,Workload,Result,9,839531100,4194304,200.16,129,0,0,280
ExceptionExtensionsBenchmark.GetAllMessages,dotNetTips.Spargine.Extensions.BenchmarkTests,ExceptionExtensionsBenchmark,GetAllMessages,Job-CJSTKQ,Default,True,Default,Default,Default,Default,Default,Default,Default,Default,Default,Default,Default,Default,Default,Default,Default,Default,Default,Default,Default,True,Default,Default,Default,Default,Default,.NET Core 5.0,Default,Default,Default,Default,Default,Default,Default,Default,Default,Default,Default,Default,"Job-CJSTKQ(EvaluateOverhead=True, Server=True, Toolchain=.NET Core 5.0)",,1,Workload,Result,10,845350700,4194304,201.55,129,0,0,280
ExceptionExtensionsBenchmark.GetAllMessages,dotNetTips.Spargine.Extensions.BenchmarkTests,ExceptionExtensionsBenchmark,GetAllMessages,Job-CJSTKQ,Default,True,Default,Default,Default,Default,Default,Default,Default,Default,Default,Default,Default,Default,Default,Default,Default,Default,Default,Default,Default,True,Default,Default,Default,Default,Default,.NET Core 5.0,Default,Default,Default,Default,Default,Default,Default,Default,Default,Default,Default,Default,"Job-CJSTKQ(EvaluateOverhead=True, Server=True, Toolchain=.NET Core 5.0)",,1,Workload,Result,11,845927000,4194304,201.68,129,0,0,280
ExceptionExtensionsBenchmark.GetAllMessages,dotNetTips.Spargine.Extensions.BenchmarkTests,ExceptionExtensionsBenchmark,GetAllMessages,Job-CJSTKQ,Default,True,Default,Default,Default,Default,Default,Default,Default,Default,Default,Default,Default,Default,Default,Default,Default,Default,Default,Default,Default,True,Default,Default,Default,Default,Default,.NET Core 5.0,Default,Default,Default,Default,Default,Default,Default,Default,Default,Default,Default,Default,"Job-CJSTKQ(EvaluateOverhead=True, Server=True, Toolchain=.NET Core 5.0)",,1,Workload,Result,12,849981500,4194304,202.65,129,0,0,280
ExceptionExtensionsBenchmark.GetAllMessages,dotNetTips.Spargine.Extensions.BenchmarkTests,ExceptionExtensionsBenchmark,GetAllMessages,Job-CJSTKQ,Default,True,Default,Default,Default,Default,Default,Default,Default,Default,Default,Default,Default,Default,Default,Default,Default,Default,Default,Default,Default,True,Default,Default,Default,Default,Default,.NET Core 5.0,Default,Default,Default,Default,Default,Default,Default,Default,Default,Default,Default,Default,"Job-CJSTKQ(EvaluateOverhead=True, Server=True, Toolchain=.NET Core 5.0)",,1,Workload,Result,13,842966200,4194304,200.98,129,0,0,280
ExceptionExtensionsBenchmark.GetAllMessages,dotNetTips.Spargine.Extensions.BenchmarkTests,ExceptionExtensionsBenchmark,GetAllMessages,Job-CJSTKQ,Default,True,Default,Default,Default,Default,Default,Default,Default,Default,Default,Default,Default,Default,Default,Default,Default,Default,Default,Default,Default,True,Default,Default,Default,Default,Default,.NET Core 5.0,Default,Default,Default,Default,Default,Default,Default,Default,Default,Default,Default,Default,"Job-CJSTKQ(EvaluateOverhead=True, Server=True, Toolchain=.NET Core 5.0)",,1,Workload,Result,14,848992400,4194304,202.42,129,0,0,280
