Method,Job,AnalyzeLaunchVariance,EvaluateOverhead,MaxAbsoluteError,MaxRelativeError,MinInvokeCount,MinIterationTime,OutlierMode,Affinity,EnvironmentVariables,Jit,Platform,PowerPlanMode,Runtime,AllowVeryLargeObjects,Concurrent,CpuGroups,Force,HeapAffinitizeMask,HeapCount,NoAffinitize,RetainVm,Server,Arguments,BuildConfiguration,Clock,EngineFactory,NuGetReferences,Toolchain,IsMutator,InvocationCount,IterationCount,IterationTime,LaunchCount,MaxIterationCount,MaxWarmupIterationCount,MinIterationCount,MinWarmupIterationCount,RunStrategy,UnrollFactor,WarmupCount,Namespace,Categories,Mean,Error,StdDev,StdErr,Min,Q1,Median,Q3,Max,Op/s,CI99.9% Margin,Iterations,Kurtosis,MValue,Skewness,Rank,LogicalGroup,Baseline,Gen 0,Gen 1,Gen 2,Allocated,Code Size
'Copy & Delete Directory',Job-OJMBIG,False,True,Default,Default,Default,Default,Default,1111,Empty,RyuJit,X64,8c5e7fda-e8bf-4a96-9a85-a6e23a8c635c,.NET Core 5.0,False,True,False,True,Default,Default,False,False,True,Default,Default,Default,Default,Default,.NET Core 5.0,Default,1,Default,Default,Default,Default,Default,Default,Default,Default,16,Default,dotNetTips.Spargine.BenchmarkTests,DirectoryHelper,"53,133.273 μs",721.8695 μs,602.7937 μs,167.1849 μs,"52,310.090 μs","52,642.320 μs","52,960.060 μs","53,356.020 μs","54,520.310 μs",18.82,721.8695 μs,13.00,2.708,2.000,0.6860,8,*,No,100.0000,0.0000,0.0000,1578554 B,867 B
'Copy & Move Directory',Job-OJMBIG,False,True,Default,Default,Default,Default,Default,1111,Empty,RyuJit,X64,8c5e7fda-e8bf-4a96-9a85-a6e23a8c635c,.NET Core 5.0,False,True,False,True,Default,Default,False,False,True,Default,Default,Default,Default,Default,.NET Core 5.0,Default,1,Default,Default,Default,Default,Default,Default,Default,Default,16,Default,dotNetTips.Spargine.BenchmarkTests,DirectoryHelper,"45,025.917 μs",894.2062 μs,918.2840 μs,222.7166 μs,"44,021.764 μs","44,157.336 μs","45,024.464 μs","45,365.127 μs","47,122.655 μs",22.21,894.2062 μs,17.00,2.330,2.000,0.6074,7,*,No,0.0000,0.0000,0.0000,45656 B,1289 B
AppDataFolder,Job-OJMBIG,False,True,Default,Default,Default,Default,Default,1111,Empty,RyuJit,X64,8c5e7fda-e8bf-4a96-9a85-a6e23a8c635c,.NET Core 5.0,False,True,False,True,Default,Default,False,False,True,Default,Default,Default,Default,Default,.NET Core 5.0,Default,1,Default,Default,Default,Default,Default,Default,Default,Default,16,Default,dotNetTips.Spargine.BenchmarkTests,DirectoryHelper,2.141 μs,0.0063 μs,0.0059 μs,0.0015 μs,2.132 μs,2.137 μs,2.139 μs,2.146 μs,2.152 μs,"467,106.89",0.0063 μs,15.00,1.776,2.000,0.4175,1,*,No,0.0801,0.0000,0.0000,736 B,43 B
DeleteDirectory,Job-OJMBIG,False,True,Default,Default,Default,Default,Default,1111,Empty,RyuJit,X64,8c5e7fda-e8bf-4a96-9a85-a6e23a8c635c,.NET Core 5.0,False,True,False,True,Default,Default,False,False,True,Default,Default,Default,Default,Default,.NET Core 5.0,Default,1,Default,Default,Default,Default,Default,Default,Default,Default,16,Default,dotNetTips.Spargine.BenchmarkTests,DirectoryHelper,14.658 μs,0.0349 μs,0.0327 μs,0.0084 μs,14.602 μs,14.643 μs,14.655 μs,14.686 μs,14.701 μs,"68,220.07",0.0349 μs,15.00,1.749,2.000,-0.4153,2,*,No,0.0153,0.0000,0.0000,240 B,448 B
LoadOneDriveFolders,Job-OJMBIG,False,True,Default,Default,Default,Default,Default,1111,Empty,RyuJit,X64,8c5e7fda-e8bf-4a96-9a85-a6e23a8c635c,.NET Core 5.0,False,True,False,True,Default,Default,False,False,True,Default,Default,Default,Default,Default,.NET Core 5.0,Default,1,Default,Default,Default,Default,Default,Default,Default,Default,16,Default,dotNetTips.Spargine.BenchmarkTests,DirectoryHelper,70.344 μs,0.5327 μs,0.4723 μs,0.1262 μs,69.779 μs,70.055 μs,70.233 μs,70.422 μs,71.418 μs,"14,215.78",0.5327 μs,14.00,2.755,2.000,0.9209,3,*,No,0.3662,0.0000,0.0000,3809 B,796 B
SafeDirectorySearch,Job-OJMBIG,False,True,Default,Default,Default,Default,Default,1111,Empty,RyuJit,X64,8c5e7fda-e8bf-4a96-9a85-a6e23a8c635c,.NET Core 5.0,False,True,False,True,Default,Default,False,False,True,Default,Default,Default,Default,Default,.NET Core 5.0,Default,1,Default,Default,Default,Default,Default,Default,Default,Default,16,Default,dotNetTips.Spargine.BenchmarkTests,DirectoryHelper,86.170 μs,0.9156 μs,0.8564 μs,0.2211 μs,85.224 μs,85.541 μs,85.776 μs,86.606 μs,88.016 μs,"11,604.94",0.9156 μs,15.00,2.333,2.000,0.8817,4,*,No,0.0000,0.0000,0.0000,616 B,1677 B
SafeFileSearch,Job-OJMBIG,False,True,Default,Default,Default,Default,Default,1111,Empty,RyuJit,X64,8c5e7fda-e8bf-4a96-9a85-a6e23a8c635c,.NET Core 5.0,False,True,False,True,Default,Default,False,False,True,Default,Default,Default,Default,Default,.NET Core 5.0,Default,1,Default,Default,Default,Default,Default,Default,Default,Default,16,Default,dotNetTips.Spargine.BenchmarkTests,DirectoryHelper,329.928 μs,0.8029 μs,0.7511 μs,0.1939 μs,328.346 μs,329.571 μs,329.751 μs,330.418 μs,331.492 μs,"3,030.96",0.8029 μs,15.00,2.871,2.000,-0.0019,5,*,No,2.4414,0.0000,0.0000,26401 B,1036 B
SetFileAttributesToNormal,Job-OJMBIG,False,True,Default,Default,Default,Default,Default,1111,Empty,RyuJit,X64,8c5e7fda-e8bf-4a96-9a85-a6e23a8c635c,.NET Core 5.0,False,True,False,True,Default,Default,False,False,True,Default,Default,Default,Default,Default,.NET Core 5.0,Default,1,Default,Default,Default,Default,Default,Default,Default,Default,16,Default,dotNetTips.Spargine.BenchmarkTests,DirectoryHelper,"8,900.893 μs",38.0430 μs,35.5855 μs,9.1881 μs,"8,852.473 μs","8,874.359 μs","8,902.741 μs","8,921.421 μs","8,986.725 μs",112.35,38.0430 μs,15.00,2.847,2.000,0.6266,6,*,No,140.6250,0.0000,0.0000,1276936 B,195 B
