Method,Job,AnalyzeLaunchVariance,EvaluateOverhead,MaxAbsoluteError,MaxRelativeError,MinInvokeCount,MinIterationTime,OutlierMode,Affinity,EnvironmentVariables,Jit,Platform,PowerPlanMode,Runtime,AllowVeryLargeObjects,Concurrent,CpuGroups,Force,HeapAffinitizeMask,HeapCount,NoAffinitize,RetainVm,Server,Arguments,BuildConfiguration,Clock,EngineFactory,NuGetReferences,Toolchain,IsMutator,InvocationCount,IterationCount,IterationTime,LaunchCount,MaxIterationCount,MaxWarmupIterationCount,MinIterationCount,MinWarmupIterationCount,RunStrategy,UnrollFactor,WarmupCount,Namespace,Categories,Count,Mean,Error,StdDev,StdErr,Median,Min,Q1,Q3,Max,Op/s,CI99.9% Margin,Iterations,Kurtosis,MValue,Skewness,Rank,LogicalGroup,Baseline,Code Size,Gen 0,Gen 1,Gen 2,Allocated
'ListHashCode:Read Only',Job-CJSTKQ,False,True,Default,Default,Default,Default,Default,1111,Empty,RyuJit,X64,8c5e7fda-e8bf-4a96-9a85-a6e23a8c635c,.NET Core 5.0,False,True,False,True,Default,Default,False,False,True,Default,Default,Default,Default,Default,.NET Core 5.0,Default,1,Default,Default,Default,Default,Default,Default,Default,Default,16,Default,dotNetTips.Spargine.Extensions.BenchmarkTests,ListExtensions,10,824.56 ns,3.840 ns,3.592 ns,0.927 ns,825.42 ns,815.21 ns,822.70 ns,826.69 ns,829.34 ns,"1,212,772.8",3.8399 ns,15.00,3.582,2.000,-0.9045,40,*,No,780 B,0.0219,0.0000,0.0000,208 B
'ListHashCode:Read Only',Job-CJSTKQ,False,True,Default,Default,Default,Default,Default,1111,Empty,RyuJit,X64,8c5e7fda-e8bf-4a96-9a85-a6e23a8c635c,.NET Core 5.0,False,True,False,True,Default,Default,False,False,True,Default,Default,Default,Default,Default,.NET Core 5.0,Default,1,Default,Default,Default,Default,Default,Default,Default,Default,16,Default,dotNetTips.Spargine.Extensions.BenchmarkTests,ListExtensions,25,"1,871.72 ns",8.972 ns,7.492 ns,2.078 ns,"1,872.55 ns","1,854.40 ns","1,869.79 ns","1,874.05 ns","1,885.14 ns","534,269.1",8.9720 ns,13.00,3.201,2.000,-0.5077,48,*,No,780 B,0.0229,0.0000,0.0000,208 B
'ListHashCode:Read Only',Job-CJSTKQ,False,True,Default,Default,Default,Default,Default,1111,Empty,RyuJit,X64,8c5e7fda-e8bf-4a96-9a85-a6e23a8c635c,.NET Core 5.0,False,True,False,True,Default,Default,False,False,True,Default,Default,Default,Default,Default,.NET Core 5.0,Default,1,Default,Default,Default,Default,Default,Default,Default,Default,16,Default,dotNetTips.Spargine.Extensions.BenchmarkTests,ListExtensions,50,"3,950.24 ns",21.069 ns,18.677 ns,4.992 ns,"3,954.60 ns","3,886.46 ns","3,951.94 ns","3,956.73 ns","3,962.13 ns","253,149.5",21.0687 ns,14.00,9.734,2.000,-2.7999,53,*,No,780 B,0.0153,0.0000,0.0000,208 B
'ListHashCode:Read Only',Job-CJSTKQ,False,True,Default,Default,Default,Default,Default,1111,Empty,RyuJit,X64,8c5e7fda-e8bf-4a96-9a85-a6e23a8c635c,.NET Core 5.0,False,True,False,True,Default,Default,False,False,True,Default,Default,Default,Default,Default,.NET Core 5.0,Default,1,Default,Default,Default,Default,Default,Default,Default,Default,16,Default,dotNetTips.Spargine.Extensions.BenchmarkTests,ListExtensions,100,"7,640.40 ns",11.527 ns,10.782 ns,2.784 ns,"7,638.65 ns","7,624.27 ns","7,631.86 ns","7,647.67 ns","7,657.81 ns","130,883.2",11.5268 ns,15.00,1.623,2.000,0.0503,57,*,No,780 B,0.0229,0.0000,0.0000,208 B
'ListHashCode:Read Only',Job-CJSTKQ,False,True,Default,Default,Default,Default,Default,1111,Empty,RyuJit,X64,8c5e7fda-e8bf-4a96-9a85-a6e23a8c635c,.NET Core 5.0,False,True,False,True,Default,Default,False,False,True,Default,Default,Default,Default,Default,.NET Core 5.0,Default,1,Default,Default,Default,Default,Default,Default,Default,Default,16,Default,dotNetTips.Spargine.Extensions.BenchmarkTests,ListExtensions,250,"19,397.82 ns",212.968 ns,166.272 ns,47.999 ns,"19,368.85 ns","19,071.19 ns","19,336.69 ns","19,462.60 ns","19,677.81 ns","51,552.2",212.9684 ns,12.00,2.484,2.000,0.0655,61,*,No,780 B,0.0000,0.0000,0.0000,208 B
'ListHashCode:Read Only',Job-CJSTKQ,False,True,Default,Default,Default,Default,Default,1111,Empty,RyuJit,X64,8c5e7fda-e8bf-4a96-9a85-a6e23a8c635c,.NET Core 5.0,False,True,False,True,Default,Default,False,False,True,Default,Default,Default,Default,Default,.NET Core 5.0,Default,1,Default,Default,Default,Default,Default,Default,Default,Default,16,Default,dotNetTips.Spargine.Extensions.BenchmarkTests,ListExtensions,500,"39,046.53 ns",93.423 ns,82.817 ns,22.134 ns,"39,045.95 ns","38,886.03 ns","38,990.73 ns","39,118.90 ns","39,174.10 ns","25,610.5",93.4232 ns,14.00,1.903,2.000,-0.2150,64,*,No,780 B,0.0000,0.0000,0.0000,208 B
'ListHashCode:Read Only',Job-CJSTKQ,False,True,Default,Default,Default,Default,Default,1111,Empty,RyuJit,X64,8c5e7fda-e8bf-4a96-9a85-a6e23a8c635c,.NET Core 5.0,False,True,False,True,Default,Default,False,False,True,Default,Default,Default,Default,Default,.NET Core 5.0,Default,1,Default,Default,Default,Default,Default,Default,Default,Default,16,Default,dotNetTips.Spargine.Extensions.BenchmarkTests,ListExtensions,1000,"80,492.53 ns",961.299 ns,899.199 ns,232.172 ns,"81,096.06 ns","79,316.81 ns","79,693.18 ns","81,240.74 ns","81,564.47 ns","12,423.5",961.2986 ns,15.00,1.032,2.000,-0.1510,68,*,No,780 B,0.0000,0.0000,0.0000,208 B
'Shuffle: With Count',Job-CJSTKQ,False,True,Default,Default,Default,Default,Default,1111,Empty,RyuJit,X64,8c5e7fda-e8bf-4a96-9a85-a6e23a8c635c,.NET Core 5.0,False,True,False,True,Default,Default,False,False,True,Default,Default,Default,Default,Default,.NET Core 5.0,Default,1,Default,Default,Default,Default,Default,Default,Default,Default,16,Default,dotNetTips.Spargine.Extensions.BenchmarkTests,ListExtensions,10,57.15 ns,0.268 ns,0.224 ns,0.062 ns,57.11 ns,56.75 ns,57.06 ns,57.31 ns,57.48 ns,"17,499,065.6",0.2678 ns,13.00,2.082,2.000,-0.2635,16,*,No,303 B,0.0098,0.0000,0.0000,88 B
'Shuffle: With Count',Job-CJSTKQ,False,True,Default,Default,Default,Default,Default,1111,Empty,RyuJit,X64,8c5e7fda-e8bf-4a96-9a85-a6e23a8c635c,.NET Core 5.0,False,True,False,True,Default,Default,False,False,True,Default,Default,Default,Default,Default,.NET Core 5.0,Default,1,Default,Default,Default,Default,Default,Default,Default,Default,16,Default,dotNetTips.Spargine.Extensions.BenchmarkTests,ListExtensions,25,57.04 ns,0.359 ns,0.336 ns,0.087 ns,57.22 ns,56.11 ns,56.98 ns,57.24 ns,57.27 ns,"17,532,329.7",0.3589 ns,15.00,4.532,2.000,-1.6040,16,*,No,303 B,0.0097,0.0000,0.0000,88 B
'Shuffle: With Count',Job-CJSTKQ,False,True,Default,Default,Default,Default,Default,1111,Empty,RyuJit,X64,8c5e7fda-e8bf-4a96-9a85-a6e23a8c635c,.NET Core 5.0,False,True,False,True,Default,Default,False,False,True,Default,Default,Default,Default,Default,.NET Core 5.0,Default,1,Default,Default,Default,Default,Default,Default,Default,Default,16,Default,dotNetTips.Spargine.Extensions.BenchmarkTests,ListExtensions,50,57.89 ns,0.357 ns,0.317 ns,0.085 ns,57.96 ns,57.27 ns,57.65 ns,58.12 ns,58.30 ns,"17,274,060.3",0.3571 ns,14.00,1.856,2.000,-0.4656,16,*,No,303 B,0.0095,0.0000,0.0000,88 B
'Shuffle: With Count',Job-CJSTKQ,False,True,Default,Default,Default,Default,Default,1111,Empty,RyuJit,X64,8c5e7fda-e8bf-4a96-9a85-a6e23a8c635c,.NET Core 5.0,False,True,False,True,Default,Default,False,False,True,Default,Default,Default,Default,Default,.NET Core 5.0,Default,1,Default,Default,Default,Default,Default,Default,Default,Default,16,Default,dotNetTips.Spargine.Extensions.BenchmarkTests,ListExtensions,100,56.42 ns,0.127 ns,0.106 ns,0.029 ns,56.43 ns,56.20 ns,56.39 ns,56.50 ns,56.54 ns,"17,725,215.8",0.1273 ns,13.00,2.378,2.000,-0.7868,16,*,No,303 B,0.0097,0.0000,0.0000,88 B
'Shuffle: With Count',Job-CJSTKQ,False,True,Default,Default,Default,Default,Default,1111,Empty,RyuJit,X64,8c5e7fda-e8bf-4a96-9a85-a6e23a8c635c,.NET Core 5.0,False,True,False,True,Default,Default,False,False,True,Default,Default,Default,Default,Default,.NET Core 5.0,Default,1,Default,Default,Default,Default,Default,Default,Default,Default,16,Default,dotNetTips.Spargine.Extensions.BenchmarkTests,ListExtensions,250,56.83 ns,0.348 ns,0.326 ns,0.084 ns,56.85 ns,56.01 ns,56.71 ns,57.06 ns,57.34 ns,"17,595,966.0",0.3480 ns,15.00,3.422,2.000,-0.8311,16,*,No,303 B,0.0096,0.0000,0.0000,88 B
'Shuffle: With Count',Job-CJSTKQ,False,True,Default,Default,Default,Default,Default,1111,Empty,RyuJit,X64,8c5e7fda-e8bf-4a96-9a85-a6e23a8c635c,.NET Core 5.0,False,True,False,True,Default,Default,False,False,True,Default,Default,Default,Default,Default,.NET Core 5.0,Default,1,Default,Default,Default,Default,Default,Default,Default,Default,16,Default,dotNetTips.Spargine.Extensions.BenchmarkTests,ListExtensions,500,56.21 ns,0.437 ns,0.409 ns,0.106 ns,56.37 ns,55.16 ns,56.11 ns,56.42 ns,56.61 ns,"17,790,141.7",0.4370 ns,15.00,3.451,2.000,-1.2380,16,*,No,303 B,0.0097,0.0000,0.0000,88 B
'Shuffle: With Count',Job-CJSTKQ,False,True,Default,Default,Default,Default,Default,1111,Empty,RyuJit,X64,8c5e7fda-e8bf-4a96-9a85-a6e23a8c635c,.NET Core 5.0,False,True,False,True,Default,Default,False,False,True,Default,Default,Default,Default,Default,.NET Core 5.0,Default,1,Default,Default,Default,Default,Default,Default,Default,Default,16,Default,dotNetTips.Spargine.Extensions.BenchmarkTests,ListExtensions,1000,55.94 ns,0.377 ns,0.334 ns,0.089 ns,55.97 ns,55.35 ns,55.73 ns,56.26 ns,56.36 ns,"17,876,077.2",0.3770 ns,14.00,1.879,2.000,-0.3449,16,*,No,303 B,0.0094,0.0000,0.0000,88 B
AddLast,Job-CJSTKQ,False,True,Default,Default,Default,Default,Default,1111,Empty,RyuJit,X64,8c5e7fda-e8bf-4a96-9a85-a6e23a8c635c,.NET Core 5.0,False,True,False,True,Default,Default,False,False,True,Default,Default,Default,Default,Default,.NET Core 5.0,Default,1,Default,Default,Default,Default,Default,Default,Default,Default,16,Default,dotNetTips.Spargine.Extensions.BenchmarkTests,ListExtensions,10,100.70 ns,0.453 ns,0.423 ns,0.109 ns,100.69 ns,99.91 ns,100.44 ns,101.02 ns,101.34 ns,"9,930,003.7",0.4525 ns,15.00,1.931,2.000,0.0873,22,*,No,449 B,0.0352,0.0000,0.0000,320 B
AddLast,Job-CJSTKQ,False,True,Default,Default,Default,Default,Default,1111,Empty,RyuJit,X64,8c5e7fda-e8bf-4a96-9a85-a6e23a8c635c,.NET Core 5.0,False,True,False,True,Default,Default,False,False,True,Default,Default,Default,Default,Default,.NET Core 5.0,Default,1,Default,Default,Default,Default,Default,Default,Default,Default,16,Default,dotNetTips.Spargine.Extensions.BenchmarkTests,ListExtensions,25,134.28 ns,0.725 ns,0.679 ns,0.175 ns,133.98 ns,133.40 ns,133.85 ns,134.89 ns,135.65 ns,"7,446,906.1",0.7255 ns,15.00,1.819,2.000,0.4377,26,*,No,449 B,0.0751,0.0000,0.0000,680 B
AddLast,Job-CJSTKQ,False,True,Default,Default,Default,Default,Default,1111,Empty,RyuJit,X64,8c5e7fda-e8bf-4a96-9a85-a6e23a8c635c,.NET Core 5.0,False,True,False,True,Default,Default,False,False,True,Default,Default,Default,Default,Default,.NET Core 5.0,Default,1,Default,Default,Default,Default,Default,Default,Default,Default,16,Default,dotNetTips.Spargine.Extensions.BenchmarkTests,ListExtensions,50,182.78 ns,0.997 ns,0.933 ns,0.241 ns,182.66 ns,180.58 ns,182.34 ns,183.39 ns,184.25 ns,"5,471,033.1",0.9970 ns,15.00,3.013,2.000,-0.2814,28,*,No,449 B,0.1397,0.0000,0.0000,1280 B
AddLast,Job-CJSTKQ,False,True,Default,Default,Default,Default,Default,1111,Empty,RyuJit,X64,8c5e7fda-e8bf-4a96-9a85-a6e23a8c635c,.NET Core 5.0,False,True,False,True,Default,Default,False,False,True,Default,Default,Default,Default,Default,.NET Core 5.0,Default,1,Default,Default,Default,Default,Default,Default,Default,Default,16,Default,dotNetTips.Spargine.Extensions.BenchmarkTests,ListExtensions,100,290.13 ns,0.897 ns,0.839 ns,0.217 ns,290.16 ns,288.69 ns,289.55 ns,290.55 ns,291.91 ns,"3,446,674.2",0.8967 ns,15.00,2.337,2.000,0.2507,31,*,No,449 B,0.2780,0.0014,0.0000,2480 B
AddLast,Job-CJSTKQ,False,True,Default,Default,Default,Default,Default,1111,Empty,RyuJit,X64,8c5e7fda-e8bf-4a96-9a85-a6e23a8c635c,.NET Core 5.0,False,True,False,True,Default,Default,False,False,True,Default,Default,Default,Default,Default,.NET Core 5.0,Default,1,Default,Default,Default,Default,Default,Default,Default,Default,16,Default,dotNetTips.Spargine.Extensions.BenchmarkTests,ListExtensions,250,607.27 ns,1.749 ns,1.636 ns,0.423 ns,607.51 ns,604.24 ns,606.51 ns,608.23 ns,609.92 ns,"1,646,701.4",1.7495 ns,15.00,2.189,2.000,-0.4448,37,*,No,449 B,0.6933,0.0076,0.0000,6080 B
AddLast,Job-CJSTKQ,False,True,Default,Default,Default,Default,Default,1111,Empty,RyuJit,X64,8c5e7fda-e8bf-4a96-9a85-a6e23a8c635c,.NET Core 5.0,False,True,False,True,Default,Default,False,False,True,Default,Default,Default,Default,Default,.NET Core 5.0,Default,1,Default,Default,Default,Default,Default,Default,Default,Default,16,Default,dotNetTips.Spargine.Extensions.BenchmarkTests,ListExtensions,500,"1,147.88 ns",10.509 ns,9.830 ns,2.538 ns,"1,143.77 ns","1,131.22 ns","1,140.72 ns","1,155.76 ns","1,164.08 ns","871,170.8",10.5093 ns,15.00,1.593,2.000,0.0588,44,*,No,449 B,1.3695,0.0267,0.0000,12080 B
AddLast,Job-CJSTKQ,False,True,Default,Default,Default,Default,Default,1111,Empty,RyuJit,X64,8c5e7fda-e8bf-4a96-9a85-a6e23a8c635c,.NET Core 5.0,False,True,False,True,Default,Default,False,False,True,Default,Default,Default,Default,Default,.NET Core 5.0,Default,1,Default,Default,Default,Default,Default,Default,Default,Default,16,Default,dotNetTips.Spargine.Extensions.BenchmarkTests,ListExtensions,1000,"2,141.95 ns",18.231 ns,17.054 ns,4.403 ns,"2,149.96 ns","2,108.31 ns","2,124.88 ns","2,153.27 ns","2,160.83 ns","466,863.4",18.2313 ns,15.00,1.735,2.000,-0.6839,49,*,No,449 B,2.6817,0.0916,0.0000,24080 B
AreEqual,Job-CJSTKQ,False,True,Default,Default,Default,Default,Default,1111,Empty,RyuJit,X64,8c5e7fda-e8bf-4a96-9a85-a6e23a8c635c,.NET Core 5.0,False,True,False,True,Default,Default,False,False,True,Default,Default,Default,Default,Default,.NET Core 5.0,Default,1,Default,Default,Default,Default,Default,Default,Default,Default,16,Default,dotNetTips.Spargine.Extensions.BenchmarkTests,ListExtensions,10,10.91 ns,0.155 ns,0.129 ns,0.036 ns,10.85 ns,10.79 ns,10.83 ns,10.98 ns,11.26 ns,"91,636,666.0",0.1546 ns,13.00,4.162,2.000,1.3887,1,*,No,698 B,0.0000,0.0000,0.0000,0 B
AreEqual,Job-CJSTKQ,False,True,Default,Default,Default,Default,Default,1111,Empty,RyuJit,X64,8c5e7fda-e8bf-4a96-9a85-a6e23a8c635c,.NET Core 5.0,False,True,False,True,Default,Default,False,False,True,Default,Default,Default,Default,Default,.NET Core 5.0,Default,1,Default,Default,Default,Default,Default,Default,Default,Default,16,Default,dotNetTips.Spargine.Extensions.BenchmarkTests,ListExtensions,25,10.74 ns,0.056 ns,0.047 ns,0.013 ns,10.74 ns,10.63 ns,10.72 ns,10.78 ns,10.83 ns,"93,086,489.0",0.0562 ns,13.00,3.324,2.000,-0.3957,1,*,No,698 B,0.0000,0.0000,0.0000,0 B
AreEqual,Job-CJSTKQ,False,True,Default,Default,Default,Default,Default,1111,Empty,RyuJit,X64,8c5e7fda-e8bf-4a96-9a85-a6e23a8c635c,.NET Core 5.0,False,True,False,True,Default,Default,False,False,True,Default,Default,Default,Default,Default,.NET Core 5.0,Default,1,Default,Default,Default,Default,Default,Default,Default,Default,16,Default,dotNetTips.Spargine.Extensions.BenchmarkTests,ListExtensions,50,10.51 ns,0.199 ns,0.166 ns,0.046 ns,10.56 ns,10.02 ns,10.50 ns,10.59 ns,10.64 ns,"95,188,623.9",0.1988 ns,13.00,5.991,2.000,-1.9312,1,*,No,698 B,0.0000,0.0000,0.0000,0 B
AreEqual,Job-CJSTKQ,False,True,Default,Default,Default,Default,Default,1111,Empty,RyuJit,X64,8c5e7fda-e8bf-4a96-9a85-a6e23a8c635c,.NET Core 5.0,False,True,False,True,Default,Default,False,False,True,Default,Default,Default,Default,Default,.NET Core 5.0,Default,1,Default,Default,Default,Default,Default,Default,Default,Default,16,Default,dotNetTips.Spargine.Extensions.BenchmarkTests,ListExtensions,100,10.61 ns,0.096 ns,0.085 ns,0.023 ns,10.63 ns,10.36 ns,10.59 ns,10.65 ns,10.74 ns,"94,226,933.2",0.0956 ns,14.00,5.730,2.000,-1.5074,1,*,No,698 B,0.0000,0.0000,0.0000,0 B
AreEqual,Job-CJSTKQ,False,True,Default,Default,Default,Default,Default,1111,Empty,RyuJit,X64,8c5e7fda-e8bf-4a96-9a85-a6e23a8c635c,.NET Core 5.0,False,True,False,True,Default,Default,False,False,True,Default,Default,Default,Default,Default,.NET Core 5.0,Default,1,Default,Default,Default,Default,Default,Default,Default,Default,16,Default,dotNetTips.Spargine.Extensions.BenchmarkTests,ListExtensions,250,10.87 ns,0.246 ns,0.376 ns,0.068 ns,10.79 ns,10.27 ns,10.68 ns,11.07 ns,11.58 ns,"91,998,119.1",0.2463 ns,31.00,2.391,2.000,0.3582,1,*,No,698 B,0.0000,0.0000,0.0000,0 B
AreEqual,Job-CJSTKQ,False,True,Default,Default,Default,Default,Default,1111,Empty,RyuJit,X64,8c5e7fda-e8bf-4a96-9a85-a6e23a8c635c,.NET Core 5.0,False,True,False,True,Default,Default,False,False,True,Default,Default,Default,Default,Default,.NET Core 5.0,Default,1,Default,Default,Default,Default,Default,Default,Default,Default,16,Default,dotNetTips.Spargine.Extensions.BenchmarkTests,ListExtensions,500,10.94 ns,0.072 ns,0.060 ns,0.017 ns,10.96 ns,10.77 ns,10.94 ns,10.97 ns,11.02 ns,"91,397,385.2",0.0716 ns,13.00,5.112,2.000,-1.6191,1,*,No,698 B,0.0000,0.0000,0.0000,0 B
AreEqual,Job-CJSTKQ,False,True,Default,Default,Default,Default,Default,1111,Empty,RyuJit,X64,8c5e7fda-e8bf-4a96-9a85-a6e23a8c635c,.NET Core 5.0,False,True,False,True,Default,Default,False,False,True,Default,Default,Default,Default,Default,.NET Core 5.0,Default,1,Default,Default,Default,Default,Default,Default,Default,Default,16,Default,dotNetTips.Spargine.Extensions.BenchmarkTests,ListExtensions,1000,10.80 ns,0.240 ns,0.294 ns,0.063 ns,10.88 ns,10.25 ns,10.67 ns,10.97 ns,11.31 ns,"92,634,748.3",0.2398 ns,22.00,2.320,2.154,-0.5455,1,*,No,698 B,0.0000,0.0000,0.0000,0 B
ClearNulls,Job-CJSTKQ,False,True,Default,Default,Default,Default,Default,1111,Empty,RyuJit,X64,8c5e7fda-e8bf-4a96-9a85-a6e23a8c635c,.NET Core 5.0,False,True,False,True,Default,Default,False,False,True,Default,Default,Default,Default,Default,.NET Core 5.0,Default,1,Default,Default,Default,Default,Default,Default,Default,Default,16,Default,dotNetTips.Spargine.Extensions.BenchmarkTests,ListExtensions,10,44.36 ns,0.916 ns,1.342 ns,0.249 ns,43.53 ns,43.29 ns,43.42 ns,44.70 ns,46.99 ns,"22,541,657.8",0.9158 ns,29.00,2.543,2.000,1.0839,14,*,No,635 B,0.0000,0.0000,0.0000,0 B
ClearNulls,Job-CJSTKQ,False,True,Default,Default,Default,Default,Default,1111,Empty,RyuJit,X64,8c5e7fda-e8bf-4a96-9a85-a6e23a8c635c,.NET Core 5.0,False,True,False,True,Default,Default,False,False,True,Default,Default,Default,Default,Default,.NET Core 5.0,Default,1,Default,Default,Default,Default,Default,Default,Default,Default,16,Default,dotNetTips.Spargine.Extensions.BenchmarkTests,ListExtensions,25,81.76 ns,1.297 ns,1.494 ns,0.334 ns,80.89 ns,80.13 ns,80.78 ns,82.99 ns,85.08 ns,"12,230,856.6",1.2970 ns,20.00,2.618,2.000,1.0051,20,*,No,635 B,0.0000,0.0000,0.0000,0 B
ClearNulls,Job-CJSTKQ,False,True,Default,Default,Default,Default,Default,1111,Empty,RyuJit,X64,8c5e7fda-e8bf-4a96-9a85-a6e23a8c635c,.NET Core 5.0,False,True,False,True,Default,Default,False,False,True,Default,Default,Default,Default,Default,.NET Core 5.0,Default,1,Default,Default,Default,Default,Default,Default,Default,Default,16,Default,dotNetTips.Spargine.Extensions.BenchmarkTests,ListExtensions,50,137.81 ns,2.667 ns,2.494 ns,0.644 ns,137.81 ns,132.83 ns,137.10 ns,139.45 ns,142.17 ns,"7,256,476.5",2.6665 ns,15.00,2.573,2.000,-0.4690,27,*,No,635 B,0.0000,0.0000,0.0000,0 B
ClearNulls,Job-CJSTKQ,False,True,Default,Default,Default,Default,Default,1111,Empty,RyuJit,X64,8c5e7fda-e8bf-4a96-9a85-a6e23a8c635c,.NET Core 5.0,False,True,False,True,Default,Default,False,False,True,Default,Default,Default,Default,Default,.NET Core 5.0,Default,1,Default,Default,Default,Default,Default,Default,Default,Default,16,Default,dotNetTips.Spargine.Extensions.BenchmarkTests,ListExtensions,100,244.18 ns,3.686 ns,3.448 ns,0.890 ns,243.75 ns,236.67 ns,241.42 ns,247.24 ns,248.54 ns,"4,095,285.8",3.6857 ns,15.00,2.160,2.000,-0.3854,30,*,No,635 B,0.0000,0.0000,0.0000,0 B
ClearNulls,Job-CJSTKQ,False,True,Default,Default,Default,Default,Default,1111,Empty,RyuJit,X64,8c5e7fda-e8bf-4a96-9a85-a6e23a8c635c,.NET Core 5.0,False,True,False,True,Default,Default,False,False,True,Default,Default,Default,Default,Default,.NET Core 5.0,Default,1,Default,Default,Default,Default,Default,Default,Default,Default,16,Default,dotNetTips.Spargine.Extensions.BenchmarkTests,ListExtensions,250,555.06 ns,9.898 ns,12.518 ns,2.610 ns,550.26 ns,546.82 ns,549.32 ns,551.74 ns,593.55 ns,"1,801,597.7",9.8984 ns,23.00,5.815,2.000,2.0563,36,*,No,635 B,0.0000,0.0000,0.0000,0 B
ClearNulls,Job-CJSTKQ,False,True,Default,Default,Default,Default,Default,1111,Empty,RyuJit,X64,8c5e7fda-e8bf-4a96-9a85-a6e23a8c635c,.NET Core 5.0,False,True,False,True,Default,Default,False,False,True,Default,Default,Default,Default,Default,.NET Core 5.0,Default,1,Default,Default,Default,Default,Default,Default,Default,Default,16,Default,dotNetTips.Spargine.Extensions.BenchmarkTests,ListExtensions,500,"1,085.77 ns",10.055 ns,9.406 ns,2.429 ns,"1,087.31 ns","1,070.55 ns","1,077.00 ns","1,091.28 ns","1,100.21 ns","921,002.3",10.0553 ns,15.00,1.703,2.000,-0.1800,42,*,No,635 B,0.0000,0.0000,0.0000,0 B
ClearNulls,Job-CJSTKQ,False,True,Default,Default,Default,Default,Default,1111,Empty,RyuJit,X64,8c5e7fda-e8bf-4a96-9a85-a6e23a8c635c,.NET Core 5.0,False,True,False,True,Default,Default,False,False,True,Default,Default,Default,Default,Default,.NET Core 5.0,Default,1,Default,Default,Default,Default,Default,Default,Default,Default,16,Default,dotNetTips.Spargine.Extensions.BenchmarkTests,ListExtensions,1000,"2,145.83 ns",42.135 ns,46.833 ns,10.744 ns,"2,141.72 ns","2,059.89 ns","2,120.27 ns","2,181.37 ns","2,228.83 ns","466,020.0",42.1350 ns,19.00,1.921,2.000,-0.0749,49,*,No,635 B,0.0000,0.0000,0.0000,0 B
CopyToList,Job-CJSTKQ,False,True,Default,Default,Default,Default,Default,1111,Empty,RyuJit,X64,8c5e7fda-e8bf-4a96-9a85-a6e23a8c635c,.NET Core 5.0,False,True,False,True,Default,Default,False,False,True,Default,Default,Default,Default,Default,.NET Core 5.0,Default,1,Default,Default,Default,Default,Default,Default,Default,Default,16,Default,dotNetTips.Spargine.Extensions.BenchmarkTests,ListExtensions,10,47.69 ns,0.396 ns,0.351 ns,0.094 ns,47.63 ns,47.04 ns,47.56 ns,47.77 ns,48.35 ns,"20,967,305.0",0.3956 ns,14.00,2.478,2.000,0.3641,15,*,No,171 B,0.0149,0.0000,0.0000,136 B
CopyToList,Job-CJSTKQ,False,True,Default,Default,Default,Default,Default,1111,Empty,RyuJit,X64,8c5e7fda-e8bf-4a96-9a85-a6e23a8c635c,.NET Core 5.0,False,True,False,True,Default,Default,False,False,True,Default,Default,Default,Default,Default,.NET Core 5.0,Default,1,Default,Default,Default,Default,Default,Default,Default,Default,16,Default,dotNetTips.Spargine.Extensions.BenchmarkTests,ListExtensions,25,58.61 ns,0.104 ns,0.087 ns,0.024 ns,58.61 ns,58.45 ns,58.55 ns,58.66 ns,58.80 ns,"17,061,971.6",0.1041 ns,13.00,2.732,2.000,0.2546,16,*,No,171 B,0.0286,0.0000,0.0000,256 B
CopyToList,Job-CJSTKQ,False,True,Default,Default,Default,Default,Default,1111,Empty,RyuJit,X64,8c5e7fda-e8bf-4a96-9a85-a6e23a8c635c,.NET Core 5.0,False,True,False,True,Default,Default,False,False,True,Default,Default,Default,Default,Default,.NET Core 5.0,Default,1,Default,Default,Default,Default,Default,Default,Default,Default,16,Default,dotNetTips.Spargine.Extensions.BenchmarkTests,ListExtensions,50,76.09 ns,0.249 ns,0.221 ns,0.059 ns,76.09 ns,75.72 ns,76.01 ns,76.18 ns,76.47 ns,"13,142,236.2",0.2495 ns,14.00,2.044,2.000,0.0252,19,*,No,171 B,0.0502,0.0000,0.0000,456 B
CopyToList,Job-CJSTKQ,False,True,Default,Default,Default,Default,Default,1111,Empty,RyuJit,X64,8c5e7fda-e8bf-4a96-9a85-a6e23a8c635c,.NET Core 5.0,False,True,False,True,Default,Default,False,False,True,Default,Default,Default,Default,Default,.NET Core 5.0,Default,1,Default,Default,Default,Default,Default,Default,Default,Default,16,Default,dotNetTips.Spargine.Extensions.BenchmarkTests,ListExtensions,100,114.30 ns,0.347 ns,0.325 ns,0.084 ns,114.37 ns,113.74 ns,114.03 ns,114.56 ns,114.78 ns,"8,748,891.2",0.3475 ns,15.00,1.636,2.000,-0.1989,24,*,No,171 B,0.0944,0.0000,0.0000,856 B
CopyToList,Job-CJSTKQ,False,True,Default,Default,Default,Default,Default,1111,Empty,RyuJit,X64,8c5e7fda-e8bf-4a96-9a85-a6e23a8c635c,.NET Core 5.0,False,True,False,True,Default,Default,False,False,True,Default,Default,Default,Default,Default,.NET Core 5.0,Default,1,Default,Default,Default,Default,Default,Default,Default,Default,16,Default,dotNetTips.Spargine.Extensions.BenchmarkTests,ListExtensions,250,220.99 ns,4.396 ns,5.398 ns,1.151 ns,222.87 ns,210.42 ns,218.60 ns,224.79 ns,228.73 ns,"4,525,032.7",4.3957 ns,22.00,2.430,2.000,-0.8578,29,*,No,171 B,0.2279,0.0010,0.0000,2056 B
CopyToList,Job-CJSTKQ,False,True,Default,Default,Default,Default,Default,1111,Empty,RyuJit,X64,8c5e7fda-e8bf-4a96-9a85-a6e23a8c635c,.NET Core 5.0,False,True,False,True,Default,Default,False,False,True,Default,Default,Default,Default,Default,.NET Core 5.0,Default,1,Default,Default,Default,Default,Default,Default,Default,Default,16,Default,dotNetTips.Spargine.Extensions.BenchmarkTests,ListExtensions,500,426.79 ns,0.677 ns,0.565 ns,0.157 ns,426.88 ns,425.56 ns,426.84 ns,427.06 ns,427.57 ns,"2,343,052.6",0.6767 ns,13.00,2.999,2.000,-1.0202,33,*,No,171 B,0.4497,0.0000,0.0000,4056 B
CopyToList,Job-CJSTKQ,False,True,Default,Default,Default,Default,Default,1111,Empty,RyuJit,X64,8c5e7fda-e8bf-4a96-9a85-a6e23a8c635c,.NET Core 5.0,False,True,False,True,Default,Default,False,False,True,Default,Default,Default,Default,Default,.NET Core 5.0,Default,1,Default,Default,Default,Default,Default,Default,Default,Default,16,Default,dotNetTips.Spargine.Extensions.BenchmarkTests,ListExtensions,1000,841.42 ns,8.721 ns,8.158 ns,2.106 ns,843.47 ns,827.32 ns,835.64 ns,847.16 ns,853.56 ns,"1,188,461.9",8.7210 ns,15.00,1.708,2.000,-0.3804,41,*,No,171 B,0.8717,0.0000,0.0000,8056 B
IndexOf,Job-CJSTKQ,False,True,Default,Default,Default,Default,Default,1111,Empty,RyuJit,X64,8c5e7fda-e8bf-4a96-9a85-a6e23a8c635c,.NET Core 5.0,False,True,False,True,Default,Default,False,False,True,Default,Default,Default,Default,Default,.NET Core 5.0,Default,1,Default,Default,Default,Default,Default,Default,Default,Default,16,Default,dotNetTips.Spargine.Extensions.BenchmarkTests,ListExtensions,10,56.41 ns,0.952 ns,1.271 ns,0.254 ns,56.44 ns,54.89 ns,55.12 ns,56.80 ns,59.35 ns,"17,726,876.2",0.9521 ns,25.00,2.573,2.000,0.6560,16,*,No,308 B,0.0000,0.0000,0.0000,0 B
IndexOf,Job-CJSTKQ,False,True,Default,Default,Default,Default,Default,1111,Empty,RyuJit,X64,8c5e7fda-e8bf-4a96-9a85-a6e23a8c635c,.NET Core 5.0,False,True,False,True,Default,Default,False,False,True,Default,Default,Default,Default,Default,.NET Core 5.0,Default,1,Default,Default,Default,Default,Default,Default,Default,Default,16,Default,dotNetTips.Spargine.Extensions.BenchmarkTests,ListExtensions,25,108.85 ns,2.201 ns,2.059 ns,0.532 ns,109.83 ns,104.95 ns,107.56 ns,110.05 ns,112.37 ns,"9,186,858.5",2.2007 ns,15.00,2.271,2.000,-0.4930,23,*,No,308 B,0.0000,0.0000,0.0000,0 B
IndexOf,Job-CJSTKQ,False,True,Default,Default,Default,Default,Default,1111,Empty,RyuJit,X64,8c5e7fda-e8bf-4a96-9a85-a6e23a8c635c,.NET Core 5.0,False,True,False,True,Default,Default,False,False,True,Default,Default,Default,Default,Default,.NET Core 5.0,Default,1,Default,Default,Default,Default,Default,Default,Default,Default,16,Default,dotNetTips.Spargine.Extensions.BenchmarkTests,ListExtensions,50,179.93 ns,3.392 ns,3.173 ns,0.819 ns,177.91 ns,177.27 ns,177.55 ns,182.13 ns,186.98 ns,"5,557,587.5",3.3925 ns,15.00,2.305,2.000,0.8697,28,*,No,308 B,0.0000,0.0000,0.0000,0 B
IndexOf,Job-CJSTKQ,False,True,Default,Default,Default,Default,Default,1111,Empty,RyuJit,X64,8c5e7fda-e8bf-4a96-9a85-a6e23a8c635c,.NET Core 5.0,False,True,False,True,Default,Default,False,False,True,Default,Default,Default,Default,Default,.NET Core 5.0,Default,1,Default,Default,Default,Default,Default,Default,Default,Default,16,Default,dotNetTips.Spargine.Extensions.BenchmarkTests,ListExtensions,100,351.40 ns,3.959 ns,3.306 ns,0.917 ns,352.12 ns,344.55 ns,350.77 ns,353.43 ns,355.58 ns,"2,845,773.7",3.9586 ns,13.00,2.285,2.000,-0.8010,32,*,No,308 B,0.0000,0.0000,0.0000,0 B
IndexOf,Job-CJSTKQ,False,True,Default,Default,Default,Default,Default,1111,Empty,RyuJit,X64,8c5e7fda-e8bf-4a96-9a85-a6e23a8c635c,.NET Core 5.0,False,True,False,True,Default,Default,False,False,True,Default,Default,Default,Default,Default,.NET Core 5.0,Default,1,Default,Default,Default,Default,Default,Default,Default,Default,16,Default,dotNetTips.Spargine.Extensions.BenchmarkTests,ListExtensions,250,854.72 ns,5.096 ns,4.517 ns,1.207 ns,854.56 ns,842.55 ns,853.52 ns,855.81 ns,861.07 ns,"1,169,979.0",5.0960 ns,14.00,4.377,2.000,-0.9587,41,*,No,308 B,0.0000,0.0000,0.0000,0 B
IndexOf,Job-CJSTKQ,False,True,Default,Default,Default,Default,Default,1111,Empty,RyuJit,X64,8c5e7fda-e8bf-4a96-9a85-a6e23a8c635c,.NET Core 5.0,False,True,False,True,Default,Default,False,False,True,Default,Default,Default,Default,Default,.NET Core 5.0,Default,1,Default,Default,Default,Default,Default,Default,Default,Default,16,Default,dotNetTips.Spargine.Extensions.BenchmarkTests,ListExtensions,500,"1,682.65 ns",5.297 ns,4.423 ns,1.227 ns,"1,683.54 ns","1,673.67 ns","1,680.30 ns","1,684.69 ns","1,689.57 ns","594,299.2",5.2970 ns,13.00,2.300,2.000,-0.4217,46,*,No,308 B,0.0000,0.0000,0.0000,0 B
IndexOf,Job-CJSTKQ,False,True,Default,Default,Default,Default,Default,1111,Empty,RyuJit,X64,8c5e7fda-e8bf-4a96-9a85-a6e23a8c635c,.NET Core 5.0,False,True,False,True,Default,Default,False,False,True,Default,Default,Default,Default,Default,.NET Core 5.0,Default,1,Default,Default,Default,Default,Default,Default,Default,Default,16,Default,dotNetTips.Spargine.Extensions.BenchmarkTests,ListExtensions,1000,"3,325.12 ns",27.886 ns,21.772 ns,6.285 ns,"3,328.25 ns","3,274.85 ns","3,319.19 ns","3,333.69 ns","3,359.49 ns","300,740.8",27.8860 ns,12.00,3.105,2.000,-0.6668,51,*,No,308 B,0.0000,0.0000,0.0000,0 B
IndexOf:Comparer,Job-CJSTKQ,False,True,Default,Default,Default,Default,Default,1111,Empty,RyuJit,X64,8c5e7fda-e8bf-4a96-9a85-a6e23a8c635c,.NET Core 5.0,False,True,False,True,Default,Default,False,False,True,Default,Default,Default,Default,Default,.NET Core 5.0,Default,1,Default,Default,Default,Default,Default,Default,Default,Default,16,Default,dotNetTips.Spargine.Extensions.BenchmarkTests,ListExtensions,10,809.72 ns,4.469 ns,4.180 ns,1.079 ns,809.79 ns,802.21 ns,806.93 ns,811.79 ns,816.48 ns,"1,234,988.5",4.4686 ns,15.00,2.036,2.000,0.1542,39,*,No,717 B,0.0610,0.0000,0.0000,552 B
IndexOf:Comparer,Job-CJSTKQ,False,True,Default,Default,Default,Default,Default,1111,Empty,RyuJit,X64,8c5e7fda-e8bf-4a96-9a85-a6e23a8c635c,.NET Core 5.0,False,True,False,True,Default,Default,False,False,True,Default,Default,Default,Default,Default,.NET Core 5.0,Default,1,Default,Default,Default,Default,Default,Default,Default,Default,16,Default,dotNetTips.Spargine.Extensions.BenchmarkTests,ListExtensions,25,"1,571.34 ns",1.647 ns,1.375 ns,0.381 ns,"1,571.25 ns","1,569.39 ns","1,570.41 ns","1,572.19 ns","1,573.97 ns","636,400.7",1.6468 ns,13.00,1.914,2.000,0.2864,45,*,No,717 B,0.0591,0.0000,0.0000,552 B
IndexOf:Comparer,Job-CJSTKQ,False,True,Default,Default,Default,Default,Default,1111,Empty,RyuJit,X64,8c5e7fda-e8bf-4a96-9a85-a6e23a8c635c,.NET Core 5.0,False,True,False,True,Default,Default,False,False,True,Default,Default,Default,Default,Default,.NET Core 5.0,Default,1,Default,Default,Default,Default,Default,Default,Default,Default,16,Default,dotNetTips.Spargine.Extensions.BenchmarkTests,ListExtensions,50,"2,760.80 ns",7.169 ns,6.706 ns,1.731 ns,"2,758.39 ns","2,752.19 ns","2,755.83 ns","2,765.03 ns","2,777.11 ns","362,213.3",7.1687 ns,15.00,2.826,2.000,0.7824,50,*,No,717 B,0.0610,0.0000,0.0000,552 B
IndexOf:Comparer,Job-CJSTKQ,False,True,Default,Default,Default,Default,Default,1111,Empty,RyuJit,X64,8c5e7fda-e8bf-4a96-9a85-a6e23a8c635c,.NET Core 5.0,False,True,False,True,Default,Default,False,False,True,Default,Default,Default,Default,Default,.NET Core 5.0,Default,1,Default,Default,Default,Default,Default,Default,Default,Default,16,Default,dotNetTips.Spargine.Extensions.BenchmarkTests,ListExtensions,100,"5,255.36 ns",16.891 ns,15.800 ns,4.080 ns,"5,256.08 ns","5,231.88 ns","5,240.55 ns","5,269.11 ns","5,276.77 ns","190,281.9",16.8914 ns,15.00,1.356,2.000,-0.0396,55,*,No,717 B,0.0534,0.0000,0.0000,552 B
IndexOf:Comparer,Job-CJSTKQ,False,True,Default,Default,Default,Default,Default,1111,Empty,RyuJit,X64,8c5e7fda-e8bf-4a96-9a85-a6e23a8c635c,.NET Core 5.0,False,True,False,True,Default,Default,False,False,True,Default,Default,Default,Default,Default,.NET Core 5.0,Default,1,Default,Default,Default,Default,Default,Default,Default,Default,16,Default,dotNetTips.Spargine.Extensions.BenchmarkTests,ListExtensions,250,"12,520.65 ns",20.814 ns,18.451 ns,4.931 ns,"12,519.20 ns","12,495.21 ns","12,507.18 ns","12,531.61 ns","12,562.70 ns","79,868.0",20.8142 ns,14.00,2.555,2.000,0.5075,59,*,No,717 B,0.0610,0.0000,0.0000,552 B
IndexOf:Comparer,Job-CJSTKQ,False,True,Default,Default,Default,Default,Default,1111,Empty,RyuJit,X64,8c5e7fda-e8bf-4a96-9a85-a6e23a8c635c,.NET Core 5.0,False,True,False,True,Default,Default,False,False,True,Default,Default,Default,Default,Default,.NET Core 5.0,Default,1,Default,Default,Default,Default,Default,Default,Default,Default,16,Default,dotNetTips.Spargine.Extensions.BenchmarkTests,ListExtensions,500,"24,686.24 ns",121.451 ns,107.664 ns,28.774 ns,"24,686.32 ns","24,463.40 ns","24,644.66 ns","24,741.16 ns","24,891.44 ns","40,508.4",121.4515 ns,14.00,2.777,2.000,-0.2614,63,*,No,717 B,0.0305,0.0000,0.0000,552 B
IndexOf:Comparer,Job-CJSTKQ,False,True,Default,Default,Default,Default,Default,1111,Empty,RyuJit,X64,8c5e7fda-e8bf-4a96-9a85-a6e23a8c635c,.NET Core 5.0,False,True,False,True,Default,Default,False,False,True,Default,Default,Default,Default,Default,.NET Core 5.0,Default,1,Default,Default,Default,Default,Default,Default,Default,Default,16,Default,dotNetTips.Spargine.Extensions.BenchmarkTests,ListExtensions,1000,"51,576.67 ns",457.215 ns,405.309 ns,108.324 ns,"51,518.38 ns","50,744.46 ns","51,446.98 ns","51,813.78 ns","52,278.39 ns","19,388.6",457.2153 ns,14.00,2.565,2.000,-0.1066,66,*,No,717 B,0.0000,0.0000,0.0000,552 B
ListHashCode,Job-CJSTKQ,False,True,Default,Default,Default,Default,Default,1111,Empty,RyuJit,X64,8c5e7fda-e8bf-4a96-9a85-a6e23a8c635c,.NET Core 5.0,False,True,False,True,Default,Default,False,False,True,Default,Default,Default,Default,Default,.NET Core 5.0,Default,1,Default,Default,Default,Default,Default,Default,Default,Default,16,Default,dotNetTips.Spargine.Extensions.BenchmarkTests,ListExtensions,10,773.82 ns,6.221 ns,5.819 ns,1.502 ns,773.54 ns,763.47 ns,770.17 ns,777.18 ns,784.27 ns,"1,292,289.6",6.2208 ns,15.00,2.094,2.000,0.1830,38,*,No,629 B,0.0172,0.0000,0.0000,160 B
ListHashCode,Job-CJSTKQ,False,True,Default,Default,Default,Default,Default,1111,Empty,RyuJit,X64,8c5e7fda-e8bf-4a96-9a85-a6e23a8c635c,.NET Core 5.0,False,True,False,True,Default,Default,False,False,True,Default,Default,Default,Default,Default,.NET Core 5.0,Default,1,Default,Default,Default,Default,Default,Default,Default,Default,16,Default,dotNetTips.Spargine.Extensions.BenchmarkTests,ListExtensions,25,"1,804.37 ns",2.153 ns,2.014 ns,0.520 ns,"1,804.90 ns","1,800.25 ns","1,803.25 ns","1,805.67 ns","1,807.07 ns","554,208.7",2.1534 ns,15.00,2.152,2.000,-0.5944,47,*,No,629 B,0.0172,0.0000,0.0000,160 B
ListHashCode,Job-CJSTKQ,False,True,Default,Default,Default,Default,Default,1111,Empty,RyuJit,X64,8c5e7fda-e8bf-4a96-9a85-a6e23a8c635c,.NET Core 5.0,False,True,False,True,Default,Default,False,False,True,Default,Default,Default,Default,Default,.NET Core 5.0,Default,1,Default,Default,Default,Default,Default,Default,Default,Default,16,Default,dotNetTips.Spargine.Extensions.BenchmarkTests,ListExtensions,50,"3,647.16 ns",19.040 ns,17.810 ns,4.598 ns,"3,651.15 ns","3,599.55 ns","3,640.47 ns","3,657.91 ns","3,675.70 ns","274,186.1",19.0396 ns,15.00,4.008,2.000,-1.0056,52,*,No,629 B,0.0153,0.0000,0.0000,160 B
ListHashCode,Job-CJSTKQ,False,True,Default,Default,Default,Default,Default,1111,Empty,RyuJit,X64,8c5e7fda-e8bf-4a96-9a85-a6e23a8c635c,.NET Core 5.0,False,True,False,True,Default,Default,False,False,True,Default,Default,Default,Default,Default,.NET Core 5.0,Default,1,Default,Default,Default,Default,Default,Default,Default,Default,16,Default,dotNetTips.Spargine.Extensions.BenchmarkTests,ListExtensions,100,"7,178.09 ns",13.194 ns,11.696 ns,3.126 ns,"7,177.70 ns","7,161.11 ns","7,170.01 ns","7,182.93 ns","7,200.15 ns","139,312.7",13.1935 ns,14.00,1.890,2.000,0.3159,56,*,No,629 B,0.0153,0.0000,0.0000,160 B
ListHashCode,Job-CJSTKQ,False,True,Default,Default,Default,Default,Default,1111,Empty,RyuJit,X64,8c5e7fda-e8bf-4a96-9a85-a6e23a8c635c,.NET Core 5.0,False,True,False,True,Default,Default,False,False,True,Default,Default,Default,Default,Default,.NET Core 5.0,Default,1,Default,Default,Default,Default,Default,Default,Default,Default,16,Default,dotNetTips.Spargine.Extensions.BenchmarkTests,ListExtensions,250,"18,725.53 ns",230.761 ns,215.854 ns,55.733 ns,"18,737.62 ns","18,333.71 ns","18,588.79 ns","18,869.83 ns","19,071.93 ns","53,403.0",230.7610 ns,15.00,1.857,2.000,-0.0912,60,*,No,629 B,0.0000,0.0000,0.0000,160 B
ListHashCode,Job-CJSTKQ,False,True,Default,Default,Default,Default,Default,1111,Empty,RyuJit,X64,8c5e7fda-e8bf-4a96-9a85-a6e23a8c635c,.NET Core 5.0,False,True,False,True,Default,Default,False,False,True,Default,Default,Default,Default,Default,.NET Core 5.0,Default,1,Default,Default,Default,Default,Default,Default,Default,Default,16,Default,dotNetTips.Spargine.Extensions.BenchmarkTests,ListExtensions,500,"39,437.64 ns",430.270 ns,512.206 ns,111.772 ns,"39,277.84 ns","38,869.23 ns","39,228.05 ns","39,331.76 ns","40,909.23 ns","25,356.5",430.2701 ns,21.00,5.285,2.000,1.8925,64,*,No,629 B,0.0000,0.0000,0.0000,160 B
ListHashCode,Job-CJSTKQ,False,True,Default,Default,Default,Default,Default,1111,Empty,RyuJit,X64,8c5e7fda-e8bf-4a96-9a85-a6e23a8c635c,.NET Core 5.0,False,True,False,True,Default,Default,False,False,True,Default,Default,Default,Default,Default,.NET Core 5.0,Default,1,Default,Default,Default,Default,Default,Default,Default,Default,16,Default,dotNetTips.Spargine.Extensions.BenchmarkTests,ListExtensions,1000,"78,783.05 ns",149.838 ns,140.159 ns,36.189 ns,"78,771.73 ns","78,548.75 ns","78,739.20 ns","78,866.35 ns","79,045.65 ns","12,693.1",149.8381 ns,15.00,2.213,2.000,-0.2215,67,*,No,629 B,0.0000,0.0000,0.0000,160 B
OrderBy,Job-CJSTKQ,False,True,Default,Default,Default,Default,Default,1111,Empty,RyuJit,X64,8c5e7fda-e8bf-4a96-9a85-a6e23a8c635c,.NET Core 5.0,False,True,False,True,Default,Default,False,False,True,Default,Default,Default,Default,Default,.NET Core 5.0,Default,1,Default,Default,Default,Default,Default,Default,Default,Default,16,Default,dotNetTips.Spargine.Extensions.BenchmarkTests,ListExtensions,10,21.51 ns,0.139 ns,0.123 ns,0.033 ns,21.55 ns,21.30 ns,21.40 ns,21.59 ns,21.69 ns,"46,489,606.0",0.1390 ns,14.00,1.531,2.000,-0.1904,6,*,No,391 B,0.0061,0.0000,0.0000,56 B
OrderBy,Job-CJSTKQ,False,True,Default,Default,Default,Default,Default,1111,Empty,RyuJit,X64,8c5e7fda-e8bf-4a96-9a85-a6e23a8c635c,.NET Core 5.0,False,True,False,True,Default,Default,False,False,True,Default,Default,Default,Default,Default,.NET Core 5.0,Default,1,Default,Default,Default,Default,Default,Default,Default,Default,16,Default,dotNetTips.Spargine.Extensions.BenchmarkTests,ListExtensions,25,21.36 ns,0.069 ns,0.065 ns,0.017 ns,21.36 ns,21.22 ns,21.33 ns,21.41 ns,21.47 ns,"46,808,042.5",0.0694 ns,15.00,2.480,2.000,-0.4069,6,*,No,391 B,0.0061,0.0000,0.0000,56 B
OrderBy,Job-CJSTKQ,False,True,Default,Default,Default,Default,Default,1111,Empty,RyuJit,X64,8c5e7fda-e8bf-4a96-9a85-a6e23a8c635c,.NET Core 5.0,False,True,False,True,Default,Default,False,False,True,Default,Default,Default,Default,Default,.NET Core 5.0,Default,1,Default,Default,Default,Default,Default,Default,Default,Default,16,Default,dotNetTips.Spargine.Extensions.BenchmarkTests,ListExtensions,50,21.25 ns,0.184 ns,0.172 ns,0.044 ns,21.22 ns,21.01 ns,21.11 ns,21.42 ns,21.48 ns,"47,052,625.8",0.1836 ns,15.00,1.312,2.000,0.0730,6,*,No,391 B,0.0062,0.0000,0.0000,56 B
OrderBy,Job-CJSTKQ,False,True,Default,Default,Default,Default,Default,1111,Empty,RyuJit,X64,8c5e7fda-e8bf-4a96-9a85-a6e23a8c635c,.NET Core 5.0,False,True,False,True,Default,Default,False,False,True,Default,Default,Default,Default,Default,.NET Core 5.0,Default,1,Default,Default,Default,Default,Default,Default,Default,Default,16,Default,dotNetTips.Spargine.Extensions.BenchmarkTests,ListExtensions,100,21.04 ns,0.254 ns,0.238 ns,0.061 ns,21.06 ns,20.58 ns,20.94 ns,21.18 ns,21.40 ns,"47,526,527.3",0.2540 ns,15.00,2.107,2.000,-0.4329,6,*,No,391 B,0.0061,0.0000,0.0000,56 B
OrderBy,Job-CJSTKQ,False,True,Default,Default,Default,Default,Default,1111,Empty,RyuJit,X64,8c5e7fda-e8bf-4a96-9a85-a6e23a8c635c,.NET Core 5.0,False,True,False,True,Default,Default,False,False,True,Default,Default,Default,Default,Default,.NET Core 5.0,Default,1,Default,Default,Default,Default,Default,Default,Default,Default,16,Default,dotNetTips.Spargine.Extensions.BenchmarkTests,ListExtensions,250,21.64 ns,0.166 ns,0.156 ns,0.040 ns,21.61 ns,21.38 ns,21.54 ns,21.75 ns,21.93 ns,"46,212,697.8",0.1663 ns,15.00,1.994,2.000,0.3226,6,*,No,391 B,0.0062,0.0000,0.0000,56 B
OrderBy,Job-CJSTKQ,False,True,Default,Default,Default,Default,Default,1111,Empty,RyuJit,X64,8c5e7fda-e8bf-4a96-9a85-a6e23a8c635c,.NET Core 5.0,False,True,False,True,Default,Default,False,False,True,Default,Default,Default,Default,Default,.NET Core 5.0,Default,1,Default,Default,Default,Default,Default,Default,Default,Default,16,Default,dotNetTips.Spargine.Extensions.BenchmarkTests,ListExtensions,500,21.23 ns,0.253 ns,0.236 ns,0.061 ns,21.25 ns,20.75 ns,21.07 ns,21.34 ns,21.61 ns,"47,093,307.3",0.2527 ns,15.00,2.210,2.000,-0.2148,6,*,No,391 B,0.0062,0.0000,0.0000,56 B
OrderBy,Job-CJSTKQ,False,True,Default,Default,Default,Default,Default,1111,Empty,RyuJit,X64,8c5e7fda-e8bf-4a96-9a85-a6e23a8c635c,.NET Core 5.0,False,True,False,True,Default,Default,False,False,True,Default,Default,Default,Default,Default,.NET Core 5.0,Default,1,Default,Default,Default,Default,Default,Default,Default,Default,16,Default,dotNetTips.Spargine.Extensions.BenchmarkTests,ListExtensions,1000,21.33 ns,0.198 ns,0.185 ns,0.048 ns,21.31 ns,20.99 ns,21.23 ns,21.43 ns,21.65 ns,"46,882,763.0",0.1978 ns,15.00,2.111,2.000,0.1471,6,*,No,391 B,0.0059,0.0000,0.0000,56 B
OrderByOrdinal,Job-CJSTKQ,False,True,Default,Default,Default,Default,Default,1111,Empty,RyuJit,X64,8c5e7fda-e8bf-4a96-9a85-a6e23a8c635c,.NET Core 5.0,False,True,False,True,Default,Default,False,False,True,Default,Default,Default,Default,Default,.NET Core 5.0,Default,1,Default,Default,Default,Default,Default,Default,Default,Default,16,Default,dotNetTips.Spargine.Extensions.BenchmarkTests,ListExtensions,10,29.87 ns,0.068 ns,0.060 ns,0.016 ns,29.86 ns,29.77 ns,29.84 ns,29.91 ns,29.98 ns,"33,474,490.6",0.0681 ns,14.00,2.049,2.000,0.3358,9,*,No,327 B,0.0061,0.0000,0.0000,56 B
OrderByOrdinal,Job-CJSTKQ,False,True,Default,Default,Default,Default,Default,1111,Empty,RyuJit,X64,8c5e7fda-e8bf-4a96-9a85-a6e23a8c635c,.NET Core 5.0,False,True,False,True,Default,Default,False,False,True,Default,Default,Default,Default,Default,.NET Core 5.0,Default,1,Default,Default,Default,Default,Default,Default,Default,Default,16,Default,dotNetTips.Spargine.Extensions.BenchmarkTests,ListExtensions,25,31.11 ns,0.167 ns,0.148 ns,0.040 ns,31.19 ns,30.80 ns,31.05 ns,31.20 ns,31.22 ns,"32,140,873.6",0.1675 ns,14.00,2.719,2.000,-1.1704,10,*,No,327 B,0.0061,0.0000,0.0000,56 B
OrderByOrdinal,Job-CJSTKQ,False,True,Default,Default,Default,Default,Default,1111,Empty,RyuJit,X64,8c5e7fda-e8bf-4a96-9a85-a6e23a8c635c,.NET Core 5.0,False,True,False,True,Default,Default,False,False,True,Default,Default,Default,Default,Default,.NET Core 5.0,Default,1,Default,Default,Default,Default,Default,Default,Default,Default,16,Default,dotNetTips.Spargine.Extensions.BenchmarkTests,ListExtensions,50,30.90 ns,0.637 ns,0.497 ns,0.144 ns,30.82 ns,30.21 ns,30.68 ns,31.22 ns,31.89 ns,"32,359,957.0",0.6371 ns,12.00,2.114,2.000,0.3610,10,*,No,327 B,0.0062,0.0000,0.0000,56 B
OrderByOrdinal,Job-CJSTKQ,False,True,Default,Default,Default,Default,Default,1111,Empty,RyuJit,X64,8c5e7fda-e8bf-4a96-9a85-a6e23a8c635c,.NET Core 5.0,False,True,False,True,Default,Default,False,False,True,Default,Default,Default,Default,Default,.NET Core 5.0,Default,1,Default,Default,Default,Default,Default,Default,Default,Default,16,Default,dotNetTips.Spargine.Extensions.BenchmarkTests,ListExtensions,100,30.77 ns,0.337 ns,0.315 ns,0.081 ns,30.85 ns,30.15 ns,30.61 ns,30.92 ns,31.33 ns,"32,495,450.8",0.3366 ns,15.00,2.470,2.000,-0.2011,10,*,No,327 B,0.0061,0.0000,0.0000,56 B
OrderByOrdinal,Job-CJSTKQ,False,True,Default,Default,Default,Default,Default,1111,Empty,RyuJit,X64,8c5e7fda-e8bf-4a96-9a85-a6e23a8c635c,.NET Core 5.0,False,True,False,True,Default,Default,False,False,True,Default,Default,Default,Default,Default,.NET Core 5.0,Default,1,Default,Default,Default,Default,Default,Default,Default,Default,16,Default,dotNetTips.Spargine.Extensions.BenchmarkTests,ListExtensions,250,29.17 ns,0.194 ns,0.172 ns,0.046 ns,29.14 ns,28.87 ns,29.06 ns,29.30 ns,29.46 ns,"34,281,928.8",0.1943 ns,14.00,1.810,2.000,-0.0592,8,*,No,327 B,0.0061,0.0000,0.0000,56 B
OrderByOrdinal,Job-CJSTKQ,False,True,Default,Default,Default,Default,Default,1111,Empty,RyuJit,X64,8c5e7fda-e8bf-4a96-9a85-a6e23a8c635c,.NET Core 5.0,False,True,False,True,Default,Default,False,False,True,Default,Default,Default,Default,Default,.NET Core 5.0,Default,1,Default,Default,Default,Default,Default,Default,Default,Default,16,Default,dotNetTips.Spargine.Extensions.BenchmarkTests,ListExtensions,500,31.26 ns,0.200 ns,0.157 ns,0.045 ns,31.34 ns,31.00 ns,31.22 ns,31.36 ns,31.37 ns,"31,991,492.9",0.2005 ns,12.00,1.920,2.000,-0.9648,10,*,No,327 B,0.0061,0.0000,0.0000,56 B
OrderByOrdinal,Job-CJSTKQ,False,True,Default,Default,Default,Default,Default,1111,Empty,RyuJit,X64,8c5e7fda-e8bf-4a96-9a85-a6e23a8c635c,.NET Core 5.0,False,True,False,True,Default,Default,False,False,True,Default,Default,Default,Default,Default,.NET Core 5.0,Default,1,Default,Default,Default,Default,Default,Default,Default,Default,16,Default,dotNetTips.Spargine.Extensions.BenchmarkTests,ListExtensions,1000,32.19 ns,0.237 ns,0.210 ns,0.056 ns,32.17 ns,31.77 ns,32.11 ns,32.28 ns,32.63 ns,"31,064,602.3",0.2370 ns,14.00,2.883,2.000,0.1851,11,*,No,327 B,0.0058,0.0000,0.0000,56 B
Page,Job-CJSTKQ,False,True,Default,Default,Default,Default,Default,1111,Empty,RyuJit,X64,8c5e7fda-e8bf-4a96-9a85-a6e23a8c635c,.NET Core 5.0,False,True,False,True,Default,Default,False,False,True,Default,Default,Default,Default,Default,.NET Core 5.0,Default,1,Default,Default,Default,Default,Default,Default,Default,Default,16,Default,dotNetTips.Spargine.Extensions.BenchmarkTests,ListExtensions,10,513.00 ns,4.399 ns,4.115 ns,1.063 ns,513.95 ns,504.51 ns,510.33 ns,515.11 ns,519.07 ns,"1,949,300.4",4.3994 ns,15.00,2.318,2.000,-0.5482,35,*,No,536 B,0.0734,0.0000,0.0000,664 B
Page,Job-CJSTKQ,False,True,Default,Default,Default,Default,Default,1111,Empty,RyuJit,X64,8c5e7fda-e8bf-4a96-9a85-a6e23a8c635c,.NET Core 5.0,False,True,False,True,Default,Default,False,False,True,Default,Default,Default,Default,Default,.NET Core 5.0,Default,1,Default,Default,Default,Default,Default,Default,Default,Default,16,Default,dotNetTips.Spargine.Extensions.BenchmarkTests,ListExtensions,25,"1,108.88 ns",9.493 ns,8.879 ns,2.293 ns,"1,109.88 ns","1,094.37 ns","1,100.78 ns","1,114.35 ns","1,123.18 ns","901,806.9",9.4925 ns,15.00,1.754,2.000,-0.0125,43,*,No,536 B,0.1698,0.0000,0.0000,1560 B
Page,Job-CJSTKQ,False,True,Default,Default,Default,Default,Default,1111,Empty,RyuJit,X64,8c5e7fda-e8bf-4a96-9a85-a6e23a8c635c,.NET Core 5.0,False,True,False,True,Default,Default,False,False,True,Default,Default,Default,Default,Default,.NET Core 5.0,Default,1,Default,Default,Default,Default,Default,Default,Default,Default,16,Default,dotNetTips.Spargine.Extensions.BenchmarkTests,ListExtensions,50,"2,139.58 ns",15.503 ns,14.502 ns,3.744 ns,"2,142.31 ns","2,102.16 ns","2,136.51 ns","2,150.61 ns","2,157.24 ns","467,382.2",15.5031 ns,15.00,3.706,2.000,-1.1582,49,*,No,536 B,0.3166,0.0000,0.0000,2904 B
Page,Job-CJSTKQ,False,True,Default,Default,Default,Default,Default,1111,Empty,RyuJit,X64,8c5e7fda-e8bf-4a96-9a85-a6e23a8c635c,.NET Core 5.0,False,True,False,True,Default,Default,False,False,True,Default,Default,Default,Default,Default,.NET Core 5.0,Default,1,Default,Default,Default,Default,Default,Default,Default,Default,16,Default,dotNetTips.Spargine.Extensions.BenchmarkTests,ListExtensions,100,"4,289.79 ns",13.399 ns,11.878 ns,3.175 ns,"4,287.40 ns","4,275.12 ns","4,281.66 ns","4,294.04 ns","4,314.36 ns","233,111.4",13.3994 ns,14.00,2.315,2.000,0.7344,54,*,No,536 B,0.6256,0.0000,0.0000,5704 B
Page,Job-CJSTKQ,False,True,Default,Default,Default,Default,Default,1111,Empty,RyuJit,X64,8c5e7fda-e8bf-4a96-9a85-a6e23a8c635c,.NET Core 5.0,False,True,False,True,Default,Default,False,False,True,Default,Default,Default,Default,Default,.NET Core 5.0,Default,1,Default,Default,Default,Default,Default,Default,Default,Default,16,Default,dotNetTips.Spargine.Extensions.BenchmarkTests,ListExtensions,250,"10,209.21 ns",98.228 ns,91.883 ns,23.724 ns,"10,205.22 ns","10,034.65 ns","10,145.67 ns","10,259.95 ns","10,349.96 ns","97,950.8",98.2284 ns,15.00,1.937,2.000,-0.0013,58,*,No,536 B,1.5717,0.0000,0.0000,14104 B
Page,Job-CJSTKQ,False,True,Default,Default,Default,Default,Default,1111,Empty,RyuJit,X64,8c5e7fda-e8bf-4a96-9a85-a6e23a8c635c,.NET Core 5.0,False,True,False,True,Default,Default,False,False,True,Default,Default,Default,Default,Default,.NET Core 5.0,Default,1,Default,Default,Default,Default,Default,Default,Default,Default,16,Default,dotNetTips.Spargine.Extensions.BenchmarkTests,ListExtensions,500,"20,721.98 ns",97.741 ns,86.645 ns,23.157 ns,"20,697.28 ns","20,577.47 ns","20,655.70 ns","20,794.11 ns","20,869.02 ns","48,257.9",97.7412 ns,14.00,1.547,2.000,0.0950,62,*,No,536 B,3.0823,0.0000,0.0000,28104 B
Page,Job-CJSTKQ,False,True,Default,Default,Default,Default,Default,1111,Empty,RyuJit,X64,8c5e7fda-e8bf-4a96-9a85-a6e23a8c635c,.NET Core 5.0,False,True,False,True,Default,Default,False,False,True,Default,Default,Default,Default,Default,.NET Core 5.0,Default,1,Default,Default,Default,Default,Default,Default,Default,Default,16,Default,dotNetTips.Spargine.Extensions.BenchmarkTests,ListExtensions,1000,"42,168.84 ns",237.110 ns,221.793 ns,57.267 ns,"42,168.25 ns","41,762.67 ns","42,021.00 ns","42,277.77 ns","42,524.90 ns","23,714.2",237.1098 ns,15.00,2.056,2.000,0.1918,65,*,No,536 B,6.1646,0.0000,0.0000,56104 B
PickRandom,Job-CJSTKQ,False,True,Default,Default,Default,Default,Default,1111,Empty,RyuJit,X64,8c5e7fda-e8bf-4a96-9a85-a6e23a8c635c,.NET Core 5.0,False,True,False,True,Default,Default,False,False,True,Default,Default,Default,Default,Default,.NET Core 5.0,Default,1,Default,Default,Default,Default,Default,Default,Default,Default,16,Default,dotNetTips.Spargine.Extensions.BenchmarkTests,ListExtensions,10,24.42 ns,0.177 ns,0.157 ns,0.042 ns,24.51 ns,24.12 ns,24.28 ns,24.54 ns,24.59 ns,"40,955,657.2",0.1766 ns,14.00,1.505,2.000,-0.4612,7,*,No,211 B,0.0053,0.0000,0.0000,48 B
PickRandom,Job-CJSTKQ,False,True,Default,Default,Default,Default,Default,1111,Empty,RyuJit,X64,8c5e7fda-e8bf-4a96-9a85-a6e23a8c635c,.NET Core 5.0,False,True,False,True,Default,Default,False,False,True,Default,Default,Default,Default,Default,.NET Core 5.0,Default,1,Default,Default,Default,Default,Default,Default,Default,Default,16,Default,dotNetTips.Spargine.Extensions.BenchmarkTests,ListExtensions,25,25.45 ns,0.120 ns,0.106 ns,0.028 ns,25.48 ns,25.20 ns,25.46 ns,25.51 ns,25.56 ns,"39,293,052.0",0.1199 ns,14.00,3.049,2.000,-1.1922,7,*,No,211 B,0.0052,0.0000,0.0000,48 B
PickRandom,Job-CJSTKQ,False,True,Default,Default,Default,Default,Default,1111,Empty,RyuJit,X64,8c5e7fda-e8bf-4a96-9a85-a6e23a8c635c,.NET Core 5.0,False,True,False,True,Default,Default,False,False,True,Default,Default,Default,Default,Default,.NET Core 5.0,Default,1,Default,Default,Default,Default,Default,Default,Default,Default,16,Default,dotNetTips.Spargine.Extensions.BenchmarkTests,ListExtensions,50,25.38 ns,0.125 ns,0.117 ns,0.030 ns,25.43 ns,25.19 ns,25.24 ns,25.46 ns,25.52 ns,"39,402,392.5",0.1254 ns,15.00,1.401,2.000,-0.4488,7,*,No,211 B,0.0052,0.0000,0.0000,48 B
PickRandom,Job-CJSTKQ,False,True,Default,Default,Default,Default,Default,1111,Empty,RyuJit,X64,8c5e7fda-e8bf-4a96-9a85-a6e23a8c635c,.NET Core 5.0,False,True,False,True,Default,Default,False,False,True,Default,Default,Default,Default,Default,.NET Core 5.0,Default,1,Default,Default,Default,Default,Default,Default,Default,Default,16,Default,dotNetTips.Spargine.Extensions.BenchmarkTests,ListExtensions,100,24.41 ns,0.130 ns,0.109 ns,0.030 ns,24.42 ns,24.15 ns,24.39 ns,24.50 ns,24.56 ns,"40,963,536.5",0.1305 ns,13.00,3.221,2.000,-0.9958,7,*,No,211 B,0.0053,0.0000,0.0000,48 B
PickRandom,Job-CJSTKQ,False,True,Default,Default,Default,Default,Default,1111,Empty,RyuJit,X64,8c5e7fda-e8bf-4a96-9a85-a6e23a8c635c,.NET Core 5.0,False,True,False,True,Default,Default,False,False,True,Default,Default,Default,Default,Default,.NET Core 5.0,Default,1,Default,Default,Default,Default,Default,Default,Default,Default,16,Default,dotNetTips.Spargine.Extensions.BenchmarkTests,ListExtensions,250,24.71 ns,0.167 ns,0.156 ns,0.040 ns,24.77 ns,24.32 ns,24.65 ns,24.82 ns,24.83 ns,"40,476,173.0",0.1670 ns,15.00,3.450,2.000,-1.2960,7,*,No,211 B,0.0053,0.0000,0.0000,48 B
PickRandom,Job-CJSTKQ,False,True,Default,Default,Default,Default,Default,1111,Empty,RyuJit,X64,8c5e7fda-e8bf-4a96-9a85-a6e23a8c635c,.NET Core 5.0,False,True,False,True,Default,Default,False,False,True,Default,Default,Default,Default,Default,.NET Core 5.0,Default,1,Default,Default,Default,Default,Default,Default,Default,Default,16,Default,dotNetTips.Spargine.Extensions.BenchmarkTests,ListExtensions,500,24.96 ns,0.168 ns,0.157 ns,0.040 ns,24.96 ns,24.68 ns,24.87 ns,25.08 ns,25.17 ns,"40,066,558.5",0.1675 ns,15.00,1.887,2.000,-0.3876,7,*,No,211 B,0.0052,0.0000,0.0000,48 B
PickRandom,Job-CJSTKQ,False,True,Default,Default,Default,Default,Default,1111,Empty,RyuJit,X64,8c5e7fda-e8bf-4a96-9a85-a6e23a8c635c,.NET Core 5.0,False,True,False,True,Default,Default,False,False,True,Default,Default,Default,Default,Default,.NET Core 5.0,Default,1,Default,Default,Default,Default,Default,Default,Default,Default,16,Default,dotNetTips.Spargine.Extensions.BenchmarkTests,ListExtensions,1000,25.34 ns,0.209 ns,0.196 ns,0.050 ns,25.32 ns,25.07 ns,25.18 ns,25.45 ns,25.67 ns,"39,470,569.3",0.2090 ns,15.00,1.695,2.000,0.2524,7,*,No,211 B,0.0049,0.0000,0.0000,48 B
Shuffle,Job-CJSTKQ,False,True,Default,Default,Default,Default,Default,1111,Empty,RyuJit,X64,8c5e7fda-e8bf-4a96-9a85-a6e23a8c635c,.NET Core 5.0,False,True,False,True,Default,Default,False,False,True,Default,Default,Default,Default,Default,.NET Core 5.0,Default,1,Default,Default,Default,Default,Default,Default,Default,Default,16,Default,dotNetTips.Spargine.Extensions.BenchmarkTests,ListExtensions,10,32.98 ns,0.236 ns,0.209 ns,0.056 ns,32.95 ns,32.49 ns,32.91 ns,33.11 ns,33.37 ns,"30,324,910.5",0.2357 ns,14.00,3.212,2.000,-0.3364,12,*,No,390 B,0.0062,0.0000,0.0000,56 B
Shuffle,Job-CJSTKQ,False,True,Default,Default,Default,Default,Default,1111,Empty,RyuJit,X64,8c5e7fda-e8bf-4a96-9a85-a6e23a8c635c,.NET Core 5.0,False,True,False,True,Default,Default,False,False,True,Default,Default,Default,Default,Default,.NET Core 5.0,Default,1,Default,Default,Default,Default,Default,Default,Default,Default,16,Default,dotNetTips.Spargine.Extensions.BenchmarkTests,ListExtensions,25,32.60 ns,0.061 ns,0.054 ns,0.014 ns,32.61 ns,32.46 ns,32.58 ns,32.62 ns,32.69 ns,"30,673,348.0",0.0608 ns,14.00,4.023,2.000,-0.8878,12,*,No,390 B,0.0061,0.0000,0.0000,56 B
Shuffle,Job-CJSTKQ,False,True,Default,Default,Default,Default,Default,1111,Empty,RyuJit,X64,8c5e7fda-e8bf-4a96-9a85-a6e23a8c635c,.NET Core 5.0,False,True,False,True,Default,Default,False,False,True,Default,Default,Default,Default,Default,.NET Core 5.0,Default,1,Default,Default,Default,Default,Default,Default,Default,Default,16,Default,dotNetTips.Spargine.Extensions.BenchmarkTests,ListExtensions,50,32.99 ns,0.250 ns,0.234 ns,0.060 ns,33.07 ns,32.46 ns,32.88 ns,33.12 ns,33.32 ns,"30,309,499.4",0.2500 ns,15.00,2.816,2.000,-0.7356,12,*,No,390 B,0.0061,0.0000,0.0000,56 B
Shuffle,Job-CJSTKQ,False,True,Default,Default,Default,Default,Default,1111,Empty,RyuJit,X64,8c5e7fda-e8bf-4a96-9a85-a6e23a8c635c,.NET Core 5.0,False,True,False,True,Default,Default,False,False,True,Default,Default,Default,Default,Default,.NET Core 5.0,Default,1,Default,Default,Default,Default,Default,Default,Default,Default,16,Default,dotNetTips.Spargine.Extensions.BenchmarkTests,ListExtensions,100,33.31 ns,0.238 ns,0.223 ns,0.057 ns,33.24 ns,32.93 ns,33.14 ns,33.53 ns,33.66 ns,"30,022,225.9",0.2380 ns,15.00,1.563,2.000,0.1130,12,*,No,390 B,0.0061,0.0000,0.0000,56 B
Shuffle,Job-CJSTKQ,False,True,Default,Default,Default,Default,Default,1111,Empty,RyuJit,X64,8c5e7fda-e8bf-4a96-9a85-a6e23a8c635c,.NET Core 5.0,False,True,False,True,Default,Default,False,False,True,Default,Default,Default,Default,Default,.NET Core 5.0,Default,1,Default,Default,Default,Default,Default,Default,Default,Default,16,Default,dotNetTips.Spargine.Extensions.BenchmarkTests,ListExtensions,250,31.62 ns,0.053 ns,0.049 ns,0.013 ns,31.63 ns,31.51 ns,31.60 ns,31.64 ns,31.70 ns,"31,627,013.5",0.0528 ns,15.00,2.538,2.000,-0.4570,10,*,No,390 B,0.0061,0.0000,0.0000,56 B
Shuffle,Job-CJSTKQ,False,True,Default,Default,Default,Default,Default,1111,Empty,RyuJit,X64,8c5e7fda-e8bf-4a96-9a85-a6e23a8c635c,.NET Core 5.0,False,True,False,True,Default,Default,False,False,True,Default,Default,Default,Default,Default,.NET Core 5.0,Default,1,Default,Default,Default,Default,Default,Default,Default,Default,16,Default,dotNetTips.Spargine.Extensions.BenchmarkTests,ListExtensions,500,33.31 ns,0.433 ns,0.405 ns,0.105 ns,33.30 ns,32.74 ns,33.04 ns,33.53 ns,34.07 ns,"30,018,294.2",0.4330 ns,15.00,1.912,2.000,0.1720,12,*,No,390 B,0.0062,0.0000,0.0000,56 B
Shuffle,Job-CJSTKQ,False,True,Default,Default,Default,Default,Default,1111,Empty,RyuJit,X64,8c5e7fda-e8bf-4a96-9a85-a6e23a8c635c,.NET Core 5.0,False,True,False,True,Default,Default,False,False,True,Default,Default,Default,Default,Default,.NET Core 5.0,Default,1,Default,Default,Default,Default,Default,Default,Default,Default,16,Default,dotNetTips.Spargine.Extensions.BenchmarkTests,ListExtensions,1000,34.03 ns,0.323 ns,0.302 ns,0.078 ns,33.98 ns,33.31 ns,33.90 ns,34.19 ns,34.54 ns,"29,387,635.9",0.3233 ns,15.00,3.221,2.000,-0.2932,13,*,No,390 B,0.0057,0.0000,0.0000,56 B
ToObservableCollection,Job-CJSTKQ,False,True,Default,Default,Default,Default,Default,1111,Empty,RyuJit,X64,8c5e7fda-e8bf-4a96-9a85-a6e23a8c635c,.NET Core 5.0,False,True,False,True,Default,Default,False,False,True,Default,Default,Default,Default,Default,.NET Core 5.0,Default,1,Default,Default,Default,Default,Default,Default,Default,Default,16,Default,dotNetTips.Spargine.Extensions.BenchmarkTests,ListExtensions,10,60.01 ns,0.255 ns,0.239 ns,0.062 ns,59.88 ns,59.78 ns,59.82 ns,60.20 ns,60.43 ns,"16,663,637.0",0.2552 ns,15.00,1.600,2.000,0.6006,17,*,No,171 B,0.0211,0.0000,0.0000,192 B
ToObservableCollection,Job-CJSTKQ,False,True,Default,Default,Default,Default,Default,1111,Empty,RyuJit,X64,8c5e7fda-e8bf-4a96-9a85-a6e23a8c635c,.NET Core 5.0,False,True,False,True,Default,Default,False,False,True,Default,Default,Default,Default,Default,.NET Core 5.0,Default,1,Default,Default,Default,Default,Default,Default,Default,Default,16,Default,dotNetTips.Spargine.Extensions.BenchmarkTests,ListExtensions,25,70.74 ns,0.213 ns,0.166 ns,0.048 ns,70.74 ns,70.33 ns,70.69 ns,70.82 ns,71.01 ns,"14,135,329.5",0.2130 ns,12.00,3.836,2.000,-0.8577,18,*,No,171 B,0.0347,0.0000,0.0000,312 B
ToObservableCollection,Job-CJSTKQ,False,True,Default,Default,Default,Default,Default,1111,Empty,RyuJit,X64,8c5e7fda-e8bf-4a96-9a85-a6e23a8c635c,.NET Core 5.0,False,True,False,True,Default,Default,False,False,True,Default,Default,Default,Default,Default,.NET Core 5.0,Default,1,Default,Default,Default,Default,Default,Default,Default,Default,16,Default,dotNetTips.Spargine.Extensions.BenchmarkTests,ListExtensions,50,88.68 ns,0.590 ns,0.552 ns,0.143 ns,88.71 ns,87.70 ns,88.33 ns,89.10 ns,89.64 ns,"11,276,080.5",0.5904 ns,15.00,1.929,2.000,-0.1542,21,*,No,171 B,0.0572,0.0000,0.0000,512 B
ToObservableCollection,Job-CJSTKQ,False,True,Default,Default,Default,Default,Default,1111,Empty,RyuJit,X64,8c5e7fda-e8bf-4a96-9a85-a6e23a8c635c,.NET Core 5.0,False,True,False,True,Default,Default,False,False,True,Default,Default,Default,Default,Default,.NET Core 5.0,Default,1,Default,Default,Default,Default,Default,Default,Default,Default,16,Default,dotNetTips.Spargine.Extensions.BenchmarkTests,ListExtensions,100,128.62 ns,1.294 ns,1.081 ns,0.300 ns,128.99 ns,125.22 ns,128.69 ns,129.07 ns,129.27 ns,"7,774,593.8",1.2943 ns,13.00,7.611,2.000,-2.3543,25,*,No,171 B,0.1037,0.0000,0.0000,912 B
ToObservableCollection,Job-CJSTKQ,False,True,Default,Default,Default,Default,Default,1111,Empty,RyuJit,X64,8c5e7fda-e8bf-4a96-9a85-a6e23a8c635c,.NET Core 5.0,False,True,False,True,Default,Default,False,False,True,Default,Default,Default,Default,Default,.NET Core 5.0,Default,1,Default,Default,Default,Default,Default,Default,Default,Default,16,Default,dotNetTips.Spargine.Extensions.BenchmarkTests,ListExtensions,250,247.30 ns,2.074 ns,1.940 ns,0.501 ns,247.37 ns,243.17 ns,246.69 ns,248.12 ns,250.00 ns,"4,043,752.3",2.0742 ns,15.00,2.386,2.000,-0.4695,30,*,No,171 B,0.2341,0.0005,0.0000,2112 B
ToObservableCollection,Job-CJSTKQ,False,True,Default,Default,Default,Default,Default,1111,Empty,RyuJit,X64,8c5e7fda-e8bf-4a96-9a85-a6e23a8c635c,.NET Core 5.0,False,True,False,True,Default,Default,False,False,True,Default,Default,Default,Default,Default,.NET Core 5.0,Default,1,Default,Default,Default,Default,Default,Default,Default,Default,16,Default,dotNetTips.Spargine.Extensions.BenchmarkTests,ListExtensions,500,453.25 ns,4.429 ns,4.142 ns,1.070 ns,452.88 ns,446.33 ns,449.62 ns,456.41 ns,459.51 ns,"2,206,270.5",4.4285 ns,15.00,1.683,2.000,0.0962,34,*,No,171 B,0.4573,0.0052,0.0000,4112 B
ToObservableCollection,Job-CJSTKQ,False,True,Default,Default,Default,Default,Default,1111,Empty,RyuJit,X64,8c5e7fda-e8bf-4a96-9a85-a6e23a8c635c,.NET Core 5.0,False,True,False,True,Default,Default,False,False,True,Default,Default,Default,Default,Default,.NET Core 5.0,Default,1,Default,Default,Default,Default,Default,Default,Default,Default,16,Default,dotNetTips.Spargine.Extensions.BenchmarkTests,ListExtensions,1000,846.52 ns,6.975 ns,6.525 ns,1.685 ns,846.43 ns,837.27 ns,841.80 ns,850.22 ns,860.63 ns,"1,181,305.6",6.9751 ns,15.00,2.369,2.000,0.6191,41,*,No,171 B,0.8793,0.0000,0.0000,8112 B
ToReadOnlyCollection,Job-CJSTKQ,False,True,Default,Default,Default,Default,Default,1111,Empty,RyuJit,X64,8c5e7fda-e8bf-4a96-9a85-a6e23a8c635c,.NET Core 5.0,False,True,False,True,Default,Default,False,False,True,Default,Default,Default,Default,Default,.NET Core 5.0,Default,1,Default,Default,Default,Default,Default,Default,Default,Default,16,Default,dotNetTips.Spargine.Extensions.BenchmarkTests,ListExtensions,10,15.84 ns,0.133 ns,0.124 ns,0.032 ns,15.88 ns,15.65 ns,15.74 ns,15.91 ns,16.14 ns,"63,131,289.7",0.1325 ns,15.00,3.035,2.000,0.5803,4,*,No,188 B,0.0026,0.0000,0.0000,24 B
ToReadOnlyCollection,Job-CJSTKQ,False,True,Default,Default,Default,Default,Default,1111,Empty,RyuJit,X64,8c5e7fda-e8bf-4a96-9a85-a6e23a8c635c,.NET Core 5.0,False,True,False,True,Default,Default,False,False,True,Default,Default,Default,Default,Default,.NET Core 5.0,Default,1,Default,Default,Default,Default,Default,Default,Default,Default,16,Default,dotNetTips.Spargine.Extensions.BenchmarkTests,ListExtensions,25,16.10 ns,0.162 ns,0.151 ns,0.039 ns,16.12 ns,15.78 ns,16.00 ns,16.18 ns,16.40 ns,"62,125,570.7",0.1617 ns,15.00,2.623,2.000,-0.1867,5,*,No,188 B,0.0026,0.0000,0.0000,24 B
ToReadOnlyCollection,Job-CJSTKQ,False,True,Default,Default,Default,Default,Default,1111,Empty,RyuJit,X64,8c5e7fda-e8bf-4a96-9a85-a6e23a8c635c,.NET Core 5.0,False,True,False,True,Default,Default,False,False,True,Default,Default,Default,Default,Default,.NET Core 5.0,Default,1,Default,Default,Default,Default,Default,Default,Default,Default,16,Default,dotNetTips.Spargine.Extensions.BenchmarkTests,ListExtensions,50,15.07 ns,0.066 ns,0.055 ns,0.015 ns,15.08 ns,14.93 ns,15.05 ns,15.11 ns,15.15 ns,"66,344,870.2",0.0664 ns,13.00,4.145,2.000,-1.1354,3,*,No,188 B,0.0026,0.0000,0.0000,24 B
ToReadOnlyCollection,Job-CJSTKQ,False,True,Default,Default,Default,Default,Default,1111,Empty,RyuJit,X64,8c5e7fda-e8bf-4a96-9a85-a6e23a8c635c,.NET Core 5.0,False,True,False,True,Default,Default,False,False,True,Default,Default,Default,Default,Default,.NET Core 5.0,Default,1,Default,Default,Default,Default,Default,Default,Default,Default,16,Default,dotNetTips.Spargine.Extensions.BenchmarkTests,ListExtensions,100,15.08 ns,0.083 ns,0.069 ns,0.019 ns,15.09 ns,14.96 ns,15.06 ns,15.12 ns,15.20 ns,"66,303,876.8",0.0829 ns,13.00,2.220,2.000,-0.2259,3,*,No,188 B,0.0026,0.0000,0.0000,24 B
ToReadOnlyCollection,Job-CJSTKQ,False,True,Default,Default,Default,Default,Default,1111,Empty,RyuJit,X64,8c5e7fda-e8bf-4a96-9a85-a6e23a8c635c,.NET Core 5.0,False,True,False,True,Default,Default,False,False,True,Default,Default,Default,Default,Default,.NET Core 5.0,Default,1,Default,Default,Default,Default,Default,Default,Default,Default,16,Default,dotNetTips.Spargine.Extensions.BenchmarkTests,ListExtensions,250,15.61 ns,0.322 ns,0.285 ns,0.076 ns,15.67 ns,14.93 ns,15.62 ns,15.77 ns,15.93 ns,"64,044,667.9",0.3218 ns,14.00,3.793,2.000,-1.4107,4,*,No,188 B,0.0026,0.0000,0.0000,24 B
ToReadOnlyCollection,Job-CJSTKQ,False,True,Default,Default,Default,Default,Default,1111,Empty,RyuJit,X64,8c5e7fda-e8bf-4a96-9a85-a6e23a8c635c,.NET Core 5.0,False,True,False,True,Default,Default,False,False,True,Default,Default,Default,Default,Default,.NET Core 5.0,Default,1,Default,Default,Default,Default,Default,Default,Default,Default,16,Default,dotNetTips.Spargine.Extensions.BenchmarkTests,ListExtensions,500,14.81 ns,0.148 ns,0.138 ns,0.036 ns,14.85 ns,14.61 ns,14.71 ns,14.94 ns,15.00 ns,"67,504,218.2",0.1477 ns,15.00,1.369,2.000,-0.1853,2,*,No,188 B,0.0026,0.0000,0.0000,24 B
ToReadOnlyCollection,Job-CJSTKQ,False,True,Default,Default,Default,Default,Default,1111,Empty,RyuJit,X64,8c5e7fda-e8bf-4a96-9a85-a6e23a8c635c,.NET Core 5.0,False,True,False,True,Default,Default,False,False,True,Default,Default,Default,Default,Default,.NET Core 5.0,Default,1,Default,Default,Default,Default,Default,Default,Default,Default,16,Default,dotNetTips.Spargine.Extensions.BenchmarkTests,ListExtensions,1000,15.51 ns,0.175 ns,0.164 ns,0.042 ns,15.45 ns,15.22 ns,15.39 ns,15.65 ns,15.79 ns,"64,484,301.3",0.1753 ns,15.00,1.779,2.000,0.1295,4,*,No,188 B,0.0026,0.0000,0.0000,24 B
