Method,Job,AnalyzeLaunchVariance,EvaluateOverhead,MaxAbsoluteError,MaxRelativeError,MinInvokeCount,MinIterationTime,OutlierMode,Affinity,EnvironmentVariables,Jit,Platform,PowerPlanMode,Runtime,AllowVeryLargeObjects,Concurrent,CpuGroups,Force,HeapAffinitizeMask,HeapCount,NoAffinitize,RetainVm,Server,Arguments,BuildConfiguration,Clock,EngineFactory,NuGetReferences,Toolchain,IsMutator,InvocationCount,IterationCount,IterationTime,LaunchCount,MaxIterationCount,MaxWarmupIterationCount,MinIterationCount,MinWarmupIterationCount,RunStrategy,UnrollFactor,WarmupCount,Namespace,Categories,Count,Mean,Error,StdDev,StdErr,Min,Q1,Median,Q3,Max,Op/s,CI99.9% Margin,Iterations,Kurtosis,MValue,Skewness,Rank,LogicalGroup,Baseline,Gen 0,Gen 1,Gen 2,Allocated,Code Size
'CachedEnumerable.Create: From List',Job-PDALPH,False,True,Default,Default,Default,Default,Default,1111,Empty,RyuJit,X64,8c5e7fda-e8bf-4a96-9a85-a6e23a8c635c,.NET Core 5.0,False,True,False,True,Default,Default,False,False,True,Default,Default,Default,Default,Default,.NET Core 5.0,Default,1,Default,Default,Default,Default,Default,Default,Default,Default,16,Default,dotNetTips.Spargine.Core.BenchmarkTests,CachedEnumerable Class,10,14.42 ns,0.029 ns,0.027 ns,0.007 ns,14.35 ns,14.40 ns,14.42 ns,14.44 ns,14.45 ns,"69,346,315.5",0.0293 ns,15.00,3.078,2.000,-0.8877,2,*,No,0.0088,0.0000,0.0000,80 B,128 B
'CachedEnumerable.Create: From List',Job-PDALPH,False,True,Default,Default,Default,Default,Default,1111,Empty,RyuJit,X64,8c5e7fda-e8bf-4a96-9a85-a6e23a8c635c,.NET Core 5.0,False,True,False,True,Default,Default,False,False,True,Default,Default,Default,Default,Default,.NET Core 5.0,Default,1,Default,Default,Default,Default,Default,Default,Default,Default,16,Default,dotNetTips.Spargine.Core.BenchmarkTests,CachedEnumerable Class,25,13.81 ns,0.030 ns,0.028 ns,0.007 ns,13.77 ns,13.79 ns,13.81 ns,13.83 ns,13.86 ns,"72,397,079.7",0.0297 ns,15.00,1.612,2.000,0.1165,1,*,No,0.0088,0.0000,0.0000,80 B,128 B
'CachedEnumerable.Create: From List',Job-PDALPH,False,True,Default,Default,Default,Default,Default,1111,Empty,RyuJit,X64,8c5e7fda-e8bf-4a96-9a85-a6e23a8c635c,.NET Core 5.0,False,True,False,True,Default,Default,False,False,True,Default,Default,Default,Default,Default,.NET Core 5.0,Default,1,Default,Default,Default,Default,Default,Default,Default,Default,16,Default,dotNetTips.Spargine.Core.BenchmarkTests,CachedEnumerable Class,50,14.26 ns,0.039 ns,0.036 ns,0.009 ns,14.18 ns,14.24 ns,14.26 ns,14.29 ns,14.31 ns,"70,111,641.9",0.0388 ns,15.00,2.458,2.000,-0.4818,2,*,No,0.0089,0.0000,0.0000,80 B,128 B
'CachedEnumerable.Create: From List',Job-PDALPH,False,True,Default,Default,Default,Default,Default,1111,Empty,RyuJit,X64,8c5e7fda-e8bf-4a96-9a85-a6e23a8c635c,.NET Core 5.0,False,True,False,True,Default,Default,False,False,True,Default,Default,Default,Default,Default,.NET Core 5.0,Default,1,Default,Default,Default,Default,Default,Default,Default,Default,16,Default,dotNetTips.Spargine.Core.BenchmarkTests,CachedEnumerable Class,100,14.24 ns,0.025 ns,0.022 ns,0.006 ns,14.20 ns,14.22 ns,14.24 ns,14.25 ns,14.28 ns,"70,232,895.4",0.0250 ns,14.00,2.081,2.000,0.1446,2,*,No,0.0089,0.0000,0.0000,80 B,128 B
'CachedEnumerable.Create: From List',Job-PDALPH,False,True,Default,Default,Default,Default,Default,1111,Empty,RyuJit,X64,8c5e7fda-e8bf-4a96-9a85-a6e23a8c635c,.NET Core 5.0,False,True,False,True,Default,Default,False,False,True,Default,Default,Default,Default,Default,.NET Core 5.0,Default,1,Default,Default,Default,Default,Default,Default,Default,Default,16,Default,dotNetTips.Spargine.Core.BenchmarkTests,CachedEnumerable Class,250,14.30 ns,0.015 ns,0.014 ns,0.004 ns,14.27 ns,14.29 ns,14.30 ns,14.31 ns,14.32 ns,"69,947,410.1",0.0154 ns,15.00,1.839,2.000,-0.1138,2,*,No,0.0089,0.0000,0.0000,80 B,128 B
'CachedEnumerable.Create: From List',Job-PDALPH,False,True,Default,Default,Default,Default,Default,1111,Empty,RyuJit,X64,8c5e7fda-e8bf-4a96-9a85-a6e23a8c635c,.NET Core 5.0,False,True,False,True,Default,Default,False,False,True,Default,Default,Default,Default,Default,.NET Core 5.0,Default,1,Default,Default,Default,Default,Default,Default,Default,Default,16,Default,dotNetTips.Spargine.Core.BenchmarkTests,CachedEnumerable Class,500,13.78 ns,0.036 ns,0.030 ns,0.008 ns,13.71 ns,13.76 ns,13.77 ns,13.79 ns,13.82 ns,"72,582,497.8",0.0364 ns,13.00,2.432,2.000,-0.2167,1,*,No,0.0088,0.0000,0.0000,80 B,128 B
'CachedEnumerable.Create: From List',Job-PDALPH,False,True,Default,Default,Default,Default,Default,1111,Empty,RyuJit,X64,8c5e7fda-e8bf-4a96-9a85-a6e23a8c635c,.NET Core 5.0,False,True,False,True,Default,Default,False,False,True,Default,Default,Default,Default,Default,.NET Core 5.0,Default,1,Default,Default,Default,Default,Default,Default,Default,Default,16,Default,dotNetTips.Spargine.Core.BenchmarkTests,CachedEnumerable Class,1000,14.41 ns,0.059 ns,0.055 ns,0.014 ns,14.32 ns,14.36 ns,14.41 ns,14.44 ns,14.52 ns,"69,415,599.9",0.0586 ns,15.00,2.135,2.000,0.1905,2,*,No,0.0086,0.0000,0.0000,80 B,128 B
