Target,Target_Namespace,Target_Type,Target_Method,Job_Id,Job_AnalyzeLaunchVariance,Job_EvaluateOverhead,Job_MaxAbsoluteError,Job_MaxRelativeError,Job_MinInvokeCount,Job_MinIterationTime,Job_OutlierMode,Job_Affinity,Job_EnvironmentVariables,Job_Jit,Job_Platform,Job_PowerPlanMode,Job_Runtime,Job_AllowVeryLargeObjects,Job_Concurrent,Job_CpuGroups,Job_Force,Job_HeapAffinitizeMask,Job_HeapCount,Job_NoAffinitize,Job_RetainVm,Job_Server,Job_Arguments,Job_BuildConfiguration,Job_Clock,Job_EngineFactory,Job_NuGetReferences,Job_Toolchain,Job_IsMutator,Job_InvocationCount,Job_IterationCount,Job_IterationTime,Job_LaunchCount,Job_MaxIterationCount,Job_MaxWarmupIterationCount,Job_MinIterationCount,Job_MinWarmupIterationCount,Job_RunStrategy,Job_UnrollFactor,Job_WarmupCount,Job_Display,Params,Measurement_LaunchIndex,Measurement_IterationMode,Measurement_IterationStage,Measurement_IterationIndex,Measurement_Nanoseconds,Measurement_Operations,Measurement_Value,Gen_0,Gen_1,Gen_2,Allocated_Bytes
EnumExtensionsBenchmark.GetDescription,dotNetTips.Spargine.Extensions.BenchmarkTests,EnumExtensionsBenchmark,GetDescription,Job-CJSTKQ,Default,True,Default,Default,Default,Default,Default,Default,Default,Default,Default,Default,Default,Default,Default,Default,Default,Default,Default,Default,Default,True,Default,Default,Default,Default,Default,.NET Core 5.0,Default,Default,Default,Default,Default,Default,Default,Default,Default,Default,Default,Default,"Job-CJSTKQ(EvaluateOverhead=True, Server=True, Toolchain=.NET Core 5.0)",,1,Overhead,Jitting,1,179600,1,179600,5,0,0,24
EnumExtensionsBenchmark.GetDescription,dotNetTips.Spargine.Extensions.BenchmarkTests,EnumExtensionsBenchmark,GetDescription,Job-CJSTKQ,Default,True,Default,Default,Default,Default,Default,Default,Default,Default,Default,Default,Default,Default,Default,Default,Default,Default,Default,Default,Default,True,Default,Default,Default,Default,Default,.NET Core 5.0,Default,Default,Default,Default,Default,Default,Default,Default,Default,Default,Default,Default,"Job-CJSTKQ(EvaluateOverhead=True, Server=True, Toolchain=.NET Core 5.0)",,1,Workload,Jitting,1,1120200,1,1120200,5,0,0,24
EnumExtensionsBenchmark.GetDescription,dotNetTips.Spargine.Extensions.BenchmarkTests,EnumExtensionsBenchmark,GetDescription,Job-CJSTKQ,Default,True,Default,Default,Default,Default,Default,Default,Default,Default,Default,Default,Default,Default,Default,Default,Default,Default,Default,Default,Default,True,Default,Default,Default,Default,Default,.NET Core 5.0,Default,Default,Default,Default,Default,Default,Default,Default,Default,Default,Default,Default,"Job-CJSTKQ(EvaluateOverhead=True, Server=True, Toolchain=.NET Core 5.0)",,1,Overhead,Jitting,2,183200,16,11450,5,0,0,24
EnumExtensionsBenchmark.GetDescription,dotNetTips.Spargine.Extensions.BenchmarkTests,EnumExtensionsBenchmark,GetDescription,Job-CJSTKQ,Default,True,Default,Default,Default,Default,Default,Default,Default,Default,Default,Default,Default,Default,Default,Default,Default,Default,Default,Default,Default,True,Default,Default,Default,Default,Default,.NET Core 5.0,Default,Default,Default,Default,Default,Default,Default,Default,Default,Default,Default,Default,"Job-CJSTKQ(EvaluateOverhead=True, Server=True, Toolchain=.NET Core 5.0)",,1,Workload,Jitting,2,226500,16,14156.25,5,0,0,24
EnumExtensionsBenchmark.GetDescription,dotNetTips.Spargine.Extensions.BenchmarkTests,EnumExtensionsBenchmark,GetDescription,Job-CJSTKQ,Default,True,Default,Default,Default,Default,Default,Default,Default,Default,Default,Default,Default,Default,Default,Default,Default,Default,Default,Default,Default,True,Default,Default,Default,Default,Default,.NET Core 5.0,Default,Default,Default,Default,Default,Default,Default,Default,Default,Default,Default,Default,"Job-CJSTKQ(EvaluateOverhead=True, Server=True, Toolchain=.NET Core 5.0)",,1,Workload,Pilot,1,50700,16,3168.75,5,0,0,24
EnumExtensionsBenchmark.GetDescription,dotNetTips.Spargine.Extensions.BenchmarkTests,EnumExtensionsBenchmark,GetDescription,Job-CJSTKQ,Default,True,Default,Default,Default,Default,Default,Default,Default,Default,Default,Default,Default,Default,Default,Default,Default,Default,Default,Default,Default,True,Default,Default,Default,Default,Default,.NET Core 5.0,Default,Default,Default,Default,Default,Default,Default,Default,Default,Default,Default,Default,"Job-CJSTKQ(EvaluateOverhead=True, Server=True, Toolchain=.NET Core 5.0)",,1,Workload,Pilot,2,51700,32,1615.63,5,0,0,24
EnumExtensionsBenchmark.GetDescription,dotNetTips.Spargine.Extensions.BenchmarkTests,EnumExtensionsBenchmark,GetDescription,Job-CJSTKQ,Default,True,Default,Default,Default,Default,Default,Default,Default,Default,Default,Default,Default,Default,Default,Default,Default,Default,Default,Default,Default,True,Default,Default,Default,Default,Default,.NET Core 5.0,Default,Default,Default,Default,Default,Default,Default,Default,Default,Default,Default,Default,"Job-CJSTKQ(EvaluateOverhead=True, Server=True, Toolchain=.NET Core 5.0)",,1,Workload,Pilot,3,67300,64,1051.56,5,0,0,24
EnumExtensionsBenchmark.GetDescription,dotNetTips.Spargine.Extensions.BenchmarkTests,EnumExtensionsBenchmark,GetDescription,Job-CJSTKQ,Default,True,Default,Default,Default,Default,Default,Default,Default,Default,Default,Default,Default,Default,Default,Default,Default,Default,Default,Default,Default,True,Default,Default,Default,Default,Default,.NET Core 5.0,Default,Default,Default,Default,Default,Default,Default,Default,Default,Default,Default,Default,"Job-CJSTKQ(EvaluateOverhead=True, Server=True, Toolchain=.NET Core 5.0)",,1,Workload,Pilot,4,113800,128,889.06,5,0,0,24
EnumExtensionsBenchmark.GetDescription,dotNetTips.Spargine.Extensions.BenchmarkTests,EnumExtensionsBenchmark,GetDescription,Job-CJSTKQ,Default,True,Default,Default,Default,Default,Default,Default,Default,Default,Default,Default,Default,Default,Default,Default,Default,Default,Default,Default,Default,True,Default,Default,Default,Default,Default,.NET Core 5.0,Default,Default,Default,Default,Default,Default,Default,Default,Default,Default,Default,Default,"Job-CJSTKQ(EvaluateOverhead=True, Server=True, Toolchain=.NET Core 5.0)",,1,Workload,Pilot,5,207300,256,809.77,5,0,0,24
EnumExtensionsBenchmark.GetDescription,dotNetTips.Spargine.Extensions.BenchmarkTests,EnumExtensionsBenchmark,GetDescription,Job-CJSTKQ,Default,True,Default,Default,Default,Default,Default,Default,Default,Default,Default,Default,Default,Default,Default,Default,Default,Default,Default,Default,Default,True,Default,Default,Default,Default,Default,.NET Core 5.0,Default,Default,Default,Default,Default,Default,Default,Default,Default,Default,Default,Default,"Job-CJSTKQ(EvaluateOverhead=True, Server=True, Toolchain=.NET Core 5.0)",,1,Workload,Pilot,6,305100,512,595.9,5,0,0,24
EnumExtensionsBenchmark.GetDescription,dotNetTips.Spargine.Extensions.BenchmarkTests,EnumExtensionsBenchmark,GetDescription,Job-CJSTKQ,Default,True,Default,Default,Default,Default,Default,Default,Default,Default,Default,Default,Default,Default,Default,Default,Default,Default,Default,Default,Default,True,Default,Default,Default,Default,Default,.NET Core 5.0,Default,Default,Default,Default,Default,Default,Default,Default,Default,Default,Default,Default,"Job-CJSTKQ(EvaluateOverhead=True, Server=True, Toolchain=.NET Core 5.0)",,1,Workload,Pilot,7,564200,1024,550.98,5,0,0,24
EnumExtensionsBenchmark.GetDescription,dotNetTips.Spargine.Extensions.BenchmarkTests,EnumExtensionsBenchmark,GetDescription,Job-CJSTKQ,Default,True,Default,Default,Default,Default,Default,Default,Default,Default,Default,Default,Default,Default,Default,Default,Default,Default,Default,Default,Default,True,Default,Default,Default,Default,Default,.NET Core 5.0,Default,Default,Default,Default,Default,Default,Default,Default,Default,Default,Default,Default,"Job-CJSTKQ(EvaluateOverhead=True, Server=True, Toolchain=.NET Core 5.0)",,1,Workload,Pilot,8,1087800,2048,531.15,5,0,0,24
EnumExtensionsBenchmark.GetDescription,dotNetTips.Spargine.Extensions.BenchmarkTests,EnumExtensionsBenchmark,GetDescription,Job-CJSTKQ,Default,True,Default,Default,Default,Default,Default,Default,Default,Default,Default,Default,Default,Default,Default,Default,Default,Default,Default,Default,Default,True,Default,Default,Default,Default,Default,.NET Core 5.0,Default,Default,Default,Default,Default,Default,Default,Default,Default,Default,Default,Default,"Job-CJSTKQ(EvaluateOverhead=True, Server=True, Toolchain=.NET Core 5.0)",,1,Workload,Pilot,9,2165400,4096,528.66,5,0,0,24
EnumExtensionsBenchmark.GetDescription,dotNetTips.Spargine.Extensions.BenchmarkTests,EnumExtensionsBenchmark,GetDescription,Job-CJSTKQ,Default,True,Default,Default,Default,Default,Default,Default,Default,Default,Default,Default,Default,Default,Default,Default,Default,Default,Default,Default,Default,True,Default,Default,Default,Default,Default,.NET Core 5.0,Default,Default,Default,Default,Default,Default,Default,Default,Default,Default,Default,Default,"Job-CJSTKQ(EvaluateOverhead=True, Server=True, Toolchain=.NET Core 5.0)",,1,Workload,Pilot,10,5067900,8192,618.64,5,0,0,24
EnumExtensionsBenchmark.GetDescription,dotNetTips.Spargine.Extensions.BenchmarkTests,EnumExtensionsBenchmark,GetDescription,Job-CJSTKQ,Default,True,Default,Default,Default,Default,Default,Default,Default,Default,Default,Default,Default,Default,Default,Default,Default,Default,Default,Default,Default,True,Default,Default,Default,Default,Default,.NET Core 5.0,Default,Default,Default,Default,Default,Default,Default,Default,Default,Default,Default,Default,"Job-CJSTKQ(EvaluateOverhead=True, Server=True, Toolchain=.NET Core 5.0)",,1,Workload,Pilot,11,8675800,16384,529.53,5,0,0,24
EnumExtensionsBenchmark.GetDescription,dotNetTips.Spargine.Extensions.BenchmarkTests,EnumExtensionsBenchmark,GetDescription,Job-CJSTKQ,Default,True,Default,Default,Default,Default,Default,Default,Default,Default,Default,Default,Default,Default,Default,Default,Default,Default,Default,Default,Default,True,Default,Default,Default,Default,Default,.NET Core 5.0,Default,Default,Default,Default,Default,Default,Default,Default,Default,Default,Default,Default,"Job-CJSTKQ(EvaluateOverhead=True, Server=True, Toolchain=.NET Core 5.0)",,1,Workload,Pilot,12,18018800,32768,549.89,5,0,0,24
EnumExtensionsBenchmark.GetDescription,dotNetTips.Spargine.Extensions.BenchmarkTests,EnumExtensionsBenchmark,GetDescription,Job-CJSTKQ,Default,True,Default,Default,Default,Default,Default,Default,Default,Default,Default,Default,Default,Default,Default,Default,Default,Default,Default,Default,Default,True,Default,Default,Default,Default,Default,.NET Core 5.0,Default,Default,Default,Default,Default,Default,Default,Default,Default,Default,Default,Default,"Job-CJSTKQ(EvaluateOverhead=True, Server=True, Toolchain=.NET Core 5.0)",,1,Workload,Pilot,13,35954000,65536,548.61,5,0,0,24
EnumExtensionsBenchmark.GetDescription,dotNetTips.Spargine.Extensions.BenchmarkTests,EnumExtensionsBenchmark,GetDescription,Job-CJSTKQ,Default,True,Default,Default,Default,Default,Default,Default,Default,Default,Default,Default,Default,Default,Default,Default,Default,Default,Default,Default,Default,True,Default,Default,Default,Default,Default,.NET Core 5.0,Default,Default,Default,Default,Default,Default,Default,Default,Default,Default,Default,Default,"Job-CJSTKQ(EvaluateOverhead=True, Server=True, Toolchain=.NET Core 5.0)",,1,Workload,Pilot,14,68897900,131072,525.65,5,0,0,24
EnumExtensionsBenchmark.GetDescription,dotNetTips.Spargine.Extensions.BenchmarkTests,EnumExtensionsBenchmark,GetDescription,Job-CJSTKQ,Default,True,Default,Default,Default,Default,Default,Default,Default,Default,Default,Default,Default,Default,Default,Default,Default,Default,Default,Default,Default,True,Default,Default,Default,Default,Default,.NET Core 5.0,Default,Default,Default,Default,Default,Default,Default,Default,Default,Default,Default,Default,"Job-CJSTKQ(EvaluateOverhead=True, Server=True, Toolchain=.NET Core 5.0)",,1,Workload,Pilot,15,123688800,262144,471.84,5,0,0,24
EnumExtensionsBenchmark.GetDescription,dotNetTips.Spargine.Extensions.BenchmarkTests,EnumExtensionsBenchmark,GetDescription,Job-CJSTKQ,Default,True,Default,Default,Default,Default,Default,Default,Default,Default,Default,Default,Default,Default,Default,Default,Default,Default,Default,Default,Default,True,Default,Default,Default,Default,Default,.NET Core 5.0,Default,Default,Default,Default,Default,Default,Default,Default,Default,Default,Default,Default,"Job-CJSTKQ(EvaluateOverhead=True, Server=True, Toolchain=.NET Core 5.0)",,1,Workload,Pilot,16,218559400,524288,416.87,5,0,0,24
EnumExtensionsBenchmark.GetDescription,dotNetTips.Spargine.Extensions.BenchmarkTests,EnumExtensionsBenchmark,GetDescription,Job-CJSTKQ,Default,True,Default,Default,Default,Default,Default,Default,Default,Default,Default,Default,Default,Default,Default,Default,Default,Default,Default,Default,Default,True,Default,Default,Default,Default,Default,.NET Core 5.0,Default,Default,Default,Default,Default,Default,Default,Default,Default,Default,Default,Default,"Job-CJSTKQ(EvaluateOverhead=True, Server=True, Toolchain=.NET Core 5.0)",,1,Workload,Pilot,17,433348800,1048576,413.27,5,0,0,24
EnumExtensionsBenchmark.GetDescription,dotNetTips.Spargine.Extensions.BenchmarkTests,EnumExtensionsBenchmark,GetDescription,Job-CJSTKQ,Default,True,Default,Default,Default,Default,Default,Default,Default,Default,Default,Default,Default,Default,Default,Default,Default,Default,Default,Default,Default,True,Default,Default,Default,Default,Default,.NET Core 5.0,Default,Default,Default,Default,Default,Default,Default,Default,Default,Default,Default,Default,"Job-CJSTKQ(EvaluateOverhead=True, Server=True, Toolchain=.NET Core 5.0)",,1,Workload,Pilot,18,870499800,2097152,415.09,5,0,0,24
EnumExtensionsBenchmark.GetDescription,dotNetTips.Spargine.Extensions.BenchmarkTests,EnumExtensionsBenchmark,GetDescription,Job-CJSTKQ,Default,True,Default,Default,Default,Default,Default,Default,Default,Default,Default,Default,Default,Default,Default,Default,Default,Default,Default,Default,Default,True,Default,Default,Default,Default,Default,.NET Core 5.0,Default,Default,Default,Default,Default,Default,Default,Default,Default,Default,Default,Default,"Job-CJSTKQ(EvaluateOverhead=True, Server=True, Toolchain=.NET Core 5.0)",,1,Overhead,Warmup,1,3664400,2097152,1.75,5,0,0,24
EnumExtensionsBenchmark.GetDescription,dotNetTips.Spargine.Extensions.BenchmarkTests,EnumExtensionsBenchmark,GetDescription,Job-CJSTKQ,Default,True,Default,Default,Default,Default,Default,Default,Default,Default,Default,Default,Default,Default,Default,Default,Default,Default,Default,Default,Default,True,Default,Default,Default,Default,Default,.NET Core 5.0,Default,Default,Default,Default,Default,Default,Default,Default,Default,Default,Default,Default,"Job-CJSTKQ(EvaluateOverhead=True, Server=True, Toolchain=.NET Core 5.0)",,1,Overhead,Warmup,2,3760100,2097152,1.79,5,0,0,24
EnumExtensionsBenchmark.GetDescription,dotNetTips.Spargine.Extensions.BenchmarkTests,EnumExtensionsBenchmark,GetDescription,Job-CJSTKQ,Default,True,Default,Default,Default,Default,Default,Default,Default,Default,Default,Default,Default,Default,Default,Default,Default,Default,Default,Default,Default,True,Default,Default,Default,Default,Default,.NET Core 5.0,Default,Default,Default,Default,Default,Default,Default,Default,Default,Default,Default,Default,"Job-CJSTKQ(EvaluateOverhead=True, Server=True, Toolchain=.NET Core 5.0)",,1,Overhead,Warmup,3,3813000,2097152,1.82,5,0,0,24
EnumExtensionsBenchmark.GetDescription,dotNetTips.Spargine.Extensions.BenchmarkTests,EnumExtensionsBenchmark,GetDescription,Job-CJSTKQ,Default,True,Default,Default,Default,Default,Default,Default,Default,Default,Default,Default,Default,Default,Default,Default,Default,Default,Default,Default,Default,True,Default,Default,Default,Default,Default,.NET Core 5.0,Default,Default,Default,Default,Default,Default,Default,Default,Default,Default,Default,Default,"Job-CJSTKQ(EvaluateOverhead=True, Server=True, Toolchain=.NET Core 5.0)",,1,Overhead,Warmup,4,3718700,2097152,1.77,5,0,0,24
EnumExtensionsBenchmark.GetDescription,dotNetTips.Spargine.Extensions.BenchmarkTests,EnumExtensionsBenchmark,GetDescription,Job-CJSTKQ,Default,True,Default,Default,Default,Default,Default,Default,Default,Default,Default,Default,Default,Default,Default,Default,Default,Default,Default,Default,Default,True,Default,Default,Default,Default,Default,.NET Core 5.0,Default,Default,Default,Default,Default,Default,Default,Default,Default,Default,Default,Default,"Job-CJSTKQ(EvaluateOverhead=True, Server=True, Toolchain=.NET Core 5.0)",,1,Overhead,Warmup,5,3889000,2097152,1.85,5,0,0,24
EnumExtensionsBenchmark.GetDescription,dotNetTips.Spargine.Extensions.BenchmarkTests,EnumExtensionsBenchmark,GetDescription,Job-CJSTKQ,Default,True,Default,Default,Default,Default,Default,Default,Default,Default,Default,Default,Default,Default,Default,Default,Default,Default,Default,Default,Default,True,Default,Default,Default,Default,Default,.NET Core 5.0,Default,Default,Default,Default,Default,Default,Default,Default,Default,Default,Default,Default,"Job-CJSTKQ(EvaluateOverhead=True, Server=True, Toolchain=.NET Core 5.0)",,1,Overhead,Warmup,6,3919800,2097152,1.87,5,0,0,24
EnumExtensionsBenchmark.GetDescription,dotNetTips.Spargine.Extensions.BenchmarkTests,EnumExtensionsBenchmark,GetDescription,Job-CJSTKQ,Default,True,Default,Default,Default,Default,Default,Default,Default,Default,Default,Default,Default,Default,Default,Default,Default,Default,Default,Default,Default,True,Default,Default,Default,Default,Default,.NET Core 5.0,Default,Default,Default,Default,Default,Default,Default,Default,Default,Default,Default,Default,"Job-CJSTKQ(EvaluateOverhead=True, Server=True, Toolchain=.NET Core 5.0)",,1,Overhead,Warmup,7,3768600,2097152,1.8,5,0,0,24
EnumExtensionsBenchmark.GetDescription,dotNetTips.Spargine.Extensions.BenchmarkTests,EnumExtensionsBenchmark,GetDescription,Job-CJSTKQ,Default,True,Default,Default,Default,Default,Default,Default,Default,Default,Default,Default,Default,Default,Default,Default,Default,Default,Default,Default,Default,True,Default,Default,Default,Default,Default,.NET Core 5.0,Default,Default,Default,Default,Default,Default,Default,Default,Default,Default,Default,Default,"Job-CJSTKQ(EvaluateOverhead=True, Server=True, Toolchain=.NET Core 5.0)",,1,Overhead,Actual,1,3697600,2097152,1.76,5,0,0,24
EnumExtensionsBenchmark.GetDescription,dotNetTips.Spargine.Extensions.BenchmarkTests,EnumExtensionsBenchmark,GetDescription,Job-CJSTKQ,Default,True,Default,Default,Default,Default,Default,Default,Default,Default,Default,Default,Default,Default,Default,Default,Default,Default,Default,Default,Default,True,Default,Default,Default,Default,Default,.NET Core 5.0,Default,Default,Default,Default,Default,Default,Default,Default,Default,Default,Default,Default,"Job-CJSTKQ(EvaluateOverhead=True, Server=True, Toolchain=.NET Core 5.0)",,1,Overhead,Actual,2,3860600,2097152,1.84,5,0,0,24
EnumExtensionsBenchmark.GetDescription,dotNetTips.Spargine.Extensions.BenchmarkTests,EnumExtensionsBenchmark,GetDescription,Job-CJSTKQ,Default,True,Default,Default,Default,Default,Default,Default,Default,Default,Default,Default,Default,Default,Default,Default,Default,Default,Default,Default,Default,True,Default,Default,Default,Default,Default,.NET Core 5.0,Default,Default,Default,Default,Default,Default,Default,Default,Default,Default,Default,Default,"Job-CJSTKQ(EvaluateOverhead=True, Server=True, Toolchain=.NET Core 5.0)",,1,Overhead,Actual,3,3711500,2097152,1.77,5,0,0,24
EnumExtensionsBenchmark.GetDescription,dotNetTips.Spargine.Extensions.BenchmarkTests,EnumExtensionsBenchmark,GetDescription,Job-CJSTKQ,Default,True,Default,Default,Default,Default,Default,Default,Default,Default,Default,Default,Default,Default,Default,Default,Default,Default,Default,Default,Default,True,Default,Default,Default,Default,Default,.NET Core 5.0,Default,Default,Default,Default,Default,Default,Default,Default,Default,Default,Default,Default,"Job-CJSTKQ(EvaluateOverhead=True, Server=True, Toolchain=.NET Core 5.0)",,1,Overhead,Actual,4,3973500,2097152,1.89,5,0,0,24
EnumExtensionsBenchmark.GetDescription,dotNetTips.Spargine.Extensions.BenchmarkTests,EnumExtensionsBenchmark,GetDescription,Job-CJSTKQ,Default,True,Default,Default,Default,Default,Default,Default,Default,Default,Default,Default,Default,Default,Default,Default,Default,Default,Default,Default,Default,True,Default,Default,Default,Default,Default,.NET Core 5.0,Default,Default,Default,Default,Default,Default,Default,Default,Default,Default,Default,Default,"Job-CJSTKQ(EvaluateOverhead=True, Server=True, Toolchain=.NET Core 5.0)",,1,Overhead,Actual,5,3666300,2097152,1.75,5,0,0,24
EnumExtensionsBenchmark.GetDescription,dotNetTips.Spargine.Extensions.BenchmarkTests,EnumExtensionsBenchmark,GetDescription,Job-CJSTKQ,Default,True,Default,Default,Default,Default,Default,Default,Default,Default,Default,Default,Default,Default,Default,Default,Default,Default,Default,Default,Default,True,Default,Default,Default,Default,Default,.NET Core 5.0,Default,Default,Default,Default,Default,Default,Default,Default,Default,Default,Default,Default,"Job-CJSTKQ(EvaluateOverhead=True, Server=True, Toolchain=.NET Core 5.0)",,1,Overhead,Actual,6,3675900,2097152,1.75,5,0,0,24
EnumExtensionsBenchmark.GetDescription,dotNetTips.Spargine.Extensions.BenchmarkTests,EnumExtensionsBenchmark,GetDescription,Job-CJSTKQ,Default,True,Default,Default,Default,Default,Default,Default,Default,Default,Default,Default,Default,Default,Default,Default,Default,Default,Default,Default,Default,True,Default,Default,Default,Default,Default,.NET Core 5.0,Default,Default,Default,Default,Default,Default,Default,Default,Default,Default,Default,Default,"Job-CJSTKQ(EvaluateOverhead=True, Server=True, Toolchain=.NET Core 5.0)",,1,Overhead,Actual,7,4075700,2097152,1.94,5,0,0,24
EnumExtensionsBenchmark.GetDescription,dotNetTips.Spargine.Extensions.BenchmarkTests,EnumExtensionsBenchmark,GetDescription,Job-CJSTKQ,Default,True,Default,Default,Default,Default,Default,Default,Default,Default,Default,Default,Default,Default,Default,Default,Default,Default,Default,Default,Default,True,Default,Default,Default,Default,Default,.NET Core 5.0,Default,Default,Default,Default,Default,Default,Default,Default,Default,Default,Default,Default,"Job-CJSTKQ(EvaluateOverhead=True, Server=True, Toolchain=.NET Core 5.0)",,1,Overhead,Actual,8,3702000,2097152,1.77,5,0,0,24
EnumExtensionsBenchmark.GetDescription,dotNetTips.Spargine.Extensions.BenchmarkTests,EnumExtensionsBenchmark,GetDescription,Job-CJSTKQ,Default,True,Default,Default,Default,Default,Default,Default,Default,Default,Default,Default,Default,Default,Default,Default,Default,Default,Default,Default,Default,True,Default,Default,Default,Default,Default,.NET Core 5.0,Default,Default,Default,Default,Default,Default,Default,Default,Default,Default,Default,Default,"Job-CJSTKQ(EvaluateOverhead=True, Server=True, Toolchain=.NET Core 5.0)",,1,Overhead,Actual,9,3712200,2097152,1.77,5,0,0,24
EnumExtensionsBenchmark.GetDescription,dotNetTips.Spargine.Extensions.BenchmarkTests,EnumExtensionsBenchmark,GetDescription,Job-CJSTKQ,Default,True,Default,Default,Default,Default,Default,Default,Default,Default,Default,Default,Default,Default,Default,Default,Default,Default,Default,Default,Default,True,Default,Default,Default,Default,Default,.NET Core 5.0,Default,Default,Default,Default,Default,Default,Default,Default,Default,Default,Default,Default,"Job-CJSTKQ(EvaluateOverhead=True, Server=True, Toolchain=.NET Core 5.0)",,1,Overhead,Actual,10,3700300,2097152,1.76,5,0,0,24
EnumExtensionsBenchmark.GetDescription,dotNetTips.Spargine.Extensions.BenchmarkTests,EnumExtensionsBenchmark,GetDescription,Job-CJSTKQ,Default,True,Default,Default,Default,Default,Default,Default,Default,Default,Default,Default,Default,Default,Default,Default,Default,Default,Default,Default,Default,True,Default,Default,Default,Default,Default,.NET Core 5.0,Default,Default,Default,Default,Default,Default,Default,Default,Default,Default,Default,Default,"Job-CJSTKQ(EvaluateOverhead=True, Server=True, Toolchain=.NET Core 5.0)",,1,Overhead,Actual,11,3860800,2097152,1.84,5,0,0,24
EnumExtensionsBenchmark.GetDescription,dotNetTips.Spargine.Extensions.BenchmarkTests,EnumExtensionsBenchmark,GetDescription,Job-CJSTKQ,Default,True,Default,Default,Default,Default,Default,Default,Default,Default,Default,Default,Default,Default,Default,Default,Default,Default,Default,Default,Default,True,Default,Default,Default,Default,Default,.NET Core 5.0,Default,Default,Default,Default,Default,Default,Default,Default,Default,Default,Default,Default,"Job-CJSTKQ(EvaluateOverhead=True, Server=True, Toolchain=.NET Core 5.0)",,1,Overhead,Actual,12,3737200,2097152,1.78,5,0,0,24
EnumExtensionsBenchmark.GetDescription,dotNetTips.Spargine.Extensions.BenchmarkTests,EnumExtensionsBenchmark,GetDescription,Job-CJSTKQ,Default,True,Default,Default,Default,Default,Default,Default,Default,Default,Default,Default,Default,Default,Default,Default,Default,Default,Default,Default,Default,True,Default,Default,Default,Default,Default,.NET Core 5.0,Default,Default,Default,Default,Default,Default,Default,Default,Default,Default,Default,Default,"Job-CJSTKQ(EvaluateOverhead=True, Server=True, Toolchain=.NET Core 5.0)",,1,Overhead,Actual,13,3700600,2097152,1.76,5,0,0,24
EnumExtensionsBenchmark.GetDescription,dotNetTips.Spargine.Extensions.BenchmarkTests,EnumExtensionsBenchmark,GetDescription,Job-CJSTKQ,Default,True,Default,Default,Default,Default,Default,Default,Default,Default,Default,Default,Default,Default,Default,Default,Default,Default,Default,Default,Default,True,Default,Default,Default,Default,Default,.NET Core 5.0,Default,Default,Default,Default,Default,Default,Default,Default,Default,Default,Default,Default,"Job-CJSTKQ(EvaluateOverhead=True, Server=True, Toolchain=.NET Core 5.0)",,1,Overhead,Actual,14,3947300,2097152,1.88,5,0,0,24
EnumExtensionsBenchmark.GetDescription,dotNetTips.Spargine.Extensions.BenchmarkTests,EnumExtensionsBenchmark,GetDescription,Job-CJSTKQ,Default,True,Default,Default,Default,Default,Default,Default,Default,Default,Default,Default,Default,Default,Default,Default,Default,Default,Default,Default,Default,True,Default,Default,Default,Default,Default,.NET Core 5.0,Default,Default,Default,Default,Default,Default,Default,Default,Default,Default,Default,Default,"Job-CJSTKQ(EvaluateOverhead=True, Server=True, Toolchain=.NET Core 5.0)",,1,Overhead,Actual,15,3868500,2097152,1.84,5,0,0,24
EnumExtensionsBenchmark.GetDescription,dotNetTips.Spargine.Extensions.BenchmarkTests,EnumExtensionsBenchmark,GetDescription,Job-CJSTKQ,Default,True,Default,Default,Default,Default,Default,Default,Default,Default,Default,Default,Default,Default,Default,Default,Default,Default,Default,Default,Default,True,Default,Default,Default,Default,Default,.NET Core 5.0,Default,Default,Default,Default,Default,Default,Default,Default,Default,Default,Default,Default,"Job-CJSTKQ(EvaluateOverhead=True, Server=True, Toolchain=.NET Core 5.0)",,1,Workload,Warmup,1,862536400,2097152,411.29,5,0,0,24
EnumExtensionsBenchmark.GetDescription,dotNetTips.Spargine.Extensions.BenchmarkTests,EnumExtensionsBenchmark,GetDescription,Job-CJSTKQ,Default,True,Default,Default,Default,Default,Default,Default,Default,Default,Default,Default,Default,Default,Default,Default,Default,Default,Default,Default,Default,True,Default,Default,Default,Default,Default,.NET Core 5.0,Default,Default,Default,Default,Default,Default,Default,Default,Default,Default,Default,Default,"Job-CJSTKQ(EvaluateOverhead=True, Server=True, Toolchain=.NET Core 5.0)",,1,Workload,Warmup,2,862064700,2097152,411.06,5,0,0,24
EnumExtensionsBenchmark.GetDescription,dotNetTips.Spargine.Extensions.BenchmarkTests,EnumExtensionsBenchmark,GetDescription,Job-CJSTKQ,Default,True,Default,Default,Default,Default,Default,Default,Default,Default,Default,Default,Default,Default,Default,Default,Default,Default,Default,Default,Default,True,Default,Default,Default,Default,Default,.NET Core 5.0,Default,Default,Default,Default,Default,Default,Default,Default,Default,Default,Default,Default,"Job-CJSTKQ(EvaluateOverhead=True, Server=True, Toolchain=.NET Core 5.0)",,1,Workload,Warmup,3,862030300,2097152,411.05,5,0,0,24
EnumExtensionsBenchmark.GetDescription,dotNetTips.Spargine.Extensions.BenchmarkTests,EnumExtensionsBenchmark,GetDescription,Job-CJSTKQ,Default,True,Default,Default,Default,Default,Default,Default,Default,Default,Default,Default,Default,Default,Default,Default,Default,Default,Default,Default,Default,True,Default,Default,Default,Default,Default,.NET Core 5.0,Default,Default,Default,Default,Default,Default,Default,Default,Default,Default,Default,Default,"Job-CJSTKQ(EvaluateOverhead=True, Server=True, Toolchain=.NET Core 5.0)",,1,Workload,Warmup,4,864941000,2097152,412.44,5,0,0,24
EnumExtensionsBenchmark.GetDescription,dotNetTips.Spargine.Extensions.BenchmarkTests,EnumExtensionsBenchmark,GetDescription,Job-CJSTKQ,Default,True,Default,Default,Default,Default,Default,Default,Default,Default,Default,Default,Default,Default,Default,Default,Default,Default,Default,Default,Default,True,Default,Default,Default,Default,Default,.NET Core 5.0,Default,Default,Default,Default,Default,Default,Default,Default,Default,Default,Default,Default,"Job-CJSTKQ(EvaluateOverhead=True, Server=True, Toolchain=.NET Core 5.0)",,1,Workload,Warmup,5,927513900,2097152,442.27,5,0,0,24
EnumExtensionsBenchmark.GetDescription,dotNetTips.Spargine.Extensions.BenchmarkTests,EnumExtensionsBenchmark,GetDescription,Job-CJSTKQ,Default,True,Default,Default,Default,Default,Default,Default,Default,Default,Default,Default,Default,Default,Default,Default,Default,Default,Default,Default,Default,True,Default,Default,Default,Default,Default,.NET Core 5.0,Default,Default,Default,Default,Default,Default,Default,Default,Default,Default,Default,Default,"Job-CJSTKQ(EvaluateOverhead=True, Server=True, Toolchain=.NET Core 5.0)",,1,Workload,Warmup,6,930039600,2097152,443.48,5,0,0,24
EnumExtensionsBenchmark.GetDescription,dotNetTips.Spargine.Extensions.BenchmarkTests,EnumExtensionsBenchmark,GetDescription,Job-CJSTKQ,Default,True,Default,Default,Default,Default,Default,Default,Default,Default,Default,Default,Default,Default,Default,Default,Default,Default,Default,Default,Default,True,Default,Default,Default,Default,Default,.NET Core 5.0,Default,Default,Default,Default,Default,Default,Default,Default,Default,Default,Default,Default,"Job-CJSTKQ(EvaluateOverhead=True, Server=True, Toolchain=.NET Core 5.0)",,1,Workload,Warmup,7,924072200,2097152,440.63,5,0,0,24
EnumExtensionsBenchmark.GetDescription,dotNetTips.Spargine.Extensions.BenchmarkTests,EnumExtensionsBenchmark,GetDescription,Job-CJSTKQ,Default,True,Default,Default,Default,Default,Default,Default,Default,Default,Default,Default,Default,Default,Default,Default,Default,Default,Default,Default,Default,True,Default,Default,Default,Default,Default,.NET Core 5.0,Default,Default,Default,Default,Default,Default,Default,Default,Default,Default,Default,Default,"Job-CJSTKQ(EvaluateOverhead=True, Server=True, Toolchain=.NET Core 5.0)",,1,Workload,Warmup,8,912942200,2097152,435.32,5,0,0,24
EnumExtensionsBenchmark.GetDescription,dotNetTips.Spargine.Extensions.BenchmarkTests,EnumExtensionsBenchmark,GetDescription,Job-CJSTKQ,Default,True,Default,Default,Default,Default,Default,Default,Default,Default,Default,Default,Default,Default,Default,Default,Default,Default,Default,Default,Default,True,Default,Default,Default,Default,Default,.NET Core 5.0,Default,Default,Default,Default,Default,Default,Default,Default,Default,Default,Default,Default,"Job-CJSTKQ(EvaluateOverhead=True, Server=True, Toolchain=.NET Core 5.0)",,1,Workload,Warmup,9,920692500,2097152,439.02,5,0,0,24
EnumExtensionsBenchmark.GetDescription,dotNetTips.Spargine.Extensions.BenchmarkTests,EnumExtensionsBenchmark,GetDescription,Job-CJSTKQ,Default,True,Default,Default,Default,Default,Default,Default,Default,Default,Default,Default,Default,Default,Default,Default,Default,Default,Default,Default,Default,True,Default,Default,Default,Default,Default,.NET Core 5.0,Default,Default,Default,Default,Default,Default,Default,Default,Default,Default,Default,Default,"Job-CJSTKQ(EvaluateOverhead=True, Server=True, Toolchain=.NET Core 5.0)",,1,Workload,Warmup,10,916120400,2097152,436.84,5,0,0,24
EnumExtensionsBenchmark.GetDescription,dotNetTips.Spargine.Extensions.BenchmarkTests,EnumExtensionsBenchmark,GetDescription,Job-CJSTKQ,Default,True,Default,Default,Default,Default,Default,Default,Default,Default,Default,Default,Default,Default,Default,Default,Default,Default,Default,Default,Default,True,Default,Default,Default,Default,Default,.NET Core 5.0,Default,Default,Default,Default,Default,Default,Default,Default,Default,Default,Default,Default,"Job-CJSTKQ(EvaluateOverhead=True, Server=True, Toolchain=.NET Core 5.0)",,1,Workload,Actual,1,919054300,2097152,438.24,5,0,0,24
EnumExtensionsBenchmark.GetDescription,dotNetTips.Spargine.Extensions.BenchmarkTests,EnumExtensionsBenchmark,GetDescription,Job-CJSTKQ,Default,True,Default,Default,Default,Default,Default,Default,Default,Default,Default,Default,Default,Default,Default,Default,Default,Default,Default,Default,Default,True,Default,Default,Default,Default,Default,.NET Core 5.0,Default,Default,Default,Default,Default,Default,Default,Default,Default,Default,Default,Default,"Job-CJSTKQ(EvaluateOverhead=True, Server=True, Toolchain=.NET Core 5.0)",,1,Workload,Actual,2,919389300,2097152,438.4,5,0,0,24
EnumExtensionsBenchmark.GetDescription,dotNetTips.Spargine.Extensions.BenchmarkTests,EnumExtensionsBenchmark,GetDescription,Job-CJSTKQ,Default,True,Default,Default,Default,Default,Default,Default,Default,Default,Default,Default,Default,Default,Default,Default,Default,Default,Default,Default,Default,True,Default,Default,Default,Default,Default,.NET Core 5.0,Default,Default,Default,Default,Default,Default,Default,Default,Default,Default,Default,Default,"Job-CJSTKQ(EvaluateOverhead=True, Server=True, Toolchain=.NET Core 5.0)",,1,Workload,Actual,3,918459900,2097152,437.96,5,0,0,24
EnumExtensionsBenchmark.GetDescription,dotNetTips.Spargine.Extensions.BenchmarkTests,EnumExtensionsBenchmark,GetDescription,Job-CJSTKQ,Default,True,Default,Default,Default,Default,Default,Default,Default,Default,Default,Default,Default,Default,Default,Default,Default,Default,Default,Default,Default,True,Default,Default,Default,Default,Default,.NET Core 5.0,Default,Default,Default,Default,Default,Default,Default,Default,Default,Default,Default,Default,"Job-CJSTKQ(EvaluateOverhead=True, Server=True, Toolchain=.NET Core 5.0)",,1,Workload,Actual,4,921595600,2097152,439.45,5,0,0,24
EnumExtensionsBenchmark.GetDescription,dotNetTips.Spargine.Extensions.BenchmarkTests,EnumExtensionsBenchmark,GetDescription,Job-CJSTKQ,Default,True,Default,Default,Default,Default,Default,Default,Default,Default,Default,Default,Default,Default,Default,Default,Default,Default,Default,Default,Default,True,Default,Default,Default,Default,Default,.NET Core 5.0,Default,Default,Default,Default,Default,Default,Default,Default,Default,Default,Default,Default,"Job-CJSTKQ(EvaluateOverhead=True, Server=True, Toolchain=.NET Core 5.0)",,1,Workload,Actual,5,917819800,2097152,437.65,5,0,0,24
EnumExtensionsBenchmark.GetDescription,dotNetTips.Spargine.Extensions.BenchmarkTests,EnumExtensionsBenchmark,GetDescription,Job-CJSTKQ,Default,True,Default,Default,Default,Default,Default,Default,Default,Default,Default,Default,Default,Default,Default,Default,Default,Default,Default,Default,Default,True,Default,Default,Default,Default,Default,.NET Core 5.0,Default,Default,Default,Default,Default,Default,Default,Default,Default,Default,Default,Default,"Job-CJSTKQ(EvaluateOverhead=True, Server=True, Toolchain=.NET Core 5.0)",,1,Workload,Actual,6,914958700,2097152,436.29,5,0,0,24
EnumExtensionsBenchmark.GetDescription,dotNetTips.Spargine.Extensions.BenchmarkTests,EnumExtensionsBenchmark,GetDescription,Job-CJSTKQ,Default,True,Default,Default,Default,Default,Default,Default,Default,Default,Default,Default,Default,Default,Default,Default,Default,Default,Default,Default,Default,True,Default,Default,Default,Default,Default,.NET Core 5.0,Default,Default,Default,Default,Default,Default,Default,Default,Default,Default,Default,Default,"Job-CJSTKQ(EvaluateOverhead=True, Server=True, Toolchain=.NET Core 5.0)",,1,Workload,Actual,7,912741900,2097152,435.23,5,0,0,24
EnumExtensionsBenchmark.GetDescription,dotNetTips.Spargine.Extensions.BenchmarkTests,EnumExtensionsBenchmark,GetDescription,Job-CJSTKQ,Default,True,Default,Default,Default,Default,Default,Default,Default,Default,Default,Default,Default,Default,Default,Default,Default,Default,Default,Default,Default,True,Default,Default,Default,Default,Default,.NET Core 5.0,Default,Default,Default,Default,Default,Default,Default,Default,Default,Default,Default,Default,"Job-CJSTKQ(EvaluateOverhead=True, Server=True, Toolchain=.NET Core 5.0)",,1,Workload,Actual,8,924012700,2097152,440.6,5,0,0,24
EnumExtensionsBenchmark.GetDescription,dotNetTips.Spargine.Extensions.BenchmarkTests,EnumExtensionsBenchmark,GetDescription,Job-CJSTKQ,Default,True,Default,Default,Default,Default,Default,Default,Default,Default,Default,Default,Default,Default,Default,Default,Default,Default,Default,Default,Default,True,Default,Default,Default,Default,Default,.NET Core 5.0,Default,Default,Default,Default,Default,Default,Default,Default,Default,Default,Default,Default,"Job-CJSTKQ(EvaluateOverhead=True, Server=True, Toolchain=.NET Core 5.0)",,1,Workload,Actual,9,917907400,2097152,437.69,5,0,0,24
EnumExtensionsBenchmark.GetDescription,dotNetTips.Spargine.Extensions.BenchmarkTests,EnumExtensionsBenchmark,GetDescription,Job-CJSTKQ,Default,True,Default,Default,Default,Default,Default,Default,Default,Default,Default,Default,Default,Default,Default,Default,Default,Default,Default,Default,Default,True,Default,Default,Default,Default,Default,.NET Core 5.0,Default,Default,Default,Default,Default,Default,Default,Default,Default,Default,Default,Default,"Job-CJSTKQ(EvaluateOverhead=True, Server=True, Toolchain=.NET Core 5.0)",,1,Workload,Actual,10,918101300,2097152,437.78,5,0,0,24
EnumExtensionsBenchmark.GetDescription,dotNetTips.Spargine.Extensions.BenchmarkTests,EnumExtensionsBenchmark,GetDescription,Job-CJSTKQ,Default,True,Default,Default,Default,Default,Default,Default,Default,Default,Default,Default,Default,Default,Default,Default,Default,Default,Default,Default,Default,True,Default,Default,Default,Default,Default,.NET Core 5.0,Default,Default,Default,Default,Default,Default,Default,Default,Default,Default,Default,Default,"Job-CJSTKQ(EvaluateOverhead=True, Server=True, Toolchain=.NET Core 5.0)",,1,Workload,Actual,11,918121300,2097152,437.79,5,0,0,24
EnumExtensionsBenchmark.GetDescription,dotNetTips.Spargine.Extensions.BenchmarkTests,EnumExtensionsBenchmark,GetDescription,Job-CJSTKQ,Default,True,Default,Default,Default,Default,Default,Default,Default,Default,Default,Default,Default,Default,Default,Default,Default,Default,Default,Default,Default,True,Default,Default,Default,Default,Default,.NET Core 5.0,Default,Default,Default,Default,Default,Default,Default,Default,Default,Default,Default,Default,"Job-CJSTKQ(EvaluateOverhead=True, Server=True, Toolchain=.NET Core 5.0)",,1,Workload,Actual,12,916862000,2097152,437.19,5,0,0,24
EnumExtensionsBenchmark.GetDescription,dotNetTips.Spargine.Extensions.BenchmarkTests,EnumExtensionsBenchmark,GetDescription,Job-CJSTKQ,Default,True,Default,Default,Default,Default,Default,Default,Default,Default,Default,Default,Default,Default,Default,Default,Default,Default,Default,Default,Default,True,Default,Default,Default,Default,Default,.NET Core 5.0,Default,Default,Default,Default,Default,Default,Default,Default,Default,Default,Default,Default,"Job-CJSTKQ(EvaluateOverhead=True, Server=True, Toolchain=.NET Core 5.0)",,1,Workload,Actual,13,916028100,2097152,436.8,5,0,0,24
EnumExtensionsBenchmark.GetDescription,dotNetTips.Spargine.Extensions.BenchmarkTests,EnumExtensionsBenchmark,GetDescription,Job-CJSTKQ,Default,True,Default,Default,Default,Default,Default,Default,Default,Default,Default,Default,Default,Default,Default,Default,Default,Default,Default,Default,Default,True,Default,Default,Default,Default,Default,.NET Core 5.0,Default,Default,Default,Default,Default,Default,Default,Default,Default,Default,Default,Default,"Job-CJSTKQ(EvaluateOverhead=True, Server=True, Toolchain=.NET Core 5.0)",,1,Workload,Actual,14,923686400,2097152,440.45,5,0,0,24
EnumExtensionsBenchmark.GetDescription,dotNetTips.Spargine.Extensions.BenchmarkTests,EnumExtensionsBenchmark,GetDescription,Job-CJSTKQ,Default,True,Default,Default,Default,Default,Default,Default,Default,Default,Default,Default,Default,Default,Default,Default,Default,Default,Default,Default,Default,True,Default,Default,Default,Default,Default,.NET Core 5.0,Default,Default,Default,Default,Default,Default,Default,Default,Default,Default,Default,Default,"Job-CJSTKQ(EvaluateOverhead=True, Server=True, Toolchain=.NET Core 5.0)",,1,Workload,Actual,15,910472700,2097152,434.15,5,0,0,24
EnumExtensionsBenchmark.GetDescription,dotNetTips.Spargine.Extensions.BenchmarkTests,EnumExtensionsBenchmark,GetDescription,Job-CJSTKQ,Default,True,Default,Default,Default,Default,Default,Default,Default,Default,Default,Default,Default,Default,Default,Default,Default,Default,Default,Default,Default,True,Default,Default,Default,Default,Default,.NET Core 5.0,Default,Default,Default,Default,Default,Default,Default,Default,Default,Default,Default,Default,"Job-CJSTKQ(EvaluateOverhead=True, Server=True, Toolchain=.NET Core 5.0)",,1,Workload,Result,1,915342100,2097152,436.47,5,0,0,24
EnumExtensionsBenchmark.GetDescription,dotNetTips.Spargine.Extensions.BenchmarkTests,EnumExtensionsBenchmark,GetDescription,Job-CJSTKQ,Default,True,Default,Default,Default,Default,Default,Default,Default,Default,Default,Default,Default,Default,Default,Default,Default,Default,Default,Default,Default,True,Default,Default,Default,Default,Default,.NET Core 5.0,Default,Default,Default,Default,Default,Default,Default,Default,Default,Default,Default,Default,"Job-CJSTKQ(EvaluateOverhead=True, Server=True, Toolchain=.NET Core 5.0)",,1,Workload,Result,2,915677100,2097152,436.63,5,0,0,24
EnumExtensionsBenchmark.GetDescription,dotNetTips.Spargine.Extensions.BenchmarkTests,EnumExtensionsBenchmark,GetDescription,Job-CJSTKQ,Default,True,Default,Default,Default,Default,Default,Default,Default,Default,Default,Default,Default,Default,Default,Default,Default,Default,Default,Default,Default,True,Default,Default,Default,Default,Default,.NET Core 5.0,Default,Default,Default,Default,Default,Default,Default,Default,Default,Default,Default,Default,"Job-CJSTKQ(EvaluateOverhead=True, Server=True, Toolchain=.NET Core 5.0)",,1,Workload,Result,3,914747700,2097152,436.19,5,0,0,24
EnumExtensionsBenchmark.GetDescription,dotNetTips.Spargine.Extensions.BenchmarkTests,EnumExtensionsBenchmark,GetDescription,Job-CJSTKQ,Default,True,Default,Default,Default,Default,Default,Default,Default,Default,Default,Default,Default,Default,Default,Default,Default,Default,Default,Default,Default,True,Default,Default,Default,Default,Default,.NET Core 5.0,Default,Default,Default,Default,Default,Default,Default,Default,Default,Default,Default,Default,"Job-CJSTKQ(EvaluateOverhead=True, Server=True, Toolchain=.NET Core 5.0)",,1,Workload,Result,4,917883400,2097152,437.68,5,0,0,24
EnumExtensionsBenchmark.GetDescription,dotNetTips.Spargine.Extensions.BenchmarkTests,EnumExtensionsBenchmark,GetDescription,Job-CJSTKQ,Default,True,Default,Default,Default,Default,Default,Default,Default,Default,Default,Default,Default,Default,Default,Default,Default,Default,Default,Default,Default,True,Default,Default,Default,Default,Default,.NET Core 5.0,Default,Default,Default,Default,Default,Default,Default,Default,Default,Default,Default,Default,"Job-CJSTKQ(EvaluateOverhead=True, Server=True, Toolchain=.NET Core 5.0)",,1,Workload,Result,5,914107600,2097152,435.88,5,0,0,24
EnumExtensionsBenchmark.GetDescription,dotNetTips.Spargine.Extensions.BenchmarkTests,EnumExtensionsBenchmark,GetDescription,Job-CJSTKQ,Default,True,Default,Default,Default,Default,Default,Default,Default,Default,Default,Default,Default,Default,Default,Default,Default,Default,Default,Default,Default,True,Default,Default,Default,Default,Default,.NET Core 5.0,Default,Default,Default,Default,Default,Default,Default,Default,Default,Default,Default,Default,"Job-CJSTKQ(EvaluateOverhead=True, Server=True, Toolchain=.NET Core 5.0)",,1,Workload,Result,6,911246500,2097152,434.52,5,0,0,24
EnumExtensionsBenchmark.GetDescription,dotNetTips.Spargine.Extensions.BenchmarkTests,EnumExtensionsBenchmark,GetDescription,Job-CJSTKQ,Default,True,Default,Default,Default,Default,Default,Default,Default,Default,Default,Default,Default,Default,Default,Default,Default,Default,Default,Default,Default,True,Default,Default,Default,Default,Default,.NET Core 5.0,Default,Default,Default,Default,Default,Default,Default,Default,Default,Default,Default,Default,"Job-CJSTKQ(EvaluateOverhead=True, Server=True, Toolchain=.NET Core 5.0)",,1,Workload,Result,7,909029700,2097152,433.46,5,0,0,24
EnumExtensionsBenchmark.GetDescription,dotNetTips.Spargine.Extensions.BenchmarkTests,EnumExtensionsBenchmark,GetDescription,Job-CJSTKQ,Default,True,Default,Default,Default,Default,Default,Default,Default,Default,Default,Default,Default,Default,Default,Default,Default,Default,Default,Default,Default,True,Default,Default,Default,Default,Default,.NET Core 5.0,Default,Default,Default,Default,Default,Default,Default,Default,Default,Default,Default,Default,"Job-CJSTKQ(EvaluateOverhead=True, Server=True, Toolchain=.NET Core 5.0)",,1,Workload,Result,8,914195200,2097152,435.92,5,0,0,24
EnumExtensionsBenchmark.GetDescription,dotNetTips.Spargine.Extensions.BenchmarkTests,EnumExtensionsBenchmark,GetDescription,Job-CJSTKQ,Default,True,Default,Default,Default,Default,Default,Default,Default,Default,Default,Default,Default,Default,Default,Default,Default,Default,Default,Default,Default,True,Default,Default,Default,Default,Default,.NET Core 5.0,Default,Default,Default,Default,Default,Default,Default,Default,Default,Default,Default,Default,"Job-CJSTKQ(EvaluateOverhead=True, Server=True, Toolchain=.NET Core 5.0)",,1,Workload,Result,9,914389100,2097152,436.01,5,0,0,24
EnumExtensionsBenchmark.GetDescription,dotNetTips.Spargine.Extensions.BenchmarkTests,EnumExtensionsBenchmark,GetDescription,Job-CJSTKQ,Default,True,Default,Default,Default,Default,Default,Default,Default,Default,Default,Default,Default,Default,Default,Default,Default,Default,Default,Default,Default,True,Default,Default,Default,Default,Default,.NET Core 5.0,Default,Default,Default,Default,Default,Default,Default,Default,Default,Default,Default,Default,"Job-CJSTKQ(EvaluateOverhead=True, Server=True, Toolchain=.NET Core 5.0)",,1,Workload,Result,10,914409100,2097152,436.02,5,0,0,24
EnumExtensionsBenchmark.GetDescription,dotNetTips.Spargine.Extensions.BenchmarkTests,EnumExtensionsBenchmark,GetDescription,Job-CJSTKQ,Default,True,Default,Default,Default,Default,Default,Default,Default,Default,Default,Default,Default,Default,Default,Default,Default,Default,Default,Default,Default,True,Default,Default,Default,Default,Default,.NET Core 5.0,Default,Default,Default,Default,Default,Default,Default,Default,Default,Default,Default,Default,"Job-CJSTKQ(EvaluateOverhead=True, Server=True, Toolchain=.NET Core 5.0)",,1,Workload,Result,11,913149800,2097152,435.42,5,0,0,24
EnumExtensionsBenchmark.GetDescription,dotNetTips.Spargine.Extensions.BenchmarkTests,EnumExtensionsBenchmark,GetDescription,Job-CJSTKQ,Default,True,Default,Default,Default,Default,Default,Default,Default,Default,Default,Default,Default,Default,Default,Default,Default,Default,Default,Default,Default,True,Default,Default,Default,Default,Default,.NET Core 5.0,Default,Default,Default,Default,Default,Default,Default,Default,Default,Default,Default,Default,"Job-CJSTKQ(EvaluateOverhead=True, Server=True, Toolchain=.NET Core 5.0)",,1,Workload,Result,12,912315900,2097152,435.03,5,0,0,24
EnumExtensionsBenchmark.GetDescription,dotNetTips.Spargine.Extensions.BenchmarkTests,EnumExtensionsBenchmark,GetDescription,Job-CJSTKQ,Default,True,Default,Default,Default,Default,Default,Default,Default,Default,Default,Default,Default,Default,Default,Default,Default,Default,Default,Default,Default,True,Default,Default,Default,Default,Default,.NET Core 5.0,Default,Default,Default,Default,Default,Default,Default,Default,Default,Default,Default,Default,"Job-CJSTKQ(EvaluateOverhead=True, Server=True, Toolchain=.NET Core 5.0)",,1,Workload,Result,13,906760500,2097152,432.38,5,0,0,24
EnumExtensionsBenchmark.GetItems,dotNetTips.Spargine.Extensions.BenchmarkTests,EnumExtensionsBenchmark,GetItems,Job-CJSTKQ,Default,True,Default,Default,Default,Default,Default,Default,Default,Default,Default,Default,Default,Default,Default,Default,Default,Default,Default,Default,Default,True,Default,Default,Default,Default,Default,.NET Core 5.0,Default,Default,Default,Default,Default,Default,Default,Default,Default,Default,Default,Default,"Job-CJSTKQ(EvaluateOverhead=True, Server=True, Toolchain=.NET Core 5.0)",,1,Overhead,Jitting,1,208600,1,208600,29,0,0,512
EnumExtensionsBenchmark.GetItems,dotNetTips.Spargine.Extensions.BenchmarkTests,EnumExtensionsBenchmark,GetItems,Job-CJSTKQ,Default,True,Default,Default,Default,Default,Default,Default,Default,Default,Default,Default,Default,Default,Default,Default,Default,Default,Default,Default,Default,True,Default,Default,Default,Default,Default,.NET Core 5.0,Default,Default,Default,Default,Default,Default,Default,Default,Default,Default,Default,Default,"Job-CJSTKQ(EvaluateOverhead=True, Server=True, Toolchain=.NET Core 5.0)",,1,Workload,Jitting,1,1670300,1,1670300,29,0,0,512
EnumExtensionsBenchmark.GetItems,dotNetTips.Spargine.Extensions.BenchmarkTests,EnumExtensionsBenchmark,GetItems,Job-CJSTKQ,Default,True,Default,Default,Default,Default,Default,Default,Default,Default,Default,Default,Default,Default,Default,Default,Default,Default,Default,Default,Default,True,Default,Default,Default,Default,Default,.NET Core 5.0,Default,Default,Default,Default,Default,Default,Default,Default,Default,Default,Default,Default,"Job-CJSTKQ(EvaluateOverhead=True, Server=True, Toolchain=.NET Core 5.0)",,1,Overhead,Jitting,2,176400,16,11025,29,0,0,512
EnumExtensionsBenchmark.GetItems,dotNetTips.Spargine.Extensions.BenchmarkTests,EnumExtensionsBenchmark,GetItems,Job-CJSTKQ,Default,True,Default,Default,Default,Default,Default,Default,Default,Default,Default,Default,Default,Default,Default,Default,Default,Default,Default,Default,Default,True,Default,Default,Default,Default,Default,.NET Core 5.0,Default,Default,Default,Default,Default,Default,Default,Default,Default,Default,Default,Default,"Job-CJSTKQ(EvaluateOverhead=True, Server=True, Toolchain=.NET Core 5.0)",,1,Workload,Jitting,2,221500,16,13843.75,29,0,0,512
EnumExtensionsBenchmark.GetItems,dotNetTips.Spargine.Extensions.BenchmarkTests,EnumExtensionsBenchmark,GetItems,Job-CJSTKQ,Default,True,Default,Default,Default,Default,Default,Default,Default,Default,Default,Default,Default,Default,Default,Default,Default,Default,Default,Default,Default,True,Default,Default,Default,Default,Default,.NET Core 5.0,Default,Default,Default,Default,Default,Default,Default,Default,Default,Default,Default,Default,"Job-CJSTKQ(EvaluateOverhead=True, Server=True, Toolchain=.NET Core 5.0)",,1,Workload,Pilot,1,45200,16,2825,29,0,0,512
EnumExtensionsBenchmark.GetItems,dotNetTips.Spargine.Extensions.BenchmarkTests,EnumExtensionsBenchmark,GetItems,Job-CJSTKQ,Default,True,Default,Default,Default,Default,Default,Default,Default,Default,Default,Default,Default,Default,Default,Default,Default,Default,Default,Default,Default,True,Default,Default,Default,Default,Default,.NET Core 5.0,Default,Default,Default,Default,Default,Default,Default,Default,Default,Default,Default,Default,"Job-CJSTKQ(EvaluateOverhead=True, Server=True, Toolchain=.NET Core 5.0)",,1,Workload,Pilot,2,87600,32,2737.5,29,0,0,512
EnumExtensionsBenchmark.GetItems,dotNetTips.Spargine.Extensions.BenchmarkTests,EnumExtensionsBenchmark,GetItems,Job-CJSTKQ,Default,True,Default,Default,Default,Default,Default,Default,Default,Default,Default,Default,Default,Default,Default,Default,Default,Default,Default,Default,Default,True,Default,Default,Default,Default,Default,.NET Core 5.0,Default,Default,Default,Default,Default,Default,Default,Default,Default,Default,Default,Default,"Job-CJSTKQ(EvaluateOverhead=True, Server=True, Toolchain=.NET Core 5.0)",,1,Workload,Pilot,3,110400,64,1725,29,0,0,512
EnumExtensionsBenchmark.GetItems,dotNetTips.Spargine.Extensions.BenchmarkTests,EnumExtensionsBenchmark,GetItems,Job-CJSTKQ,Default,True,Default,Default,Default,Default,Default,Default,Default,Default,Default,Default,Default,Default,Default,Default,Default,Default,Default,Default,Default,True,Default,Default,Default,Default,Default,.NET Core 5.0,Default,Default,Default,Default,Default,Default,Default,Default,Default,Default,Default,Default,"Job-CJSTKQ(EvaluateOverhead=True, Server=True, Toolchain=.NET Core 5.0)",,1,Workload,Pilot,4,257600,128,2012.5,29,0,0,512
EnumExtensionsBenchmark.GetItems,dotNetTips.Spargine.Extensions.BenchmarkTests,EnumExtensionsBenchmark,GetItems,Job-CJSTKQ,Default,True,Default,Default,Default,Default,Default,Default,Default,Default,Default,Default,Default,Default,Default,Default,Default,Default,Default,Default,Default,True,Default,Default,Default,Default,Default,.NET Core 5.0,Default,Default,Default,Default,Default,Default,Default,Default,Default,Default,Default,Default,"Job-CJSTKQ(EvaluateOverhead=True, Server=True, Toolchain=.NET Core 5.0)",,1,Workload,Pilot,5,428500,256,1673.83,29,0,0,512
EnumExtensionsBenchmark.GetItems,dotNetTips.Spargine.Extensions.BenchmarkTests,EnumExtensionsBenchmark,GetItems,Job-CJSTKQ,Default,True,Default,Default,Default,Default,Default,Default,Default,Default,Default,Default,Default,Default,Default,Default,Default,Default,Default,Default,Default,True,Default,Default,Default,Default,Default,.NET Core 5.0,Default,Default,Default,Default,Default,Default,Default,Default,Default,Default,Default,Default,"Job-CJSTKQ(EvaluateOverhead=True, Server=True, Toolchain=.NET Core 5.0)",,1,Workload,Pilot,6,652000,512,1273.44,29,0,0,512
EnumExtensionsBenchmark.GetItems,dotNetTips.Spargine.Extensions.BenchmarkTests,EnumExtensionsBenchmark,GetItems,Job-CJSTKQ,Default,True,Default,Default,Default,Default,Default,Default,Default,Default,Default,Default,Default,Default,Default,Default,Default,Default,Default,Default,Default,True,Default,Default,Default,Default,Default,.NET Core 5.0,Default,Default,Default,Default,Default,Default,Default,Default,Default,Default,Default,Default,"Job-CJSTKQ(EvaluateOverhead=True, Server=True, Toolchain=.NET Core 5.0)",,1,Workload,Pilot,7,1333100,1024,1301.86,29,0,0,512
EnumExtensionsBenchmark.GetItems,dotNetTips.Spargine.Extensions.BenchmarkTests,EnumExtensionsBenchmark,GetItems,Job-CJSTKQ,Default,True,Default,Default,Default,Default,Default,Default,Default,Default,Default,Default,Default,Default,Default,Default,Default,Default,Default,Default,Default,True,Default,Default,Default,Default,Default,.NET Core 5.0,Default,Default,Default,Default,Default,Default,Default,Default,Default,Default,Default,Default,"Job-CJSTKQ(EvaluateOverhead=True, Server=True, Toolchain=.NET Core 5.0)",,1,Workload,Pilot,8,2751700,2048,1343.6,29,0,0,512
EnumExtensionsBenchmark.GetItems,dotNetTips.Spargine.Extensions.BenchmarkTests,EnumExtensionsBenchmark,GetItems,Job-CJSTKQ,Default,True,Default,Default,Default,Default,Default,Default,Default,Default,Default,Default,Default,Default,Default,Default,Default,Default,Default,Default,Default,True,Default,Default,Default,Default,Default,.NET Core 5.0,Default,Default,Default,Default,Default,Default,Default,Default,Default,Default,Default,Default,"Job-CJSTKQ(EvaluateOverhead=True, Server=True, Toolchain=.NET Core 5.0)",,1,Workload,Pilot,9,5952300,4096,1453.2,29,0,0,512
EnumExtensionsBenchmark.GetItems,dotNetTips.Spargine.Extensions.BenchmarkTests,EnumExtensionsBenchmark,GetItems,Job-CJSTKQ,Default,True,Default,Default,Default,Default,Default,Default,Default,Default,Default,Default,Default,Default,Default,Default,Default,Default,Default,Default,Default,True,Default,Default,Default,Default,Default,.NET Core 5.0,Default,Default,Default,Default,Default,Default,Default,Default,Default,Default,Default,Default,"Job-CJSTKQ(EvaluateOverhead=True, Server=True, Toolchain=.NET Core 5.0)",,1,Workload,Pilot,10,10309500,8192,1258.48,29,0,0,512
EnumExtensionsBenchmark.GetItems,dotNetTips.Spargine.Extensions.BenchmarkTests,EnumExtensionsBenchmark,GetItems,Job-CJSTKQ,Default,True,Default,Default,Default,Default,Default,Default,Default,Default,Default,Default,Default,Default,Default,Default,Default,Default,Default,Default,Default,True,Default,Default,Default,Default,Default,.NET Core 5.0,Default,Default,Default,Default,Default,Default,Default,Default,Default,Default,Default,Default,"Job-CJSTKQ(EvaluateOverhead=True, Server=True, Toolchain=.NET Core 5.0)",,1,Workload,Pilot,11,23535700,16384,1436.51,29,0,0,512
EnumExtensionsBenchmark.GetItems,dotNetTips.Spargine.Extensions.BenchmarkTests,EnumExtensionsBenchmark,GetItems,Job-CJSTKQ,Default,True,Default,Default,Default,Default,Default,Default,Default,Default,Default,Default,Default,Default,Default,Default,Default,Default,Default,Default,Default,True,Default,Default,Default,Default,Default,.NET Core 5.0,Default,Default,Default,Default,Default,Default,Default,Default,Default,Default,Default,Default,"Job-CJSTKQ(EvaluateOverhead=True, Server=True, Toolchain=.NET Core 5.0)",,1,Workload,Pilot,12,41792300,32768,1275.4,29,0,0,512
EnumExtensionsBenchmark.GetItems,dotNetTips.Spargine.Extensions.BenchmarkTests,EnumExtensionsBenchmark,GetItems,Job-CJSTKQ,Default,True,Default,Default,Default,Default,Default,Default,Default,Default,Default,Default,Default,Default,Default,Default,Default,Default,Default,Default,Default,True,Default,Default,Default,Default,Default,.NET Core 5.0,Default,Default,Default,Default,Default,Default,Default,Default,Default,Default,Default,Default,"Job-CJSTKQ(EvaluateOverhead=True, Server=True, Toolchain=.NET Core 5.0)",,1,Workload,Pilot,13,81575700,65536,1244.75,29,0,0,512
EnumExtensionsBenchmark.GetItems,dotNetTips.Spargine.Extensions.BenchmarkTests,EnumExtensionsBenchmark,GetItems,Job-CJSTKQ,Default,True,Default,Default,Default,Default,Default,Default,Default,Default,Default,Default,Default,Default,Default,Default,Default,Default,Default,Default,Default,True,Default,Default,Default,Default,Default,.NET Core 5.0,Default,Default,Default,Default,Default,Default,Default,Default,Default,Default,Default,Default,"Job-CJSTKQ(EvaluateOverhead=True, Server=True, Toolchain=.NET Core 5.0)",,1,Workload,Pilot,14,153456300,131072,1170.78,29,0,0,512
EnumExtensionsBenchmark.GetItems,dotNetTips.Spargine.Extensions.BenchmarkTests,EnumExtensionsBenchmark,GetItems,Job-CJSTKQ,Default,True,Default,Default,Default,Default,Default,Default,Default,Default,Default,Default,Default,Default,Default,Default,Default,Default,Default,Default,Default,True,Default,Default,Default,Default,Default,.NET Core 5.0,Default,Default,Default,Default,Default,Default,Default,Default,Default,Default,Default,Default,"Job-CJSTKQ(EvaluateOverhead=True, Server=True, Toolchain=.NET Core 5.0)",,1,Workload,Pilot,15,296778300,262144,1132.12,29,0,0,512
EnumExtensionsBenchmark.GetItems,dotNetTips.Spargine.Extensions.BenchmarkTests,EnumExtensionsBenchmark,GetItems,Job-CJSTKQ,Default,True,Default,Default,Default,Default,Default,Default,Default,Default,Default,Default,Default,Default,Default,Default,Default,Default,Default,Default,Default,True,Default,Default,Default,Default,Default,.NET Core 5.0,Default,Default,Default,Default,Default,Default,Default,Default,Default,Default,Default,Default,"Job-CJSTKQ(EvaluateOverhead=True, Server=True, Toolchain=.NET Core 5.0)",,1,Workload,Pilot,16,585442300,524288,1116.64,29,0,0,512
EnumExtensionsBenchmark.GetItems,dotNetTips.Spargine.Extensions.BenchmarkTests,EnumExtensionsBenchmark,GetItems,Job-CJSTKQ,Default,True,Default,Default,Default,Default,Default,Default,Default,Default,Default,Default,Default,Default,Default,Default,Default,Default,Default,Default,Default,True,Default,Default,Default,Default,Default,.NET Core 5.0,Default,Default,Default,Default,Default,Default,Default,Default,Default,Default,Default,Default,"Job-CJSTKQ(EvaluateOverhead=True, Server=True, Toolchain=.NET Core 5.0)",,1,Overhead,Warmup,1,1015300,524288,1.94,29,0,0,512
EnumExtensionsBenchmark.GetItems,dotNetTips.Spargine.Extensions.BenchmarkTests,EnumExtensionsBenchmark,GetItems,Job-CJSTKQ,Default,True,Default,Default,Default,Default,Default,Default,Default,Default,Default,Default,Default,Default,Default,Default,Default,Default,Default,Default,Default,True,Default,Default,Default,Default,Default,.NET Core 5.0,Default,Default,Default,Default,Default,Default,Default,Default,Default,Default,Default,Default,"Job-CJSTKQ(EvaluateOverhead=True, Server=True, Toolchain=.NET Core 5.0)",,1,Overhead,Warmup,2,1015400,524288,1.94,29,0,0,512
EnumExtensionsBenchmark.GetItems,dotNetTips.Spargine.Extensions.BenchmarkTests,EnumExtensionsBenchmark,GetItems,Job-CJSTKQ,Default,True,Default,Default,Default,Default,Default,Default,Default,Default,Default,Default,Default,Default,Default,Default,Default,Default,Default,Default,Default,True,Default,Default,Default,Default,Default,.NET Core 5.0,Default,Default,Default,Default,Default,Default,Default,Default,Default,Default,Default,Default,"Job-CJSTKQ(EvaluateOverhead=True, Server=True, Toolchain=.NET Core 5.0)",,1,Overhead,Warmup,3,1015300,524288,1.94,29,0,0,512
EnumExtensionsBenchmark.GetItems,dotNetTips.Spargine.Extensions.BenchmarkTests,EnumExtensionsBenchmark,GetItems,Job-CJSTKQ,Default,True,Default,Default,Default,Default,Default,Default,Default,Default,Default,Default,Default,Default,Default,Default,Default,Default,Default,Default,Default,True,Default,Default,Default,Default,Default,.NET Core 5.0,Default,Default,Default,Default,Default,Default,Default,Default,Default,Default,Default,Default,"Job-CJSTKQ(EvaluateOverhead=True, Server=True, Toolchain=.NET Core 5.0)",,1,Overhead,Warmup,4,1009900,524288,1.93,29,0,0,512
EnumExtensionsBenchmark.GetItems,dotNetTips.Spargine.Extensions.BenchmarkTests,EnumExtensionsBenchmark,GetItems,Job-CJSTKQ,Default,True,Default,Default,Default,Default,Default,Default,Default,Default,Default,Default,Default,Default,Default,Default,Default,Default,Default,Default,Default,True,Default,Default,Default,Default,Default,.NET Core 5.0,Default,Default,Default,Default,Default,Default,Default,Default,Default,Default,Default,Default,"Job-CJSTKQ(EvaluateOverhead=True, Server=True, Toolchain=.NET Core 5.0)",,1,Overhead,Warmup,5,1022500,524288,1.95,29,0,0,512
EnumExtensionsBenchmark.GetItems,dotNetTips.Spargine.Extensions.BenchmarkTests,EnumExtensionsBenchmark,GetItems,Job-CJSTKQ,Default,True,Default,Default,Default,Default,Default,Default,Default,Default,Default,Default,Default,Default,Default,Default,Default,Default,Default,Default,Default,True,Default,Default,Default,Default,Default,.NET Core 5.0,Default,Default,Default,Default,Default,Default,Default,Default,Default,Default,Default,Default,"Job-CJSTKQ(EvaluateOverhead=True, Server=True, Toolchain=.NET Core 5.0)",,1,Overhead,Warmup,6,1044300,524288,1.99,29,0,0,512
EnumExtensionsBenchmark.GetItems,dotNetTips.Spargine.Extensions.BenchmarkTests,EnumExtensionsBenchmark,GetItems,Job-CJSTKQ,Default,True,Default,Default,Default,Default,Default,Default,Default,Default,Default,Default,Default,Default,Default,Default,Default,Default,Default,Default,Default,True,Default,Default,Default,Default,Default,.NET Core 5.0,Default,Default,Default,Default,Default,Default,Default,Default,Default,Default,Default,Default,"Job-CJSTKQ(EvaluateOverhead=True, Server=True, Toolchain=.NET Core 5.0)",,1,Overhead,Warmup,7,1017400,524288,1.94,29,0,0,512
EnumExtensionsBenchmark.GetItems,dotNetTips.Spargine.Extensions.BenchmarkTests,EnumExtensionsBenchmark,GetItems,Job-CJSTKQ,Default,True,Default,Default,Default,Default,Default,Default,Default,Default,Default,Default,Default,Default,Default,Default,Default,Default,Default,Default,Default,True,Default,Default,Default,Default,Default,.NET Core 5.0,Default,Default,Default,Default,Default,Default,Default,Default,Default,Default,Default,Default,"Job-CJSTKQ(EvaluateOverhead=True, Server=True, Toolchain=.NET Core 5.0)",,1,Overhead,Actual,1,1281200,524288,2.44,29,0,0,512
EnumExtensionsBenchmark.GetItems,dotNetTips.Spargine.Extensions.BenchmarkTests,EnumExtensionsBenchmark,GetItems,Job-CJSTKQ,Default,True,Default,Default,Default,Default,Default,Default,Default,Default,Default,Default,Default,Default,Default,Default,Default,Default,Default,Default,Default,True,Default,Default,Default,Default,Default,.NET Core 5.0,Default,Default,Default,Default,Default,Default,Default,Default,Default,Default,Default,Default,"Job-CJSTKQ(EvaluateOverhead=True, Server=True, Toolchain=.NET Core 5.0)",,1,Overhead,Actual,2,1016000,524288,1.94,29,0,0,512
EnumExtensionsBenchmark.GetItems,dotNetTips.Spargine.Extensions.BenchmarkTests,EnumExtensionsBenchmark,GetItems,Job-CJSTKQ,Default,True,Default,Default,Default,Default,Default,Default,Default,Default,Default,Default,Default,Default,Default,Default,Default,Default,Default,Default,Default,True,Default,Default,Default,Default,Default,.NET Core 5.0,Default,Default,Default,Default,Default,Default,Default,Default,Default,Default,Default,Default,"Job-CJSTKQ(EvaluateOverhead=True, Server=True, Toolchain=.NET Core 5.0)",,1,Overhead,Actual,3,1014600,524288,1.94,29,0,0,512
EnumExtensionsBenchmark.GetItems,dotNetTips.Spargine.Extensions.BenchmarkTests,EnumExtensionsBenchmark,GetItems,Job-CJSTKQ,Default,True,Default,Default,Default,Default,Default,Default,Default,Default,Default,Default,Default,Default,Default,Default,Default,Default,Default,Default,Default,True,Default,Default,Default,Default,Default,.NET Core 5.0,Default,Default,Default,Default,Default,Default,Default,Default,Default,Default,Default,Default,"Job-CJSTKQ(EvaluateOverhead=True, Server=True, Toolchain=.NET Core 5.0)",,1,Overhead,Actual,4,1247900,524288,2.38,29,0,0,512
EnumExtensionsBenchmark.GetItems,dotNetTips.Spargine.Extensions.BenchmarkTests,EnumExtensionsBenchmark,GetItems,Job-CJSTKQ,Default,True,Default,Default,Default,Default,Default,Default,Default,Default,Default,Default,Default,Default,Default,Default,Default,Default,Default,Default,Default,True,Default,Default,Default,Default,Default,.NET Core 5.0,Default,Default,Default,Default,Default,Default,Default,Default,Default,Default,Default,Default,"Job-CJSTKQ(EvaluateOverhead=True, Server=True, Toolchain=.NET Core 5.0)",,1,Overhead,Actual,5,1013300,524288,1.93,29,0,0,512
EnumExtensionsBenchmark.GetItems,dotNetTips.Spargine.Extensions.BenchmarkTests,EnumExtensionsBenchmark,GetItems,Job-CJSTKQ,Default,True,Default,Default,Default,Default,Default,Default,Default,Default,Default,Default,Default,Default,Default,Default,Default,Default,Default,Default,Default,True,Default,Default,Default,Default,Default,.NET Core 5.0,Default,Default,Default,Default,Default,Default,Default,Default,Default,Default,Default,Default,"Job-CJSTKQ(EvaluateOverhead=True, Server=True, Toolchain=.NET Core 5.0)",,1,Overhead,Actual,6,1015700,524288,1.94,29,0,0,512
EnumExtensionsBenchmark.GetItems,dotNetTips.Spargine.Extensions.BenchmarkTests,EnumExtensionsBenchmark,GetItems,Job-CJSTKQ,Default,True,Default,Default,Default,Default,Default,Default,Default,Default,Default,Default,Default,Default,Default,Default,Default,Default,Default,Default,Default,True,Default,Default,Default,Default,Default,.NET Core 5.0,Default,Default,Default,Default,Default,Default,Default,Default,Default,Default,Default,Default,"Job-CJSTKQ(EvaluateOverhead=True, Server=True, Toolchain=.NET Core 5.0)",,1,Overhead,Actual,7,1020800,524288,1.95,29,0,0,512
EnumExtensionsBenchmark.GetItems,dotNetTips.Spargine.Extensions.BenchmarkTests,EnumExtensionsBenchmark,GetItems,Job-CJSTKQ,Default,True,Default,Default,Default,Default,Default,Default,Default,Default,Default,Default,Default,Default,Default,Default,Default,Default,Default,Default,Default,True,Default,Default,Default,Default,Default,.NET Core 5.0,Default,Default,Default,Default,Default,Default,Default,Default,Default,Default,Default,Default,"Job-CJSTKQ(EvaluateOverhead=True, Server=True, Toolchain=.NET Core 5.0)",,1,Overhead,Actual,8,1017300,524288,1.94,29,0,0,512
EnumExtensionsBenchmark.GetItems,dotNetTips.Spargine.Extensions.BenchmarkTests,EnumExtensionsBenchmark,GetItems,Job-CJSTKQ,Default,True,Default,Default,Default,Default,Default,Default,Default,Default,Default,Default,Default,Default,Default,Default,Default,Default,Default,Default,Default,True,Default,Default,Default,Default,Default,.NET Core 5.0,Default,Default,Default,Default,Default,Default,Default,Default,Default,Default,Default,Default,"Job-CJSTKQ(EvaluateOverhead=True, Server=True, Toolchain=.NET Core 5.0)",,1,Overhead,Actual,9,1014100,524288,1.93,29,0,0,512
EnumExtensionsBenchmark.GetItems,dotNetTips.Spargine.Extensions.BenchmarkTests,EnumExtensionsBenchmark,GetItems,Job-CJSTKQ,Default,True,Default,Default,Default,Default,Default,Default,Default,Default,Default,Default,Default,Default,Default,Default,Default,Default,Default,Default,Default,True,Default,Default,Default,Default,Default,.NET Core 5.0,Default,Default,Default,Default,Default,Default,Default,Default,Default,Default,Default,Default,"Job-CJSTKQ(EvaluateOverhead=True, Server=True, Toolchain=.NET Core 5.0)",,1,Overhead,Actual,10,1017300,524288,1.94,29,0,0,512
EnumExtensionsBenchmark.GetItems,dotNetTips.Spargine.Extensions.BenchmarkTests,EnumExtensionsBenchmark,GetItems,Job-CJSTKQ,Default,True,Default,Default,Default,Default,Default,Default,Default,Default,Default,Default,Default,Default,Default,Default,Default,Default,Default,Default,Default,True,Default,Default,Default,Default,Default,.NET Core 5.0,Default,Default,Default,Default,Default,Default,Default,Default,Default,Default,Default,Default,"Job-CJSTKQ(EvaluateOverhead=True, Server=True, Toolchain=.NET Core 5.0)",,1,Overhead,Actual,11,1063600,524288,2.03,29,0,0,512
EnumExtensionsBenchmark.GetItems,dotNetTips.Spargine.Extensions.BenchmarkTests,EnumExtensionsBenchmark,GetItems,Job-CJSTKQ,Default,True,Default,Default,Default,Default,Default,Default,Default,Default,Default,Default,Default,Default,Default,Default,Default,Default,Default,Default,Default,True,Default,Default,Default,Default,Default,.NET Core 5.0,Default,Default,Default,Default,Default,Default,Default,Default,Default,Default,Default,Default,"Job-CJSTKQ(EvaluateOverhead=True, Server=True, Toolchain=.NET Core 5.0)",,1,Overhead,Actual,12,1602600,524288,3.06,29,0,0,512
EnumExtensionsBenchmark.GetItems,dotNetTips.Spargine.Extensions.BenchmarkTests,EnumExtensionsBenchmark,GetItems,Job-CJSTKQ,Default,True,Default,Default,Default,Default,Default,Default,Default,Default,Default,Default,Default,Default,Default,Default,Default,Default,Default,Default,Default,True,Default,Default,Default,Default,Default,.NET Core 5.0,Default,Default,Default,Default,Default,Default,Default,Default,Default,Default,Default,Default,"Job-CJSTKQ(EvaluateOverhead=True, Server=True, Toolchain=.NET Core 5.0)",,1,Overhead,Actual,13,1016000,524288,1.94,29,0,0,512
EnumExtensionsBenchmark.GetItems,dotNetTips.Spargine.Extensions.BenchmarkTests,EnumExtensionsBenchmark,GetItems,Job-CJSTKQ,Default,True,Default,Default,Default,Default,Default,Default,Default,Default,Default,Default,Default,Default,Default,Default,Default,Default,Default,Default,Default,True,Default,Default,Default,Default,Default,.NET Core 5.0,Default,Default,Default,Default,Default,Default,Default,Default,Default,Default,Default,Default,"Job-CJSTKQ(EvaluateOverhead=True, Server=True, Toolchain=.NET Core 5.0)",,1,Overhead,Actual,14,1012300,524288,1.93,29,0,0,512
EnumExtensionsBenchmark.GetItems,dotNetTips.Spargine.Extensions.BenchmarkTests,EnumExtensionsBenchmark,GetItems,Job-CJSTKQ,Default,True,Default,Default,Default,Default,Default,Default,Default,Default,Default,Default,Default,Default,Default,Default,Default,Default,Default,Default,Default,True,Default,Default,Default,Default,Default,.NET Core 5.0,Default,Default,Default,Default,Default,Default,Default,Default,Default,Default,Default,Default,"Job-CJSTKQ(EvaluateOverhead=True, Server=True, Toolchain=.NET Core 5.0)",,1,Overhead,Actual,15,1012100,524288,1.93,29,0,0,512
EnumExtensionsBenchmark.GetItems,dotNetTips.Spargine.Extensions.BenchmarkTests,EnumExtensionsBenchmark,GetItems,Job-CJSTKQ,Default,True,Default,Default,Default,Default,Default,Default,Default,Default,Default,Default,Default,Default,Default,Default,Default,Default,Default,Default,Default,True,Default,Default,Default,Default,Default,.NET Core 5.0,Default,Default,Default,Default,Default,Default,Default,Default,Default,Default,Default,Default,"Job-CJSTKQ(EvaluateOverhead=True, Server=True, Toolchain=.NET Core 5.0)",,1,Workload,Warmup,1,590690600,524288,1126.65,29,0,0,512
EnumExtensionsBenchmark.GetItems,dotNetTips.Spargine.Extensions.BenchmarkTests,EnumExtensionsBenchmark,GetItems,Job-CJSTKQ,Default,True,Default,Default,Default,Default,Default,Default,Default,Default,Default,Default,Default,Default,Default,Default,Default,Default,Default,Default,Default,True,Default,Default,Default,Default,Default,.NET Core 5.0,Default,Default,Default,Default,Default,Default,Default,Default,Default,Default,Default,Default,"Job-CJSTKQ(EvaluateOverhead=True, Server=True, Toolchain=.NET Core 5.0)",,1,Workload,Warmup,2,590663100,524288,1126.6,29,0,0,512
EnumExtensionsBenchmark.GetItems,dotNetTips.Spargine.Extensions.BenchmarkTests,EnumExtensionsBenchmark,GetItems,Job-CJSTKQ,Default,True,Default,Default,Default,Default,Default,Default,Default,Default,Default,Default,Default,Default,Default,Default,Default,Default,Default,Default,Default,True,Default,Default,Default,Default,Default,.NET Core 5.0,Default,Default,Default,Default,Default,Default,Default,Default,Default,Default,Default,Default,"Job-CJSTKQ(EvaluateOverhead=True, Server=True, Toolchain=.NET Core 5.0)",,1,Workload,Warmup,3,588888200,524288,1123.22,29,0,0,512
EnumExtensionsBenchmark.GetItems,dotNetTips.Spargine.Extensions.BenchmarkTests,EnumExtensionsBenchmark,GetItems,Job-CJSTKQ,Default,True,Default,Default,Default,Default,Default,Default,Default,Default,Default,Default,Default,Default,Default,Default,Default,Default,Default,Default,Default,True,Default,Default,Default,Default,Default,.NET Core 5.0,Default,Default,Default,Default,Default,Default,Default,Default,Default,Default,Default,Default,"Job-CJSTKQ(EvaluateOverhead=True, Server=True, Toolchain=.NET Core 5.0)",,1,Workload,Warmup,4,589539800,524288,1124.46,29,0,0,512
EnumExtensionsBenchmark.GetItems,dotNetTips.Spargine.Extensions.BenchmarkTests,EnumExtensionsBenchmark,GetItems,Job-CJSTKQ,Default,True,Default,Default,Default,Default,Default,Default,Default,Default,Default,Default,Default,Default,Default,Default,Default,Default,Default,Default,Default,True,Default,Default,Default,Default,Default,.NET Core 5.0,Default,Default,Default,Default,Default,Default,Default,Default,Default,Default,Default,Default,"Job-CJSTKQ(EvaluateOverhead=True, Server=True, Toolchain=.NET Core 5.0)",,1,Workload,Warmup,5,588757400,524288,1122.97,29,0,0,512
EnumExtensionsBenchmark.GetItems,dotNetTips.Spargine.Extensions.BenchmarkTests,EnumExtensionsBenchmark,GetItems,Job-CJSTKQ,Default,True,Default,Default,Default,Default,Default,Default,Default,Default,Default,Default,Default,Default,Default,Default,Default,Default,Default,Default,Default,True,Default,Default,Default,Default,Default,.NET Core 5.0,Default,Default,Default,Default,Default,Default,Default,Default,Default,Default,Default,Default,"Job-CJSTKQ(EvaluateOverhead=True, Server=True, Toolchain=.NET Core 5.0)",,1,Workload,Warmup,6,595036400,524288,1134.94,29,0,0,512
EnumExtensionsBenchmark.GetItems,dotNetTips.Spargine.Extensions.BenchmarkTests,EnumExtensionsBenchmark,GetItems,Job-CJSTKQ,Default,True,Default,Default,Default,Default,Default,Default,Default,Default,Default,Default,Default,Default,Default,Default,Default,Default,Default,Default,Default,True,Default,Default,Default,Default,Default,.NET Core 5.0,Default,Default,Default,Default,Default,Default,Default,Default,Default,Default,Default,Default,"Job-CJSTKQ(EvaluateOverhead=True, Server=True, Toolchain=.NET Core 5.0)",,1,Workload,Warmup,7,589871400,524288,1125.09,29,0,0,512
EnumExtensionsBenchmark.GetItems,dotNetTips.Spargine.Extensions.BenchmarkTests,EnumExtensionsBenchmark,GetItems,Job-CJSTKQ,Default,True,Default,Default,Default,Default,Default,Default,Default,Default,Default,Default,Default,Default,Default,Default,Default,Default,Default,Default,Default,True,Default,Default,Default,Default,Default,.NET Core 5.0,Default,Default,Default,Default,Default,Default,Default,Default,Default,Default,Default,Default,"Job-CJSTKQ(EvaluateOverhead=True, Server=True, Toolchain=.NET Core 5.0)",,1,Workload,Actual,1,589662000,524288,1124.69,29,0,0,512
EnumExtensionsBenchmark.GetItems,dotNetTips.Spargine.Extensions.BenchmarkTests,EnumExtensionsBenchmark,GetItems,Job-CJSTKQ,Default,True,Default,Default,Default,Default,Default,Default,Default,Default,Default,Default,Default,Default,Default,Default,Default,Default,Default,Default,Default,True,Default,Default,Default,Default,Default,.NET Core 5.0,Default,Default,Default,Default,Default,Default,Default,Default,Default,Default,Default,Default,"Job-CJSTKQ(EvaluateOverhead=True, Server=True, Toolchain=.NET Core 5.0)",,1,Workload,Actual,2,585377100,524288,1116.52,29,0,0,512
EnumExtensionsBenchmark.GetItems,dotNetTips.Spargine.Extensions.BenchmarkTests,EnumExtensionsBenchmark,GetItems,Job-CJSTKQ,Default,True,Default,Default,Default,Default,Default,Default,Default,Default,Default,Default,Default,Default,Default,Default,Default,Default,Default,Default,Default,True,Default,Default,Default,Default,Default,.NET Core 5.0,Default,Default,Default,Default,Default,Default,Default,Default,Default,Default,Default,Default,"Job-CJSTKQ(EvaluateOverhead=True, Server=True, Toolchain=.NET Core 5.0)",,1,Workload,Actual,3,586305200,524288,1118.29,29,0,0,512
EnumExtensionsBenchmark.GetItems,dotNetTips.Spargine.Extensions.BenchmarkTests,EnumExtensionsBenchmark,GetItems,Job-CJSTKQ,Default,True,Default,Default,Default,Default,Default,Default,Default,Default,Default,Default,Default,Default,Default,Default,Default,Default,Default,Default,Default,True,Default,Default,Default,Default,Default,.NET Core 5.0,Default,Default,Default,Default,Default,Default,Default,Default,Default,Default,Default,Default,"Job-CJSTKQ(EvaluateOverhead=True, Server=True, Toolchain=.NET Core 5.0)",,1,Workload,Actual,4,590362000,524288,1126.03,29,0,0,512
EnumExtensionsBenchmark.GetItems,dotNetTips.Spargine.Extensions.BenchmarkTests,EnumExtensionsBenchmark,GetItems,Job-CJSTKQ,Default,True,Default,Default,Default,Default,Default,Default,Default,Default,Default,Default,Default,Default,Default,Default,Default,Default,Default,Default,Default,True,Default,Default,Default,Default,Default,.NET Core 5.0,Default,Default,Default,Default,Default,Default,Default,Default,Default,Default,Default,Default,"Job-CJSTKQ(EvaluateOverhead=True, Server=True, Toolchain=.NET Core 5.0)",,1,Workload,Actual,5,585811100,524288,1117.35,29,0,0,512
EnumExtensionsBenchmark.GetItems,dotNetTips.Spargine.Extensions.BenchmarkTests,EnumExtensionsBenchmark,GetItems,Job-CJSTKQ,Default,True,Default,Default,Default,Default,Default,Default,Default,Default,Default,Default,Default,Default,Default,Default,Default,Default,Default,Default,Default,True,Default,Default,Default,Default,Default,.NET Core 5.0,Default,Default,Default,Default,Default,Default,Default,Default,Default,Default,Default,Default,"Job-CJSTKQ(EvaluateOverhead=True, Server=True, Toolchain=.NET Core 5.0)",,1,Workload,Actual,6,586934200,524288,1119.49,29,0,0,512
EnumExtensionsBenchmark.GetItems,dotNetTips.Spargine.Extensions.BenchmarkTests,EnumExtensionsBenchmark,GetItems,Job-CJSTKQ,Default,True,Default,Default,Default,Default,Default,Default,Default,Default,Default,Default,Default,Default,Default,Default,Default,Default,Default,Default,Default,True,Default,Default,Default,Default,Default,.NET Core 5.0,Default,Default,Default,Default,Default,Default,Default,Default,Default,Default,Default,Default,"Job-CJSTKQ(EvaluateOverhead=True, Server=True, Toolchain=.NET Core 5.0)",,1,Workload,Actual,7,587007400,524288,1119.63,29,0,0,512
EnumExtensionsBenchmark.GetItems,dotNetTips.Spargine.Extensions.BenchmarkTests,EnumExtensionsBenchmark,GetItems,Job-CJSTKQ,Default,True,Default,Default,Default,Default,Default,Default,Default,Default,Default,Default,Default,Default,Default,Default,Default,Default,Default,Default,Default,True,Default,Default,Default,Default,Default,.NET Core 5.0,Default,Default,Default,Default,Default,Default,Default,Default,Default,Default,Default,Default,"Job-CJSTKQ(EvaluateOverhead=True, Server=True, Toolchain=.NET Core 5.0)",,1,Workload,Actual,8,589250900,524288,1123.91,29,0,0,512
EnumExtensionsBenchmark.GetItems,dotNetTips.Spargine.Extensions.BenchmarkTests,EnumExtensionsBenchmark,GetItems,Job-CJSTKQ,Default,True,Default,Default,Default,Default,Default,Default,Default,Default,Default,Default,Default,Default,Default,Default,Default,Default,Default,Default,Default,True,Default,Default,Default,Default,Default,.NET Core 5.0,Default,Default,Default,Default,Default,Default,Default,Default,Default,Default,Default,Default,"Job-CJSTKQ(EvaluateOverhead=True, Server=True, Toolchain=.NET Core 5.0)",,1,Workload,Actual,9,588609400,524288,1122.68,29,0,0,512
EnumExtensionsBenchmark.GetItems,dotNetTips.Spargine.Extensions.BenchmarkTests,EnumExtensionsBenchmark,GetItems,Job-CJSTKQ,Default,True,Default,Default,Default,Default,Default,Default,Default,Default,Default,Default,Default,Default,Default,Default,Default,Default,Default,Default,Default,True,Default,Default,Default,Default,Default,.NET Core 5.0,Default,Default,Default,Default,Default,Default,Default,Default,Default,Default,Default,Default,"Job-CJSTKQ(EvaluateOverhead=True, Server=True, Toolchain=.NET Core 5.0)",,1,Workload,Actual,10,587588700,524288,1120.74,29,0,0,512
EnumExtensionsBenchmark.GetItems,dotNetTips.Spargine.Extensions.BenchmarkTests,EnumExtensionsBenchmark,GetItems,Job-CJSTKQ,Default,True,Default,Default,Default,Default,Default,Default,Default,Default,Default,Default,Default,Default,Default,Default,Default,Default,Default,Default,Default,True,Default,Default,Default,Default,Default,.NET Core 5.0,Default,Default,Default,Default,Default,Default,Default,Default,Default,Default,Default,Default,"Job-CJSTKQ(EvaluateOverhead=True, Server=True, Toolchain=.NET Core 5.0)",,1,Workload,Actual,11,586862500,524288,1119.35,29,0,0,512
EnumExtensionsBenchmark.GetItems,dotNetTips.Spargine.Extensions.BenchmarkTests,EnumExtensionsBenchmark,GetItems,Job-CJSTKQ,Default,True,Default,Default,Default,Default,Default,Default,Default,Default,Default,Default,Default,Default,Default,Default,Default,Default,Default,Default,Default,True,Default,Default,Default,Default,Default,.NET Core 5.0,Default,Default,Default,Default,Default,Default,Default,Default,Default,Default,Default,Default,"Job-CJSTKQ(EvaluateOverhead=True, Server=True, Toolchain=.NET Core 5.0)",,1,Workload,Actual,12,586163000,524288,1118.02,29,0,0,512
EnumExtensionsBenchmark.GetItems,dotNetTips.Spargine.Extensions.BenchmarkTests,EnumExtensionsBenchmark,GetItems,Job-CJSTKQ,Default,True,Default,Default,Default,Default,Default,Default,Default,Default,Default,Default,Default,Default,Default,Default,Default,Default,Default,Default,Default,True,Default,Default,Default,Default,Default,.NET Core 5.0,Default,Default,Default,Default,Default,Default,Default,Default,Default,Default,Default,Default,"Job-CJSTKQ(EvaluateOverhead=True, Server=True, Toolchain=.NET Core 5.0)",,1,Workload,Actual,13,586767700,524288,1119.17,29,0,0,512
EnumExtensionsBenchmark.GetItems,dotNetTips.Spargine.Extensions.BenchmarkTests,EnumExtensionsBenchmark,GetItems,Job-CJSTKQ,Default,True,Default,Default,Default,Default,Default,Default,Default,Default,Default,Default,Default,Default,Default,Default,Default,Default,Default,Default,Default,True,Default,Default,Default,Default,Default,.NET Core 5.0,Default,Default,Default,Default,Default,Default,Default,Default,Default,Default,Default,Default,"Job-CJSTKQ(EvaluateOverhead=True, Server=True, Toolchain=.NET Core 5.0)",,1,Workload,Actual,14,586390300,524288,1118.45,29,0,0,512
EnumExtensionsBenchmark.GetItems,dotNetTips.Spargine.Extensions.BenchmarkTests,EnumExtensionsBenchmark,GetItems,Job-CJSTKQ,Default,True,Default,Default,Default,Default,Default,Default,Default,Default,Default,Default,Default,Default,Default,Default,Default,Default,Default,Default,Default,True,Default,Default,Default,Default,Default,.NET Core 5.0,Default,Default,Default,Default,Default,Default,Default,Default,Default,Default,Default,Default,"Job-CJSTKQ(EvaluateOverhead=True, Server=True, Toolchain=.NET Core 5.0)",,1,Workload,Actual,15,587926000,524288,1121.38,29,0,0,512
EnumExtensionsBenchmark.GetItems,dotNetTips.Spargine.Extensions.BenchmarkTests,EnumExtensionsBenchmark,GetItems,Job-CJSTKQ,Default,True,Default,Default,Default,Default,Default,Default,Default,Default,Default,Default,Default,Default,Default,Default,Default,Default,Default,Default,Default,True,Default,Default,Default,Default,Default,.NET Core 5.0,Default,Default,Default,Default,Default,Default,Default,Default,Default,Default,Default,Default,"Job-CJSTKQ(EvaluateOverhead=True, Server=True, Toolchain=.NET Core 5.0)",,1,Workload,Result,1,588646000,524288,1122.75,29,0,0,512
EnumExtensionsBenchmark.GetItems,dotNetTips.Spargine.Extensions.BenchmarkTests,EnumExtensionsBenchmark,GetItems,Job-CJSTKQ,Default,True,Default,Default,Default,Default,Default,Default,Default,Default,Default,Default,Default,Default,Default,Default,Default,Default,Default,Default,Default,True,Default,Default,Default,Default,Default,.NET Core 5.0,Default,Default,Default,Default,Default,Default,Default,Default,Default,Default,Default,Default,"Job-CJSTKQ(EvaluateOverhead=True, Server=True, Toolchain=.NET Core 5.0)",,1,Workload,Result,2,584361100,524288,1114.58,29,0,0,512
EnumExtensionsBenchmark.GetItems,dotNetTips.Spargine.Extensions.BenchmarkTests,EnumExtensionsBenchmark,GetItems,Job-CJSTKQ,Default,True,Default,Default,Default,Default,Default,Default,Default,Default,Default,Default,Default,Default,Default,Default,Default,Default,Default,Default,Default,True,Default,Default,Default,Default,Default,.NET Core 5.0,Default,Default,Default,Default,Default,Default,Default,Default,Default,Default,Default,Default,"Job-CJSTKQ(EvaluateOverhead=True, Server=True, Toolchain=.NET Core 5.0)",,1,Workload,Result,3,585289200,524288,1116.35,29,0,0,512
EnumExtensionsBenchmark.GetItems,dotNetTips.Spargine.Extensions.BenchmarkTests,EnumExtensionsBenchmark,GetItems,Job-CJSTKQ,Default,True,Default,Default,Default,Default,Default,Default,Default,Default,Default,Default,Default,Default,Default,Default,Default,Default,Default,Default,Default,True,Default,Default,Default,Default,Default,.NET Core 5.0,Default,Default,Default,Default,Default,Default,Default,Default,Default,Default,Default,Default,"Job-CJSTKQ(EvaluateOverhead=True, Server=True, Toolchain=.NET Core 5.0)",,1,Workload,Result,4,589346000,524288,1124.09,29,0,0,512
EnumExtensionsBenchmark.GetItems,dotNetTips.Spargine.Extensions.BenchmarkTests,EnumExtensionsBenchmark,GetItems,Job-CJSTKQ,Default,True,Default,Default,Default,Default,Default,Default,Default,Default,Default,Default,Default,Default,Default,Default,Default,Default,Default,Default,Default,True,Default,Default,Default,Default,Default,.NET Core 5.0,Default,Default,Default,Default,Default,Default,Default,Default,Default,Default,Default,Default,"Job-CJSTKQ(EvaluateOverhead=True, Server=True, Toolchain=.NET Core 5.0)",,1,Workload,Result,5,584795100,524288,1115.41,29,0,0,512
EnumExtensionsBenchmark.GetItems,dotNetTips.Spargine.Extensions.BenchmarkTests,EnumExtensionsBenchmark,GetItems,Job-CJSTKQ,Default,True,Default,Default,Default,Default,Default,Default,Default,Default,Default,Default,Default,Default,Default,Default,Default,Default,Default,Default,Default,True,Default,Default,Default,Default,Default,.NET Core 5.0,Default,Default,Default,Default,Default,Default,Default,Default,Default,Default,Default,Default,"Job-CJSTKQ(EvaluateOverhead=True, Server=True, Toolchain=.NET Core 5.0)",,1,Workload,Result,6,585918200,524288,1117.55,29,0,0,512
EnumExtensionsBenchmark.GetItems,dotNetTips.Spargine.Extensions.BenchmarkTests,EnumExtensionsBenchmark,GetItems,Job-CJSTKQ,Default,True,Default,Default,Default,Default,Default,Default,Default,Default,Default,Default,Default,Default,Default,Default,Default,Default,Default,Default,Default,True,Default,Default,Default,Default,Default,.NET Core 5.0,Default,Default,Default,Default,Default,Default,Default,Default,Default,Default,Default,Default,"Job-CJSTKQ(EvaluateOverhead=True, Server=True, Toolchain=.NET Core 5.0)",,1,Workload,Result,7,585991400,524288,1117.69,29,0,0,512
EnumExtensionsBenchmark.GetItems,dotNetTips.Spargine.Extensions.BenchmarkTests,EnumExtensionsBenchmark,GetItems,Job-CJSTKQ,Default,True,Default,Default,Default,Default,Default,Default,Default,Default,Default,Default,Default,Default,Default,Default,Default,Default,Default,Default,Default,True,Default,Default,Default,Default,Default,.NET Core 5.0,Default,Default,Default,Default,Default,Default,Default,Default,Default,Default,Default,Default,"Job-CJSTKQ(EvaluateOverhead=True, Server=True, Toolchain=.NET Core 5.0)",,1,Workload,Result,8,588234900,524288,1121.97,29,0,0,512
EnumExtensionsBenchmark.GetItems,dotNetTips.Spargine.Extensions.BenchmarkTests,EnumExtensionsBenchmark,GetItems,Job-CJSTKQ,Default,True,Default,Default,Default,Default,Default,Default,Default,Default,Default,Default,Default,Default,Default,Default,Default,Default,Default,Default,Default,True,Default,Default,Default,Default,Default,.NET Core 5.0,Default,Default,Default,Default,Default,Default,Default,Default,Default,Default,Default,Default,"Job-CJSTKQ(EvaluateOverhead=True, Server=True, Toolchain=.NET Core 5.0)",,1,Workload,Result,9,587593400,524288,1120.75,29,0,0,512
EnumExtensionsBenchmark.GetItems,dotNetTips.Spargine.Extensions.BenchmarkTests,EnumExtensionsBenchmark,GetItems,Job-CJSTKQ,Default,True,Default,Default,Default,Default,Default,Default,Default,Default,Default,Default,Default,Default,Default,Default,Default,Default,Default,Default,Default,True,Default,Default,Default,Default,Default,.NET Core 5.0,Default,Default,Default,Default,Default,Default,Default,Default,Default,Default,Default,Default,"Job-CJSTKQ(EvaluateOverhead=True, Server=True, Toolchain=.NET Core 5.0)",,1,Workload,Result,10,586572700,524288,1118.8,29,0,0,512
EnumExtensionsBenchmark.GetItems,dotNetTips.Spargine.Extensions.BenchmarkTests,EnumExtensionsBenchmark,GetItems,Job-CJSTKQ,Default,True,Default,Default,Default,Default,Default,Default,Default,Default,Default,Default,Default,Default,Default,Default,Default,Default,Default,Default,Default,True,Default,Default,Default,Default,Default,.NET Core 5.0,Default,Default,Default,Default,Default,Default,Default,Default,Default,Default,Default,Default,"Job-CJSTKQ(EvaluateOverhead=True, Server=True, Toolchain=.NET Core 5.0)",,1,Workload,Result,11,585846500,524288,1117.41,29,0,0,512
EnumExtensionsBenchmark.GetItems,dotNetTips.Spargine.Extensions.BenchmarkTests,EnumExtensionsBenchmark,GetItems,Job-CJSTKQ,Default,True,Default,Default,Default,Default,Default,Default,Default,Default,Default,Default,Default,Default,Default,Default,Default,Default,Default,Default,Default,True,Default,Default,Default,Default,Default,.NET Core 5.0,Default,Default,Default,Default,Default,Default,Default,Default,Default,Default,Default,Default,"Job-CJSTKQ(EvaluateOverhead=True, Server=True, Toolchain=.NET Core 5.0)",,1,Workload,Result,12,585147000,524288,1116.08,29,0,0,512
EnumExtensionsBenchmark.GetItems,dotNetTips.Spargine.Extensions.BenchmarkTests,EnumExtensionsBenchmark,GetItems,Job-CJSTKQ,Default,True,Default,Default,Default,Default,Default,Default,Default,Default,Default,Default,Default,Default,Default,Default,Default,Default,Default,Default,Default,True,Default,Default,Default,Default,Default,.NET Core 5.0,Default,Default,Default,Default,Default,Default,Default,Default,Default,Default,Default,Default,"Job-CJSTKQ(EvaluateOverhead=True, Server=True, Toolchain=.NET Core 5.0)",,1,Workload,Result,13,585751700,524288,1117.23,29,0,0,512
EnumExtensionsBenchmark.GetItems,dotNetTips.Spargine.Extensions.BenchmarkTests,EnumExtensionsBenchmark,GetItems,Job-CJSTKQ,Default,True,Default,Default,Default,Default,Default,Default,Default,Default,Default,Default,Default,Default,Default,Default,Default,Default,Default,Default,Default,True,Default,Default,Default,Default,Default,.NET Core 5.0,Default,Default,Default,Default,Default,Default,Default,Default,Default,Default,Default,Default,"Job-CJSTKQ(EvaluateOverhead=True, Server=True, Toolchain=.NET Core 5.0)",,1,Workload,Result,14,585374300,524288,1116.51,29,0,0,512
EnumExtensionsBenchmark.GetItems,dotNetTips.Spargine.Extensions.BenchmarkTests,EnumExtensionsBenchmark,GetItems,Job-CJSTKQ,Default,True,Default,Default,Default,Default,Default,Default,Default,Default,Default,Default,Default,Default,Default,Default,Default,Default,Default,Default,Default,True,Default,Default,Default,Default,Default,.NET Core 5.0,Default,Default,Default,Default,Default,Default,Default,Default,Default,Default,Default,Default,"Job-CJSTKQ(EvaluateOverhead=True, Server=True, Toolchain=.NET Core 5.0)",,1,Workload,Result,15,586910000,524288,1119.44,29,0,0,512
