Method,Job,AnalyzeLaunchVariance,EvaluateOverhead,MaxAbsoluteError,MaxRelativeError,MinInvokeCount,MinIterationTime,OutlierMode,Affinity,EnvironmentVariables,Jit,Platform,PowerPlanMode,Runtime,AllowVeryLargeObjects,Concurrent,CpuGroups,Force,HeapAffinitizeMask,HeapCount,NoAffinitize,RetainVm,Server,Arguments,BuildConfiguration,Clock,EngineFactory,NuGetReferences,Toolchain,IsMutator,InvocationCount,IterationCount,IterationTime,LaunchCount,MaxIterationCount,MaxWarmupIterationCount,MinIterationCount,MinWarmupIterationCount,RunStrategy,UnrollFactor,WarmupCount,Namespace,Categories,Count,Mean,Error,StdDev,StdErr,Min,Q1,Median,Q3,Max,Op/s,CI99.9% Margin,Iterations,Kurtosis,MValue,Skewness,Rank,LogicalGroup,Baseline,Gen 0,Gen 1,Gen 2,Allocated,Code Size
'FirstOrDefault: Alternate',Job-CJSTKQ,False,True,Default,Default,Default,Default,Default,1111,Empty,RyuJit,X64,8c5e7fda-e8bf-4a96-9a85-a6e23a8c635c,.NET Core 5.0,False,True,False,True,Default,Default,False,False,True,Default,Default,Default,Default,Default,.NET Core 5.0,Default,1,Default,Default,Default,Default,Default,Default,Default,Default,16,Default,dotNetTips.Spargine.Extensions.BenchmarkTests,EnumerableExtensions,10,76.726 ns,0.3821 ns,0.3575 ns,0.0923 ns,76.243 ns,76.411 ns,76.698 ns,76.968 ns,77.435 ns,"13,033,387.1",0.3821 ns,15.00,1.971,2.000,0.4462,6,*,No,0.0105,0.0000,0.0000,96 B,231 B
'FirstOrDefault: Alternate',Job-CJSTKQ,False,True,Default,Default,Default,Default,Default,1111,Empty,RyuJit,X64,8c5e7fda-e8bf-4a96-9a85-a6e23a8c635c,.NET Core 5.0,False,True,False,True,Default,Default,False,False,True,Default,Default,Default,Default,Default,.NET Core 5.0,Default,1,Default,Default,Default,Default,Default,Default,Default,Default,16,Default,dotNetTips.Spargine.Extensions.BenchmarkTests,EnumerableExtensions,25,76.709 ns,1.0598 ns,1.1340 ns,0.2673 ns,75.505 ns,76.023 ns,76.459 ns,76.947 ns,80.499 ns,"13,036,250.8",1.0598 ns,18.00,7.149,2.000,1.9400,6,*,No,0.0104,0.0000,0.0000,96 B,231 B
'FirstOrDefault: Alternate',Job-CJSTKQ,False,True,Default,Default,Default,Default,Default,1111,Empty,RyuJit,X64,8c5e7fda-e8bf-4a96-9a85-a6e23a8c635c,.NET Core 5.0,False,True,False,True,Default,Default,False,False,True,Default,Default,Default,Default,Default,.NET Core 5.0,Default,1,Default,Default,Default,Default,Default,Default,Default,Default,16,Default,dotNetTips.Spargine.Extensions.BenchmarkTests,EnumerableExtensions,50,77.047 ns,0.6691 ns,0.6259 ns,0.1616 ns,76.193 ns,76.454 ns,77.342 ns,77.555 ns,77.999 ns,"12,979,026.0",0.6691 ns,15.00,1.293,2.000,-0.0832,6,*,No,0.0104,0.0000,0.0000,96 B,231 B
'FirstOrDefault: Alternate',Job-CJSTKQ,False,True,Default,Default,Default,Default,Default,1111,Empty,RyuJit,X64,8c5e7fda-e8bf-4a96-9a85-a6e23a8c635c,.NET Core 5.0,False,True,False,True,Default,Default,False,False,True,Default,Default,Default,Default,Default,.NET Core 5.0,Default,1,Default,Default,Default,Default,Default,Default,Default,Default,16,Default,dotNetTips.Spargine.Extensions.BenchmarkTests,EnumerableExtensions,100,77.935 ns,0.3334 ns,0.3118 ns,0.0805 ns,77.176 ns,77.931 ns,78.055 ns,78.121 ns,78.241 ns,"12,831,155.5",0.3334 ns,15.00,3.533,2.000,-1.3410,6,*,No,0.0104,0.0000,0.0000,96 B,231 B
'FirstOrDefault: Alternate',Job-CJSTKQ,False,True,Default,Default,Default,Default,Default,1111,Empty,RyuJit,X64,8c5e7fda-e8bf-4a96-9a85-a6e23a8c635c,.NET Core 5.0,False,True,False,True,Default,Default,False,False,True,Default,Default,Default,Default,Default,.NET Core 5.0,Default,1,Default,Default,Default,Default,Default,Default,Default,Default,16,Default,dotNetTips.Spargine.Extensions.BenchmarkTests,EnumerableExtensions,250,77.156 ns,0.4444 ns,0.3939 ns,0.1053 ns,76.609 ns,76.785 ns,77.116 ns,77.497 ns,77.833 ns,"12,960,696.5",0.4444 ns,14.00,1.497,2.000,0.0894,6,*,No,0.0104,0.0000,0.0000,96 B,231 B
'FirstOrDefault: Alternate',Job-CJSTKQ,False,True,Default,Default,Default,Default,Default,1111,Empty,RyuJit,X64,8c5e7fda-e8bf-4a96-9a85-a6e23a8c635c,.NET Core 5.0,False,True,False,True,Default,Default,False,False,True,Default,Default,Default,Default,Default,.NET Core 5.0,Default,1,Default,Default,Default,Default,Default,Default,Default,Default,16,Default,dotNetTips.Spargine.Extensions.BenchmarkTests,EnumerableExtensions,500,77.412 ns,0.6502 ns,0.5764 ns,0.1541 ns,76.294 ns,77.032 ns,77.532 ns,77.687 ns,78.347 ns,"12,917,954.1",0.6502 ns,14.00,2.141,2.000,-0.1384,6,*,No,0.0105,0.0000,0.0000,96 B,231 B
'FirstOrDefault: Alternate',Job-CJSTKQ,False,True,Default,Default,Default,Default,Default,1111,Empty,RyuJit,X64,8c5e7fda-e8bf-4a96-9a85-a6e23a8c635c,.NET Core 5.0,False,True,False,True,Default,Default,False,False,True,Default,Default,Default,Default,Default,.NET Core 5.0,Default,1,Default,Default,Default,Default,Default,Default,Default,Default,16,Default,dotNetTips.Spargine.Extensions.BenchmarkTests,EnumerableExtensions,1000,74.319 ns,0.2541 ns,0.2121 ns,0.0588 ns,74.001 ns,74.124 ns,74.334 ns,74.438 ns,74.765 ns,"13,455,497.8",0.2541 ns,13.00,2.221,2.000,0.3187,5,*,No,0.0104,0.0000,0.0000,96 B,231 B
"'FirstOrDefault: Predicate, Alternate'",Job-CJSTKQ,False,True,Default,Default,Default,Default,Default,1111,Empty,RyuJit,X64,8c5e7fda-e8bf-4a96-9a85-a6e23a8c635c,.NET Core 5.0,False,True,False,True,Default,Default,False,False,True,Default,Default,Default,Default,Default,.NET Core 5.0,Default,1,Default,Default,Default,Default,Default,Default,Default,Default,16,Default,dotNetTips.Spargine.Extensions.BenchmarkTests,EnumerableExtensions,10,182.603 ns,0.2835 ns,0.2652 ns,0.0685 ns,181.974 ns,182.434 ns,182.642 ns,182.792 ns,183.090 ns,"5,476,374.6",0.2835 ns,15.00,3.051,2.000,-0.4791,11,*,No,0.0145,0.0000,0.0000,136 B,392 B
"'FirstOrDefault: Predicate, Alternate'",Job-CJSTKQ,False,True,Default,Default,Default,Default,Default,1111,Empty,RyuJit,X64,8c5e7fda-e8bf-4a96-9a85-a6e23a8c635c,.NET Core 5.0,False,True,False,True,Default,Default,False,False,True,Default,Default,Default,Default,Default,.NET Core 5.0,Default,1,Default,Default,Default,Default,Default,Default,Default,Default,16,Default,dotNetTips.Spargine.Extensions.BenchmarkTests,EnumerableExtensions,25,353.704 ns,1.1510 ns,1.0203 ns,0.2727 ns,350.424 ns,353.711 ns,353.940 ns,354.283 ns,354.439 ns,"2,827,223.1",1.1510 ns,14.00,7.697,2.000,-2.2946,18,*,No,0.0148,0.0000,0.0000,136 B,392 B
"'FirstOrDefault: Predicate, Alternate'",Job-CJSTKQ,False,True,Default,Default,Default,Default,Default,1111,Empty,RyuJit,X64,8c5e7fda-e8bf-4a96-9a85-a6e23a8c635c,.NET Core 5.0,False,True,False,True,Default,Default,False,False,True,Default,Default,Default,Default,Default,.NET Core 5.0,Default,1,Default,Default,Default,Default,Default,Default,Default,Default,16,Default,dotNetTips.Spargine.Extensions.BenchmarkTests,EnumerableExtensions,50,575.759 ns,1.0332 ns,0.8628 ns,0.2393 ns,573.347 ns,575.626 ns,576.001 ns,576.206 ns,576.892 ns,"1,736,836.6",1.0332 ns,13.00,5.022,2.000,-1.5167,23,*,No,0.0143,0.0000,0.0000,136 B,392 B
"'FirstOrDefault: Predicate, Alternate'",Job-CJSTKQ,False,True,Default,Default,Default,Default,Default,1111,Empty,RyuJit,X64,8c5e7fda-e8bf-4a96-9a85-a6e23a8c635c,.NET Core 5.0,False,True,False,True,Default,Default,False,False,True,Default,Default,Default,Default,Default,.NET Core 5.0,Default,1,Default,Default,Default,Default,Default,Default,Default,Default,16,Default,dotNetTips.Spargine.Extensions.BenchmarkTests,EnumerableExtensions,100,"1,161.779 ns",3.7329 ns,3.4918 ns,0.9016 ns,"1,157.039 ns","1,159.073 ns","1,160.634 ns","1,165.369 ns","1,167.332 ns","860,748.9",3.7329 ns,15.00,1.369,2.000,0.2293,30,*,No,0.0134,0.0000,0.0000,136 B,392 B
"'FirstOrDefault: Predicate, Alternate'",Job-CJSTKQ,False,True,Default,Default,Default,Default,Default,1111,Empty,RyuJit,X64,8c5e7fda-e8bf-4a96-9a85-a6e23a8c635c,.NET Core 5.0,False,True,False,True,Default,Default,False,False,True,Default,Default,Default,Default,Default,.NET Core 5.0,Default,1,Default,Default,Default,Default,Default,Default,Default,Default,16,Default,dotNetTips.Spargine.Extensions.BenchmarkTests,EnumerableExtensions,250,"2,664.395 ns",17.2487 ns,14.4035 ns,3.9948 ns,"2,625.210 ns","2,664.295 ns","2,666.823 ns","2,673.312 ns","2,681.974 ns","375,319.7",17.2487 ns,13.00,4.505,2.000,-1.4124,41,*,No,0.0114,0.0000,0.0000,136 B,392 B
"'FirstOrDefault: Predicate, Alternate'",Job-CJSTKQ,False,True,Default,Default,Default,Default,Default,1111,Empty,RyuJit,X64,8c5e7fda-e8bf-4a96-9a85-a6e23a8c635c,.NET Core 5.0,False,True,False,True,Default,Default,False,False,True,Default,Default,Default,Default,Default,.NET Core 5.0,Default,1,Default,Default,Default,Default,Default,Default,Default,Default,16,Default,dotNetTips.Spargine.Extensions.BenchmarkTests,EnumerableExtensions,500,"5,487.886 ns",25.2474 ns,22.3812 ns,5.9816 ns,"5,448.179 ns","5,471.807 ns","5,483.474 ns","5,503.205 ns","5,533.438 ns","182,219.5",25.2474 ns,14.00,2.257,2.000,0.2773,49,*,No,0.0076,0.0000,0.0000,136 B,392 B
"'FirstOrDefault: Predicate, Alternate'",Job-CJSTKQ,False,True,Default,Default,Default,Default,Default,1111,Empty,RyuJit,X64,8c5e7fda-e8bf-4a96-9a85-a6e23a8c635c,.NET Core 5.0,False,True,False,True,Default,Default,False,False,True,Default,Default,Default,Default,Default,.NET Core 5.0,Default,1,Default,Default,Default,Default,Default,Default,Default,Default,16,Default,dotNetTips.Spargine.Extensions.BenchmarkTests,EnumerableExtensions,1000,"11,980.409 ns",48.1108 ns,42.6490 ns,11.3984 ns,"11,912.495 ns","11,962.951 ns","11,983.066 ns","12,007.213 ns","12,050.552 ns","83,469.6",48.1108 ns,14.00,1.968,2.000,-0.0967,59,*,No,0.0000,0.0000,0.0000,136 B,392 B
'ToImmutable: Dictionary',Job-CJSTKQ,False,True,Default,Default,Default,Default,Default,1111,Empty,RyuJit,X64,8c5e7fda-e8bf-4a96-9a85-a6e23a8c635c,.NET Core 5.0,False,True,False,True,Default,Default,False,False,True,Default,Default,Default,Default,Default,.NET Core 5.0,Default,1,Default,Default,Default,Default,Default,Default,Default,Default,16,Default,dotNetTips.Spargine.Extensions.BenchmarkTests,EnumerableExtensions,10,"1,775.183 ns",8.6083 ns,7.6310 ns,2.0395 ns,"1,759.341 ns","1,769.991 ns","1,774.309 ns","1,780.144 ns","1,787.170 ns","563,322.3",8.6083 ns,14.00,2.253,2.000,-0.2095,35,*,No,0.0801,0.0000,0.0000,736 B,156 B
'ToImmutable: Dictionary',Job-CJSTKQ,False,True,Default,Default,Default,Default,Default,1111,Empty,RyuJit,X64,8c5e7fda-e8bf-4a96-9a85-a6e23a8c635c,.NET Core 5.0,False,True,False,True,Default,Default,False,False,True,Default,Default,Default,Default,Default,.NET Core 5.0,Default,1,Default,Default,Default,Default,Default,Default,Default,Default,16,Default,dotNetTips.Spargine.Extensions.BenchmarkTests,EnumerableExtensions,25,"5,180.437 ns",38.4786 ns,35.9929 ns,9.2933 ns,"5,135.355 ns","5,152.227 ns","5,168.208 ns","5,214.897 ns","5,251.765 ns","193,033.9",38.4786 ns,15.00,1.725,2.000,0.4237,48,*,No,0.1831,0.0000,0.0000,1696 B,156 B
'ToImmutable: Dictionary',Job-CJSTKQ,False,True,Default,Default,Default,Default,Default,1111,Empty,RyuJit,X64,8c5e7fda-e8bf-4a96-9a85-a6e23a8c635c,.NET Core 5.0,False,True,False,True,Default,Default,False,False,True,Default,Default,Default,Default,Default,.NET Core 5.0,Default,1,Default,Default,Default,Default,Default,Default,Default,Default,16,Default,dotNetTips.Spargine.Extensions.BenchmarkTests,EnumerableExtensions,50,"11,283.232 ns",114.5664 ns,107.1655 ns,27.6700 ns,"11,150.733 ns","11,200.988 ns","11,258.385 ns","11,337.698 ns","11,500.372 ns","88,627.1",114.5664 ns,15.00,2.193,2.000,0.6158,58,*,No,0.3510,0.0000,0.0000,3296 B,156 B
'ToImmutable: Dictionary',Job-CJSTKQ,False,True,Default,Default,Default,Default,Default,1111,Empty,RyuJit,X64,8c5e7fda-e8bf-4a96-9a85-a6e23a8c635c,.NET Core 5.0,False,True,False,True,Default,Default,False,False,True,Default,Default,Default,Default,Default,.NET Core 5.0,Default,1,Default,Default,Default,Default,Default,Default,Default,Default,16,Default,dotNetTips.Spargine.Extensions.BenchmarkTests,EnumerableExtensions,100,"25,638.700 ns",177.6990 ns,157.5256 ns,42.1005 ns,"25,452.823 ns","25,521.004 ns","25,587.488 ns","25,733.932 ns","26,009.399 ns","39,003.5",177.6990 ns,14.00,2.678,2.000,0.8227,66,*,No,0.7019,0.0000,0.0000,6496 B,156 B
'ToImmutable: Dictionary',Job-CJSTKQ,False,True,Default,Default,Default,Default,Default,1111,Empty,RyuJit,X64,8c5e7fda-e8bf-4a96-9a85-a6e23a8c635c,.NET Core 5.0,False,True,False,True,Default,Default,False,False,True,Default,Default,Default,Default,Default,.NET Core 5.0,Default,1,Default,Default,Default,Default,Default,Default,Default,Default,16,Default,dotNetTips.Spargine.Extensions.BenchmarkTests,EnumerableExtensions,250,"79,308.368 ns",935.4699 ns,781.1597 ns,216.6547 ns,"78,369.421 ns","79,068.140 ns","79,215.588 ns","79,341.504 ns","81,494.214 ns","12,609.0",935.4699 ns,13.00,5.061,2.000,1.4336,74,*,No,1.7090,0.0000,0.0000,16096 B,156 B
'ToImmutable: Dictionary',Job-CJSTKQ,False,True,Default,Default,Default,Default,Default,1111,Empty,RyuJit,X64,8c5e7fda-e8bf-4a96-9a85-a6e23a8c635c,.NET Core 5.0,False,True,False,True,Default,Default,False,False,True,Default,Default,Default,Default,Default,.NET Core 5.0,Default,1,Default,Default,Default,Default,Default,Default,Default,Default,16,Default,dotNetTips.Spargine.Extensions.BenchmarkTests,EnumerableExtensions,500,"179,309.517 ns",803.7204 ns,751.8006 ns,194.1141 ns,"178,108.374 ns","178,723.828 ns","179,299.487 ns","179,861.597 ns","180,373.779 ns","5,576.9",803.7204 ns,15.00,1.621,2.000,-0.1979,77,*,No,3.4180,0.2441,0.0000,32096 B,156 B
'ToImmutable: Dictionary',Job-CJSTKQ,False,True,Default,Default,Default,Default,Default,1111,Empty,RyuJit,X64,8c5e7fda-e8bf-4a96-9a85-a6e23a8c635c,.NET Core 5.0,False,True,False,True,Default,Default,False,False,True,Default,Default,Default,Default,Default,.NET Core 5.0,Default,1,Default,Default,Default,Default,Default,Default,Default,Default,16,Default,dotNetTips.Spargine.Extensions.BenchmarkTests,EnumerableExtensions,1000,"395,572.048 ns","2,433.1857 ns","2,276.0034 ns",587.6615 ns,"391,672.852 ns","393,594.214 ns","395,650.049 ns","397,013.159 ns","400,302.588 ns","2,528.0","2,433.1857 ns",15.00,2.190,2.000,0.1467,78,*,No,6.8359,0.9766,0.0000,64096 B,156 B
'ToImmutable: List',Job-CJSTKQ,False,True,Default,Default,Default,Default,Default,1111,Empty,RyuJit,X64,8c5e7fda-e8bf-4a96-9a85-a6e23a8c635c,.NET Core 5.0,False,True,False,True,Default,Default,False,False,True,Default,Default,Default,Default,Default,.NET Core 5.0,Default,1,Default,Default,Default,Default,Default,Default,Default,Default,16,Default,dotNetTips.Spargine.Extensions.BenchmarkTests,EnumerableExtensions,10,330.611 ns,1.3589 ns,1.1348 ns,0.3147 ns,329.017 ns,329.764 ns,330.606 ns,331.324 ns,333.091 ns,"3,024,705.3",1.3589 ns,13.00,2.438,2.000,0.4309,17,*,No,0.0591,0.0000,0.0000,528 B,156 B
'ToImmutable: List',Job-CJSTKQ,False,True,Default,Default,Default,Default,Default,1111,Empty,RyuJit,X64,8c5e7fda-e8bf-4a96-9a85-a6e23a8c635c,.NET Core 5.0,False,True,False,True,Default,Default,False,False,True,Default,Default,Default,Default,Default,.NET Core 5.0,Default,1,Default,Default,Default,Default,Default,Default,Default,Default,16,Default,dotNetTips.Spargine.Extensions.BenchmarkTests,EnumerableExtensions,25,706.650 ns,1.6494 ns,1.4622 ns,0.3908 ns,704.181 ns,705.717 ns,706.850 ns,708.070 ns,708.388 ns,"1,415,127.6",1.6494 ns,14.00,1.569,2.000,-0.3026,26,*,No,0.1383,0.0000,0.0000,1248 B,156 B
'ToImmutable: List',Job-CJSTKQ,False,True,Default,Default,Default,Default,Default,1111,Empty,RyuJit,X64,8c5e7fda-e8bf-4a96-9a85-a6e23a8c635c,.NET Core 5.0,False,True,False,True,Default,Default,False,False,True,Default,Default,Default,Default,Default,.NET Core 5.0,Default,1,Default,Default,Default,Default,Default,Default,Default,Default,16,Default,dotNetTips.Spargine.Extensions.BenchmarkTests,EnumerableExtensions,50,"1,331.435 ns",4.3126 ns,4.0341 ns,1.0416 ns,"1,326.488 ns","1,329.008 ns","1,329.518 ns","1,334.804 ns","1,339.595 ns","751,069.5",4.3126 ns,15.00,1.788,2.000,0.4613,32,*,No,0.2728,0.0019,0.0000,2448 B,156 B
'ToImmutable: List',Job-CJSTKQ,False,True,Default,Default,Default,Default,Default,1111,Empty,RyuJit,X64,8c5e7fda-e8bf-4a96-9a85-a6e23a8c635c,.NET Core 5.0,False,True,False,True,Default,Default,False,False,True,Default,Default,Default,Default,Default,.NET Core 5.0,Default,1,Default,Default,Default,Default,Default,Default,Default,Default,16,Default,dotNetTips.Spargine.Extensions.BenchmarkTests,EnumerableExtensions,100,"2,569.692 ns",13.7355 ns,12.1762 ns,3.2542 ns,"2,542.620 ns","2,562.642 ns","2,573.133 ns","2,577.398 ns","2,585.262 ns","389,151.7",13.7355 ns,14.00,2.488,2.000,-0.6947,41,*,No,0.5379,0.0000,0.0000,4848 B,156 B
'ToImmutable: List',Job-CJSTKQ,False,True,Default,Default,Default,Default,Default,1111,Empty,RyuJit,X64,8c5e7fda-e8bf-4a96-9a85-a6e23a8c635c,.NET Core 5.0,False,True,False,True,Default,Default,False,False,True,Default,Default,Default,Default,Default,.NET Core 5.0,Default,1,Default,Default,Default,Default,Default,Default,Default,Default,16,Default,dotNetTips.Spargine.Extensions.BenchmarkTests,EnumerableExtensions,250,"6,634.504 ns",12.0043 ns,10.6415 ns,2.8441 ns,"6,608.897 ns","6,632.684 ns","6,635.764 ns","6,643.254 ns","6,646.264 ns","150,727.2",12.0043 ns,14.00,3.070,2.000,-1.0042,54,*,No,1.3123,0.0305,0.0000,12048 B,156 B
'ToImmutable: List',Job-CJSTKQ,False,True,Default,Default,Default,Default,Default,1111,Empty,RyuJit,X64,8c5e7fda-e8bf-4a96-9a85-a6e23a8c635c,.NET Core 5.0,False,True,False,True,Default,Default,False,False,True,Default,Default,Default,Default,Default,.NET Core 5.0,Default,1,Default,Default,Default,Default,Default,Default,Default,Default,16,Default,dotNetTips.Spargine.Extensions.BenchmarkTests,EnumerableExtensions,500,"13,395.943 ns",63.1357 ns,59.0571 ns,15.2485 ns,"13,307.005 ns","13,354.727 ns","13,387.251 ns","13,434.373 ns","13,541.942 ns","74,649.5",63.1357 ns,15.00,3.126,2.000,0.7206,62,*,No,2.6398,0.0000,0.0000,24048 B,156 B
'ToImmutable: List',Job-CJSTKQ,False,True,Default,Default,Default,Default,Default,1111,Empty,RyuJit,X64,8c5e7fda-e8bf-4a96-9a85-a6e23a8c635c,.NET Core 5.0,False,True,False,True,Default,Default,False,False,True,Default,Default,Default,Default,Default,.NET Core 5.0,Default,1,Default,Default,Default,Default,Default,Default,Default,Default,16,Default,dotNetTips.Spargine.Extensions.BenchmarkTests,EnumerableExtensions,1000,"27,455.339 ns",140.8002 ns,131.7046 ns,34.0060 ns,"27,149.902 ns","27,359.555 ns","27,466.953 ns","27,557.687 ns","27,656.860 ns","36,422.8",140.8002 ns,15.00,2.593,2.000,-0.5860,68,*,No,5.0049,0.0000,0.0000,48048 B,156 B
Count,Job-CJSTKQ,False,True,Default,Default,Default,Default,Default,1111,Empty,RyuJit,X64,8c5e7fda-e8bf-4a96-9a85-a6e23a8c635c,.NET Core 5.0,False,True,False,True,Default,Default,False,False,True,Default,Default,Default,Default,Default,.NET Core 5.0,Default,1,Default,Default,Default,Default,Default,Default,Default,Default,16,Default,dotNetTips.Spargine.Extensions.BenchmarkTests,EnumerableExtensions,10,6.317 ns,0.0289 ns,0.0271 ns,0.0070 ns,6.266 ns,6.300 ns,6.315 ns,6.331 ns,6.368 ns,"158,312,559.7",0.0289 ns,15.00,2.209,2.000,0.1527,1,*,No,0.0000,0.0000,0.0000,0 B,197 B
Count,Job-CJSTKQ,False,True,Default,Default,Default,Default,Default,1111,Empty,RyuJit,X64,8c5e7fda-e8bf-4a96-9a85-a6e23a8c635c,.NET Core 5.0,False,True,False,True,Default,Default,False,False,True,Default,Default,Default,Default,Default,.NET Core 5.0,Default,1,Default,Default,Default,Default,Default,Default,Default,Default,16,Default,dotNetTips.Spargine.Extensions.BenchmarkTests,EnumerableExtensions,25,6.708 ns,0.0953 ns,0.0891 ns,0.0230 ns,6.551 ns,6.671 ns,6.690 ns,6.790 ns,6.881 ns,"149,069,597.6",0.0953 ns,15.00,2.262,2.000,0.0634,2,*,No,0.0000,0.0000,0.0000,0 B,197 B
Count,Job-CJSTKQ,False,True,Default,Default,Default,Default,Default,1111,Empty,RyuJit,X64,8c5e7fda-e8bf-4a96-9a85-a6e23a8c635c,.NET Core 5.0,False,True,False,True,Default,Default,False,False,True,Default,Default,Default,Default,Default,.NET Core 5.0,Default,1,Default,Default,Default,Default,Default,Default,Default,Default,16,Default,dotNetTips.Spargine.Extensions.BenchmarkTests,EnumerableExtensions,50,6.434 ns,0.1375 ns,0.2408 ns,0.0386 ns,6.125 ns,6.175 ns,6.472 ns,6.507 ns,7.192 ns,"155,416,437.6",0.1375 ns,39.00,3.801,2.200,0.7622,1,*,No,0.0000,0.0000,0.0000,0 B,197 B
Count,Job-CJSTKQ,False,True,Default,Default,Default,Default,Default,1111,Empty,RyuJit,X64,8c5e7fda-e8bf-4a96-9a85-a6e23a8c635c,.NET Core 5.0,False,True,False,True,Default,Default,False,False,True,Default,Default,Default,Default,Default,.NET Core 5.0,Default,1,Default,Default,Default,Default,Default,Default,Default,Default,16,Default,dotNetTips.Spargine.Extensions.BenchmarkTests,EnumerableExtensions,100,7.114 ns,0.0655 ns,0.0511 ns,0.0148 ns,7.007 ns,7.100 ns,7.129 ns,7.150 ns,7.166 ns,"140,562,943.1",0.0655 ns,12.00,2.234,2.000,-0.8358,4,*,No,0.0000,0.0000,0.0000,0 B,197 B
Count,Job-CJSTKQ,False,True,Default,Default,Default,Default,Default,1111,Empty,RyuJit,X64,8c5e7fda-e8bf-4a96-9a85-a6e23a8c635c,.NET Core 5.0,False,True,False,True,Default,Default,False,False,True,Default,Default,Default,Default,Default,.NET Core 5.0,Default,1,Default,Default,Default,Default,Default,Default,Default,Default,16,Default,dotNetTips.Spargine.Extensions.BenchmarkTests,EnumerableExtensions,250,6.697 ns,0.1494 ns,0.1397 ns,0.0361 ns,6.420 ns,6.608 ns,6.711 ns,6.818 ns,6.868 ns,"149,321,387.2",0.1494 ns,15.00,1.842,2.000,-0.4990,2,*,No,0.0000,0.0000,0.0000,0 B,197 B
Count,Job-CJSTKQ,False,True,Default,Default,Default,Default,Default,1111,Empty,RyuJit,X64,8c5e7fda-e8bf-4a96-9a85-a6e23a8c635c,.NET Core 5.0,False,True,False,True,Default,Default,False,False,True,Default,Default,Default,Default,Default,.NET Core 5.0,Default,1,Default,Default,Default,Default,Default,Default,Default,Default,16,Default,dotNetTips.Spargine.Extensions.BenchmarkTests,EnumerableExtensions,500,6.938 ns,0.1327 ns,0.1475 ns,0.0338 ns,6.812 ns,6.827 ns,6.878 ns,7.015 ns,7.244 ns,"144,131,551.2",0.1327 ns,19.00,2.383,2.308,0.9697,3,*,No,0.0000,0.0000,0.0000,0 B,197 B
Count,Job-CJSTKQ,False,True,Default,Default,Default,Default,Default,1111,Empty,RyuJit,X64,8c5e7fda-e8bf-4a96-9a85-a6e23a8c635c,.NET Core 5.0,False,True,False,True,Default,Default,False,False,True,Default,Default,Default,Default,Default,.NET Core 5.0,Default,1,Default,Default,Default,Default,Default,Default,Default,Default,16,Default,dotNetTips.Spargine.Extensions.BenchmarkTests,EnumerableExtensions,1000,6.869 ns,0.0099 ns,0.0083 ns,0.0023 ns,6.860 ns,6.862 ns,6.868 ns,6.874 ns,6.888 ns,"145,573,225.7",0.0099 ns,13.00,2.344,2.000,0.5564,3,*,No,0.0000,0.0000,0.0000,0 B,197 B
FastAny,Job-CJSTKQ,False,True,Default,Default,Default,Default,Default,1111,Empty,RyuJit,X64,8c5e7fda-e8bf-4a96-9a85-a6e23a8c635c,.NET Core 5.0,False,True,False,True,Default,Default,False,False,True,Default,Default,Default,Default,Default,.NET Core 5.0,Default,1,Default,Default,Default,Default,Default,Default,Default,Default,16,Default,dotNetTips.Spargine.Extensions.BenchmarkTests,EnumerableExtensions,10,265.446 ns,3.7537 ns,3.5112 ns,0.9066 ns,259.307 ns,262.437 ns,266.475 ns,268.310 ns,269.575 ns,"3,767,249.4",3.7537 ns,15.00,1.527,2.000,-0.4479,13,*,No,0.0043,0.0000,0.0000,40 B,407 B
FastAny,Job-CJSTKQ,False,True,Default,Default,Default,Default,Default,1111,Empty,RyuJit,X64,8c5e7fda-e8bf-4a96-9a85-a6e23a8c635c,.NET Core 5.0,False,True,False,True,Default,Default,False,False,True,Default,Default,Default,Default,Default,.NET Core 5.0,Default,1,Default,Default,Default,Default,Default,Default,Default,Default,16,Default,dotNetTips.Spargine.Extensions.BenchmarkTests,EnumerableExtensions,25,600.131 ns,8.1222 ns,7.5975 ns,1.9617 ns,583.459 ns,599.280 ns,600.130 ns,604.272 ns,609.566 ns,"1,666,303.4",8.1222 ns,15.00,3.159,2.000,-0.9341,24,*,No,0.0038,0.0000,0.0000,40 B,407 B
FastAny,Job-CJSTKQ,False,True,Default,Default,Default,Default,Default,1111,Empty,RyuJit,X64,8c5e7fda-e8bf-4a96-9a85-a6e23a8c635c,.NET Core 5.0,False,True,False,True,Default,Default,False,False,True,Default,Default,Default,Default,Default,.NET Core 5.0,Default,1,Default,Default,Default,Default,Default,Default,Default,Default,16,Default,dotNetTips.Spargine.Extensions.BenchmarkTests,EnumerableExtensions,50,"1,149.711 ns",6.9056 ns,5.7665 ns,1.5993 ns,"1,135.602 ns","1,148.458 ns","1,151.600 ns","1,152.789 ns","1,156.273 ns","869,783.5",6.9056 ns,13.00,3.246,2.000,-1.0676,30,*,No,0.0038,0.0000,0.0000,40 B,407 B
FastAny,Job-CJSTKQ,False,True,Default,Default,Default,Default,Default,1111,Empty,RyuJit,X64,8c5e7fda-e8bf-4a96-9a85-a6e23a8c635c,.NET Core 5.0,False,True,False,True,Default,Default,False,False,True,Default,Default,Default,Default,Default,.NET Core 5.0,Default,1,Default,Default,Default,Default,Default,Default,Default,Default,16,Default,dotNetTips.Spargine.Extensions.BenchmarkTests,EnumerableExtensions,100,"2,181.275 ns",6.0468 ns,5.3603 ns,1.4326 ns,"2,168.473 ns","2,178.402 ns","2,181.667 ns","2,184.043 ns","2,191.058 ns","458,447.4",6.0468 ns,14.00,3.355,2.000,-0.4233,37,*,No,0.0038,0.0000,0.0000,40 B,407 B
FastAny,Job-CJSTKQ,False,True,Default,Default,Default,Default,Default,1111,Empty,RyuJit,X64,8c5e7fda-e8bf-4a96-9a85-a6e23a8c635c,.NET Core 5.0,False,True,False,True,Default,Default,False,False,True,Default,Default,Default,Default,Default,.NET Core 5.0,Default,1,Default,Default,Default,Default,Default,Default,Default,Default,16,Default,dotNetTips.Spargine.Extensions.BenchmarkTests,EnumerableExtensions,250,"5,766.575 ns",68.2811 ns,60.5294 ns,16.1772 ns,"5,609.496 ns","5,741.164 ns","5,763.730 ns","5,813.805 ns","5,838.506 ns","173,413.2",68.2811 ns,14.00,3.637,2.000,-1.0127,51,*,No,0.0000,0.0000,0.0000,40 B,407 B
FastAny,Job-CJSTKQ,False,True,Default,Default,Default,Default,Default,1111,Empty,RyuJit,X64,8c5e7fda-e8bf-4a96-9a85-a6e23a8c635c,.NET Core 5.0,False,True,False,True,Default,Default,False,False,True,Default,Default,Default,Default,Default,.NET Core 5.0,Default,1,Default,Default,Default,Default,Default,Default,Default,Default,16,Default,dotNetTips.Spargine.Extensions.BenchmarkTests,EnumerableExtensions,500,"12,176.918 ns",74.5607 ns,66.0961 ns,17.6649 ns,"12,023.997 ns","12,136.320 ns","12,185.239 ns","12,218.226 ns","12,268.982 ns","82,122.6",74.5607 ns,14.00,2.718,2.000,-0.5625,60,*,No,0.0000,0.0000,0.0000,40 B,407 B
FastAny,Job-CJSTKQ,False,True,Default,Default,Default,Default,Default,1111,Empty,RyuJit,X64,8c5e7fda-e8bf-4a96-9a85-a6e23a8c635c,.NET Core 5.0,False,True,False,True,Default,Default,False,False,True,Default,Default,Default,Default,Default,.NET Core 5.0,Default,1,Default,Default,Default,Default,Default,Default,Default,Default,16,Default,dotNetTips.Spargine.Extensions.BenchmarkTests,EnumerableExtensions,1000,"26,829.849 ns",260.0207 ns,243.2235 ns,62.8000 ns,"26,459.492 ns","26,644.824 ns","26,774.535 ns","27,092.636 ns","27,224.092 ns","37,271.9",260.0207 ns,15.00,1.451,2.000,0.2166,67,*,No,0.0000,0.0000,0.0000,40 B,407 B
FastCount,Job-CJSTKQ,False,True,Default,Default,Default,Default,Default,1111,Empty,RyuJit,X64,8c5e7fda-e8bf-4a96-9a85-a6e23a8c635c,.NET Core 5.0,False,True,False,True,Default,Default,False,False,True,Default,Default,Default,Default,Default,.NET Core 5.0,Default,1,Default,Default,Default,Default,Default,Default,Default,Default,16,Default,dotNetTips.Spargine.Extensions.BenchmarkTests,EnumerableExtensions,10,271.723 ns,0.8331 ns,0.7793 ns,0.2012 ns,270.638 ns,271.222 ns,271.418 ns,272.240 ns,273.217 ns,"3,680,219.7",0.8331 ns,15.00,1.907,2.000,0.5879,14,*,No,0.0043,0.0000,0.0000,40 B,522 B
FastCount,Job-CJSTKQ,False,True,Default,Default,Default,Default,Default,1111,Empty,RyuJit,X64,8c5e7fda-e8bf-4a96-9a85-a6e23a8c635c,.NET Core 5.0,False,True,False,True,Default,Default,False,False,True,Default,Default,Default,Default,Default,.NET Core 5.0,Default,1,Default,Default,Default,Default,Default,Default,Default,Default,16,Default,dotNetTips.Spargine.Extensions.BenchmarkTests,EnumerableExtensions,25,527.773 ns,8.7640 ns,8.1979 ns,2.1167 ns,513.897 ns,522.745 ns,529.315 ns,534.318 ns,537.413 ns,"1,894,753.0",8.7640 ns,15.00,1.746,2.000,-0.5521,21,*,No,0.0038,0.0000,0.0000,40 B,522 B
FastCount,Job-CJSTKQ,False,True,Default,Default,Default,Default,Default,1111,Empty,RyuJit,X64,8c5e7fda-e8bf-4a96-9a85-a6e23a8c635c,.NET Core 5.0,False,True,False,True,Default,Default,False,False,True,Default,Default,Default,Default,Default,.NET Core 5.0,Default,1,Default,Default,Default,Default,Default,Default,Default,Default,16,Default,dotNetTips.Spargine.Extensions.BenchmarkTests,EnumerableExtensions,50,"1,027.835 ns",6.7778 ns,5.6598 ns,1.5697 ns,"1,015.173 ns","1,027.565 ns","1,029.979 ns","1,031.005 ns","1,032.271 ns","972,918.6",6.7778 ns,13.00,3.483,2.000,-1.4383,29,*,No,0.0038,0.0000,0.0000,40 B,522 B
FastCount,Job-CJSTKQ,False,True,Default,Default,Default,Default,Default,1111,Empty,RyuJit,X64,8c5e7fda-e8bf-4a96-9a85-a6e23a8c635c,.NET Core 5.0,False,True,False,True,Default,Default,False,False,True,Default,Default,Default,Default,Default,.NET Core 5.0,Default,1,Default,Default,Default,Default,Default,Default,Default,Default,16,Default,dotNetTips.Spargine.Extensions.BenchmarkTests,EnumerableExtensions,100,"2,246.744 ns",14.3920 ns,12.0179 ns,3.3332 ns,"2,220.218 ns","2,245.023 ns","2,251.498 ns","2,254.721 ns","2,259.016 ns","445,088.6",14.3920 ns,13.00,2.512,2.000,-0.9595,38,*,No,0.0038,0.0000,0.0000,40 B,522 B
FastCount,Job-CJSTKQ,False,True,Default,Default,Default,Default,Default,1111,Empty,RyuJit,X64,8c5e7fda-e8bf-4a96-9a85-a6e23a8c635c,.NET Core 5.0,False,True,False,True,Default,Default,False,False,True,Default,Default,Default,Default,Default,.NET Core 5.0,Default,1,Default,Default,Default,Default,Default,Default,Default,Default,16,Default,dotNetTips.Spargine.Extensions.BenchmarkTests,EnumerableExtensions,250,"5,583.758 ns",49.3614 ns,46.1727 ns,11.9217 ns,"5,503.403 ns","5,557.880 ns","5,579.503 ns","5,611.425 ns","5,662.733 ns","179,090.9",49.3614 ns,15.00,2.009,2.000,0.2042,50,*,No,0.0000,0.0000,0.0000,40 B,522 B
FastCount,Job-CJSTKQ,False,True,Default,Default,Default,Default,Default,1111,Empty,RyuJit,X64,8c5e7fda-e8bf-4a96-9a85-a6e23a8c635c,.NET Core 5.0,False,True,False,True,Default,Default,False,False,True,Default,Default,Default,Default,Default,.NET Core 5.0,Default,1,Default,Default,Default,Default,Default,Default,Default,Default,16,Default,dotNetTips.Spargine.Extensions.BenchmarkTests,EnumerableExtensions,500,"12,381.437 ns",129.4271 ns,114.7338 ns,30.6639 ns,"12,176.213 ns","12,316.308 ns","12,377.371 ns","12,471.229 ns","12,569.168 ns","80,766.1",129.4271 ns,14.00,1.829,2.000,-0.1219,61,*,No,0.0000,0.0000,0.0000,40 B,522 B
FastCount,Job-CJSTKQ,False,True,Default,Default,Default,Default,Default,1111,Empty,RyuJit,X64,8c5e7fda-e8bf-4a96-9a85-a6e23a8c635c,.NET Core 5.0,False,True,False,True,Default,Default,False,False,True,Default,Default,Default,Default,Default,.NET Core 5.0,Default,1,Default,Default,Default,Default,Default,Default,Default,Default,16,Default,dotNetTips.Spargine.Extensions.BenchmarkTests,EnumerableExtensions,1000,"26,755.532 ns",137.8803 ns,122.2273 ns,32.6666 ns,"26,531.976 ns","26,700.233 ns","26,725.073 ns","26,824.715 ns","26,998.648 ns","37,375.4",137.8803 ns,14.00,2.525,2.000,0.3874,67,*,No,0.0000,0.0000,0.0000,40 B,522 B
FirstOrNull,Job-CJSTKQ,False,True,Default,Default,Default,Default,Default,1111,Empty,RyuJit,X64,8c5e7fda-e8bf-4a96-9a85-a6e23a8c635c,.NET Core 5.0,False,True,False,True,Default,Default,False,False,True,Default,Default,Default,Default,Default,.NET Core 5.0,Default,1,Default,Default,Default,Default,Default,Default,Default,Default,16,Default,dotNetTips.Spargine.Extensions.BenchmarkTests,EnumerableExtensions,10,143.698 ns,1.2289 ns,1.0894 ns,0.2912 ns,141.714 ns,142.840 ns,143.827 ns,144.417 ns,145.609 ns,"6,959,050.5",1.2289 ns,14.00,1.856,2.000,0.0063,9,*,No,0.0222,0.0000,0.0000,200 B,444 B
FirstOrNull,Job-CJSTKQ,False,True,Default,Default,Default,Default,Default,1111,Empty,RyuJit,X64,8c5e7fda-e8bf-4a96-9a85-a6e23a8c635c,.NET Core 5.0,False,True,False,True,Default,Default,False,False,True,Default,Default,Default,Default,Default,.NET Core 5.0,Default,1,Default,Default,Default,Default,Default,Default,Default,Default,16,Default,dotNetTips.Spargine.Extensions.BenchmarkTests,EnumerableExtensions,25,245.137 ns,0.2355 ns,0.2203 ns,0.0569 ns,244.784 ns,244.952 ns,245.221 ns,245.272 ns,245.582 ns,"4,079,353.5",0.2355 ns,15.00,2.002,2.000,0.0991,12,*,No,0.0348,0.0000,0.0000,320 B,444 B
FirstOrNull,Job-CJSTKQ,False,True,Default,Default,Default,Default,Default,1111,Empty,RyuJit,X64,8c5e7fda-e8bf-4a96-9a85-a6e23a8c635c,.NET Core 5.0,False,True,False,True,Default,Default,False,False,True,Default,Default,Default,Default,Default,.NET Core 5.0,Default,1,Default,Default,Default,Default,Default,Default,Default,Default,16,Default,dotNetTips.Spargine.Extensions.BenchmarkTests,EnumerableExtensions,50,417.471 ns,2.4243 ns,2.2677 ns,0.5855 ns,413.554 ns,416.164 ns,418.241 ns,418.543 ns,421.843 ns,"2,395,376.0",2.4243 ns,15.00,2.272,2.000,-0.3137,19,*,No,0.0567,0.0000,0.0000,520 B,444 B
FirstOrNull,Job-CJSTKQ,False,True,Default,Default,Default,Default,Default,1111,Empty,RyuJit,X64,8c5e7fda-e8bf-4a96-9a85-a6e23a8c635c,.NET Core 5.0,False,True,False,True,Default,Default,False,False,True,Default,Default,Default,Default,Default,.NET Core 5.0,Default,1,Default,Default,Default,Default,Default,Default,Default,Default,16,Default,dotNetTips.Spargine.Extensions.BenchmarkTests,EnumerableExtensions,100,766.600 ns,3.5252 ns,3.1250 ns,0.8352 ns,758.377 ns,765.793 ns,767.661 ns,768.065 ns,770.166 ns,"1,304,461.9",3.5252 ns,14.00,3.924,2.000,-1.3190,27,*,No,0.1001,0.0000,0.0000,920 B,444 B
FirstOrNull,Job-CJSTKQ,False,True,Default,Default,Default,Default,Default,1111,Empty,RyuJit,X64,8c5e7fda-e8bf-4a96-9a85-a6e23a8c635c,.NET Core 5.0,False,True,False,True,Default,Default,False,False,True,Default,Default,Default,Default,Default,.NET Core 5.0,Default,1,Default,Default,Default,Default,Default,Default,Default,Default,16,Default,dotNetTips.Spargine.Extensions.BenchmarkTests,EnumerableExtensions,250,"1,820.482 ns",3.8611 ns,3.6117 ns,0.9325 ns,"1,813.392 ns","1,817.115 ns","1,821.173 ns","1,822.723 ns","1,825.279 ns","549,304.9",3.8611 ns,15.00,1.818,2.000,-0.3683,36,*,No,0.2308,0.0000,0.0000,2120 B,444 B
FirstOrNull,Job-CJSTKQ,False,True,Default,Default,Default,Default,Default,1111,Empty,RyuJit,X64,8c5e7fda-e8bf-4a96-9a85-a6e23a8c635c,.NET Core 5.0,False,True,False,True,Default,Default,False,False,True,Default,Default,Default,Default,Default,.NET Core 5.0,Default,1,Default,Default,Default,Default,Default,Default,Default,Default,16,Default,dotNetTips.Spargine.Extensions.BenchmarkTests,EnumerableExtensions,500,"3,547.231 ns",18.4951 ns,17.3003 ns,4.4669 ns,"3,524.943 ns","3,534.042 ns","3,540.211 ns","3,564.711 ns","3,572.976 ns","281,910.0",18.4951 ns,15.00,1.439,2.000,0.3933,44,*,No,0.4539,0.0000,0.0000,4120 B,444 B
FirstOrNull,Job-CJSTKQ,False,True,Default,Default,Default,Default,Default,1111,Empty,RyuJit,X64,8c5e7fda-e8bf-4a96-9a85-a6e23a8c635c,.NET Core 5.0,False,True,False,True,Default,Default,False,False,True,Default,Default,Default,Default,Default,.NET Core 5.0,Default,1,Default,Default,Default,Default,Default,Default,Default,Default,16,Default,dotNetTips.Spargine.Extensions.BenchmarkTests,EnumerableExtensions,1000,"6,962.052 ns",48.8855 ns,43.3357 ns,11.5820 ns,"6,852.331 ns","6,961.070 ns","6,971.622 ns","6,980.424 ns","7,012.918 ns","143,635.8",48.8855 ns,14.00,3.928,2.000,-1.3882,55,*,No,0.8926,0.0000,0.0000,8120 B,444 B
StartsWith,Job-CJSTKQ,False,True,Default,Default,Default,Default,Default,1111,Empty,RyuJit,X64,8c5e7fda-e8bf-4a96-9a85-a6e23a8c635c,.NET Core 5.0,False,True,False,True,Default,Default,False,False,True,Default,Default,Default,Default,Default,.NET Core 5.0,Default,1,Default,Default,Default,Default,Default,Default,Default,Default,16,Default,dotNetTips.Spargine.Extensions.BenchmarkTests,EnumerableExtensions,10,86.125 ns,0.6448 ns,0.6032 ns,0.1557 ns,85.006 ns,85.784 ns,86.365 ns,86.525 ns,87.058 ns,"11,611,048.8",0.6448 ns,15.00,1.963,2.000,-0.5178,7,*,No,0.0069,0.0000,0.0000,64 B,596 B
StartsWith,Job-CJSTKQ,False,True,Default,Default,Default,Default,Default,1111,Empty,RyuJit,X64,8c5e7fda-e8bf-4a96-9a85-a6e23a8c635c,.NET Core 5.0,False,True,False,True,Default,Default,False,False,True,Default,Default,Default,Default,Default,.NET Core 5.0,Default,1,Default,Default,Default,Default,Default,Default,Default,Default,16,Default,dotNetTips.Spargine.Extensions.BenchmarkTests,EnumerableExtensions,25,160.557 ns,1.6972 ns,1.4173 ns,0.3931 ns,157.770 ns,159.658 ns,160.983 ns,161.453 ns,162.890 ns,"6,228,313.8",1.6972 ns,13.00,2.089,2.000,-0.3603,10,*,No,0.0069,0.0000,0.0000,64 B,596 B
StartsWith,Job-CJSTKQ,False,True,Default,Default,Default,Default,Default,1111,Empty,RyuJit,X64,8c5e7fda-e8bf-4a96-9a85-a6e23a8c635c,.NET Core 5.0,False,True,False,True,Default,Default,False,False,True,Default,Default,Default,Default,Default,.NET Core 5.0,Default,1,Default,Default,Default,Default,Default,Default,Default,Default,16,Default,dotNetTips.Spargine.Extensions.BenchmarkTests,EnumerableExtensions,50,293.977 ns,1.3367 ns,1.1849 ns,0.3167 ns,291.688 ns,293.300 ns,294.141 ns,295.002 ns,295.254 ns,"3,401,632.1",1.3367 ns,14.00,1.811,2.000,-0.5585,16,*,No,0.0067,0.0000,0.0000,64 B,596 B
StartsWith,Job-CJSTKQ,False,True,Default,Default,Default,Default,Default,1111,Empty,RyuJit,X64,8c5e7fda-e8bf-4a96-9a85-a6e23a8c635c,.NET Core 5.0,False,True,False,True,Default,Default,False,False,True,Default,Default,Default,Default,Default,.NET Core 5.0,Default,1,Default,Default,Default,Default,Default,Default,Default,Default,16,Default,dotNetTips.Spargine.Extensions.BenchmarkTests,EnumerableExtensions,100,557.567 ns,5.0210 ns,4.6966 ns,1.2127 ns,550.338 ns,553.895 ns,558.215 ns,561.139 ns,565.971 ns,"1,793,507.4",5.0210 ns,15.00,1.765,2.000,0.0117,22,*,No,0.0067,0.0000,0.0000,64 B,596 B
StartsWith,Job-CJSTKQ,False,True,Default,Default,Default,Default,Default,1111,Empty,RyuJit,X64,8c5e7fda-e8bf-4a96-9a85-a6e23a8c635c,.NET Core 5.0,False,True,False,True,Default,Default,False,False,True,Default,Default,Default,Default,Default,.NET Core 5.0,Default,1,Default,Default,Default,Default,Default,Default,Default,Default,16,Default,dotNetTips.Spargine.Extensions.BenchmarkTests,EnumerableExtensions,250,"1,299.321 ns",5.4227 ns,4.8071 ns,1.2848 ns,"1,291.750 ns","1,295.319 ns","1,300.788 ns","1,302.625 ns","1,305.493 ns","769,632.7",5.4227 ns,14.00,1.555,2.000,-0.3187,31,*,No,0.0057,0.0000,0.0000,64 B,596 B
StartsWith,Job-CJSTKQ,False,True,Default,Default,Default,Default,Default,1111,Empty,RyuJit,X64,8c5e7fda-e8bf-4a96-9a85-a6e23a8c635c,.NET Core 5.0,False,True,False,True,Default,Default,False,False,True,Default,Default,Default,Default,Default,.NET Core 5.0,Default,1,Default,Default,Default,Default,Default,Default,Default,Default,16,Default,dotNetTips.Spargine.Extensions.BenchmarkTests,EnumerableExtensions,500,"2,613.314 ns",51.2443 ns,62.9327 ns,13.4173 ns,"2,520.982 ns","2,570.111 ns","2,587.276 ns","2,681.877 ns","2,712.021 ns","382,655.9",51.2443 ns,22.00,1.383,3.077,0.2970,41,*,No,0.0038,0.0000,0.0000,64 B,596 B
StartsWith,Job-CJSTKQ,False,True,Default,Default,Default,Default,Default,1111,Empty,RyuJit,X64,8c5e7fda-e8bf-4a96-9a85-a6e23a8c635c,.NET Core 5.0,False,True,False,True,Default,Default,False,False,True,Default,Default,Default,Default,Default,.NET Core 5.0,Default,1,Default,Default,Default,Default,Default,Default,Default,Default,16,Default,dotNetTips.Spargine.Extensions.BenchmarkTests,EnumerableExtensions,1000,"5,038.269 ns",84.8060 ns,70.8169 ns,19.6411 ns,"4,936.598 ns","4,984.273 ns","5,034.222 ns","5,079.040 ns","5,164.762 ns","198,480.9",84.8060 ns,13.00,1.909,2.000,0.4289,47,*,No,0.0000,0.0000,0.0000,64 B,596 B
StructuralSequenceEqual,Job-CJSTKQ,False,True,Default,Default,Default,Default,Default,1111,Empty,RyuJit,X64,8c5e7fda-e8bf-4a96-9a85-a6e23a8c635c,.NET Core 5.0,False,True,False,True,Default,Default,False,False,True,Default,Default,Default,Default,Default,.NET Core 5.0,Default,1,Default,Default,Default,Default,Default,Default,Default,Default,16,Default,dotNetTips.Spargine.Extensions.BenchmarkTests,EnumerableExtensions,10,122.464 ns,1.2071 ns,1.1291 ns,0.2915 ns,119.852 ns,121.812 ns,122.906 ns,123.110 ns,124.062 ns,"8,165,647.5",1.2071 ns,15.00,2.584,2.000,-0.7062,8,*,No,0.0069,0.0000,0.0000,64 B,634 B
StructuralSequenceEqual,Job-CJSTKQ,False,True,Default,Default,Default,Default,Default,1111,Empty,RyuJit,X64,8c5e7fda-e8bf-4a96-9a85-a6e23a8c635c,.NET Core 5.0,False,True,False,True,Default,Default,False,False,True,Default,Default,Default,Default,Default,.NET Core 5.0,Default,1,Default,Default,Default,Default,Default,Default,Default,Default,16,Default,dotNetTips.Spargine.Extensions.BenchmarkTests,EnumerableExtensions,25,246.361 ns,2.2824 ns,2.0233 ns,0.5408 ns,241.688 ns,245.730 ns,246.292 ns,247.339 ns,250.146 ns,"4,059,079.2",2.2824 ns,14.00,3.200,2.000,-0.4743,12,*,No,0.0067,0.0000,0.0000,64 B,634 B
StructuralSequenceEqual,Job-CJSTKQ,False,True,Default,Default,Default,Default,Default,1111,Empty,RyuJit,X64,8c5e7fda-e8bf-4a96-9a85-a6e23a8c635c,.NET Core 5.0,False,True,False,True,Default,Default,False,False,True,Default,Default,Default,Default,Default,.NET Core 5.0,Default,1,Default,Default,Default,Default,Default,Default,Default,Default,16,Default,dotNetTips.Spargine.Extensions.BenchmarkTests,EnumerableExtensions,50,467.292 ns,4.0317 ns,3.7713 ns,0.9737 ns,462.116 ns,463.976 ns,467.860 ns,470.463 ns,472.643 ns,"2,139,987.9",4.0317 ns,15.00,1.431,2.000,-0.1853,20,*,No,0.0067,0.0000,0.0000,64 B,634 B
StructuralSequenceEqual,Job-CJSTKQ,False,True,Default,Default,Default,Default,Default,1111,Empty,RyuJit,X64,8c5e7fda-e8bf-4a96-9a85-a6e23a8c635c,.NET Core 5.0,False,True,False,True,Default,Default,False,False,True,Default,Default,Default,Default,Default,.NET Core 5.0,Default,1,Default,Default,Default,Default,Default,Default,Default,Default,16,Default,dotNetTips.Spargine.Extensions.BenchmarkTests,EnumerableExtensions,100,879.652 ns,5.3621 ns,5.0157 ns,1.2950 ns,869.498 ns,875.407 ns,881.106 ns,883.628 ns,886.239 ns,"1,136,813.2",5.3621 ns,15.00,1.885,2.000,-0.5557,28,*,No,0.0067,0.0000,0.0000,64 B,634 B
StructuralSequenceEqual,Job-CJSTKQ,False,True,Default,Default,Default,Default,Default,1111,Empty,RyuJit,X64,8c5e7fda-e8bf-4a96-9a85-a6e23a8c635c,.NET Core 5.0,False,True,False,True,Default,Default,False,False,True,Default,Default,Default,Default,Default,.NET Core 5.0,Default,1,Default,Default,Default,Default,Default,Default,Default,Default,16,Default,dotNetTips.Spargine.Extensions.BenchmarkTests,EnumerableExtensions,250,"2,192.755 ns",31.9518 ns,29.8877 ns,7.7170 ns,"2,145.813 ns","2,172.574 ns","2,188.581 ns","2,212.502 ns","2,249.549 ns","456,047.4",31.9518 ns,15.00,1.998,2.000,0.2998,37,*,No,0.0038,0.0000,0.0000,64 B,634 B
StructuralSequenceEqual,Job-CJSTKQ,False,True,Default,Default,Default,Default,Default,1111,Empty,RyuJit,X64,8c5e7fda-e8bf-4a96-9a85-a6e23a8c635c,.NET Core 5.0,False,True,False,True,Default,Default,False,False,True,Default,Default,Default,Default,Default,.NET Core 5.0,Default,1,Default,Default,Default,Default,Default,Default,Default,Default,16,Default,dotNetTips.Spargine.Extensions.BenchmarkTests,EnumerableExtensions,500,"4,345.636 ns",5.2576 ns,4.9179 ns,1.2698 ns,"4,337.231 ns","4,342.191 ns","4,345.172 ns","4,348.532 ns","4,355.507 ns","230,115.9",5.2576 ns,15.00,2.164,2.000,0.2054,46,*,No,0.0000,0.0000,0.0000,64 B,634 B
StructuralSequenceEqual,Job-CJSTKQ,False,True,Default,Default,Default,Default,Default,1111,Empty,RyuJit,X64,8c5e7fda-e8bf-4a96-9a85-a6e23a8c635c,.NET Core 5.0,False,True,False,True,Default,Default,False,False,True,Default,Default,Default,Default,Default,.NET Core 5.0,Default,1,Default,Default,Default,Default,Default,Default,Default,Default,16,Default,dotNetTips.Spargine.Extensions.BenchmarkTests,EnumerableExtensions,1000,"8,720.020 ns",33.3324 ns,31.1791 ns,8.0504 ns,"8,666.605 ns","8,695.898 ns","8,728.539 ns","8,745.495 ns","8,755.153 ns","114,678.6",33.3324 ns,15.00,1.592,2.000,-0.5020,56,*,No,0.0000,0.0000,0.0000,64 B,634 B
ToBlockingCollection,Job-CJSTKQ,False,True,Default,Default,Default,Default,Default,1111,Empty,RyuJit,X64,8c5e7fda-e8bf-4a96-9a85-a6e23a8c635c,.NET Core 5.0,False,True,False,True,Default,Default,False,False,True,Default,Default,Default,Default,Default,.NET Core 5.0,Default,1,Default,Default,Default,Default,Default,Default,Default,Default,16,Default,dotNetTips.Spargine.Extensions.BenchmarkTests,EnumerableExtensions,10,"2,353.088 ns",22.2527 ns,20.8152 ns,5.3745 ns,"2,314.930 ns","2,342.845 ns","2,353.791 ns","2,363.903 ns","2,391.172 ns","424,973.5",22.2527 ns,15.00,2.255,2.000,-0.2310,39,*,No,0.1678,0.0000,0.0000,1400 B,339 B
ToBlockingCollection,Job-CJSTKQ,False,True,Default,Default,Default,Default,Default,1111,Empty,RyuJit,X64,8c5e7fda-e8bf-4a96-9a85-a6e23a8c635c,.NET Core 5.0,False,True,False,True,Default,Default,False,False,True,Default,Default,Default,Default,Default,.NET Core 5.0,Default,1,Default,Default,Default,Default,Default,Default,Default,Default,16,Default,dotNetTips.Spargine.Extensions.BenchmarkTests,EnumerableExtensions,25,"3,595.958 ns",11.9369 ns,11.1657 ns,2.8830 ns,"3,580.256 ns","3,587.407 ns","3,596.455 ns","3,602.634 ns","3,618.029 ns","278,090.0",11.9369 ns,15.00,2.017,2.000,0.3995,45,*,No,0.1678,0.0000,0.0000,1400 B,339 B
ToBlockingCollection,Job-CJSTKQ,False,True,Default,Default,Default,Default,Default,1111,Empty,RyuJit,X64,8c5e7fda-e8bf-4a96-9a85-a6e23a8c635c,.NET Core 5.0,False,True,False,True,Default,Default,False,False,True,Default,Default,Default,Default,Default,.NET Core 5.0,Default,1,Default,Default,Default,Default,Default,Default,Default,Default,16,Default,dotNetTips.Spargine.Extensions.BenchmarkTests,EnumerableExtensions,50,"6,306.188 ns",20.3337 ns,18.0253 ns,4.8175 ns,"6,269.614 ns","6,297.416 ns","6,304.998 ns","6,318.098 ns","6,336.221 ns","158,574.4",20.3337 ns,14.00,2.275,2.000,-0.2547,53,*,No,0.2975,0.0000,0.0000,2680 B,339 B
ToBlockingCollection,Job-CJSTKQ,False,True,Default,Default,Default,Default,Default,1111,Empty,RyuJit,X64,8c5e7fda-e8bf-4a96-9a85-a6e23a8c635c,.NET Core 5.0,False,True,False,True,Default,Default,False,False,True,Default,Default,Default,Default,Default,.NET Core 5.0,Default,1,Default,Default,Default,Default,Default,Default,Default,Default,16,Default,dotNetTips.Spargine.Extensions.BenchmarkTests,EnumerableExtensions,100,"15,954.362 ns",41.4981 ns,36.7870 ns,9.8317 ns,"15,888.681 ns","15,939.906 ns","15,955.331 ns","15,978.951 ns","16,014.713 ns","62,678.8",41.4981 ns,14.00,1.967,2.000,-0.2170,63,*,No,0.5188,0.0000,0.0000,5048 B,339 B
ToBlockingCollection,Job-CJSTKQ,False,True,Default,Default,Default,Default,Default,1111,Empty,RyuJit,X64,8c5e7fda-e8bf-4a96-9a85-a6e23a8c635c,.NET Core 5.0,False,True,False,True,Default,Default,False,False,True,Default,Default,Default,Default,Default,.NET Core 5.0,Default,1,Default,Default,Default,Default,Default,Default,Default,Default,16,Default,dotNetTips.Spargine.Extensions.BenchmarkTests,EnumerableExtensions,250,"30,084.006 ns",361.9142 ns,338.5348 ns,87.4093 ns,"29,531.079 ns","29,829.395 ns","30,021.356 ns","30,417.342 ns","30,590.634 ns","33,240.3",361.9142 ns,15.00,1.429,2.000,0.0474,69,*,No,1.0681,0.0000,0.0000,9400 B,339 B
ToBlockingCollection,Job-CJSTKQ,False,True,Default,Default,Default,Default,Default,1111,Empty,RyuJit,X64,8c5e7fda-e8bf-4a96-9a85-a6e23a8c635c,.NET Core 5.0,False,True,False,True,Default,Default,False,False,True,Default,Default,Default,Default,Default,.NET Core 5.0,Default,1,Default,Default,Default,Default,Default,Default,Default,Default,16,Default,dotNetTips.Spargine.Extensions.BenchmarkTests,EnumerableExtensions,500,"52,150.849 ns",511.6875 ns,478.6328 ns,123.5825 ns,"51,415.717 ns","51,868.347 ns","51,962.939 ns","52,523.288 ns","52,965.271 ns","19,175.1",511.6875 ns,15.00,1.696,2.000,0.2406,72,*,No,2.0752,0.0610,0.0000,17848 B,339 B
ToBlockingCollection,Job-CJSTKQ,False,True,Default,Default,Default,Default,Default,1111,Empty,RyuJit,X64,8c5e7fda-e8bf-4a96-9a85-a6e23a8c635c,.NET Core 5.0,False,True,False,True,Default,Default,False,False,True,Default,Default,Default,Default,Default,.NET Core 5.0,Default,1,Default,Default,Default,Default,Default,Default,Default,Default,16,Default,dotNetTips.Spargine.Extensions.BenchmarkTests,EnumerableExtensions,1000,"91,782.728 ns",700.8931 ns,655.6159 ns,169.2793 ns,"90,734.546 ns","91,186.255 ns","91,948.901 ns","92,236.737 ns","92,683.374 ns","10,895.3",700.8931 ns,15.00,1.592,2.000,-0.2807,75,*,No,3.9063,0.0000,0.0000,34488 B,339 B
ToDelimitedString,Job-CJSTKQ,False,True,Default,Default,Default,Default,Default,1111,Empty,RyuJit,X64,8c5e7fda-e8bf-4a96-9a85-a6e23a8c635c,.NET Core 5.0,False,True,False,True,Default,Default,False,False,True,Default,Default,Default,Default,Default,.NET Core 5.0,Default,1,Default,Default,Default,Default,Default,Default,Default,Default,16,Default,dotNetTips.Spargine.Extensions.BenchmarkTests,EnumerableExtensions,10,"1,567.254 ns",5.1339 ns,4.5511 ns,1.2163 ns,"1,559.485 ns","1,563.466 ns","1,567.061 ns","1,571.219 ns","1,574.204 ns","638,058.7",5.1339 ns,14.00,1.475,2.000,-0.0995,33,*,No,0.4139,0.0000,0.0000,3768 B,406 B
ToDelimitedString,Job-CJSTKQ,False,True,Default,Default,Default,Default,Default,1111,Empty,RyuJit,X64,8c5e7fda-e8bf-4a96-9a85-a6e23a8c635c,.NET Core 5.0,False,True,False,True,Default,Default,False,False,True,Default,Default,Default,Default,Default,.NET Core 5.0,Default,1,Default,Default,Default,Default,Default,Default,Default,Default,16,Default,dotNetTips.Spargine.Extensions.BenchmarkTests,EnumerableExtensions,25,"3,487.120 ns",22.4902 ns,21.0374 ns,5.4318 ns,"3,445.819 ns","3,477.440 ns","3,494.585 ns","3,500.798 ns","3,518.461 ns","286,769.6",22.4902 ns,15.00,2.420,2.000,-0.6810,43,*,No,0.9651,0.0038,0.0000,8752 B,406 B
ToDelimitedString,Job-CJSTKQ,False,True,Default,Default,Default,Default,Default,1111,Empty,RyuJit,X64,8c5e7fda-e8bf-4a96-9a85-a6e23a8c635c,.NET Core 5.0,False,True,False,True,Default,Default,False,False,True,Default,Default,Default,Default,Default,.NET Core 5.0,Default,1,Default,Default,Default,Default,Default,Default,Default,Default,16,Default,dotNetTips.Spargine.Extensions.BenchmarkTests,EnumerableExtensions,50,"6,580.357 ns",21.6566 ns,20.2576 ns,5.2305 ns,"6,550.843 ns","6,563.731 ns","6,579.157 ns","6,595.205 ns","6,614.894 ns","151,967.4",21.6566 ns,15.00,1.611,2.000,0.1987,54,*,No,1.8845,0.0229,0.0000,17048 B,406 B
ToDelimitedString,Job-CJSTKQ,False,True,Default,Default,Default,Default,Default,1111,Empty,RyuJit,X64,8c5e7fda-e8bf-4a96-9a85-a6e23a8c635c,.NET Core 5.0,False,True,False,True,Default,Default,False,False,True,Default,Default,Default,Default,Default,.NET Core 5.0,Default,1,Default,Default,Default,Default,Default,Default,Default,Default,16,Default,dotNetTips.Spargine.Extensions.BenchmarkTests,EnumerableExtensions,100,"13,285.137 ns",41.8164 ns,37.0691 ns,9.9071 ns,"13,217.546 ns","13,261.301 ns","13,295.485 ns","13,307.906 ns","13,335.394 ns","75,272.1",41.8164 ns,14.00,1.956,2.000,-0.5285,62,*,No,3.7994,0.0763,0.0000,33648 B,406 B
ToDelimitedString,Job-CJSTKQ,False,True,Default,Default,Default,Default,Default,1111,Empty,RyuJit,X64,8c5e7fda-e8bf-4a96-9a85-a6e23a8c635c,.NET Core 5.0,False,True,False,True,Default,Default,False,False,True,Default,Default,Default,Default,Default,.NET Core 5.0,Default,1,Default,Default,Default,Default,Default,Default,Default,Default,16,Default,dotNetTips.Spargine.Extensions.BenchmarkTests,EnumerableExtensions,250,"31,604.050 ns",59.1257 ns,52.4134 ns,14.0081 ns,"31,512.827 ns","31,553.520 ns","31,624.948 ns","31,645.836 ns","31,663.516 ns","31,641.5",59.1257 ns,14.00,1.371,2.000,-0.3563,70,*,No,9.3384,0.0610,0.0000,83448 B,406 B
ToDelimitedString,Job-CJSTKQ,False,True,Default,Default,Default,Default,Default,1111,Empty,RyuJit,X64,8c5e7fda-e8bf-4a96-9a85-a6e23a8c635c,.NET Core 5.0,False,True,False,True,Default,Default,False,False,True,Default,Default,Default,Default,Default,.NET Core 5.0,Default,1,Default,Default,Default,Default,Default,Default,Default,Default,16,Default,dotNetTips.Spargine.Extensions.BenchmarkTests,EnumerableExtensions,500,"61,768.849 ns",167.9576 ns,140.2522 ns,38.8990 ns,"61,508.850 ns","61,718.781 ns","61,767.932 ns","61,847.498 ns","61,999.915 ns","16,189.4",167.9576 ns,13.00,2.464,2.000,-0.5415,73,*,No,17.7612,1.8921,0.0000,162448 B,406 B
ToDelimitedString,Job-CJSTKQ,False,True,Default,Default,Default,Default,Default,1111,Empty,RyuJit,X64,8c5e7fda-e8bf-4a96-9a85-a6e23a8c635c,.NET Core 5.0,False,True,False,True,Default,Default,False,False,True,Default,Default,Default,Default,Default,.NET Core 5.0,Default,1,Default,Default,Default,Default,Default,Default,Default,Default,16,Default,dotNetTips.Spargine.Extensions.BenchmarkTests,EnumerableExtensions,1000,"124,461.712 ns",739.1281 ns,691.3809 ns,178.5138 ns,"123,256.567 ns","124,019.275 ns","124,358.447 ns","124,908.679 ns","125,470.605 ns","8,034.6",739.1281 ns,15.00,1.797,2.000,0.0429,76,*,No,34.6680,0.0000,0.0000,320520 B,406 B
ToDictionary,Job-CJSTKQ,False,True,Default,Default,Default,Default,Default,1111,Empty,RyuJit,X64,8c5e7fda-e8bf-4a96-9a85-a6e23a8c635c,.NET Core 5.0,False,True,False,True,Default,Default,False,False,True,Default,Default,Default,Default,Default,.NET Core 5.0,Default,1,Default,Default,Default,Default,Default,Default,Default,Default,16,Default,dotNetTips.Spargine.Extensions.BenchmarkTests,EnumerableExtensions,10,348.194 ns,4.2106 ns,3.9386 ns,1.0169 ns,338.381 ns,346.429 ns,350.378 ns,350.964 ns,353.148 ns,"2,871,965.8",4.2106 ns,15.00,3.110,2.000,-0.9721,18,*,No,0.0477,0.0000,0.0000,440 B,1141 B
ToDictionary,Job-CJSTKQ,False,True,Default,Default,Default,Default,Default,1111,Empty,RyuJit,X64,8c5e7fda-e8bf-4a96-9a85-a6e23a8c635c,.NET Core 5.0,False,True,False,True,Default,Default,False,False,True,Default,Default,Default,Default,Default,.NET Core 5.0,Default,1,Default,Default,Default,Default,Default,Default,Default,Default,16,Default,dotNetTips.Spargine.Extensions.BenchmarkTests,EnumerableExtensions,25,768.533 ns,5.9977 ns,5.6103 ns,1.4486 ns,759.561 ns,764.481 ns,770.176 ns,772.666 ns,777.719 ns,"1,301,179.5",5.9977 ns,15.00,1.624,2.000,-0.0583,27,*,No,0.1030,0.0000,0.0000,944 B,1141 B
ToDictionary,Job-CJSTKQ,False,True,Default,Default,Default,Default,Default,1111,Empty,RyuJit,X64,8c5e7fda-e8bf-4a96-9a85-a6e23a8c635c,.NET Core 5.0,False,True,False,True,Default,Default,False,False,True,Default,Default,Default,Default,Default,.NET Core 5.0,Default,1,Default,Default,Default,Default,Default,Default,Default,Default,16,Default,dotNetTips.Spargine.Extensions.BenchmarkTests,EnumerableExtensions,50,"1,627.277 ns",7.5710 ns,7.0819 ns,1.8285 ns,"1,615.177 ns","1,621.643 ns","1,626.430 ns","1,633.800 ns","1,636.826 ns","614,523.4",7.5710 ns,15.00,1.566,2.000,-0.2163,34,*,No,0.2003,0.0000,0.0000,1784 B,1141 B
ToDictionary,Job-CJSTKQ,False,True,Default,Default,Default,Default,Default,1111,Empty,RyuJit,X64,8c5e7fda-e8bf-4a96-9a85-a6e23a8c635c,.NET Core 5.0,False,True,False,True,Default,Default,False,False,True,Default,Default,Default,Default,Default,.NET Core 5.0,Default,1,Default,Default,Default,Default,Default,Default,Default,Default,16,Default,dotNetTips.Spargine.Extensions.BenchmarkTests,EnumerableExtensions,100,"3,442.011 ns",13.2950 ns,11.7857 ns,3.1499 ns,"3,424.339 ns","3,433.709 ns","3,439.834 ns","3,448.058 ns","3,467.081 ns","290,527.8",13.2950 ns,14.00,2.294,2.000,0.4715,42,*,No,0.3433,0.0000,0.0000,3128 B,1141 B
ToDictionary,Job-CJSTKQ,False,True,Default,Default,Default,Default,Default,1111,Empty,RyuJit,X64,8c5e7fda-e8bf-4a96-9a85-a6e23a8c635c,.NET Core 5.0,False,True,False,True,Default,Default,False,False,True,Default,Default,Default,Default,Default,.NET Core 5.0,Default,1,Default,Default,Default,Default,Default,Default,Default,Default,16,Default,dotNetTips.Spargine.Extensions.BenchmarkTests,EnumerableExtensions,250,"9,589.327 ns",57.6106 ns,53.8890 ns,13.9141 ns,"9,480.002 ns","9,548.478 ns","9,590.582 ns","9,624.468 ns","9,690.054 ns","104,282.6",57.6106 ns,15.00,2.407,2.000,0.0049,57,*,No,0.9155,0.0000,0.0000,8336 B,1141 B
ToDictionary,Job-CJSTKQ,False,True,Default,Default,Default,Default,Default,1111,Empty,RyuJit,X64,8c5e7fda-e8bf-4a96-9a85-a6e23a8c635c,.NET Core 5.0,False,True,False,True,Default,Default,False,False,True,Default,Default,Default,Default,Default,.NET Core 5.0,Default,1,Default,Default,Default,Default,Default,Default,Default,Default,16,Default,dotNetTips.Spargine.Extensions.BenchmarkTests,EnumerableExtensions,500,"22,673.195 ns",117.0531 ns,103.7646 ns,27.7322 ns,"22,513.412 ns","22,588.847 ns","22,668.690 ns","22,751.472 ns","22,829.166 ns","44,104.9",117.0531 ns,14.00,1.491,2.000,0.0257,64,*,No,1.5869,0.0000,0.0000,14720 B,1141 B
ToDictionary,Job-CJSTKQ,False,True,Default,Default,Default,Default,Default,1111,Empty,RyuJit,X64,8c5e7fda-e8bf-4a96-9a85-a6e23a8c635c,.NET Core 5.0,False,True,False,True,Default,Default,False,False,True,Default,Default,Default,Default,Default,.NET Core 5.0,Default,1,Default,Default,Default,Default,Default,Default,Default,Default,16,Default,dotNetTips.Spargine.Extensions.BenchmarkTests,EnumerableExtensions,1000,"50,675.719 ns",243.0447 ns,227.3442 ns,58.7000 ns,"50,317.511 ns","50,485.986 ns","50,704.736 ns","50,866.833 ns","50,992.780 ns","19,733.3",243.0447 ns,15.00,1.436,2.000,-0.2181,71,*,No,3.0518,0.0000,0.0000,31016 B,1141 B
ToLinkedList,Job-CJSTKQ,False,True,Default,Default,Default,Default,Default,1111,Empty,RyuJit,X64,8c5e7fda-e8bf-4a96-9a85-a6e23a8c635c,.NET Core 5.0,False,True,False,True,Default,Default,False,False,True,Default,Default,Default,Default,Default,.NET Core 5.0,Default,1,Default,Default,Default,Default,Default,Default,Default,Default,16,Default,dotNetTips.Spargine.Extensions.BenchmarkTests,EnumerableExtensions,10,290.055 ns,1.6927 ns,1.5005 ns,0.4010 ns,287.433 ns,289.091 ns,289.948 ns,291.142 ns,292.922 ns,"3,447,620.2",1.6927 ns,14.00,2.016,2.000,0.1336,15,*,No,0.0620,0.0000,0.0000,560 B,171 B
ToLinkedList,Job-CJSTKQ,False,True,Default,Default,Default,Default,Default,1111,Empty,RyuJit,X64,8c5e7fda-e8bf-4a96-9a85-a6e23a8c635c,.NET Core 5.0,False,True,False,True,Default,Default,False,False,True,Default,Default,Default,Default,Default,.NET Core 5.0,Default,1,Default,Default,Default,Default,Default,Default,Default,Default,16,Default,dotNetTips.Spargine.Extensions.BenchmarkTests,EnumerableExtensions,25,649.289 ns,1.8100 ns,1.6931 ns,0.4372 ns,647.306 ns,647.973 ns,649.168 ns,650.349 ns,652.892 ns,"1,540,146.9",1.8100 ns,15.00,2.106,2.000,0.5539,25,*,No,0.1411,0.0000,0.0000,1280 B,171 B
ToLinkedList,Job-CJSTKQ,False,True,Default,Default,Default,Default,Default,1111,Empty,RyuJit,X64,8c5e7fda-e8bf-4a96-9a85-a6e23a8c635c,.NET Core 5.0,False,True,False,True,Default,Default,False,False,True,Default,Default,Default,Default,Default,.NET Core 5.0,Default,1,Default,Default,Default,Default,Default,Default,Default,Default,16,Default,dotNetTips.Spargine.Extensions.BenchmarkTests,EnumerableExtensions,50,"1,325.717 ns",5.1434 ns,4.8111 ns,1.2422 ns,"1,319.466 ns","1,321.916 ns","1,325.190 ns","1,330.285 ns","1,333.064 ns","754,308.7",5.1434 ns,15.00,1.286,2.000,0.0187,32,*,No,0.2708,0.0000,0.0000,2480 B,171 B
ToLinkedList,Job-CJSTKQ,False,True,Default,Default,Default,Default,Default,1111,Empty,RyuJit,X64,8c5e7fda-e8bf-4a96-9a85-a6e23a8c635c,.NET Core 5.0,False,True,False,True,Default,Default,False,False,True,Default,Default,Default,Default,Default,.NET Core 5.0,Default,1,Default,Default,Default,Default,Default,Default,Default,Default,16,Default,dotNetTips.Spargine.Extensions.BenchmarkTests,EnumerableExtensions,100,"2,465.209 ns",16.0599 ns,13.4108 ns,3.7195 ns,"2,423.073 ns","2,463.786 ns","2,468.393 ns","2,471.338 ns","2,477.120 ns","405,645.1",16.0599 ns,13.00,7.573,2.000,-2.2845,40,*,No,0.5379,0.0076,0.0000,4880 B,171 B
ToLinkedList,Job-CJSTKQ,False,True,Default,Default,Default,Default,Default,1111,Empty,RyuJit,X64,8c5e7fda-e8bf-4a96-9a85-a6e23a8c635c,.NET Core 5.0,False,True,False,True,Default,Default,False,False,True,Default,Default,Default,Default,Default,.NET Core 5.0,Default,1,Default,Default,Default,Default,Default,Default,Default,Default,16,Default,dotNetTips.Spargine.Extensions.BenchmarkTests,EnumerableExtensions,250,"6,136.024 ns",22.8830 ns,21.4048 ns,5.5267 ns,"6,081.834 ns","6,126.598 ns","6,141.356 ns","6,148.483 ns","6,170.295 ns","162,972.0",22.8830 ns,15.00,3.431,2.000,-0.8610,52,*,No,1.3199,0.0000,0.0000,12080 B,171 B
ToLinkedList,Job-CJSTKQ,False,True,Default,Default,Default,Default,Default,1111,Empty,RyuJit,X64,8c5e7fda-e8bf-4a96-9a85-a6e23a8c635c,.NET Core 5.0,False,True,False,True,Default,Default,False,False,True,Default,Default,Default,Default,Default,.NET Core 5.0,Default,1,Default,Default,Default,Default,Default,Default,Default,Default,16,Default,dotNetTips.Spargine.Extensions.BenchmarkTests,EnumerableExtensions,500,"12,538.820 ns",65.1692 ns,60.9593 ns,15.7396 ns,"12,450.633 ns","12,472.456 ns","12,570.461 ns","12,587.156 ns","12,621.037 ns","79,752.3",65.1692 ns,15.00,1.276,2.000,-0.2922,61,*,No,2.6245,0.1526,0.0000,24080 B,171 B
ToLinkedList,Job-CJSTKQ,False,True,Default,Default,Default,Default,Default,1111,Empty,RyuJit,X64,8c5e7fda-e8bf-4a96-9a85-a6e23a8c635c,.NET Core 5.0,False,True,False,True,Default,Default,False,False,True,Default,Default,Default,Default,Default,.NET Core 5.0,Default,1,Default,Default,Default,Default,Default,Default,Default,Default,16,Default,dotNetTips.Spargine.Extensions.BenchmarkTests,EnumerableExtensions,1000,"25,245.125 ns",234.1766 ns,219.0489 ns,56.5582 ns,"24,881.277 ns","25,153.798 ns","25,245.764 ns","25,362.698 ns","25,668.753 ns","39,611.6",234.1766 ns,15.00,2.169,2.000,0.1119,65,*,No,5.1880,0.0000,0.0000,48080 B,171 B
