Method,Job,AnalyzeLaunchVariance,EvaluateOverhead,MaxAbsoluteError,MaxRelativeError,MinInvokeCount,MinIterationTime,OutlierMode,Affinity,EnvironmentVariables,Jit,Platform,PowerPlanMode,Runtime,AllowVeryLargeObjects,Concurrent,CpuGroups,Force,HeapAffinitizeMask,HeapCount,NoAffinitize,RetainVm,Server,Arguments,BuildConfiguration,Clock,EngineFactory,NuGetReferences,Toolchain,IsMutator,InvocationCount,IterationCount,IterationTime,LaunchCount,MaxIterationCount,MaxWarmupIterationCount,MinIterationCount,MinWarmupIterationCount,RunStrategy,UnrollFactor,WarmupCount,Namespace,Categories,Count,Mean,Error,StdDev,StdErr,Min,Q1,Median,Q3,Max,Op/s,CI99.9% Margin,Iterations,Kurtosis,MValue,Skewness,Rank,LogicalGroup,Baseline,Gen 0,Gen 1,Gen 2,Allocated,Code Size
'Upsert:New Person',Job-CJSTKQ,False,True,Default,Default,Default,Default,Default,1111,Empty,RyuJit,X64,8c5e7fda-e8bf-4a96-9a85-a6e23a8c635c,.NET Core 5.0,False,True,False,True,Default,Default,False,False,True,Default,Default,Default,Default,Default,.NET Core 5.0,Default,1,Default,Default,Default,Default,Default,Default,Default,Default,16,Default,dotNetTips.Spargine.Extensions.BenchmarkTests,DictionaryExtensions,10,30.50 ns,0.048 ns,0.044 ns,0.011 ns,30.41 ns,30.47 ns,30.49 ns,30.53 ns,30.57 ns,"32,785,445.9",0.0476 ns,15.00,2.1224,2.000,-0.0241,3,*,No,0.0000,0.0000,0.0000,0 B,252 B
'Upsert:New Person',Job-CJSTKQ,False,True,Default,Default,Default,Default,Default,1111,Empty,RyuJit,X64,8c5e7fda-e8bf-4a96-9a85-a6e23a8c635c,.NET Core 5.0,False,True,False,True,Default,Default,False,False,True,Default,Default,Default,Default,Default,.NET Core 5.0,Default,1,Default,Default,Default,Default,Default,Default,Default,Default,16,Default,dotNetTips.Spargine.Extensions.BenchmarkTests,DictionaryExtensions,25,29.46 ns,0.509 ns,0.398 ns,0.115 ns,28.79 ns,29.24 ns,29.49 ns,29.70 ns,30.18 ns,"33,942,489.7",0.5094 ns,12.00,1.9235,2.000,-0.0128,2,*,No,0.0000,0.0000,0.0000,0 B,252 B
'Upsert:New Person',Job-CJSTKQ,False,True,Default,Default,Default,Default,Default,1111,Empty,RyuJit,X64,8c5e7fda-e8bf-4a96-9a85-a6e23a8c635c,.NET Core 5.0,False,True,False,True,Default,Default,False,False,True,Default,Default,Default,Default,Default,.NET Core 5.0,Default,1,Default,Default,Default,Default,Default,Default,Default,Default,16,Default,dotNetTips.Spargine.Extensions.BenchmarkTests,DictionaryExtensions,50,31.21 ns,0.651 ns,0.912 ns,0.176 ns,29.62 ns,30.79 ns,31.26 ns,32.04 ns,33.06 ns,"32,039,689.8",0.6505 ns,27.00,2.1399,2.000,-0.2513,4,*,No,0.0000,0.0000,0.0000,0 B,252 B
'Upsert:New Person',Job-CJSTKQ,False,True,Default,Default,Default,Default,Default,1111,Empty,RyuJit,X64,8c5e7fda-e8bf-4a96-9a85-a6e23a8c635c,.NET Core 5.0,False,True,False,True,Default,Default,False,False,True,Default,Default,Default,Default,Default,.NET Core 5.0,Default,1,Default,Default,Default,Default,Default,Default,Default,Default,16,Default,dotNetTips.Spargine.Extensions.BenchmarkTests,DictionaryExtensions,100,31.27 ns,0.061 ns,0.057 ns,0.015 ns,31.17 ns,31.23 ns,31.25 ns,31.31 ns,31.38 ns,"31,981,974.3",0.0606 ns,15.00,2.1969,2.000,0.4979,4,*,No,0.0000,0.0000,0.0000,0 B,252 B
'Upsert:New Person',Job-CJSTKQ,False,True,Default,Default,Default,Default,Default,1111,Empty,RyuJit,X64,8c5e7fda-e8bf-4a96-9a85-a6e23a8c635c,.NET Core 5.0,False,True,False,True,Default,Default,False,False,True,Default,Default,Default,Default,Default,.NET Core 5.0,Default,1,Default,Default,Default,Default,Default,Default,Default,Default,16,Default,dotNetTips.Spargine.Extensions.BenchmarkTests,DictionaryExtensions,250,31.61 ns,0.640 ns,0.786 ns,0.168 ns,29.68 ns,31.38 ns,32.01 ns,32.07 ns,32.16 ns,"31,631,299.6",0.6401 ns,22.00,3.2652,2.000,-1.3501,5,*,No,0.0000,0.0000,0.0000,0 B,252 B
'Upsert:New Person',Job-CJSTKQ,False,True,Default,Default,Default,Default,Default,1111,Empty,RyuJit,X64,8c5e7fda-e8bf-4a96-9a85-a6e23a8c635c,.NET Core 5.0,False,True,False,True,Default,Default,False,False,True,Default,Default,Default,Default,Default,.NET Core 5.0,Default,1,Default,Default,Default,Default,Default,Default,Default,Default,16,Default,dotNetTips.Spargine.Extensions.BenchmarkTests,DictionaryExtensions,500,30.17 ns,0.137 ns,0.122 ns,0.033 ns,29.91 ns,30.08 ns,30.19 ns,30.24 ns,30.38 ns,"33,143,916.7",0.1375 ns,14.00,2.4291,2.000,-0.2786,3,*,No,0.0000,0.0000,0.0000,0 B,252 B
'Upsert:New Person',Job-CJSTKQ,False,True,Default,Default,Default,Default,Default,1111,Empty,RyuJit,X64,8c5e7fda-e8bf-4a96-9a85-a6e23a8c635c,.NET Core 5.0,False,True,False,True,Default,Default,False,False,True,Default,Default,Default,Default,Default,.NET Core 5.0,Default,1,Default,Default,Default,Default,Default,Default,Default,Default,16,Default,dotNetTips.Spargine.Extensions.BenchmarkTests,DictionaryExtensions,1000,28.94 ns,0.060 ns,0.053 ns,0.014 ns,28.86 ns,28.90 ns,28.94 ns,28.97 ns,29.06 ns,"34,552,673.5",0.0602 ns,14.00,2.8131,2.000,0.3837,1,*,No,0.0000,0.0000,0.0000,0 B,252 B
GetOrAdd:Dictionary,Job-CJSTKQ,False,True,Default,Default,Default,Default,Default,1111,Empty,RyuJit,X64,8c5e7fda-e8bf-4a96-9a85-a6e23a8c635c,.NET Core 5.0,False,True,False,True,Default,Default,False,False,True,Default,Default,Default,Default,Default,.NET Core 5.0,Default,1,Default,Default,Default,Default,Default,Default,Default,Default,16,Default,dotNetTips.Spargine.Extensions.BenchmarkTests,DictionaryExtensions,10,246.99 ns,4.640 ns,4.765 ns,1.156 ns,236.04 ns,246.83 ns,248.85 ns,250.25 ns,251.17 ns,"4,048,824.2",4.6396 ns,17.00,3.3877,2.000,-1.3329,11,*,No,0.0062,0.0000,0.0000,56 B,592 B
GetOrAdd:Dictionary,Job-CJSTKQ,False,True,Default,Default,Default,Default,Default,1111,Empty,RyuJit,X64,8c5e7fda-e8bf-4a96-9a85-a6e23a8c635c,.NET Core 5.0,False,True,False,True,Default,Default,False,False,True,Default,Default,Default,Default,Default,.NET Core 5.0,Default,1,Default,Default,Default,Default,Default,Default,Default,Default,16,Default,dotNetTips.Spargine.Extensions.BenchmarkTests,DictionaryExtensions,25,439.57 ns,2.306 ns,2.044 ns,0.546 ns,435.56 ns,438.50 ns,440.10 ns,441.27 ns,441.60 ns,"2,274,972.1",2.3056 ns,14.00,2.2031,2.000,-0.8121,13,*,No,0.0057,0.0000,0.0000,56 B,592 B
GetOrAdd:Dictionary,Job-CJSTKQ,False,True,Default,Default,Default,Default,Default,1111,Empty,RyuJit,X64,8c5e7fda-e8bf-4a96-9a85-a6e23a8c635c,.NET Core 5.0,False,True,False,True,Default,Default,False,False,True,Default,Default,Default,Default,Default,.NET Core 5.0,Default,1,Default,Default,Default,Default,Default,Default,Default,Default,16,Default,dotNetTips.Spargine.Extensions.BenchmarkTests,DictionaryExtensions,50,781.07 ns,0.682 ns,0.604 ns,0.162 ns,780.22 ns,780.50 ns,781.09 ns,781.48 ns,782.10 ns,"1,280,292.1",0.6817 ns,14.00,1.5788,2.000,0.0315,14,*,No,0.0057,0.0000,0.0000,56 B,592 B
GetOrAdd:Dictionary,Job-CJSTKQ,False,True,Default,Default,Default,Default,Default,1111,Empty,RyuJit,X64,8c5e7fda-e8bf-4a96-9a85-a6e23a8c635c,.NET Core 5.0,False,True,False,True,Default,Default,False,False,True,Default,Default,Default,Default,Default,.NET Core 5.0,Default,1,Default,Default,Default,Default,Default,Default,Default,Default,16,Default,dotNetTips.Spargine.Extensions.BenchmarkTests,DictionaryExtensions,100,"1,490.91 ns",1.345 ns,1.192 ns,0.319 ns,"1,488.80 ns","1,490.19 ns","1,491.01 ns","1,491.63 ns","1,492.78 ns","670,730.6",1.3450 ns,14.00,1.9299,2.000,-0.1138,17,*,No,0.0057,0.0000,0.0000,56 B,592 B
GetOrAdd:Dictionary,Job-CJSTKQ,False,True,Default,Default,Default,Default,Default,1111,Empty,RyuJit,X64,8c5e7fda-e8bf-4a96-9a85-a6e23a8c635c,.NET Core 5.0,False,True,False,True,Default,Default,False,False,True,Default,Default,Default,Default,Default,.NET Core 5.0,Default,1,Default,Default,Default,Default,Default,Default,Default,Default,16,Default,dotNetTips.Spargine.Extensions.BenchmarkTests,DictionaryExtensions,250,"3,677.23 ns",3.907 ns,3.463 ns,0.926 ns,"3,669.77 ns","3,674.99 ns","3,677.91 ns","3,679.91 ns","3,680.90 ns","271,943.5",3.9066 ns,14.00,2.2696,2.000,-0.7528,19,*,No,0.0038,0.0000,0.0000,56 B,592 B
GetOrAdd:Dictionary,Job-CJSTKQ,False,True,Default,Default,Default,Default,Default,1111,Empty,RyuJit,X64,8c5e7fda-e8bf-4a96-9a85-a6e23a8c635c,.NET Core 5.0,False,True,False,True,Default,Default,False,False,True,Default,Default,Default,Default,Default,.NET Core 5.0,Default,1,Default,Default,Default,Default,Default,Default,Default,Default,16,Default,dotNetTips.Spargine.Extensions.BenchmarkTests,DictionaryExtensions,500,"6,925.69 ns",6.251 ns,4.881 ns,1.409 ns,"6,912.91 ns","6,925.26 ns","6,926.88 ns","6,928.17 ns","6,930.82 ns","144,389.9",6.2513 ns,12.00,4.1806,2.000,-1.3874,22,*,No,0.0000,0.0000,0.0000,56 B,592 B
GetOrAdd:Dictionary,Job-CJSTKQ,False,True,Default,Default,Default,Default,Default,1111,Empty,RyuJit,X64,8c5e7fda-e8bf-4a96-9a85-a6e23a8c635c,.NET Core 5.0,False,True,False,True,Default,Default,False,False,True,Default,Default,Default,Default,Default,.NET Core 5.0,Default,1,Default,Default,Default,Default,Default,Default,Default,Default,16,Default,dotNetTips.Spargine.Extensions.BenchmarkTests,DictionaryExtensions,1000,"14,413.12 ns",177.005 ns,165.571 ns,42.750 ns,"14,228.98 ns","14,263.21 ns","14,302.01 ns","14,571.63 ns","14,615.44 ns","69,381.2",177.0051 ns,15.00,0.9404,2.000,0.1207,25,*,No,0.0000,0.0000,0.0000,56 B,592 B
GetOrAdd:Dictionary-New,Job-CJSTKQ,False,True,Default,Default,Default,Default,Default,1111,Empty,RyuJit,X64,8c5e7fda-e8bf-4a96-9a85-a6e23a8c635c,.NET Core 5.0,False,True,False,True,Default,Default,False,False,True,Default,Default,Default,Default,Default,.NET Core 5.0,Default,1,Default,Default,Default,Default,Default,Default,Default,Default,16,Default,dotNetTips.Spargine.Extensions.BenchmarkTests,DictionaryExtensions,10,36.33 ns,0.050 ns,0.045 ns,0.012 ns,36.28 ns,36.30 ns,36.32 ns,36.36 ns,36.43 ns,"27,521,692.0",0.0504 ns,14.00,2.2195,2.000,0.6951,8,*,No,0.0000,0.0000,0.0000,0 B,408 B
GetOrAdd:Dictionary-New,Job-CJSTKQ,False,True,Default,Default,Default,Default,Default,1111,Empty,RyuJit,X64,8c5e7fda-e8bf-4a96-9a85-a6e23a8c635c,.NET Core 5.0,False,True,False,True,Default,Default,False,False,True,Default,Default,Default,Default,Default,.NET Core 5.0,Default,1,Default,Default,Default,Default,Default,Default,Default,Default,16,Default,dotNetTips.Spargine.Extensions.BenchmarkTests,DictionaryExtensions,25,36.45 ns,0.741 ns,1.015 ns,0.199 ns,34.10 ns,35.80 ns,36.72 ns,36.83 ns,37.93 ns,"27,435,593.9",0.7412 ns,26.00,2.3108,2.000,-0.3605,8,*,No,0.0000,0.0000,0.0000,0 B,408 B
GetOrAdd:Dictionary-New,Job-CJSTKQ,False,True,Default,Default,Default,Default,Default,1111,Empty,RyuJit,X64,8c5e7fda-e8bf-4a96-9a85-a6e23a8c635c,.NET Core 5.0,False,True,False,True,Default,Default,False,False,True,Default,Default,Default,Default,Default,.NET Core 5.0,Default,1,Default,Default,Default,Default,Default,Default,Default,Default,16,Default,dotNetTips.Spargine.Extensions.BenchmarkTests,DictionaryExtensions,50,34.53 ns,0.161 ns,0.150 ns,0.039 ns,34.36 ns,34.43 ns,34.49 ns,34.61 ns,34.85 ns,"28,958,215.5",0.1607 ns,15.00,2.2230,2.000,0.6867,6,*,No,0.0000,0.0000,0.0000,0 B,408 B
GetOrAdd:Dictionary-New,Job-CJSTKQ,False,True,Default,Default,Default,Default,Default,1111,Empty,RyuJit,X64,8c5e7fda-e8bf-4a96-9a85-a6e23a8c635c,.NET Core 5.0,False,True,False,True,Default,Default,False,False,True,Default,Default,Default,Default,Default,.NET Core 5.0,Default,1,Default,Default,Default,Default,Default,Default,Default,Default,16,Default,dotNetTips.Spargine.Extensions.BenchmarkTests,DictionaryExtensions,100,37.15 ns,0.230 ns,0.215 ns,0.056 ns,36.38 ns,37.19 ns,37.21 ns,37.22 ns,37.23 ns,"26,919,770.2",0.2304 ns,15.00,11.0060,2.000,-3.0428,9,*,No,0.0000,0.0000,0.0000,0 B,408 B
GetOrAdd:Dictionary-New,Job-CJSTKQ,False,True,Default,Default,Default,Default,Default,1111,Empty,RyuJit,X64,8c5e7fda-e8bf-4a96-9a85-a6e23a8c635c,.NET Core 5.0,False,True,False,True,Default,Default,False,False,True,Default,Default,Default,Default,Default,.NET Core 5.0,Default,1,Default,Default,Default,Default,Default,Default,Default,Default,16,Default,dotNetTips.Spargine.Extensions.BenchmarkTests,DictionaryExtensions,250,35.59 ns,0.335 ns,0.313 ns,0.081 ns,34.74 ns,35.67 ns,35.69 ns,35.72 ns,35.78 ns,"28,097,704.1",0.3346 ns,15.00,5.0794,2.000,-1.9415,7,*,No,0.0000,0.0000,0.0000,0 B,408 B
GetOrAdd:Dictionary-New,Job-CJSTKQ,False,True,Default,Default,Default,Default,Default,1111,Empty,RyuJit,X64,8c5e7fda-e8bf-4a96-9a85-a6e23a8c635c,.NET Core 5.0,False,True,False,True,Default,Default,False,False,True,Default,Default,Default,Default,Default,.NET Core 5.0,Default,1,Default,Default,Default,Default,Default,Default,Default,Default,16,Default,dotNetTips.Spargine.Extensions.BenchmarkTests,DictionaryExtensions,500,35.77 ns,0.307 ns,0.257 ns,0.071 ns,34.98 ns,35.74 ns,35.82 ns,35.87 ns,36.04 ns,"27,955,466.1",0.3072 ns,13.00,7.1535,2.000,-2.1227,7,*,No,0.0000,0.0000,0.0000,0 B,408 B
GetOrAdd:Dictionary-New,Job-CJSTKQ,False,True,Default,Default,Default,Default,Default,1111,Empty,RyuJit,X64,8c5e7fda-e8bf-4a96-9a85-a6e23a8c635c,.NET Core 5.0,False,True,False,True,Default,Default,False,False,True,Default,Default,Default,Default,Default,.NET Core 5.0,Default,1,Default,Default,Default,Default,Default,Default,Default,Default,16,Default,dotNetTips.Spargine.Extensions.BenchmarkTests,DictionaryExtensions,1000,34.39 ns,0.161 ns,0.151 ns,0.039 ns,34.19 ns,34.27 ns,34.40 ns,34.50 ns,34.74 ns,"29,075,215.2",0.1613 ns,15.00,2.3745,2.000,0.5389,6,*,No,0.0000,0.0000,0.0000,0 B,408 B
ToDelimitedString:*POOL,Job-CJSTKQ,False,True,Default,Default,Default,Default,Default,1111,Empty,RyuJit,X64,8c5e7fda-e8bf-4a96-9a85-a6e23a8c635c,.NET Core 5.0,False,True,False,True,Default,Default,False,False,True,Default,Default,Default,Default,Default,.NET Core 5.0,Default,1,Default,Default,Default,Default,Default,Default,Default,Default,16,Default,dotNetTips.Spargine.Extensions.BenchmarkTests,DictionaryExtensions,10,"1,724.06 ns",5.500 ns,5.145 ns,1.328 ns,"1,712.25 ns","1,721.14 ns","1,724.10 ns","1,727.53 ns","1,733.65 ns","580,026.1",5.4999 ns,15.00,2.8989,2.000,-0.2843,18,*,No,0.3529,0.0000,0.0000,3184 B,655 B
ToDelimitedString:*POOL,Job-CJSTKQ,False,True,Default,Default,Default,Default,Default,1111,Empty,RyuJit,X64,8c5e7fda-e8bf-4a96-9a85-a6e23a8c635c,.NET Core 5.0,False,True,False,True,Default,Default,False,False,True,Default,Default,Default,Default,Default,.NET Core 5.0,Default,1,Default,Default,Default,Default,Default,Default,Default,Default,16,Default,dotNetTips.Spargine.Extensions.BenchmarkTests,DictionaryExtensions,25,"4,160.22 ns",32.903 ns,27.476 ns,7.620 ns,"4,117.79 ns","4,151.05 ns","4,170.10 ns","4,177.67 ns","4,204.49 ns","240,371.9",32.9030 ns,13.00,1.7918,2.000,-0.3278,20,*,No,0.8774,0.0000,0.0000,7920 B,655 B
ToDelimitedString:*POOL,Job-CJSTKQ,False,True,Default,Default,Default,Default,Default,1111,Empty,RyuJit,X64,8c5e7fda-e8bf-4a96-9a85-a6e23a8c635c,.NET Core 5.0,False,True,False,True,Default,Default,False,False,True,Default,Default,Default,Default,Default,.NET Core 5.0,Default,1,Default,Default,Default,Default,Default,Default,Default,Default,16,Default,dotNetTips.Spargine.Extensions.BenchmarkTests,DictionaryExtensions,50,"9,012.26 ns",14.833 ns,12.387 ns,3.435 ns,"8,990.47 ns","9,002.09 ns","9,012.40 ns","9,021.24 ns","9,033.65 ns","110,960.0",14.8334 ns,13.00,1.9032,2.000,-0.0653,23,*,No,3.2196,0.1068,0.0000,29128 B,655 B
ToDelimitedString:*POOL,Job-CJSTKQ,False,True,Default,Default,Default,Default,Default,1111,Empty,RyuJit,X64,8c5e7fda-e8bf-4a96-9a85-a6e23a8c635c,.NET Core 5.0,False,True,False,True,Default,Default,False,False,True,Default,Default,Default,Default,Default,.NET Core 5.0,Default,1,Default,Default,Default,Default,Default,Default,Default,Default,16,Default,dotNetTips.Spargine.Extensions.BenchmarkTests,DictionaryExtensions,100,"17,868.70 ns",350.523 ns,359.962 ns,87.304 ns,"17,419.11 ns","17,557.15 ns","17,672.83 ns","18,276.17 ns","18,359.87 ns","55,963.8",350.5235 ns,17.00,1.2088,2.000,0.2447,26,*,No,6.3477,0.3662,0.0000,57800 B,655 B
ToDelimitedString:*POOL,Job-CJSTKQ,False,True,Default,Default,Default,Default,Default,1111,Empty,RyuJit,X64,8c5e7fda-e8bf-4a96-9a85-a6e23a8c635c,.NET Core 5.0,False,True,False,True,Default,Default,False,False,True,Default,Default,Default,Default,Default,.NET Core 5.0,Default,1,Default,Default,Default,Default,Default,Default,Default,Default,16,Default,dotNetTips.Spargine.Extensions.BenchmarkTests,DictionaryExtensions,250,"41,709.03 ns",179.781 ns,168.167 ns,43.421 ns,"41,375.03 ns","41,621.04 ns","41,716.28 ns","41,845.37 ns","41,922.46 ns","23,975.6",179.7809 ns,15.00,1.9470,2.000,-0.3577,27,*,No,13.2446,1.2817,0.0000,121272 B,655 B
ToDelimitedString:*POOL,Job-CJSTKQ,False,True,Default,Default,Default,Default,Default,1111,Empty,RyuJit,X64,8c5e7fda-e8bf-4a96-9a85-a6e23a8c635c,.NET Core 5.0,False,True,False,True,Default,Default,False,False,True,Default,Default,Default,Default,Default,.NET Core 5.0,Default,1,Default,Default,Default,Default,Default,Default,Default,Default,16,Default,dotNetTips.Spargine.Extensions.BenchmarkTests,DictionaryExtensions,500,"80,728.41 ns",284.008 ns,265.661 ns,68.593 ns,"80,325.35 ns","80,525.72 ns","80,718.84 ns","80,899.56 ns","81,233.26 ns","12,387.2",284.0076 ns,15.00,1.8446,2.000,0.2926,28,*,No,25.5127,3.9063,0.0000,232416 B,655 B
ToDelimitedString:*POOL,Job-CJSTKQ,False,True,Default,Default,Default,Default,Default,1111,Empty,RyuJit,X64,8c5e7fda-e8bf-4a96-9a85-a6e23a8c635c,.NET Core 5.0,False,True,False,True,Default,Default,False,False,True,Default,Default,Default,Default,Default,.NET Core 5.0,Default,1,Default,Default,Default,Default,Default,Default,Default,Default,16,Default,dotNetTips.Spargine.Extensions.BenchmarkTests,DictionaryExtensions,1000,"375,562.45 ns","7,468.633 ns","15,753.882 ns","2,143.832 ns","339,854.74 ns","363,808.67 ns","374,838.48 ns","386,778.91 ns","417,515.33 ns","2,662.7","7,468.6332 ns",54.00,3.1040,2.100,0.4221,29,*,No,45.8984,23.4375,13.1836,454720 B,655 B
Upsert,Job-CJSTKQ,False,True,Default,Default,Default,Default,Default,1111,Empty,RyuJit,X64,8c5e7fda-e8bf-4a96-9a85-a6e23a8c635c,.NET Core 5.0,False,True,False,True,Default,Default,False,False,True,Default,Default,Default,Default,Default,.NET Core 5.0,Default,1,Default,Default,Default,Default,Default,Default,Default,Default,16,Default,dotNetTips.Spargine.Extensions.BenchmarkTests,DictionaryExtensions,10,228.00 ns,1.090 ns,1.019 ns,0.263 ns,226.44 ns,227.13 ns,228.04 ns,228.90 ns,229.23 ns,"4,385,878.0",1.0897 ns,15.00,1.2247,2.000,-0.1360,10,*,No,0.0060,0.0000,0.0000,56 B,436 B
Upsert,Job-CJSTKQ,False,True,Default,Default,Default,Default,Default,1111,Empty,RyuJit,X64,8c5e7fda-e8bf-4a96-9a85-a6e23a8c635c,.NET Core 5.0,False,True,False,True,Default,Default,False,False,True,Default,Default,Default,Default,Default,.NET Core 5.0,Default,1,Default,Default,Default,Default,Default,Default,Default,Default,16,Default,dotNetTips.Spargine.Extensions.BenchmarkTests,DictionaryExtensions,25,429.08 ns,2.627 ns,2.458 ns,0.635 ns,422.98 ns,428.78 ns,429.81 ns,430.57 ns,432.10 ns,"2,330,572.8",2.6273 ns,15.00,3.3817,2.000,-1.1808,12,*,No,0.0057,0.0000,0.0000,56 B,436 B
Upsert,Job-CJSTKQ,False,True,Default,Default,Default,Default,Default,1111,Empty,RyuJit,X64,8c5e7fda-e8bf-4a96-9a85-a6e23a8c635c,.NET Core 5.0,False,True,False,True,Default,Default,False,False,True,Default,Default,Default,Default,Default,.NET Core 5.0,Default,1,Default,Default,Default,Default,Default,Default,Default,Default,16,Default,dotNetTips.Spargine.Extensions.BenchmarkTests,DictionaryExtensions,50,801.98 ns,3.068 ns,2.870 ns,0.741 ns,795.78 ns,800.73 ns,800.92 ns,804.01 ns,806.60 ns,"1,246,920.5",3.0680 ns,15.00,2.5282,2.000,-0.0100,15,*,No,0.0057,0.0000,0.0000,56 B,436 B
Upsert,Job-CJSTKQ,False,True,Default,Default,Default,Default,Default,1111,Empty,RyuJit,X64,8c5e7fda-e8bf-4a96-9a85-a6e23a8c635c,.NET Core 5.0,False,True,False,True,Default,Default,False,False,True,Default,Default,Default,Default,Default,.NET Core 5.0,Default,1,Default,Default,Default,Default,Default,Default,Default,Default,16,Default,dotNetTips.Spargine.Extensions.BenchmarkTests,DictionaryExtensions,100,"1,449.44 ns",11.814 ns,9.865 ns,2.736 ns,"1,432.23 ns","1,445.18 ns","1,450.63 ns","1,456.85 ns","1,465.30 ns","689,922.5",11.8138 ns,13.00,1.8464,2.000,-0.3297,16,*,No,0.0057,0.0000,0.0000,56 B,436 B
Upsert,Job-CJSTKQ,False,True,Default,Default,Default,Default,Default,1111,Empty,RyuJit,X64,8c5e7fda-e8bf-4a96-9a85-a6e23a8c635c,.NET Core 5.0,False,True,False,True,Default,Default,False,False,True,Default,Default,Default,Default,Default,.NET Core 5.0,Default,1,Default,Default,Default,Default,Default,Default,Default,Default,16,Default,dotNetTips.Spargine.Extensions.BenchmarkTests,DictionaryExtensions,250,"3,633.39 ns",35.299 ns,33.019 ns,8.525 ns,"3,584.23 ns","3,603.39 ns","3,652.16 ns","3,658.27 ns","3,674.82 ns","275,224.9",35.2994 ns,15.00,1.4313,2.000,-0.4643,19,*,No,0.0038,0.0000,0.0000,56 B,436 B
Upsert,Job-CJSTKQ,False,True,Default,Default,Default,Default,Default,1111,Empty,RyuJit,X64,8c5e7fda-e8bf-4a96-9a85-a6e23a8c635c,.NET Core 5.0,False,True,False,True,Default,Default,False,False,True,Default,Default,Default,Default,Default,.NET Core 5.0,Default,1,Default,Default,Default,Default,Default,Default,Default,Default,16,Default,dotNetTips.Spargine.Extensions.BenchmarkTests,DictionaryExtensions,500,"6,499.95 ns",10.826 ns,10.126 ns,2.615 ns,"6,484.06 ns","6,494.34 ns","6,500.35 ns","6,504.34 ns","6,518.49 ns","153,847.4",10.8256 ns,15.00,2.2216,2.000,0.1244,21,*,No,0.0000,0.0000,0.0000,56 B,436 B
Upsert,Job-CJSTKQ,False,True,Default,Default,Default,Default,Default,1111,Empty,RyuJit,X64,8c5e7fda-e8bf-4a96-9a85-a6e23a8c635c,.NET Core 5.0,False,True,False,True,Default,Default,False,False,True,Default,Default,Default,Default,Default,.NET Core 5.0,Default,1,Default,Default,Default,Default,Default,Default,Default,Default,16,Default,dotNetTips.Spargine.Extensions.BenchmarkTests,DictionaryExtensions,1000,"13,177.34 ns",66.352 ns,62.065 ns,16.025 ns,"13,108.92 ns","13,131.26 ns","13,150.84 ns","13,219.48 ns","13,324.13 ns","75,887.8",66.3517 ns,15.00,2.5965,2.000,0.7994,24,*,No,0.0000,0.0000,0.0000,56 B,436 B
