Method,Job,AnalyzeLaunchVariance,EvaluateOverhead,MaxAbsoluteError,MaxRelativeError,MinInvokeCount,MinIterationTime,OutlierMode,Affinity,EnvironmentVariables,Jit,Platform,PowerPlanMode,Runtime,AllowVeryLargeObjects,Concurrent,CpuGroups,Force,HeapAffinitizeMask,HeapCount,NoAffinitize,RetainVm,Server,Arguments,BuildConfiguration,Clock,EngineFactory,NuGetReferences,Toolchain,IsMutator,InvocationCount,IterationCount,IterationTime,LaunchCount,MaxIterationCount,MaxWarmupIterationCount,MinIterationCount,MinWarmupIterationCount,RunStrategy,UnrollFactor,WarmupCount,Namespace,Categories,Mean,Error,StdDev,StdErr,Min,Q1,Median,Q3,Max,Op/s,CI99.9% Margin,Iterations,Kurtosis,MValue,Skewness,Rank,LogicalGroup,Baseline,Gen 0,Gen 1,Gen 2,Allocated,Code Size
'Deserialize: XML=PersonProper',Job-PDALPH,False,True,Default,Default,Default,Default,Default,1111,Empty,RyuJit,X64,8c5e7fda-e8bf-4a96-9a85-a6e23a8c635c,.NET Core 5.0,False,True,False,True,Default,Default,False,False,True,Default,Default,Default,Default,Default,.NET Core 5.0,Default,1,Default,Default,Default,Default,Default,Default,Default,Default,16,Default,dotNetTips.Spargine.Core.BenchmarkTests.Serialization,Serialization,19.251 μs,0.0452 μs,0.0423 μs,0.0109 μs,19.185 μs,19.223 μs,19.254 μs,19.279 μs,19.323 μs,"51,946.5",0.0452 μs,15.00,1.770,2.000,-0.1674,6,*,No,2.0142,0.0000,0.0000,18.34 KB,0.38 KB
'Deserialize: XML=PersonRecord',Job-PDALPH,False,True,Default,Default,Default,Default,Default,1111,Empty,RyuJit,X64,8c5e7fda-e8bf-4a96-9a85-a6e23a8c635c,.NET Core 5.0,False,True,False,True,Default,Default,False,False,True,Default,Default,Default,Default,Default,.NET Core 5.0,Default,1,Default,Default,Default,Default,Default,Default,Default,Default,16,Default,dotNetTips.Spargine.Core.BenchmarkTests.Serialization,Serialization,18.812 μs,0.3122 μs,0.2767 μs,0.0740 μs,18.435 μs,18.662 μs,18.696 μs,18.856 μs,19.546 μs,"53,157.4",0.3122 μs,14.00,4.017,2.000,1.2551,5,*,No,1.9836,0.0000,0.0000,18.12 KB,0.38 KB
'Serialize: JSON=PersonProper',Job-PDALPH,False,True,Default,Default,Default,Default,Default,1111,Empty,RyuJit,X64,8c5e7fda-e8bf-4a96-9a85-a6e23a8c635c,.NET Core 5.0,False,True,False,True,Default,Default,False,False,True,Default,Default,Default,Default,Default,.NET Core 5.0,Default,1,Default,Default,Default,Default,Default,Default,Default,Default,16,Default,dotNetTips.Spargine.Core.BenchmarkTests.Serialization,Serialization,3.876 μs,0.0513 μs,0.0480 μs,0.0124 μs,3.775 μs,3.892 μs,3.895 μs,3.900 μs,3.912 μs,"258,011.0",0.0513 μs,15.00,2.840,2.000,-1.3239,2,*,No,0.2136,0.0000,0.0000,1.91 KB,0.11 KB
'Serialize: JSON=PersonRecord',Job-PDALPH,False,True,Default,Default,Default,Default,Default,1111,Empty,RyuJit,X64,8c5e7fda-e8bf-4a96-9a85-a6e23a8c635c,.NET Core 5.0,False,True,False,True,Default,Default,False,False,True,Default,Default,Default,Default,Default,.NET Core 5.0,Default,1,Default,Default,Default,Default,Default,Default,Default,Default,16,Default,dotNetTips.Spargine.Core.BenchmarkTests.Serialization,Serialization,3.364 μs,0.0107 μs,0.0090 μs,0.0025 μs,3.346 μs,3.361 μs,3.367 μs,3.369 μs,3.375 μs,"297,285.8",0.0107 μs,13.00,2.426,2.000,-0.8063,1,*,No,0.2556,0.0000,0.0000,2.27 KB,0.11 KB
'Serialize: XML=PersonProper',Job-PDALPH,False,True,Default,Default,Default,Default,Default,1111,Empty,RyuJit,X64,8c5e7fda-e8bf-4a96-9a85-a6e23a8c635c,.NET Core 5.0,False,True,False,True,Default,Default,False,False,True,Default,Default,Default,Default,Default,.NET Core 5.0,Default,1,Default,Default,Default,Default,Default,Default,Default,Default,16,Default,dotNetTips.Spargine.Core.BenchmarkTests.Serialization,Serialization,12.274 μs,0.1240 μs,0.1160 μs,0.0300 μs,12.132 μs,12.197 μs,12.233 μs,12.326 μs,12.497 μs,"81,474.7",0.1240 μs,15.00,2.224,2.000,0.7932,4,*,No,2.2736,0.0610,0.0000,19.74 KB,0.4 KB
StringToXDocument,Job-PDALPH,False,True,Default,Default,Default,Default,Default,1111,Empty,RyuJit,X64,8c5e7fda-e8bf-4a96-9a85-a6e23a8c635c,.NET Core 5.0,False,True,False,True,Default,Default,False,False,True,Default,Default,Default,Default,Default,.NET Core 5.0,Default,1,Default,Default,Default,Default,Default,Default,Default,Default,16,Default,dotNetTips.Spargine.Core.BenchmarkTests.Serialization,Serialization,9.911 μs,0.0617 μs,0.0515 μs,0.0143 μs,9.794 μs,9.921 μs,9.929 μs,9.935 μs,9.971 μs,"100,897.9",0.0617 μs,13.00,2.955,2.000,-1.1539,3,*,No,1.7090,0.0458,0.0000,15.52 KB,0.37 KB
