Method,Job,AnalyzeLaunchVariance,EvaluateOverhead,MaxAbsoluteError,MaxRelativeError,MinInvokeCount,MinIterationTime,OutlierMode,Affinity,EnvironmentVariables,Jit,Platform,PowerPlanMode,Runtime,AllowVeryLargeObjects,Concurrent,CpuGroups,Force,HeapAffinitizeMask,HeapCount,NoAffinitize,RetainVm,Server,Arguments,BuildConfiguration,Clock,EngineFactory,NuGetReferences,Toolchain,IsMutator,InvocationCount,IterationCount,IterationTime,LaunchCount,MaxIterationCount,MaxWarmupIterationCount,MemoryRandomization,MinIterationCount,MinWarmupIterationCount,RunStrategy,UnrollFactor,WarmupCount,Namespace,Categories,Mean,Error,StdDev,StdErr,Median,Min,Q1,Q3,Max,Op/s,CI99.9% Margin,Iterations,Kurtosis,MValue,Skewness,Rank,LogicalGroup,Baseline,Code Size,Gen 0,Gen 1,Allocated
'DefaultIfNull + Default Value',Job-NFVFZF,False,True,Default,Default,Default,Default,Default,1111,Empty,RyuJit,X64,8c5e7fda-e8bf-4a96-9a85-a6e23a8c635c,.NET 6.0,False,True,False,True,Default,Default,False,False,True,Default,Default,Default,Default,Default,Default,Default,1,Default,Default,Default,Default,Default,Default,Default,Default,Default,16,Default,DotNetTips.Spargine.Extensions.BenchmarkTests,Strings,1.8088 ns,0.0471 ns,0.0440 ns,0.0114 ns,1.8331 ns,1.7519 ns,1.7627 ns,1.8420 ns,1.8697 ns,"552,841,166.5",0.0471 ns,15.00,1.167,3.250,-0.1380,4,*,No,42 B,-,-,0 B
'HasValue: Length',Job-NFVFZF,False,True,Default,Default,Default,Default,Default,1111,Empty,RyuJit,X64,8c5e7fda-e8bf-4a96-9a85-a6e23a8c635c,.NET 6.0,False,True,False,True,Default,Default,False,False,True,Default,Default,Default,Default,Default,Default,Default,1,Default,Default,Default,Default,Default,Default,Default,Default,Default,16,Default,DotNetTips.Spargine.Extensions.BenchmarkTests,"Strings,**NEW**",13.3496 ns,0.2806 ns,0.2624 ns,0.0678 ns,13.2572 ns,12.9571 ns,13.2256 ns,13.6262 ns,13.6817 ns,"74,908,825.9",0.2806 ns,15.00,1.367,2.000,-0.0387,8,*,No,224 B,-,-,0 B
'HasValue: Min & Max Count',Job-NFVFZF,False,True,Default,Default,Default,Default,Default,1111,Empty,RyuJit,X64,8c5e7fda-e8bf-4a96-9a85-a6e23a8c635c,.NET 6.0,False,True,False,True,Default,Default,False,False,True,Default,Default,Default,Default,Default,Default,Default,1,Default,Default,Default,Default,Default,Default,Default,Default,Default,16,Default,DotNetTips.Spargine.Extensions.BenchmarkTests,"Strings,**NEW**",9.1455 ns,0.1507 ns,0.1410 ns,0.0364 ns,9.0842 ns,8.9790 ns,9.0293 ns,9.2736 ns,9.4000 ns,"109,342,889.8",0.1507 ns,15.00,1.425,2.000,0.3139,7,*,No,303 B,-,-,0 B
'HasValue: RegEx + IgnoreCase',Job-NFVFZF,False,True,Default,Default,Default,Default,Default,1111,Empty,RyuJit,X64,8c5e7fda-e8bf-4a96-9a85-a6e23a8c635c,.NET 6.0,False,True,False,True,Default,Default,False,False,True,Default,Default,Default,Default,Default,Default,Default,1,Default,Default,Default,Default,Default,Default,Default,Default,Default,16,Default,DotNetTips.Spargine.Extensions.BenchmarkTests,"Strings,**NEW**","7,397.8751 ns",175.8984 ns,496.1247 ns,51.7246 ns,"7,293.8332 ns","6,612.9333 ns","7,053.1408 ns","7,708.7681 ns","8,766.9533 ns","135,173.9",175.8984 ns,92.00,3.161,3.214,0.7378,21,*,No,624 B,0.7706,-,"7,088 B"
'HasValue: String',Job-NFVFZF,False,True,Default,Default,Default,Default,Default,1111,Empty,RyuJit,X64,8c5e7fda-e8bf-4a96-9a85-a6e23a8c635c,.NET 6.0,False,True,False,True,Default,Default,False,False,True,Default,Default,Default,Default,Default,Default,Default,1,Default,Default,Default,Default,Default,Default,Default,Default,Default,16,Default,DotNetTips.Spargine.Extensions.BenchmarkTests,"Strings,**NEW**",8.9828 ns,0.1646 ns,0.1540 ns,0.0398 ns,9.0686 ns,8.7744 ns,8.8352 ns,9.1077 ns,9.2226 ns,"111,323,484.8",0.1646 ns,15.00,1.204,2.000,-0.0533,7,*,No,842 B,-,-,0 B
Concat,Job-NFVFZF,False,True,Default,Default,Default,Default,Default,1111,Empty,RyuJit,X64,8c5e7fda-e8bf-4a96-9a85-a6e23a8c635c,.NET 6.0,False,True,False,True,Default,Default,False,False,True,Default,Default,Default,Default,Default,Default,Default,1,Default,Default,Default,Default,Default,Default,Default,Default,Default,16,Default,DotNetTips.Spargine.Extensions.BenchmarkTests,Strings,"6,806.4799 ns",134.8446 ns,112.6014 ns,31.2300 ns,"6,758.6945 ns","6,638.5727 ns","6,745.8138 ns","6,871.7453 ns","7,051.6640 ns","146,918.8",134.8446 ns,13.00,2.453,2.000,0.5792,20,*,No,"1,078 B",1.1673,0.0076,"10,576 B"
DefaultIfNull,Job-NFVFZF,False,True,Default,Default,Default,Default,Default,1111,Empty,RyuJit,X64,8c5e7fda-e8bf-4a96-9a85-a6e23a8c635c,.NET 6.0,False,True,False,True,Default,Default,False,False,True,Default,Default,Default,Default,Default,Default,Default,1,Default,Default,Default,Default,Default,Default,Default,Default,Default,16,Default,DotNetTips.Spargine.Extensions.BenchmarkTests,Strings,1.8299 ns,0.0438 ns,0.0410 ns,0.0106 ns,1.8512 ns,1.7650 ns,1.7820 ns,1.8584 ns,1.8684 ns,"546,478,314.1",0.0438 ns,15.00,1.395,3.000,-0.6029,4,*,No,39 B,-,-,0 B
DefaultIfNullOrEmpty,Job-NFVFZF,False,True,Default,Default,Default,Default,Default,1111,Empty,RyuJit,X64,8c5e7fda-e8bf-4a96-9a85-a6e23a8c635c,.NET 6.0,False,True,False,True,Default,Default,False,False,True,Default,Default,Default,Default,Default,Default,Default,1,Default,Default,Default,Default,Default,Default,Default,Default,Default,16,Default,DotNetTips.Spargine.Extensions.BenchmarkTests,Strings,8.9883 ns,0.1458 ns,0.1364 ns,0.0352 ns,8.9402 ns,8.8127 ns,8.8659 ns,9.1210 ns,9.2048 ns,"111,255,635.8",0.1458 ns,15.00,1.289,2.000,0.1891,7,*,No,184 B,-,-,0 B
Extract,Job-NFVFZF,False,True,Default,Default,Default,Default,Default,1111,Empty,RyuJit,X64,8c5e7fda-e8bf-4a96-9a85-a6e23a8c635c,.NET 6.0,False,True,False,True,Default,Default,False,False,True,Default,Default,Default,Default,Default,Default,Default,1,Default,Default,Default,Default,Default,Default,Default,Default,Default,16,Default,DotNetTips.Spargine.Extensions.BenchmarkTests,"Strings,**NEW**",96.8230 ns,1.3786 ns,1.1512 ns,0.3193 ns,97.0316 ns,94.5138 ns,96.1883 ns,97.5307 ns,98.6640 ns,"10,328,121.3",1.3786 ns,13.00,2.113,2.000,-0.2527,12,*,No,467 B,0.0061,-,56 B
HasValue,Job-NFVFZF,False,True,Default,Default,Default,Default,Default,1111,Empty,RyuJit,X64,8c5e7fda-e8bf-4a96-9a85-a6e23a8c635c,.NET 6.0,False,True,False,True,Default,Default,False,False,True,Default,Default,Default,Default,Default,Default,Default,1,Default,Default,Default,Default,Default,Default,Default,Default,Default,16,Default,DotNetTips.Spargine.Extensions.BenchmarkTests,Strings,6.0745 ns,0.1042 ns,0.0924 ns,0.0247 ns,6.0656 ns,5.9641 ns,5.9978 ns,6.1250 ns,6.2744 ns,"164,621,962.9",0.1042 ns,14.00,2.280,2.000,0.6643,6,*,No,377 B,-,-,0 B
HasWhitespace,Job-NFVFZF,False,True,Default,Default,Default,Default,Default,1111,Empty,RyuJit,X64,8c5e7fda-e8bf-4a96-9a85-a6e23a8c635c,.NET 6.0,False,True,False,True,Default,Default,False,False,True,Default,Default,Default,Default,Default,Default,Default,1,Default,Default,Default,Default,Default,Default,Default,Default,Default,16,Default,DotNetTips.Spargine.Extensions.BenchmarkTests,"Strings,**NEW**",9.1197 ns,0.1349 ns,0.1262 ns,0.0326 ns,9.0703 ns,8.9647 ns,9.0252 ns,9.2713 ns,9.3117 ns,"109,653,001.0",0.1349 ns,15.00,1.365,2.000,0.4427,7,*,No,254 B,-,-,0 B
Indent,Job-NFVFZF,False,True,Default,Default,Default,Default,Default,1111,Empty,RyuJit,X64,8c5e7fda-e8bf-4a96-9a85-a6e23a8c635c,.NET 6.0,False,True,False,True,Default,Default,False,False,True,Default,Default,Default,Default,Default,Default,Default,1,Default,Default,Default,Default,Default,Default,Default,Default,Default,16,Default,DotNetTips.Spargine.Extensions.BenchmarkTests,Strings,"3,594.7519 ns",27.7927 ns,23.2082 ns,6.4368 ns,"3,586.1889 ns","3,558.1402 ns","3,584.7866 ns","3,599.8806 ns","3,649.2958 ns","278,183.3",27.7927 ns,13.00,3.127,2.000,0.8202,19,*,No,352 B,0.6752,0.0038,"6,048 B"
IsAsciiDigit,Job-NFVFZF,False,True,Default,Default,Default,Default,Default,1111,Empty,RyuJit,X64,8c5e7fda-e8bf-4a96-9a85-a6e23a8c635c,.NET 6.0,False,True,False,True,Default,Default,False,False,True,Default,Default,Default,Default,Default,Default,Default,1,Default,Default,Default,Default,Default,Default,Default,Default,Default,16,Default,DotNetTips.Spargine.Extensions.BenchmarkTests,Strings,0.3884 ns,0.0276 ns,0.0258 ns,0.0067 ns,0.4027 ns,0.3499 ns,0.3617 ns,0.4051 ns,0.4221 ns,"2,574,654,537.7",0.0276 ns,15.00,1.253,3.333,-0.3069,1,*,No,71 B,-,-,0 B
IsAsciiLetter,Job-NFVFZF,False,True,Default,Default,Default,Default,Default,1111,Empty,RyuJit,X64,8c5e7fda-e8bf-4a96-9a85-a6e23a8c635c,.NET 6.0,False,True,False,True,Default,Default,False,False,True,Default,Default,Default,Default,Default,Default,Default,1,Default,Default,Default,Default,Default,Default,Default,Default,Default,16,Default,DotNetTips.Spargine.Extensions.BenchmarkTests,Strings,0.5318 ns,0.0243 ns,0.0227 ns,0.0059 ns,0.5233 ns,0.5086 ns,0.5121 ns,0.5515 ns,0.5720 ns,"1,880,277,291.7",0.0243 ns,15.00,1.529,2.000,0.5108,3,*,No,93 B,-,-,0 B
IsAsciiLetterOrDigit,Job-NFVFZF,False,True,Default,Default,Default,Default,Default,1111,Empty,RyuJit,X64,8c5e7fda-e8bf-4a96-9a85-a6e23a8c635c,.NET 6.0,False,True,False,True,Default,Default,False,False,True,Default,Default,Default,Default,Default,Default,Default,1,Default,Default,Default,Default,Default,Default,Default,Default,Default,16,Default,DotNetTips.Spargine.Extensions.BenchmarkTests,Strings,0.4558 ns,0.0330 ns,0.0309 ns,0.0080 ns,0.4608 ns,0.4107 ns,0.4317 ns,0.4733 ns,0.5115 ns,"2,194,001,989.8",0.0330 ns,15.00,1.796,3.143,0.0867,2,*,No,126 B,-,-,0 B
IsAsciiWhitespace,Job-NFVFZF,False,True,Default,Default,Default,Default,Default,1111,Empty,RyuJit,X64,8c5e7fda-e8bf-4a96-9a85-a6e23a8c635c,.NET 6.0,False,True,False,True,Default,Default,False,False,True,Default,Default,Default,Default,Default,Default,Default,1,Default,Default,Default,Default,Default,Default,Default,Default,Default,16,Default,DotNetTips.Spargine.Extensions.BenchmarkTests,Strings,0.4691 ns,0.0234 ns,0.0218 ns,0.0056 ns,0.4595 ns,0.4471 ns,0.4521 ns,0.4805 ns,0.5166 ns,"2,131,937,107.8",0.0234 ns,15.00,2.256,2.667,0.8158,2,*,No,89 B,-,-,0 B
IsCreditCardNumber,Job-NFVFZF,False,True,Default,Default,Default,Default,Default,1111,Empty,RyuJit,X64,8c5e7fda-e8bf-4a96-9a85-a6e23a8c635c,.NET 6.0,False,True,False,True,Default,Default,False,False,True,Default,Default,Default,Default,Default,Default,Default,1,Default,Default,Default,Default,Default,Default,Default,Default,Default,16,Default,DotNetTips.Spargine.Extensions.BenchmarkTests,"Strings,**NEW**","388,264.5459 ns","3,861.2140 ns","3,611.7820 ns",932.5581 ns,"386,766.0400 ns","383,988.2080 ns","386,031.9824 ns","390,793.8721 ns","395,434.7900 ns","2,575.6","3,861.2140 ns",15.00,1.929,2.000,0.6190,22,*,No,671 B,2.4414,0.9766,"22,335 B"
IsCurrencyCode,Job-NFVFZF,False,True,Default,Default,Default,Default,Default,1111,Empty,RyuJit,X64,8c5e7fda-e8bf-4a96-9a85-a6e23a8c635c,.NET 6.0,False,True,False,True,Default,Default,False,False,True,Default,Default,Default,Default,Default,Default,Default,1,Default,Default,Default,Default,Default,Default,Default,Default,Default,16,Default,DotNetTips.Spargine.Extensions.BenchmarkTests,"Strings,**NEW**","715,786.4714 ns","11,679.8903 ns","10,925.3766 ns","2,820.9201 ns","716,276.2695 ns","701,449.6094 ns","705,536.7188 ns","725,057.9590 ns","731,989.5508 ns","1,397.1","11,679.8903 ns",15.00,1.187,2.000,0.0450,24,*,No,671 B,0.9766,-,"9,511 B"
IsDomainAddress,Job-NFVFZF,False,True,Default,Default,Default,Default,Default,1111,Empty,RyuJit,X64,8c5e7fda-e8bf-4a96-9a85-a6e23a8c635c,.NET 6.0,False,True,False,True,Default,Default,False,False,True,Default,Default,Default,Default,Default,Default,Default,1,Default,Default,Default,Default,Default,Default,Default,Default,Default,16,Default,DotNetTips.Spargine.Extensions.BenchmarkTests,"Strings,**NEW**","3,474,269.1146 ns","46,525.4493 ns","43,519.9342 ns","11,236.7987 ns","3,464,252.3438 ns","3,419,316.4062 ns","3,439,991.9922 ns","3,511,822.6562 ns","3,553,942.9688 ns",287.8,"46,525.4493 ns",15.00,1.704,2.000,0.4634,29,*,No,671 B,-,-,"30,971 B"
IsEmailAddress,Job-NFVFZF,False,True,Default,Default,Default,Default,Default,1111,Empty,RyuJit,X64,8c5e7fda-e8bf-4a96-9a85-a6e23a8c635c,.NET 6.0,False,True,False,True,Default,Default,False,False,True,Default,Default,Default,Default,Default,Default,Default,1,Default,Default,Default,Default,Default,Default,Default,Default,Default,16,Default,DotNetTips.Spargine.Extensions.BenchmarkTests,"Strings,**NEW**","7,475,076.1161 ns","104,989.0317 ns","93,070.0420 ns","24,874.0150 ns","7,518,342.9688 ns","7,300,984.3750 ns","7,400,360.3516 ns","7,535,563.0859 ns","7,608,414.8438 ns",133.8,"104,989.0317 ns",14.00,1.769,2.000,-0.4765,31,*,No,671 B,-,-,"34,190 B"
IsEmpty,Job-NFVFZF,False,True,Default,Default,Default,Default,Default,1111,Empty,RyuJit,X64,8c5e7fda-e8bf-4a96-9a85-a6e23a8c635c,.NET 6.0,False,True,False,True,Default,Default,False,False,True,Default,Default,Default,Default,Default,Default,Default,1,Default,Default,Default,Default,Default,Default,Default,Default,Default,16,Default,DotNetTips.Spargine.Extensions.BenchmarkTests,"Strings,**NEW**",2.0209 ns,0.0683 ns,0.1249 ns,0.0193 ns,2.0815 ns,1.7438 ns,2.0369 ns,2.0903 ns,2.1473 ns,"494,824,641.9",0.0683 ns,42.00,2.805,2.000,-1.2377,5,*,No,140 B,-,-,0 B
IsFirstLastName,Job-NFVFZF,False,True,Default,Default,Default,Default,Default,1111,Empty,RyuJit,X64,8c5e7fda-e8bf-4a96-9a85-a6e23a8c635c,.NET 6.0,False,True,False,True,Default,Default,False,False,True,Default,Default,Default,Default,Default,Default,Default,1,Default,Default,Default,Default,Default,Default,Default,Default,Default,16,Default,DotNetTips.Spargine.Extensions.BenchmarkTests,"Strings,**NEW**","2,996,308.0859 ns","12,738.0022 ns","11,915.1351 ns","3,076.4747 ns","2,997,211.5234 ns","2,963,921.6797 ns","2,991,898.8281 ns","3,001,987.3047 ns","3,013,705.2734 ns",333.7,"12,738.0022 ns",15.00,4.258,2.000,-0.9615,28,*,No,671 B,-,-,"19,434 B"
IsGuid,Job-NFVFZF,False,True,Default,Default,Default,Default,Default,1111,Empty,RyuJit,X64,8c5e7fda-e8bf-4a96-9a85-a6e23a8c635c,.NET 6.0,False,True,False,True,Default,Default,False,False,True,Default,Default,Default,Default,Default,Default,Default,1,Default,Default,Default,Default,Default,Default,Default,Default,Default,16,Default,DotNetTips.Spargine.Extensions.BenchmarkTests,Strings,538.8683 ns,7.6832 ns,7.1869 ns,1.8557 ns,536.4142 ns,530.7741 ns,533.2693 ns,544.3132 ns,556.6737 ns,"1,855,740.9",7.6832 ns,15.00,2.929,2.000,0.8725,17,*,No,123 B,0.0095,-,96 B
IsISBN,Job-NFVFZF,False,True,Default,Default,Default,Default,Default,1111,Empty,RyuJit,X64,8c5e7fda-e8bf-4a96-9a85-a6e23a8c635c,.NET 6.0,False,True,False,True,Default,Default,False,False,True,Default,Default,Default,Default,Default,Default,Default,1,Default,Default,Default,Default,Default,Default,Default,Default,Default,16,Default,DotNetTips.Spargine.Extensions.BenchmarkTests,"Strings,**NEW**","4,856,905.0000 ns","92,093.9137 ns","86,144.7040 ns","22,242.4669 ns","4,863,218.7500 ns","4,765,016.4062 ns","4,784,855.4688 ns","4,906,162.8906 ns","5,078,999.2188 ns",205.9,"92,093.9137 ns",15.00,3.328,2.000,0.8714,30,*,No,671 B,-,-,"27,116 B"
IsMacAddress,Job-NFVFZF,False,True,Default,Default,Default,Default,Default,1111,Empty,RyuJit,X64,8c5e7fda-e8bf-4a96-9a85-a6e23a8c635c,.NET 6.0,False,True,False,True,Default,Default,False,False,True,Default,Default,Default,Default,Default,Default,Default,1,Default,Default,Default,Default,Default,Default,Default,Default,Default,16,Default,DotNetTips.Spargine.Extensions.BenchmarkTests,Strings,130.6661 ns,1.8807 ns,1.7592 ns,0.4542 ns,129.5157 ns,128.7162 ns,129.2399 ns,132.3385 ns,133.8052 ns,"7,653,096.3",1.8807 ns,15.00,1.370,2.000,0.3480,13,*,No,85 B,-,-,0 B
IsNotEmpty,Job-NFVFZF,False,True,Default,Default,Default,Default,Default,1111,Empty,RyuJit,X64,8c5e7fda-e8bf-4a96-9a85-a6e23a8c635c,.NET 6.0,False,True,False,True,Default,Default,False,False,True,Default,Default,Default,Default,Default,Default,Default,1,Default,Default,Default,Default,Default,Default,Default,Default,Default,16,Default,DotNetTips.Spargine.Extensions.BenchmarkTests,"Strings,**NEW**",0.5453 ns,0.0229 ns,0.0215 ns,0.0055 ns,0.5554 ns,0.5033 ns,0.5361 ns,0.5600 ns,0.5773 ns,"1,833,967,450.3",0.0229 ns,15.00,2.288,2.000,-0.6835,3,*,No,31 B,-,-,0 B
IsOneToSevenAlpha,Job-NFVFZF,False,True,Default,Default,Default,Default,Default,1111,Empty,RyuJit,X64,8c5e7fda-e8bf-4a96-9a85-a6e23a8c635c,.NET 6.0,False,True,False,True,Default,Default,False,False,True,Default,Default,Default,Default,Default,Default,Default,1,Default,Default,Default,Default,Default,Default,Default,Default,Default,16,Default,DotNetTips.Spargine.Extensions.BenchmarkTests,"Strings,**NEW**","753,009.0527 ns","10,416.7201 ns","9,743.8065 ns","2,515.8400 ns","751,806.2012 ns","737,809.4238 ns","745,630.2246 ns","761,684.1797 ns","767,746.5332 ns","1,328.0","10,416.7201 ns",15.00,1.364,2.000,0.0266,25,*,No,671 B,0.9766,-,"8,706 B"
IsScientific,Job-NFVFZF,False,True,Default,Default,Default,Default,Default,1111,Empty,RyuJit,X64,8c5e7fda-e8bf-4a96-9a85-a6e23a8c635c,.NET 6.0,False,True,False,True,Default,Default,False,False,True,Default,Default,Default,Default,Default,Default,Default,1,Default,Default,Default,Default,Default,Default,Default,Default,Default,16,Default,DotNetTips.Spargine.Extensions.BenchmarkTests,"Strings,**NEW**","2,913,088.7620 ns","39,442.1797 ns","32,936.0064 ns","9,134.8046 ns","2,924,397.6562 ns","2,833,366.4062 ns","2,919,243.7500 ns","2,930,925.0000 ns","2,937,882.8125 ns",343.3,"39,442.1797 ns",13.00,3.855,2.000,-1.5763,27,*,No,"1,049 B",-,-,"19,962 B"
IsString,Job-NFVFZF,False,True,Default,Default,Default,Default,Default,1111,Empty,RyuJit,X64,8c5e7fda-e8bf-4a96-9a85-a6e23a8c635c,.NET 6.0,False,True,False,True,Default,Default,False,False,True,Default,Default,Default,Default,Default,Default,Default,1,Default,Default,Default,Default,Default,Default,Default,Default,Default,16,Default,DotNetTips.Spargine.Extensions.BenchmarkTests,"Strings,**NEW**","2,175,069.5964 ns","35,512.8982 ns","33,218.7870 ns","8,577.0539 ns","2,168,851.7578 ns","2,132,002.1484 ns","2,144,248.4375 ns","2,203,933.7891 ns","2,227,055.6641 ns",459.8,"35,512.8982 ns",15.00,1.419,2.000,0.1697,26,*,No,668 B,11.7188,3.9063,"106,800 B"
IsStringSHA1Hash,Job-NFVFZF,False,True,Default,Default,Default,Default,Default,1111,Empty,RyuJit,X64,8c5e7fda-e8bf-4a96-9a85-a6e23a8c635c,.NET 6.0,False,True,False,True,Default,Default,False,False,True,Default,Default,Default,Default,Default,Default,Default,1,Default,Default,Default,Default,Default,Default,Default,Default,Default,16,Default,DotNetTips.Spargine.Extensions.BenchmarkTests,"Strings,**NEW**","1,395.0145 ns",18.1744 ns,17.0003 ns,4.3895 ns,"1,401.3256 ns","1,365.0347 ns","1,383.5889 ns","1,403.7324 ns","1,419.4221 ns","716,838.4",18.1744 ns,15.00,1.877,2.000,-0.5413,18,*,No,109 B,-,-,0 B
IsUrl,Job-NFVFZF,False,True,Default,Default,Default,Default,Default,1111,Empty,RyuJit,X64,8c5e7fda-e8bf-4a96-9a85-a6e23a8c635c,.NET 6.0,False,True,False,True,Default,Default,False,False,True,Default,Default,Default,Default,Default,Default,Default,1,Default,Default,Default,Default,Default,Default,Default,Default,Default,16,Default,DotNetTips.Spargine.Extensions.BenchmarkTests,"Strings,**NEW**","566,378.1055 ns","6,378.3635 ns","5,966.3252 ns","1,540.4985 ns","565,113.8672 ns","553,219.0430 ns","563,270.0684 ns","569,485.1074 ns","576,570.9961 ns","1,765.6","6,378.3635 ns",15.00,2.639,2.000,-0.1430,23,*,No,671 B,2.9297,0.9766,"33,096 B"
ReplaceEllipsisWithPeriod,Job-NFVFZF,False,True,Default,Default,Default,Default,Default,1111,Empty,RyuJit,X64,8c5e7fda-e8bf-4a96-9a85-a6e23a8c635c,.NET 6.0,False,True,False,True,Default,Default,False,False,True,Default,Default,Default,Default,Default,Default,Default,1,Default,Default,Default,Default,Default,Default,Default,Default,Default,16,Default,DotNetTips.Spargine.Extensions.BenchmarkTests,"Strings,**NEW**",44.2257 ns,0.5921 ns,0.5538 ns,0.1430 ns,44.3266 ns,43.4380 ns,43.7019 ns,44.4387 ns,45.2572 ns,"22,611,296.1",0.5921 ns,15.00,2.064,2.000,0.2299,11,*,No,217 B,0.0249,-,224 B
StartsWithOrdinal,Job-NFVFZF,False,True,Default,Default,Default,Default,Default,1111,Empty,RyuJit,X64,8c5e7fda-e8bf-4a96-9a85-a6e23a8c635c,.NET 6.0,False,True,False,True,Default,Default,False,False,True,Default,Default,Default,Default,Default,Default,Default,1,Default,Default,Default,Default,Default,Default,Default,Default,Default,16,Default,DotNetTips.Spargine.Extensions.BenchmarkTests,Strings,22.5561 ns,0.3965 ns,0.3515 ns,0.0939 ns,22.4576 ns,22.1174 ns,22.3724 ns,22.6831 ns,23.2679 ns,"44,333,838.4",0.3965 ns,14.00,2.748,2.000,0.8999,9,*,No,284 B,-,-,0 B
StartsWithOrdinalIgnoreCase,Job-NFVFZF,False,True,Default,Default,Default,Default,Default,1111,Empty,RyuJit,X64,8c5e7fda-e8bf-4a96-9a85-a6e23a8c635c,.NET 6.0,False,True,False,True,Default,Default,False,False,True,Default,Default,Default,Default,Default,Default,Default,1,Default,Default,Default,Default,Default,Default,Default,Default,Default,16,Default,DotNetTips.Spargine.Extensions.BenchmarkTests,Strings,22.9782 ns,0.4735 ns,0.4650 ns,0.1163 ns,23.0350 ns,21.9594 ns,22.9179 ns,23.2194 ns,23.6274 ns,"43,519,446.3",0.4735 ns,16.00,3.154,2.000,-0.9186,10,*,No,284 B,-,-,0 B
SubstringTrim,Job-NFVFZF,False,True,Default,Default,Default,Default,Default,1111,Empty,RyuJit,X64,8c5e7fda-e8bf-4a96-9a85-a6e23a8c635c,.NET 6.0,False,True,False,True,Default,Default,False,False,True,Default,Default,Default,Default,Default,Default,Default,1,Default,Default,Default,Default,Default,Default,Default,Default,Default,16,Default,DotNetTips.Spargine.Extensions.BenchmarkTests,Strings,248.4113 ns,3.6857 ns,3.0777 ns,0.8536 ns,248.4695 ns,242.3148 ns,246.6392 ns,250.9884 ns,253.3648 ns,"4,025,582.3",3.6857 ns,13.00,2.075,2.000,-0.2048,15,*,No,673 B,0.2255,-,"2,032 B"
ToTitleCase,Job-NFVFZF,False,True,Default,Default,Default,Default,Default,1111,Empty,RyuJit,X64,8c5e7fda-e8bf-4a96-9a85-a6e23a8c635c,.NET 6.0,False,True,False,True,Default,Default,False,False,True,Default,Default,Default,Default,Default,Default,Default,1,Default,Default,Default,Default,Default,Default,Default,Default,Default,16,Default,DotNetTips.Spargine.Extensions.BenchmarkTests,Strings,162.1497 ns,2.5919 ns,2.2976 ns,0.6141 ns,161.9847 ns,158.0388 ns,160.7902 ns,163.7789 ns,165.6060 ns,"6,167,141.6",2.5919 ns,14.00,1.781,2.000,-0.1336,14,*,No,"1,774 B",0.0193,-,176 B
ToTrimmed,Job-NFVFZF,False,True,Default,Default,Default,Default,Default,1111,Empty,RyuJit,X64,8c5e7fda-e8bf-4a96-9a85-a6e23a8c635c,.NET 6.0,False,True,False,True,Default,Default,False,False,True,Default,Default,Default,Default,Default,Default,Default,1,Default,Default,Default,Default,Default,Default,Default,Default,Default,16,Default,DotNetTips.Spargine.Extensions.BenchmarkTests,Strings,426.4782 ns,2.9199 ns,2.4382 ns,0.6762 ns,426.3501 ns,421.6411 ns,425.9465 ns,427.5629 ns,430.6290 ns,"2,344,785.6",2.9199 ns,13.00,2.478,2.000,-0.2058,16,*,No,488 B,0.4439,0.0024,"3,976 B"
