Method,Job,AnalyzeLaunchVariance,EvaluateOverhead,MaxAbsoluteError,MaxRelativeError,MinInvokeCount,MinIterationTime,OutlierMode,Affinity,EnvironmentVariables,Jit,Platform,PowerPlanMode,Runtime,AllowVeryLargeObjects,Concurrent,CpuGroups,Force,HeapAffinitizeMask,HeapCount,NoAffinitize,RetainVm,Server,Arguments,BuildConfiguration,Clock,EngineFactory,NuGetReferences,Toolchain,IsMutator,InvocationCount,IterationCount,IterationTime,LaunchCount,MaxIterationCount,MaxWarmupIterationCount,MemoryRandomization,MinIterationCount,MinWarmupIterationCount,RunStrategy,UnrollFactor,WarmupCount,Namespace,Categories,Count,Mean,Error,StdDev,StdErr,Min,Q1,Median,Q3,Max,Op/s,CI99.9% Margin,Iterations,Kurtosis,MValue,Skewness,Rank,LogicalGroup,Baseline,Gen 0,Code Size,Allocated
'HasItems With Count',Job-TRKAEU,False,True,Default,Default,Default,Default,Default,1111,Empty,RyuJit,X64,8c5e7fda-e8bf-4a96-9a85-a6e23a8c635c,.NET 6.0,False,True,False,True,Default,Default,False,False,True,Default,Default,Default,Default,Default,Default,Default,1,Default,Default,Default,Default,Default,Default,Default,Default,Default,16,Default,DotNetTips.Spargine.Extensions.BenchmarkTests,Collections,10,49.08 ns,1.010 ns,0.896 ns,0.239 ns,47.65 ns,48.42 ns,49.16 ns,49.68 ns,50.46 ns,"20,373,118.6",1.0104 ns,14.00,1.690,2.000,-0.0641,1,*,No,0.0061,99 B,56 B
'HasItems With Count',Job-TRKAEU,False,True,Default,Default,Default,Default,Default,1111,Empty,RyuJit,X64,8c5e7fda-e8bf-4a96-9a85-a6e23a8c635c,.NET 6.0,False,True,False,True,Default,Default,False,False,True,Default,Default,Default,Default,Default,Default,Default,1,Default,Default,Default,Default,Default,Default,Default,Default,Default,16,Default,DotNetTips.Spargine.Extensions.BenchmarkTests,Collections,25,98.76 ns,1.645 ns,2.196 ns,0.439 ns,96.02 ns,97.36 ns,98.31 ns,99.01 ns,104.81 ns,"10,125,173.4",1.6453 ns,25.00,4.330,2.000,1.3856,3,*,No,0.0062,43 B,56 B
'HasItems With Count',Job-TRKAEU,False,True,Default,Default,Default,Default,Default,1111,Empty,RyuJit,X64,8c5e7fda-e8bf-4a96-9a85-a6e23a8c635c,.NET 6.0,False,True,False,True,Default,Default,False,False,True,Default,Default,Default,Default,Default,Default,Default,1,Default,Default,Default,Default,Default,Default,Default,Default,Default,16,Default,DotNetTips.Spargine.Extensions.BenchmarkTests,Collections,50,149.59 ns,2.334 ns,2.184 ns,0.564 ns,146.31 ns,147.77 ns,149.77 ns,150.81 ns,153.96 ns,"6,685,083.5",2.3344 ns,15.00,2.161,2.000,0.4376,4,*,No,0.0060,224 B,56 B
'HasItems With Count',Job-TRKAEU,False,True,Default,Default,Default,Default,Default,1111,Empty,RyuJit,X64,8c5e7fda-e8bf-4a96-9a85-a6e23a8c635c,.NET 6.0,False,True,False,True,Default,Default,False,False,True,Default,Default,Default,Default,Default,Default,Default,1,Default,Default,Default,Default,Default,Default,Default,Default,Default,16,Default,DotNetTips.Spargine.Extensions.BenchmarkTests,Collections,100,297.70 ns,4.458 ns,4.170 ns,1.077 ns,289.77 ns,294.78 ns,297.90 ns,300.56 ns,306.16 ns,"3,359,063.8",4.4576 ns,15.00,2.350,2.000,0.0370,7,*,No,0.0057,43 B,56 B
'HasItems With Count',Job-TRKAEU,False,True,Default,Default,Default,Default,Default,1111,Empty,RyuJit,X64,8c5e7fda-e8bf-4a96-9a85-a6e23a8c635c,.NET 6.0,False,True,False,True,Default,Default,False,False,True,Default,Default,Default,Default,Default,Default,Default,1,Default,Default,Default,Default,Default,Default,Default,Default,Default,16,Default,DotNetTips.Spargine.Extensions.BenchmarkTests,Collections,250,692.40 ns,6.156 ns,5.758 ns,1.487 ns,682.29 ns,687.82 ns,691.15 ns,697.15 ns,702.01 ns,"1,444,256.0",6.1555 ns,15.00,1.618,2.000,0.0571,9,*,No,0.0057,43 B,56 B
'HasItems With Count',Job-TRKAEU,False,True,Default,Default,Default,Default,Default,1111,Empty,RyuJit,X64,8c5e7fda-e8bf-4a96-9a85-a6e23a8c635c,.NET 6.0,False,True,False,True,Default,Default,False,False,True,Default,Default,Default,Default,Default,Default,Default,1,Default,Default,Default,Default,Default,Default,Default,Default,Default,16,Default,DotNetTips.Spargine.Extensions.BenchmarkTests,Collections,500,"1,354.48 ns",9.954 ns,9.311 ns,2.404 ns,"1,340.23 ns","1,346.88 ns","1,353.60 ns","1,364.22 ns","1,368.98 ns","738,291.8",9.9543 ns,15.00,1.458,2.000,0.0810,11,*,No,0.0057,99 B,56 B
'HasItems With Count',Job-TRKAEU,False,True,Default,Default,Default,Default,Default,1111,Empty,RyuJit,X64,8c5e7fda-e8bf-4a96-9a85-a6e23a8c635c,.NET 6.0,False,True,False,True,Default,Default,False,False,True,Default,Default,Default,Default,Default,Default,Default,1,Default,Default,Default,Default,Default,Default,Default,Default,Default,16,Default,DotNetTips.Spargine.Extensions.BenchmarkTests,Collections,1000,"2,470.99 ns",39.281 ns,32.801 ns,9.097 ns,"2,421.54 ns","2,456.55 ns","2,464.51 ns","2,486.99 ns","2,550.53 ns","404,695.9",39.2806 ns,13.00,3.295,2.000,0.7781,12,*,No,0.0038,206 B,56 B
'HasItems With Count',Job-TRKAEU,False,True,Default,Default,Default,Default,Default,1111,Empty,RyuJit,X64,8c5e7fda-e8bf-4a96-9a85-a6e23a8c635c,.NET 6.0,False,True,False,True,Default,Default,False,False,True,Default,Default,Default,Default,Default,Default,Default,1,Default,Default,Default,Default,Default,Default,Default,Default,Default,16,Default,DotNetTips.Spargine.Extensions.BenchmarkTests,Collections,2500,"6,084.50 ns",45.084 ns,42.172 ns,10.889 ns,"6,019.25 ns","6,056.31 ns","6,075.37 ns","6,105.13 ns","6,167.08 ns","164,352.0",45.0840 ns,15.00,2.200,2.000,0.5080,14,*,No,-,206 B,56 B
HasItems,Job-TRKAEU,False,True,Default,Default,Default,Default,Default,1111,Empty,RyuJit,X64,8c5e7fda-e8bf-4a96-9a85-a6e23a8c635c,.NET 6.0,False,True,False,True,Default,Default,False,False,True,Default,Default,Default,Default,Default,Default,Default,1,Default,Default,Default,Default,Default,Default,Default,Default,Default,16,Default,DotNetTips.Spargine.Extensions.BenchmarkTests,Collections,10,51.44 ns,0.995 ns,0.777 ns,0.224 ns,49.97 ns,51.09 ns,51.48 ns,51.91 ns,52.83 ns,"19,441,620.0",0.9948 ns,12.00,2.275,2.000,-0.1720,2,*,No,0.0062,43 B,56 B
HasItems,Job-TRKAEU,False,True,Default,Default,Default,Default,Default,1111,Empty,RyuJit,X64,8c5e7fda-e8bf-4a96-9a85-a6e23a8c635c,.NET 6.0,False,True,False,True,Default,Default,False,False,True,Default,Default,Default,Default,Default,Default,Default,1,Default,Default,Default,Default,Default,Default,Default,Default,Default,16,Default,DotNetTips.Spargine.Extensions.BenchmarkTests,Collections,25,100.40 ns,2.014 ns,2.888 ns,0.546 ns,96.37 ns,98.28 ns,99.84 ns,101.77 ns,106.57 ns,"9,960,430.9",2.0136 ns,28.00,2.513,2.167,0.7059,3,*,No,0.0062,151 B,56 B
HasItems,Job-TRKAEU,False,True,Default,Default,Default,Default,Default,1111,Empty,RyuJit,X64,8c5e7fda-e8bf-4a96-9a85-a6e23a8c635c,.NET 6.0,False,True,False,True,Default,Default,False,False,True,Default,Default,Default,Default,Default,Default,Default,1,Default,Default,Default,Default,Default,Default,Default,Default,Default,16,Default,DotNetTips.Spargine.Extensions.BenchmarkTests,Collections,50,155.41 ns,3.027 ns,2.972 ns,0.743 ns,151.20 ns,152.59 ns,155.43 ns,157.86 ns,159.32 ns,"6,434,771.0",3.0266 ns,16.00,1.314,2.000,-0.1010,5,*,No,0.0060,43 B,56 B
HasItems,Job-TRKAEU,False,True,Default,Default,Default,Default,Default,1111,Empty,RyuJit,X64,8c5e7fda-e8bf-4a96-9a85-a6e23a8c635c,.NET 6.0,False,True,False,True,Default,Default,False,False,True,Default,Default,Default,Default,Default,Default,Default,1,Default,Default,Default,Default,Default,Default,Default,Default,Default,16,Default,DotNetTips.Spargine.Extensions.BenchmarkTests,Collections,100,277.52 ns,4.947 ns,4.627 ns,1.195 ns,270.27 ns,273.86 ns,277.76 ns,279.50 ns,287.10 ns,"3,603,320.1",4.9466 ns,15.00,2.287,2.000,0.4105,6,*,No,0.0057,43 B,56 B
HasItems,Job-TRKAEU,False,True,Default,Default,Default,Default,Default,1111,Empty,RyuJit,X64,8c5e7fda-e8bf-4a96-9a85-a6e23a8c635c,.NET 6.0,False,True,False,True,Default,Default,False,False,True,Default,Default,Default,Default,Default,Default,Default,1,Default,Default,Default,Default,Default,Default,Default,Default,Default,16,Default,DotNetTips.Spargine.Extensions.BenchmarkTests,Collections,250,631.86 ns,7.400 ns,6.922 ns,1.787 ns,620.77 ns,627.13 ns,630.46 ns,636.11 ns,648.90 ns,"1,582,620.8",7.3996 ns,15.00,3.148,2.000,0.7291,8,*,No,0.0057,151 B,56 B
HasItems,Job-TRKAEU,False,True,Default,Default,Default,Default,Default,1111,Empty,RyuJit,X64,8c5e7fda-e8bf-4a96-9a85-a6e23a8c635c,.NET 6.0,False,True,False,True,Default,Default,False,False,True,Default,Default,Default,Default,Default,Default,Default,1,Default,Default,Default,Default,Default,Default,Default,Default,Default,16,Default,DotNetTips.Spargine.Extensions.BenchmarkTests,Collections,500,"1,235.62 ns",11.924 ns,11.154 ns,2.880 ns,"1,203.11 ns","1,233.36 ns","1,236.07 ns","1,243.06 ns","1,247.17 ns","809,307.7",11.9245 ns,15.00,5.150,2.000,-1.5328,10,*,No,0.0057,43 B,56 B
HasItems,Job-TRKAEU,False,True,Default,Default,Default,Default,Default,1111,Empty,RyuJit,X64,8c5e7fda-e8bf-4a96-9a85-a6e23a8c635c,.NET 6.0,False,True,False,True,Default,Default,False,False,True,Default,Default,Default,Default,Default,Default,Default,1,Default,Default,Default,Default,Default,Default,Default,Default,Default,16,Default,DotNetTips.Spargine.Extensions.BenchmarkTests,Collections,1000,"2,456.10 ns",42.100 ns,39.380 ns,10.168 ns,"2,390.44 ns","2,421.51 ns","2,466.91 ns","2,493.96 ns","2,505.66 ns","407,149.4",42.0997 ns,15.00,1.391,2.000,-0.1285,12,*,No,0.0038,151 B,56 B
HasItems,Job-TRKAEU,False,True,Default,Default,Default,Default,Default,1111,Empty,RyuJit,X64,8c5e7fda-e8bf-4a96-9a85-a6e23a8c635c,.NET 6.0,False,True,False,True,Default,Default,False,False,True,Default,Default,Default,Default,Default,Default,Default,1,Default,Default,Default,Default,Default,Default,Default,Default,Default,16,Default,DotNetTips.Spargine.Extensions.BenchmarkTests,Collections,2500,"5,456.19 ns",64.887 ns,60.696 ns,15.672 ns,"5,354.78 ns","5,415.06 ns","5,440.54 ns","5,501.23 ns","5,571.94 ns","183,278.1",64.8872 ns,15.00,2.008,2.000,0.3576,13,*,No,-,151 B,56 B
