Method,Job,AnalyzeLaunchVariance,EvaluateOverhead,MaxAbsoluteError,MaxRelativeError,MinInvokeCount,MinIterationTime,OutlierMode,Affinity,EnvironmentVariables,Jit,Platform,PowerPlanMode,Runtime,AllowVeryLargeObjects,Concurrent,CpuGroups,Force,HeapAffinitizeMask,HeapCount,NoAffinitize,RetainVm,Server,Arguments,BuildConfiguration,Clock,EngineFactory,NuGetReferences,Toolchain,IsMutator,InvocationCount,IterationCount,IterationTime,LaunchCount,MaxIterationCount,MaxWarmupIterationCount,MemoryRandomization,MinIterationCount,MinWarmupIterationCount,RunStrategy,UnrollFactor,WarmupCount,Namespace,Categories,Count,Mean,Error,StdDev,StdErr,Median,Min,Q1,Q3,Max,Op/s,CI99.9% Margin,Iterations,Kurtosis,MValue,Skewness,Rank,LogicalGroup,Baseline,Gen 0,Code Size,Gen 1,Allocated
AppendBytes:01*,Job-TRKAEU,False,True,Default,Default,Default,Default,Default,1111,Empty,RyuJit,X64,8c5e7fda-e8bf-4a96-9a85-a6e23a8c635c,.NET 6.0,False,True,False,True,Default,Default,False,False,True,Default,Default,Default,Default,Default,Default,Default,1,Default,Default,Default,Default,Default,Default,Default,Default,Default,16,Default,DotNetTips.Spargine.Extensions.BenchmarkTests,Strings,2,"28,584.6 ns",547.13 ns,958.26 ns,153.44 ns,"28,409.2 ns","26,768.5 ns","28,088.3 ns","29,299.5 ns","30,962.6 ns","34,983.9",547.132 ns,39.00,2.642,2.000,0.3893,3,*,No,5.0049,2 KB,0.0610,45 KB
AppendBytes:01*,Job-TRKAEU,False,True,Default,Default,Default,Default,Default,1111,Empty,RyuJit,X64,8c5e7fda-e8bf-4a96-9a85-a6e23a8c635c,.NET 6.0,False,True,False,True,Default,Default,False,False,True,Default,Default,Default,Default,Default,Default,Default,1,Default,Default,Default,Default,Default,Default,Default,Default,Default,16,Default,DotNetTips.Spargine.Extensions.BenchmarkTests,Strings,5,"30,057.6 ns",584.92 ns,600.66 ns,145.68 ns,"29,785.7 ns","29,438.7 ns","29,659.2 ns","30,489.2 ns","31,431.6 ns","33,269.5",584.915 ns,17.00,2.427,2.000,0.8124,3,*,No,4.9744,2 KB,0.0916,45 KB
AppendBytes:01*,Job-TRKAEU,False,True,Default,Default,Default,Default,Default,1111,Empty,RyuJit,X64,8c5e7fda-e8bf-4a96-9a85-a6e23a8c635c,.NET 6.0,False,True,False,True,Default,Default,False,False,True,Default,Default,Default,Default,Default,Default,Default,1,Default,Default,Default,Default,Default,Default,Default,Default,Default,16,Default,DotNetTips.Spargine.Extensions.BenchmarkTests,Strings,10,"29,723.8 ns",575.58 ns,615.86 ns,145.16 ns,"29,476.1 ns","29,101.6 ns","29,304.3 ns","30,011.8 ns","31,362.7 ns","33,643.1",575.576 ns,18.00,3.571,2.000,1.2044,3,*,No,5.0049,2 KB,0.0916,45 KB
AppendBytes:01*,Job-TRKAEU,False,True,Default,Default,Default,Default,Default,1111,Empty,RyuJit,X64,8c5e7fda-e8bf-4a96-9a85-a6e23a8c635c,.NET 6.0,False,True,False,True,Default,Default,False,False,True,Default,Default,Default,Default,Default,Default,Default,1,Default,Default,Default,Default,Default,Default,Default,Default,Default,16,Default,DotNetTips.Spargine.Extensions.BenchmarkTests,Strings,20,"29,443.2 ns",463.36 ns,410.75 ns,109.78 ns,"29,396.7 ns","28,655.4 ns","29,222.8 ns","29,641.8 ns","30,258.4 ns","33,963.7",463.356 ns,14.00,2.659,2.000,0.2830,3,*,No,4.9744,2 KB,0.0305,45 KB
AppendBytes:01*,Job-TRKAEU,False,True,Default,Default,Default,Default,Default,1111,Empty,RyuJit,X64,8c5e7fda-e8bf-4a96-9a85-a6e23a8c635c,.NET 6.0,False,True,False,True,Default,Default,False,False,True,Default,Default,Default,Default,Default,Default,Default,1,Default,Default,Default,Default,Default,Default,Default,Default,Default,16,Default,DotNetTips.Spargine.Extensions.BenchmarkTests,Strings,25,"29,692.4 ns",571.35 ns,586.73 ns,142.30 ns,"29,627.9 ns","28,609.0 ns","29,298.5 ns","30,102.8 ns","30,952.4 ns","33,678.6",571.347 ns,17.00,2.337,2.000,0.1201,3,*,No,5.0049,2 KB,0.0916,45 KB
AppendBytes:01*,Job-TRKAEU,False,True,Default,Default,Default,Default,Default,1111,Empty,RyuJit,X64,8c5e7fda-e8bf-4a96-9a85-a6e23a8c635c,.NET 6.0,False,True,False,True,Default,Default,False,False,True,Default,Default,Default,Default,Default,Default,Default,1,Default,Default,Default,Default,Default,Default,Default,Default,Default,16,Default,DotNetTips.Spargine.Extensions.BenchmarkTests,Strings,50,"29,640.1 ns",579.78 ns,513.96 ns,137.36 ns,"29,623.8 ns","28,584.6 ns","29,378.3 ns","30,006.0 ns","30,499.2 ns","33,738.1",579.782 ns,14.00,2.336,2.000,-0.3941,3,*,No,5.0049,2 KB,0.0610,45 KB
AppendBytes:01*,Job-TRKAEU,False,True,Default,Default,Default,Default,Default,1111,Empty,RyuJit,X64,8c5e7fda-e8bf-4a96-9a85-a6e23a8c635c,.NET 6.0,False,True,False,True,Default,Default,False,False,True,Default,Default,Default,Default,Default,Default,Default,1,Default,Default,Default,Default,Default,Default,Default,Default,Default,16,Default,DotNetTips.Spargine.Extensions.BenchmarkTests,Strings,75,"29,781.9 ns",587.37 ns,652.87 ns,149.78 ns,"29,945.3 ns","28,492.9 ns","29,489.9 ns","30,185.8 ns","31,197.9 ns","33,577.5",587.375 ns,19.00,2.686,2.000,-0.1566,3,*,No,5.0049,2 KB,0.0916,45 KB
AppendBytes:01*,Job-TRKAEU,False,True,Default,Default,Default,Default,Default,1111,Empty,RyuJit,X64,8c5e7fda-e8bf-4a96-9a85-a6e23a8c635c,.NET 6.0,False,True,False,True,Default,Default,False,False,True,Default,Default,Default,Default,Default,Default,Default,1,Default,Default,Default,Default,Default,Default,Default,Default,Default,16,Default,DotNetTips.Spargine.Extensions.BenchmarkTests,Strings,100,"29,809.9 ns",443.85 ns,370.63 ns,102.80 ns,"29,747.7 ns","29,194.3 ns","29,686.9 ns","29,960.0 ns","30,671.7 ns","33,545.9",443.848 ns,13.00,3.068,2.000,0.5719,3,*,No,4.9744,2 KB,0.0916,45 KB
AppendBytes:01*,Job-TRKAEU,False,True,Default,Default,Default,Default,Default,1111,Empty,RyuJit,X64,8c5e7fda-e8bf-4a96-9a85-a6e23a8c635c,.NET 6.0,False,True,False,True,Default,Default,False,False,True,Default,Default,Default,Default,Default,Default,Default,1,Default,Default,Default,Default,Default,Default,Default,Default,Default,16,Default,DotNetTips.Spargine.Extensions.BenchmarkTests,Strings,250,"28,686.8 ns",549.61 ns,610.89 ns,140.15 ns,"28,576.5 ns","27,704.0 ns","28,206.5 ns","29,049.8 ns","29,862.9 ns","34,859.3",549.613 ns,19.00,2.122,2.000,0.4064,3,*,No,5.0049,2 KB,0.0916,45 KB
AppendKeyValue,Job-TRKAEU,False,True,Default,Default,Default,Default,Default,1111,Empty,RyuJit,X64,8c5e7fda-e8bf-4a96-9a85-a6e23a8c635c,.NET 6.0,False,True,False,True,Default,Default,False,False,True,Default,Default,Default,Default,Default,Default,Default,1,Default,Default,Default,Default,Default,Default,Default,Default,Default,16,Default,DotNetTips.Spargine.Extensions.BenchmarkTests,Strings,2,"3,468.2 ns",68.43 ns,67.21 ns,16.80 ns,"3,464.6 ns","3,375.9 ns","3,415.8 ns","3,507.7 ns","3,619.0 ns","288,330.3",68.433 ns,16.00,2.307,2.000,0.4903,2,*,No,0.3090,2 KB,-,3 KB
AppendKeyValue,Job-TRKAEU,False,True,Default,Default,Default,Default,Default,1111,Empty,RyuJit,X64,8c5e7fda-e8bf-4a96-9a85-a6e23a8c635c,.NET 6.0,False,True,False,True,Default,Default,False,False,True,Default,Default,Default,Default,Default,Default,Default,1,Default,Default,Default,Default,Default,Default,Default,Default,Default,16,Default,DotNetTips.Spargine.Extensions.BenchmarkTests,Strings,5,"3,445.8 ns",66.32 ns,97.22 ns,18.05 ns,"3,425.8 ns","3,316.4 ns","3,386.3 ns","3,505.2 ns","3,653.9 ns","290,211.3",66.323 ns,29.00,2.358,2.000,0.7234,2,*,No,0.3052,2 KB,-,3 KB
AppendKeyValue,Job-TRKAEU,False,True,Default,Default,Default,Default,Default,1111,Empty,RyuJit,X64,8c5e7fda-e8bf-4a96-9a85-a6e23a8c635c,.NET 6.0,False,True,False,True,Default,Default,False,False,True,Default,Default,Default,Default,Default,Default,Default,1,Default,Default,Default,Default,Default,Default,Default,Default,Default,16,Default,DotNetTips.Spargine.Extensions.BenchmarkTests,Strings,10,"3,474.6 ns",68.11 ns,69.94 ns,16.96 ns,"3,453.7 ns","3,383.9 ns","3,436.4 ns","3,533.7 ns","3,638.8 ns","287,802.4",68.106 ns,17.00,2.585,2.000,0.6996,2,*,No,0.3052,2 KB,-,3 KB
AppendKeyValue,Job-TRKAEU,False,True,Default,Default,Default,Default,Default,1111,Empty,RyuJit,X64,8c5e7fda-e8bf-4a96-9a85-a6e23a8c635c,.NET 6.0,False,True,False,True,Default,Default,False,False,True,Default,Default,Default,Default,Default,Default,Default,1,Default,Default,Default,Default,Default,Default,Default,Default,Default,16,Default,DotNetTips.Spargine.Extensions.BenchmarkTests,Strings,20,"3,468.0 ns",68.97 ns,61.14 ns,16.34 ns,"3,474.7 ns","3,344.3 ns","3,430.7 ns","3,521.5 ns","3,550.2 ns","288,351.5",68.966 ns,14.00,2.015,2.000,-0.5013,2,*,No,0.3052,2 KB,-,3 KB
AppendKeyValue,Job-TRKAEU,False,True,Default,Default,Default,Default,Default,1111,Empty,RyuJit,X64,8c5e7fda-e8bf-4a96-9a85-a6e23a8c635c,.NET 6.0,False,True,False,True,Default,Default,False,False,True,Default,Default,Default,Default,Default,Default,Default,1,Default,Default,Default,Default,Default,Default,Default,Default,Default,16,Default,DotNetTips.Spargine.Extensions.BenchmarkTests,Strings,25,"3,571.0 ns",58.94 ns,52.25 ns,13.96 ns,"3,563.6 ns","3,486.4 ns","3,538.7 ns","3,597.1 ns","3,701.9 ns","280,032.2",58.940 ns,14.00,3.481,2.000,0.7677,2,*,No,0.3128,2 KB,-,3 KB
AppendKeyValue,Job-TRKAEU,False,True,Default,Default,Default,Default,Default,1111,Empty,RyuJit,X64,8c5e7fda-e8bf-4a96-9a85-a6e23a8c635c,.NET 6.0,False,True,False,True,Default,Default,False,False,True,Default,Default,Default,Default,Default,Default,Default,1,Default,Default,Default,Default,Default,Default,Default,Default,Default,16,Default,DotNetTips.Spargine.Extensions.BenchmarkTests,Strings,50,"3,502.3 ns",69.69 ns,90.62 ns,18.50 ns,"3,496.4 ns","3,371.3 ns","3,433.2 ns","3,545.4 ns","3,736.4 ns","285,524.6",69.690 ns,24.00,3.065,2.000,0.7851,2,*,No,0.3090,2 KB,-,3 KB
AppendKeyValue,Job-TRKAEU,False,True,Default,Default,Default,Default,Default,1111,Empty,RyuJit,X64,8c5e7fda-e8bf-4a96-9a85-a6e23a8c635c,.NET 6.0,False,True,False,True,Default,Default,False,False,True,Default,Default,Default,Default,Default,Default,Default,1,Default,Default,Default,Default,Default,Default,Default,Default,Default,16,Default,DotNetTips.Spargine.Extensions.BenchmarkTests,Strings,75,"3,535.3 ns",58.26 ns,59.83 ns,14.51 ns,"3,536.3 ns","3,464.5 ns","3,475.4 ns","3,562.8 ns","3,677.2 ns","282,860.6",58.261 ns,17.00,2.849,2.000,0.7207,2,*,No,0.3052,2 KB,-,3 KB
AppendKeyValue,Job-TRKAEU,False,True,Default,Default,Default,Default,Default,1111,Empty,RyuJit,X64,8c5e7fda-e8bf-4a96-9a85-a6e23a8c635c,.NET 6.0,False,True,False,True,Default,Default,False,False,True,Default,Default,Default,Default,Default,Default,Default,1,Default,Default,Default,Default,Default,Default,Default,Default,Default,16,Default,DotNetTips.Spargine.Extensions.BenchmarkTests,Strings,100,"3,420.0 ns",57.82 ns,64.27 ns,14.74 ns,"3,431.4 ns","3,329.8 ns","3,383.0 ns","3,442.4 ns","3,539.6 ns","292,401.6",57.824 ns,19.00,2.137,2.000,0.4106,2,*,No,0.3052,2 KB,-,3 KB
AppendKeyValue,Job-TRKAEU,False,True,Default,Default,Default,Default,Default,1111,Empty,RyuJit,X64,8c5e7fda-e8bf-4a96-9a85-a6e23a8c635c,.NET 6.0,False,True,False,True,Default,Default,False,False,True,Default,Default,Default,Default,Default,Default,Default,1,Default,Default,Default,Default,Default,Default,Default,Default,Default,16,Default,DotNetTips.Spargine.Extensions.BenchmarkTests,Strings,250,"3,500.8 ns",70.03 ns,71.92 ns,17.44 ns,"3,501.1 ns","3,420.5 ns","3,441.9 ns","3,531.4 ns","3,647.6 ns","285,650.2",70.033 ns,17.00,2.027,2.000,0.6541,2,*,No,0.3014,2 KB,-,3 KB
AppendValues,Job-TRKAEU,False,True,Default,Default,Default,Default,Default,1111,Empty,RyuJit,X64,8c5e7fda-e8bf-4a96-9a85-a6e23a8c635c,.NET 6.0,False,True,False,True,Default,Default,False,False,True,Default,Default,Default,Default,Default,Default,Default,1,Default,Default,Default,Default,Default,Default,Default,Default,Default,16,Default,DotNetTips.Spargine.Extensions.BenchmarkTests,Strings,2,611.6 ns,12.25 ns,28.40 ns,3.55 ns,609.1 ns,569.2 ns,586.9 ns,630.6 ns,687.7 ns,"1,635,121.9",12.253 ns,64.00,2.611,2.696,0.6118,1,*,No,0.1650,1 KB,-,1 KB
AppendValues,Job-TRKAEU,False,True,Default,Default,Default,Default,Default,1111,Empty,RyuJit,X64,8c5e7fda-e8bf-4a96-9a85-a6e23a8c635c,.NET 6.0,False,True,False,True,Default,Default,False,False,True,Default,Default,Default,Default,Default,Default,Default,1,Default,Default,Default,Default,Default,Default,Default,Default,Default,16,Default,DotNetTips.Spargine.Extensions.BenchmarkTests,Strings,5,591.6 ns,11.37 ns,12.17 ns,2.87 ns,590.3 ns,577.8 ns,584.2 ns,595.8 ns,617.0 ns,"1,690,382.2",11.370 ns,18.00,2.190,2.000,0.6766,1,*,No,0.1698,1 KB,-,1 KB
AppendValues,Job-TRKAEU,False,True,Default,Default,Default,Default,Default,1111,Empty,RyuJit,X64,8c5e7fda-e8bf-4a96-9a85-a6e23a8c635c,.NET 6.0,False,True,False,True,Default,Default,False,False,True,Default,Default,Default,Default,Default,Default,Default,1,Default,Default,Default,Default,Default,Default,Default,Default,Default,16,Default,DotNetTips.Spargine.Extensions.BenchmarkTests,Strings,10,588.1 ns,11.75 ns,22.91 ns,3.34 ns,577.9 ns,558.1 ns,573.2 ns,598.7 ns,643.4 ns,"1,700,421.6",11.745 ns,47.00,2.999,2.000,1.0476,1,*,No,0.1678,1 KB,-,1 KB
AppendValues,Job-TRKAEU,False,True,Default,Default,Default,Default,Default,1111,Empty,RyuJit,X64,8c5e7fda-e8bf-4a96-9a85-a6e23a8c635c,.NET 6.0,False,True,False,True,Default,Default,False,False,True,Default,Default,Default,Default,Default,Default,Default,1,Default,Default,Default,Default,Default,Default,Default,Default,Default,16,Default,DotNetTips.Spargine.Extensions.BenchmarkTests,Strings,20,584.1 ns,6.98 ns,5.83 ns,1.62 ns,583.2 ns,570.9 ns,580.7 ns,587.2 ns,593.7 ns,"1,712,169.5",6.976 ns,13.00,2.812,2.000,-0.3854,1,*,No,0.1650,1 KB,-,1 KB
AppendValues,Job-TRKAEU,False,True,Default,Default,Default,Default,Default,1111,Empty,RyuJit,X64,8c5e7fda-e8bf-4a96-9a85-a6e23a8c635c,.NET 6.0,False,True,False,True,Default,Default,False,False,True,Default,Default,Default,Default,Default,Default,Default,1,Default,Default,Default,Default,Default,Default,Default,Default,Default,16,Default,DotNetTips.Spargine.Extensions.BenchmarkTests,Strings,25,595.3 ns,11.85 ns,24.48 ns,3.39 ns,587.2 ns,562.2 ns,574.9 ns,613.2 ns,659.8 ns,"1,679,944.8",11.853 ns,52.00,2.439,2.348,0.6950,1,*,No,0.1678,1 KB,-,1 KB
AppendValues,Job-TRKAEU,False,True,Default,Default,Default,Default,Default,1111,Empty,RyuJit,X64,8c5e7fda-e8bf-4a96-9a85-a6e23a8c635c,.NET 6.0,False,True,False,True,Default,Default,False,False,True,Default,Default,Default,Default,Default,Default,Default,1,Default,Default,Default,Default,Default,Default,Default,Default,Default,16,Default,DotNetTips.Spargine.Extensions.BenchmarkTests,Strings,50,595.2 ns,11.14 ns,17.02 ns,3.06 ns,588.6 ns,575.8 ns,582.4 ns,602.6 ns,642.8 ns,"1,680,083.1",11.143 ns,31.00,3.527,2.000,1.1216,1,*,No,0.1669,1 KB,-,1 KB
AppendValues,Job-TRKAEU,False,True,Default,Default,Default,Default,Default,1111,Empty,RyuJit,X64,8c5e7fda-e8bf-4a96-9a85-a6e23a8c635c,.NET 6.0,False,True,False,True,Default,Default,False,False,True,Default,Default,Default,Default,Default,Default,Default,1,Default,Default,Default,Default,Default,Default,Default,Default,Default,16,Default,DotNetTips.Spargine.Extensions.BenchmarkTests,Strings,75,580.7 ns,6.74 ns,6.30 ns,1.63 ns,579.0 ns,572.1 ns,575.3 ns,584.9 ns,592.4 ns,"1,722,121.3",6.740 ns,15.00,1.827,2.000,0.4494,1,*,No,0.1650,1 KB,-,1 KB
AppendValues,Job-TRKAEU,False,True,Default,Default,Default,Default,Default,1111,Empty,RyuJit,X64,8c5e7fda-e8bf-4a96-9a85-a6e23a8c635c,.NET 6.0,False,True,False,True,Default,Default,False,False,True,Default,Default,Default,Default,Default,Default,Default,1,Default,Default,Default,Default,Default,Default,Default,Default,Default,16,Default,DotNetTips.Spargine.Extensions.BenchmarkTests,Strings,100,602.9 ns,12.04 ns,24.32 ns,3.44 ns,602.7 ns,561.4 ns,579.8 ns,619.3 ns,659.1 ns,"1,658,735.3",12.038 ns,50.00,2.356,3.000,0.3802,1,*,No,0.1631,1 KB,-,1 KB
AppendValues,Job-TRKAEU,False,True,Default,Default,Default,Default,Default,1111,Empty,RyuJit,X64,8c5e7fda-e8bf-4a96-9a85-a6e23a8c635c,.NET 6.0,False,True,False,True,Default,Default,False,False,True,Default,Default,Default,Default,Default,Default,Default,1,Default,Default,Default,Default,Default,Default,Default,Default,Default,16,Default,DotNetTips.Spargine.Extensions.BenchmarkTests,Strings,250,613.5 ns,11.56 ns,31.85 ns,3.40 ns,606.3 ns,565.5 ns,590.1 ns,629.7 ns,711.0 ns,"1,630,078.0",11.565 ns,88.00,3.106,3.071,0.8409,1,*,No,0.1583,1 KB,-,1 KB
BytesToString:01**,Job-TRKAEU,False,True,Default,Default,Default,Default,Default,1111,Empty,RyuJit,X64,8c5e7fda-e8bf-4a96-9a85-a6e23a8c635c,.NET 6.0,False,True,False,True,Default,Default,False,False,True,Default,Default,Default,Default,Default,Default,Default,1,Default,Default,Default,Default,Default,Default,Default,Default,Default,16,Default,DotNetTips.Spargine.Extensions.BenchmarkTests,Strings,2,"28,843.8 ns",479.29 ns,424.88 ns,113.55 ns,"28,815.5 ns","28,255.8 ns","28,479.4 ns","29,232.9 ns","29,483.2 ns","34,669.5",479.291 ns,14.00,1.206,2.000,0.0630,3,*,No,5.0049,2 KB,0.0916,45 KB
BytesToString:01**,Job-TRKAEU,False,True,Default,Default,Default,Default,Default,1111,Empty,RyuJit,X64,8c5e7fda-e8bf-4a96-9a85-a6e23a8c635c,.NET 6.0,False,True,False,True,Default,Default,False,False,True,Default,Default,Default,Default,Default,Default,Default,1,Default,Default,Default,Default,Default,Default,Default,Default,Default,16,Default,DotNetTips.Spargine.Extensions.BenchmarkTests,Strings,5,"29,487.3 ns",573.85 ns,785.50 ns,154.05 ns,"29,648.3 ns","27,921.6 ns","29,020.0 ns","30,001.9 ns","30,743.6 ns","33,912.9",573.852 ns,26.00,2.023,2.462,-0.4198,3,*,No,4.9744,2 KB,-,45 KB
BytesToString:01**,Job-TRKAEU,False,True,Default,Default,Default,Default,Default,1111,Empty,RyuJit,X64,8c5e7fda-e8bf-4a96-9a85-a6e23a8c635c,.NET 6.0,False,True,False,True,Default,Default,False,False,True,Default,Default,Default,Default,Default,Default,Default,1,Default,Default,Default,Default,Default,Default,Default,Default,Default,16,Default,DotNetTips.Spargine.Extensions.BenchmarkTests,Strings,10,"29,069.2 ns",502.74 ns,470.26 ns,121.42 ns,"29,166.4 ns","28,338.7 ns","28,678.2 ns","29,353.1 ns","29,859.2 ns","34,400.7",502.740 ns,15.00,1.629,2.000,0.1601,3,*,No,4.9438,2 KB,0.0610,45 KB
BytesToString:01**,Job-TRKAEU,False,True,Default,Default,Default,Default,Default,1111,Empty,RyuJit,X64,8c5e7fda-e8bf-4a96-9a85-a6e23a8c635c,.NET 6.0,False,True,False,True,Default,Default,False,False,True,Default,Default,Default,Default,Default,Default,Default,1,Default,Default,Default,Default,Default,Default,Default,Default,Default,16,Default,DotNetTips.Spargine.Extensions.BenchmarkTests,Strings,20,"28,587.8 ns",547.87 ns,608.96 ns,139.71 ns,"28,432.1 ns","27,466.5 ns","28,309.8 ns","28,888.6 ns","29,672.7 ns","34,980.0",547.874 ns,19.00,2.463,2.000,0.1116,3,*,No,4.9744,2 KB,-,45 KB
BytesToString:01**,Job-TRKAEU,False,True,Default,Default,Default,Default,Default,1111,Empty,RyuJit,X64,8c5e7fda-e8bf-4a96-9a85-a6e23a8c635c,.NET 6.0,False,True,False,True,Default,Default,False,False,True,Default,Default,Default,Default,Default,Default,Default,1,Default,Default,Default,Default,Default,Default,Default,Default,Default,16,Default,DotNetTips.Spargine.Extensions.BenchmarkTests,Strings,25,"30,024.6 ns",531.89 ns,497.53 ns,128.46 ns,"29,983.2 ns","29,380.0 ns","29,652.7 ns","30,256.9 ns","30,991.3 ns","33,306.0",531.887 ns,15.00,2.036,2.000,0.5473,3,*,No,4.9744,2 KB,0.0305,45 KB
BytesToString:01**,Job-TRKAEU,False,True,Default,Default,Default,Default,Default,1111,Empty,RyuJit,X64,8c5e7fda-e8bf-4a96-9a85-a6e23a8c635c,.NET 6.0,False,True,False,True,Default,Default,False,False,True,Default,Default,Default,Default,Default,Default,Default,1,Default,Default,Default,Default,Default,Default,Default,Default,Default,16,Default,DotNetTips.Spargine.Extensions.BenchmarkTests,Strings,50,"28,912.0 ns",575.76 ns,748.65 ns,152.82 ns,"28,830.5 ns","27,448.6 ns","28,567.2 ns","29,369.3 ns","30,454.9 ns","34,587.7",575.758 ns,24.00,2.796,2.000,0.0462,3,*,No,4.9744,2 KB,-,45 KB
BytesToString:01**,Job-TRKAEU,False,True,Default,Default,Default,Default,Default,1111,Empty,RyuJit,X64,8c5e7fda-e8bf-4a96-9a85-a6e23a8c635c,.NET 6.0,False,True,False,True,Default,Default,False,False,True,Default,Default,Default,Default,Default,Default,Default,1,Default,Default,Default,Default,Default,Default,Default,Default,Default,16,Default,DotNetTips.Spargine.Extensions.BenchmarkTests,Strings,75,"29,055.2 ns",255.40 ns,226.40 ns,60.51 ns,"29,085.2 ns","28,645.7 ns","28,903.3 ns","29,267.0 ns","29,299.7 ns","34,417.3",255.399 ns,14.00,1.855,2.000,-0.5579,3,*,No,5.0049,2 KB,-,45 KB
BytesToString:01**,Job-TRKAEU,False,True,Default,Default,Default,Default,Default,1111,Empty,RyuJit,X64,8c5e7fda-e8bf-4a96-9a85-a6e23a8c635c,.NET 6.0,False,True,False,True,Default,Default,False,False,True,Default,Default,Default,Default,Default,Default,Default,1,Default,Default,Default,Default,Default,Default,Default,Default,Default,16,Default,DotNetTips.Spargine.Extensions.BenchmarkTests,Strings,100,"28,840.6 ns",556.63 ns,798.30 ns,150.86 ns,"28,702.2 ns","27,572.0 ns","28,291.9 ns","29,283.4 ns","30,752.1 ns","34,673.4",556.627 ns,28.00,2.447,2.000,0.6040,3,*,No,5.0049,2 KB,0.0610,45 KB
BytesToString:01**,Job-TRKAEU,False,True,Default,Default,Default,Default,Default,1111,Empty,RyuJit,X64,8c5e7fda-e8bf-4a96-9a85-a6e23a8c635c,.NET 6.0,False,True,False,True,Default,Default,False,False,True,Default,Default,Default,Default,Default,Default,Default,1,Default,Default,Default,Default,Default,Default,Default,Default,Default,16,Default,DotNetTips.Spargine.Extensions.BenchmarkTests,Strings,250,"30,654.6 ns",596.71 ns,612.78 ns,148.62 ns,"30,659.1 ns","30,035.7 ns","30,097.2 ns","31,038.4 ns","32,065.3 ns","32,621.5",596.712 ns,17.00,2.285,2.000,0.6497,3,*,No,5.0049,2 KB,-,45 KB
