Method,Job,AnalyzeLaunchVariance,EvaluateOverhead,MaxAbsoluteError,MaxRelativeError,MinInvokeCount,MinIterationTime,OutlierMode,Affinity,EnvironmentVariables,Jit,Platform,PowerPlanMode,Runtime,AllowVeryLargeObjects,Concurrent,CpuGroups,Force,HeapAffinitizeMask,HeapCount,NoAffinitize,RetainVm,Server,Arguments,BuildConfiguration,Clock,EngineFactory,NuGetReferences,Toolchain,IsMutator,InvocationCount,IterationCount,IterationTime,LaunchCount,MaxIterationCount,MaxWarmupIterationCount,MemoryRandomization,MinIterationCount,MinWarmupIterationCount,RunStrategy,UnrollFactor,WarmupCount,Namespace,Categories,Mean,Error,StdDev,StdErr,Min,Q1,Median,Q3,Max,Op/s,CI99.9% Margin,Iterations,Kurtosis,MValue,Skewness,Rank,LogicalGroup,Baseline,Code Size,Gen 0,Gen 1,Allocated
'As: IPerson',Job-TRKAEU,False,True,Default,Default,Default,Default,Default,1111,Empty,RyuJit,X64,8c5e7fda-e8bf-4a96-9a85-a6e23a8c635c,.NET 6.0,False,True,False,True,Default,Default,False,False,True,Default,Default,Default,Default,Default,Default,Default,1,Default,Default,Default,Default,Default,Default,Default,Default,Default,16,Default,DotNetTips.Spargine.Extensions.BenchmarkTests,,6.5396 ns,0.1197 ns,0.1061 ns,0.0283 ns,6.3938 ns,6.4442 ns,6.5446 ns,6.5924 ns,6.7134 ns,"152,913,430.9",0.1197 ns,14.00,1.693,2.000,0.0808,4,*,No,173 B,-,-,0 B
'Clone: PersonProper',Job-TRKAEU,False,True,Default,Default,Default,Default,Default,1111,Empty,RyuJit,X64,8c5e7fda-e8bf-4a96-9a85-a6e23a8c635c,.NET 6.0,False,True,False,True,Default,Default,False,False,True,Default,Default,Default,Default,Default,Default,Default,1,Default,Default,Default,Default,Default,Default,Default,Default,Default,16,Default,DotNetTips.Spargine.Extensions.BenchmarkTests,,"4,109.0984 ns",62.0482 ns,55.0041 ns,14.7005 ns,"3,995.3415 ns","4,088.5473 ns","4,097.7512 ns","4,155.2801 ns","4,192.5026 ns","243,362.4",62.0482 ns,14.00,2.217,2.000,-0.1476,15,*,No,217 B,0.2213,-,"2,032 B"
'Clone: PersonRecord*',Job-TRKAEU,False,True,Default,Default,Default,Default,Default,1111,Empty,RyuJit,X64,8c5e7fda-e8bf-4a96-9a85-a6e23a8c635c,.NET 6.0,False,True,False,True,Default,Default,False,False,True,Default,Default,Default,Default,Default,Default,Default,1,Default,Default,Default,Default,Default,Default,Default,Default,Default,16,Default,DotNetTips.Spargine.Extensions.BenchmarkTests,,19.6799 ns,0.3356 ns,0.2802 ns,0.0777 ns,19.3367 ns,19.4994 ns,19.5757 ns,19.9742 ns,20.1555 ns,"50,813,198.9",0.3356 ns,13.00,1.596,2.000,0.5276,6,*,No,168 B,0.0099,-,88 B
'ComputeSha256Hash: PersonProper',Job-TRKAEU,False,True,Default,Default,Default,Default,Default,1111,Empty,RyuJit,X64,8c5e7fda-e8bf-4a96-9a85-a6e23a8c635c,.NET 6.0,False,True,False,True,Default,Default,False,False,True,Default,Default,Default,Default,Default,Default,Default,1,Default,Default,Default,Default,Default,Default,Default,Default,Default,16,Default,DotNetTips.Spargine.Extensions.BenchmarkTests,,"5,577.4430 ns",97.4123 ns,81.3436 ns,22.5607 ns,"5,420.7096 ns","5,523.5828 ns","5,579.9236 ns","5,654.9030 ns","5,687.8086 ns","179,293.6",97.4123 ns,13.00,1.777,2.000,-0.2895,16,*,No,353 B,0.3510,-,"3,232 B"
'ComputeSha256Hash: PersonRecord',Job-TRKAEU,False,True,Default,Default,Default,Default,Default,1111,Empty,RyuJit,X64,8c5e7fda-e8bf-4a96-9a85-a6e23a8c635c,.NET 6.0,False,True,False,True,Default,Default,False,False,True,Default,Default,Default,Default,Default,Default,Default,1,Default,Default,Default,Default,Default,Default,Default,Default,Default,16,Default,DotNetTips.Spargine.Extensions.BenchmarkTests,,"6,807.7359 ns",129.7565 ns,115.0258 ns,30.7419 ns,"6,588.2298 ns","6,730.1054 ns","6,808.1726 ns","6,892.7032 ns","6,983.7170 ns","146,891.7",129.7565 ns,14.00,1.803,2.000,-0.1522,17,*,No,353 B,0.4425,-,"4,000 B"
'DisposeFields: DataTable',Job-TRKAEU,False,True,Default,Default,Default,Default,Default,1111,Empty,RyuJit,X64,8c5e7fda-e8bf-4a96-9a85-a6e23a8c635c,.NET 6.0,False,True,False,True,Default,Default,False,False,True,Default,Default,Default,Default,Default,Default,Default,1,Default,Default,Default,Default,Default,Default,Default,Default,Default,16,Default,DotNetTips.Spargine.Extensions.BenchmarkTests,Ref Type,"42,414.2761 ns",541.1503 ns,451.8850 ns,125.3304 ns,"41,438.3972 ns","42,188.9526 ns","42,549.5178 ns","42,685.7361 ns","43,180.0110 ns","23,577.0",541.1503 ns,13.00,2.618,2.000,-0.5237,22,*,No,"1,490 B",1.0376,-,"9,889 B"
'HasProperty: PersonProper',Job-TRKAEU,False,True,Default,Default,Default,Default,Default,1111,Empty,RyuJit,X64,8c5e7fda-e8bf-4a96-9a85-a6e23a8c635c,.NET 6.0,False,True,False,True,Default,Default,False,False,True,Default,Default,Default,Default,Default,Default,Default,1,Default,Default,Default,Default,Default,Default,Default,Default,Default,16,Default,DotNetTips.Spargine.Extensions.BenchmarkTests,,274.1144 ns,5.5098 ns,8.0762 ns,1.4997 ns,262.3920 ns,268.1136 ns,270.7513 ns,278.7626 ns,292.1683 ns,"3,648,112.0",5.5098 ns,29.00,2.364,2.000,0.7068,9,*,No,328 B,0.0281,-,256 B
'HasProperty: PersonRecord',Job-TRKAEU,False,True,Default,Default,Default,Default,Default,1111,Empty,RyuJit,X64,8c5e7fda-e8bf-4a96-9a85-a6e23a8c635c,.NET 6.0,False,True,False,True,Default,Default,False,False,True,Default,Default,Default,Default,Default,Default,Default,1,Default,Default,Default,Default,Default,Default,Default,Default,Default,16,Default,DotNetTips.Spargine.Extensions.BenchmarkTests,,267.2555 ns,4.5574 ns,6.2382 ns,1.2234 ns,258.8125 ns,263.4804 ns,265.6865 ns,269.0413 ns,283.5689 ns,"3,741,738.3",4.5574 ns,26.00,3.381,2.000,1.0902,8,*,No,328 B,0.0234,-,216 B
'IsNotNull: PersonProper',Job-TRKAEU,False,True,Default,Default,Default,Default,Default,1111,Empty,RyuJit,X64,8c5e7fda-e8bf-4a96-9a85-a6e23a8c635c,.NET 6.0,False,True,False,True,Default,Default,False,False,True,Default,Default,Default,Default,Default,Default,Default,1,Default,Default,Default,Default,Default,Default,Default,Default,Default,16,Default,DotNetTips.Spargine.Extensions.BenchmarkTests,,0.0205 ns,0.0153 ns,0.0143 ns,0.0037 ns,0.0000 ns,0.0145 ns,0.0200 ns,0.0304 ns,0.0523 ns,"48,684,146,069.4",0.0153 ns,15.00,2.580,2.222,0.2417,1,*,No,24 B,-,-,0 B
'IsNotNull: PersonRecord',Job-TRKAEU,False,True,Default,Default,Default,Default,Default,1111,Empty,RyuJit,X64,8c5e7fda-e8bf-4a96-9a85-a6e23a8c635c,.NET 6.0,False,True,False,True,Default,Default,False,False,True,Default,Default,Default,Default,Default,Default,Default,1,Default,Default,Default,Default,Default,Default,Default,Default,Default,16,Default,DotNetTips.Spargine.Extensions.BenchmarkTests,,0.0278 ns,0.0214 ns,0.0200 ns,0.0052 ns,0.0000 ns,0.0113 ns,0.0306 ns,0.0394 ns,0.0663 ns,"35,957,774,752.4",0.0214 ns,15.00,1.772,3.667,0.2345,1,*,No,24 B,-,-,0 B
'IsNull: PersonProper',Job-TRKAEU,False,True,Default,Default,Default,Default,Default,1111,Empty,RyuJit,X64,8c5e7fda-e8bf-4a96-9a85-a6e23a8c635c,.NET 6.0,False,True,False,True,Default,Default,False,False,True,Default,Default,Default,Default,Default,Default,Default,1,Default,Default,Default,Default,Default,Default,Default,Default,Default,16,Default,DotNetTips.Spargine.Extensions.BenchmarkTests,,0.0461 ns,0.0187 ns,0.0175 ns,0.0045 ns,0.0095 ns,0.0349 ns,0.0449 ns,0.0586 ns,0.0751 ns,"21,705,908,903.8",0.0187 ns,15.00,2.236,2.286,-0.1576,2,*,No,24 B,-,-,0 B
'IsNull: PersonRecord',Job-TRKAEU,False,True,Default,Default,Default,Default,Default,1111,Empty,RyuJit,X64,8c5e7fda-e8bf-4a96-9a85-a6e23a8c635c,.NET 6.0,False,True,False,True,Default,Default,False,False,True,Default,Default,Default,Default,Default,Default,Default,1,Default,Default,Default,Default,Default,Default,Default,Default,Default,16,Default,DotNetTips.Spargine.Extensions.BenchmarkTests,,0.0116 ns,0.0121 ns,0.0113 ns,0.0029 ns,0.0000 ns,0.0000 ns,0.0121 ns,0.0190 ns,0.0345 ns,"86,028,825,036.9",0.0121 ns,15.00,1.997,2.000,0.5164,1,*,No,24 B,-,-,0 B
'PersonRecord: Duplication with new ID',Job-TRKAEU,False,True,Default,Default,Default,Default,Default,1111,Empty,RyuJit,X64,8c5e7fda-e8bf-4a96-9a85-a6e23a8c635c,.NET 6.0,False,True,False,True,Default,Default,False,False,True,Default,Default,Default,Default,Default,Default,Default,1,Default,Default,Default,Default,Default,Default,Default,Default,Default,16,Default,DotNetTips.Spargine.Extensions.BenchmarkTests,,21.8198 ns,0.3410 ns,0.3023 ns,0.0808 ns,21.3462 ns,21.6493 ns,21.8411 ns,21.9425 ns,22.4779 ns,"45,829,867.8",0.3410 ns,14.00,2.523,2.000,0.4094,7,*,No,190 B,0.0100,-,88 B
'PersonRecord: ToString()',Job-TRKAEU,False,True,Default,Default,Default,Default,Default,1111,Empty,RyuJit,X64,8c5e7fda-e8bf-4a96-9a85-a6e23a8c635c,.NET 6.0,False,True,False,True,Default,Default,False,False,True,Default,Default,Default,Default,Default,Default,Default,1,Default,Default,Default,Default,Default,Default,Default,Default,Default,16,Default,DotNetTips.Spargine.Extensions.BenchmarkTests,,858.7878 ns,17.1807 ns,30.5387 ns,4.8286 ns,821.7085 ns,831.9771 ns,851.3297 ns,876.8036 ns,925.8573 ns,"1,164,432.0",17.1807 ns,40.00,2.059,2.000,0.5811,11,*,No,298 B,0.2537,-,"2,248 B"
'PropertiesToDictionary: PersonProper-Ignore Nulls',Job-TRKAEU,False,True,Default,Default,Default,Default,Default,1111,Empty,RyuJit,X64,8c5e7fda-e8bf-4a96-9a85-a6e23a8c635c,.NET 6.0,False,True,False,True,Default,Default,False,False,True,Default,Default,Default,Default,Default,Default,Default,1,Default,Default,Default,Default,Default,Default,Default,Default,Default,16,Default,DotNetTips.Spargine.Extensions.BenchmarkTests,,"13,771.7518 ns",261.3997 ns,256.7295 ns,64.1824 ns,"13,434.8816 ns","13,556.9035 ns","13,719.2017 ns","13,939.7793 ns","14,222.4411 ns","72,612.4",261.3997 ns,16.00,1.688,2.000,0.3963,18,*,No,"2,291 B",1.7700,-,"15,976 B"
'PropertiesToDictionary: PersonProper-With Nulls',Job-TRKAEU,False,True,Default,Default,Default,Default,Default,1111,Empty,RyuJit,X64,8c5e7fda-e8bf-4a96-9a85-a6e23a8c635c,.NET 6.0,False,True,False,True,Default,Default,False,False,True,Default,Default,Default,Default,Default,Default,Default,1,Default,Default,Default,Default,Default,Default,Default,Default,Default,16,Default,DotNetTips.Spargine.Extensions.BenchmarkTests,,"14,520.9660 ns",277.3135 ns,272.3590 ns,68.0897 ns,"13,956.6681 ns","14,320.6390 ns","14,476.2543 ns","14,735.1376 ns","14,965.6311 ns","68,865.9",277.3135 ns,16.00,2.110,2.000,-0.2000,19,*,No,"2,288 B",1.7700,-,"15,968 B"
'PropertiesToDictionary: PersonRecord-Ignore Nulls',Job-TRKAEU,False,True,Default,Default,Default,Default,Default,1111,Empty,RyuJit,X64,8c5e7fda-e8bf-4a96-9a85-a6e23a8c635c,.NET 6.0,False,True,False,True,Default,Default,False,False,True,Default,Default,Default,Default,Default,Default,Default,1,Default,Default,Default,Default,Default,Default,Default,Default,Default,16,Default,DotNetTips.Spargine.Extensions.BenchmarkTests,,"20,220.9495 ns",401.6742 ns,412.4898 ns,100.0435 ns,"19,735.9695 ns","19,965.4373 ns","20,058.6868 ns","20,454.2007 ns","21,051.1215 ns","49,453.7",401.6742 ns,17.00,2.324,2.000,0.7575,20,*,No,"2,291 B",2.4109,-,"22,098 B"
'PropertiesToDictionary: PersonRecord-With Nulls',Job-TRKAEU,False,True,Default,Default,Default,Default,Default,1111,Empty,RyuJit,X64,8c5e7fda-e8bf-4a96-9a85-a6e23a8c635c,.NET 6.0,False,True,False,True,Default,Default,False,False,True,Default,Default,Default,Default,Default,Default,Default,1,Default,Default,Default,Default,Default,Default,Default,Default,Default,16,Default,DotNetTips.Spargine.Extensions.BenchmarkTests,,"20,241.1355 ns",404.4585 ns,432.7660 ns,102.0039 ns,"19,596.9635 ns","19,905.6412 ns","20,047.6303 ns","20,597.3457 ns","21,100.2289 ns","49,404.3",404.4585 ns,18.00,1.779,2.000,0.4596,20,*,No,"2,288 B",2.4414,-,"22,098 B"
'PropertiesToString: PersonProper-Ignore Nulls',Job-TRKAEU,False,True,Default,Default,Default,Default,Default,1111,Empty,RyuJit,X64,8c5e7fda-e8bf-4a96-9a85-a6e23a8c635c,.NET 6.0,False,True,False,True,Default,Default,False,False,True,Default,Default,Default,Default,Default,Default,Default,1,Default,Default,Default,Default,Default,Default,Default,Default,Default,16,Default,DotNetTips.Spargine.Extensions.BenchmarkTests,,"19,857.3533 ns",385.3313 ns,428.2947 ns,98.2575 ns,"19,207.0465 ns","19,576.2207 ns","19,812.1307 ns","20,102.1011 ns","20,896.1792 ns","50,359.2",385.3313 ns,19.00,2.707,2.000,0.4646,20,*,No,437 B,3.1738,-,"28,489 B"
'PropertiesToString: PersonProper-With Nulls',Job-TRKAEU,False,True,Default,Default,Default,Default,Default,1111,Empty,RyuJit,X64,8c5e7fda-e8bf-4a96-9a85-a6e23a8c635c,.NET 6.0,False,True,False,True,Default,Default,False,False,True,Default,Default,Default,Default,Default,Default,Default,1,Default,Default,Default,Default,Default,Default,Default,Default,Default,16,Default,DotNetTips.Spargine.Extensions.BenchmarkTests,,"19,510.5693 ns",382.4050 ns,548.4338 ns,103.6442 ns,"18,955.8884 ns","19,041.7984 ns","19,236.0321 ns","19,943.9804 ns","20,621.2204 ns","51,254.3",382.4050 ns,28.00,2.103,2.000,0.7170,20,*,No,437 B,3.1433,-,"28,457 B"
'PropertiesToString: PersonRecord-Ignore Nulls',Job-TRKAEU,False,True,Default,Default,Default,Default,Default,1111,Empty,RyuJit,X64,8c5e7fda-e8bf-4a96-9a85-a6e23a8c635c,.NET 6.0,False,True,False,True,Default,Default,False,False,True,Default,Default,Default,Default,Default,Default,Default,1,Default,Default,Default,Default,Default,Default,Default,Default,Default,16,Default,DotNetTips.Spargine.Extensions.BenchmarkTests,,"27,889.5639 ns",527.0201 ns,606.9172 ns,135.7108 ns,"27,055.9036 ns","27,450.7584 ns","27,636.0123 ns","28,532.5020 ns","29,005.5466 ns","35,855.7",527.0201 ns,20.00,1.593,3.077,0.4659,21,*,No,437 B,4.5471,-,"41,347 B"
'PropertiesToString: PersonRecord-With Nulls',Job-TRKAEU,False,True,Default,Default,Default,Default,Default,1111,Empty,RyuJit,X64,8c5e7fda-e8bf-4a96-9a85-a6e23a8c635c,.NET 6.0,False,True,False,True,Default,Default,False,False,True,Default,Default,Default,Default,Default,Default,Default,1,Default,Default,Default,Default,Default,Default,Default,Default,Default,16,Default,DotNetTips.Spargine.Extensions.BenchmarkTests,,"28,010.5764 ns",558.3540 ns,664.6807 ns,145.0452 ns,"26,704.5273 ns","27,521.5195 ns","27,965.5624 ns","28,363.0112 ns","29,406.4957 ns","35,700.8",558.3540 ns,21.00,2.635,2.000,0.3533,21,*,No,437 B,4.6082,-,"41,436 B"
'StripNull: PersonProper',Job-TRKAEU,False,True,Default,Default,Default,Default,Default,1111,Empty,RyuJit,X64,8c5e7fda-e8bf-4a96-9a85-a6e23a8c635c,.NET 6.0,False,True,False,True,Default,Default,False,False,True,Default,Default,Default,Default,Default,Default,Default,1,Default,Default,Default,Default,Default,Default,Default,Default,Default,16,Default,DotNetTips.Spargine.Extensions.BenchmarkTests,,8.9087 ns,0.1172 ns,0.1096 ns,0.0283 ns,8.7695 ns,8.8104 ns,8.9204 ns,8.9762 ns,9.1291 ns,"112,249,280.6",0.1172 ns,15.00,1.896,2.000,0.4135,5,*,No,91 B,-,-,0 B
'Testing Param for Null: != null',Job-TRKAEU,False,True,Default,Default,Default,Default,Default,1111,Empty,RyuJit,X64,8c5e7fda-e8bf-4a96-9a85-a6e23a8c635c,.NET 6.0,False,True,False,True,Default,Default,False,False,True,Default,Default,Default,Default,Default,Default,Default,1,Default,Default,Default,Default,Default,Default,Default,Default,Default,16,Default,DotNetTips.Spargine.Extensions.BenchmarkTests,Ref Type,5.0076 ns,0.0449 ns,0.0351 ns,0.0101 ns,4.9487 ns,4.9831 ns,5.0104 ns,5.0330 ns,5.0741 ns,"199,697,529.4",0.0449 ns,12.00,2.022,2.000,0.1090,3,*,No,48 B,0.0027,-,24 B
'Testing Param for Null: Validate.TryValidateNull()',Job-TRKAEU,False,True,Default,Default,Default,Default,Default,1111,Empty,RyuJit,X64,8c5e7fda-e8bf-4a96-9a85-a6e23a8c635c,.NET 6.0,False,True,False,True,Default,Default,False,False,True,Default,Default,Default,Default,Default,Default,Default,1,Default,Default,Default,Default,Default,Default,Default,Default,Default,16,Default,DotNetTips.Spargine.Extensions.BenchmarkTests,Ref Type,5.0279 ns,0.0709 ns,0.0629 ns,0.0168 ns,4.9265 ns,4.9852 ns,5.0244 ns,5.0754 ns,5.1602 ns,"198,891,323.3",0.0709 ns,14.00,2.228,2.000,0.3389,3,*,No,48 B,0.0027,-,24 B
'ToJson: PersonProper',Job-TRKAEU,False,True,Default,Default,Default,Default,Default,1111,Empty,RyuJit,X64,8c5e7fda-e8bf-4a96-9a85-a6e23a8c635c,.NET 6.0,False,True,False,True,Default,Default,False,False,True,Default,Default,Default,Default,Default,Default,Default,1,Default,Default,Default,Default,Default,Default,Default,Default,Default,16,Default,DotNetTips.Spargine.Extensions.BenchmarkTests,"Serialization,JSON","1,508.1727 ns",29.5252 ns,38.3911 ns,7.8366 ns,"1,454.1839 ns","1,483.9345 ns","1,496.5258 ns","1,532.6356 ns","1,605.9030 ns","663,054.0",29.5252 ns,24.00,2.984,2.000,0.8511,12,*,No,328 B,0.1240,-,"1,144 B"
'ToJson: PersonRecord',Job-TRKAEU,False,True,Default,Default,Default,Default,Default,1111,Empty,RyuJit,X64,8c5e7fda-e8bf-4a96-9a85-a6e23a8c635c,.NET 6.0,False,True,False,True,Default,Default,False,False,True,Default,Default,Default,Default,Default,Default,Default,1,Default,Default,Default,Default,Default,Default,Default,Default,Default,16,Default,DotNetTips.Spargine.Extensions.BenchmarkTests,"Serialization,JSON","1,989.8178 ns",39.3551 ns,56.4418 ns,10.6665 ns,"1,881.9885 ns","1,940.1947 ns","1,987.9311 ns","2,031.3675 ns","2,089.6057 ns","502,558.6",39.3551 ns,28.00,1.887,2.000,0.0753,13,*,No,328 B,0.1945,-,"1,744 B"
'TryDispose: PersonProper',Job-TRKAEU,False,True,Default,Default,Default,Default,Default,1111,Empty,RyuJit,X64,8c5e7fda-e8bf-4a96-9a85-a6e23a8c635c,.NET 6.0,False,True,False,True,Default,Default,False,False,True,Default,Default,Default,Default,Default,Default,Default,1,Default,Default,Default,Default,Default,Default,Default,Default,Default,16,Default,DotNetTips.Spargine.Extensions.BenchmarkTests,Ref Type,446.4935 ns,6.8732 ns,6.7504 ns,1.6876 ns,439.1620 ns,441.6051 ns,443.5532 ns,449.1210 ns,459.6733 ns,"2,239,674.4",6.8732 ns,16.00,2.158,2.000,0.8679,10,*,No,"1,307 B",0.3238,0.0005,"2,920 B"
FromJson,Job-TRKAEU,False,True,Default,Default,Default,Default,Default,1111,Empty,RyuJit,X64,8c5e7fda-e8bf-4a96-9a85-a6e23a8c635c,.NET 6.0,False,True,False,True,Default,Default,False,False,True,Default,Default,Default,Default,Default,Default,Default,1,Default,Default,Default,Default,Default,Default,Default,Default,Default,16,Default,DotNetTips.Spargine.Extensions.BenchmarkTests,,"2,678.1641 ns",40.5333 ns,35.9317 ns,9.6031 ns,"2,605.7451 ns","2,663.9651 ns","2,677.4178 ns","2,699.3579 ns","2,734.1265 ns","373,390.1",40.5333 ns,14.00,2.225,2.000,-0.3094,14,*,No,209 B,0.0992,-,920 B
