<?xml version="1.0" encoding="utf-8"?>
<Summary>
  <Title>DotNetTips.Spargine.Extensions.BenchmarkTests.GeneralBenchmark-20220804-210209</Title>
  <HostEnvironmentInfo>
    <BenchmarkDotNetCaption>BenchmarkDotNet</BenchmarkDotNetCaption>
    <BenchmarkDotNetVersion>0.13.1</BenchmarkDotNetVersion>
    <OsVersion>Windows 10.0.19044.1865 (21H2)</OsVersion>
    <ProcessorName>Intel Core i7-7660U CPU 2.50GHz (Kaby Lake)</ProcessorName>
    <PhysicalProcessorCount>1</PhysicalProcessorCount>
    <PhysicalCoreCount>2</PhysicalCoreCount>
    <LogicalCoreCount>4</LogicalCoreCount>
    <RuntimeVersion>.NET 6.0.7 (6.0.722.32202)</RuntimeVersion>
    <Architecture>X64</Architecture>
    <HasAttachedDebugger>False</HasAttachedDebugger>
    <HasRyuJit>True</HasRyuJit>
    <Configuration>RELEASE</Configuration>
    <DotNetSdkVersion>7.0.100-preview.6.22352.1</DotNetSdkVersion>
    <ChronometerFrequency>
      <Hertz>10000000</Hertz>
    </ChronometerFrequency>
    <HardwareTimerKind>Unknown</HardwareTimerKind>
  </HostEnvironmentInfo>
  <Benchmarks>
    <BenchmarkCase>
      <DisplayInfo>GeneralBenchmark.'Equals: Guid': Job-NFVFZF(EvaluateOverhead=True, Runtime=.NET 6.0, Server=True)</DisplayInfo>
      <Namespace>DotNetTips.Spargine.Extensions.BenchmarkTests</Namespace>
      <Type>GeneralBenchmark</Type>
      <Method>GuidEqualsTest</Method>
      <MethodTitle>'Equals: Guid'</MethodTitle>
      <Statistics>
        <OriginalValues>
          <Item>1.419248804450035</Item>
          <Item>1.3051856309175491</Item>
          <Item>1.3737283647060394</Item>
          <Item>1.3340331614017487</Item>
          <Item>1.3948336243629456</Item>
          <Item>1.3223625719547272</Item>
          <Item>1.3263043016195297</Item>
          <Item>1.399816945195198</Item>
          <Item>1.3421274721622467</Item>
          <Item>1.354646310210228</Item>
          <Item>1.3260278850793839</Item>
          <Item>1.3838402926921844</Item>
          <Item>1.34417824447155</Item>
          <Item>1.3204380869865417</Item>
          <Item>1.3102855533361435</Item>
        </OriginalValues>
        <N>15</N>
        <Min>1.3051856309175491</Min>
        <LowerFence>1.2423115782439709</LowerFence>
        <Q1>1.3241952285170555</Q1>
        <Median>1.3421274721622467</Median>
        <Mean>1.35047048330307</Mean>
        <Q3>1.378784328699112</Q3>
        <UpperFence>1.4606679789721966</UpperFence>
        <Max>1.419248804450035</Max>
        <InterquartileRange>0.05458910018205643</InterquartileRange>
        <StandardError>0.009186922476524544</StandardError>
        <Variance>0.0012659931688450779</Variance>
        <StandardDeviation>0.03558079775447816</StandardDeviation>
        <Skewness>0.5055657287397508</Skewness>
        <Kurtosis>1.7778437700078205</Kurtosis>
        <ConfidenceInterval>
          <N>15</N>
          <Mean>1.35047048330307</Mean>
          <StandardError>0.009186922476524544</StandardError>
          <Level>L999</Level>
          <Margin>0.03803803095360063</Margin>
          <Lower>1.3124324523494695</Lower>
          <Upper>1.3885085142566707</Upper>
        </ConfidenceInterval>
        <Percentiles>
          <P0>1.3051856309175491</P0>
          <P25>1.3241952285170555</P25>
          <P50>1.3421274721622467</P50>
          <P67>1.3618974909186363</P67>
          <P80>1.3860389590263367</P80>
          <P85>1.3937342911958694</P85>
          <P90>1.397823616862297</P90>
          <P95>1.4056465029716492</P95>
          <P100>1.419248804450035</P100>
        </Percentiles>
      </Statistics>
      <Memory>
        <Gen0Collections>0</Gen0Collections>
        <Gen1Collections>0</Gen1Collections>
        <Gen2Collections>0</Gen2Collections>
        <TotalOperations>268435456</TotalOperations>
      </Memory>
      <Measurements>
        <Measurement>
          <IterationMode>Overhead</IterationMode>
          <IterationStage>Jitting</IterationStage>
          <LaunchIndex>1</LaunchIndex>
          <IterationIndex>1</IterationIndex>
          <Operations>1</Operations>
          <Nanoseconds>229700</Nanoseconds>
        </Measurement>
        <Measurement>
          <IterationMode>Workload</IterationMode>
          <IterationStage>Jitting</IterationStage>
          <LaunchIndex>1</LaunchIndex>
          <IterationIndex>1</IterationIndex>
          <Operations>1</Operations>
          <Nanoseconds>318500</Nanoseconds>
        </Measurement>
        <Measurement>
          <IterationMode>Overhead</IterationMode>
          <IterationStage>Jitting</IterationStage>
          <LaunchIndex>1</LaunchIndex>
          <IterationIndex>2</IterationIndex>
          <Operations>16</Operations>
          <Nanoseconds>602200</Nanoseconds>
        </Measurement>
        <Measurement>
          <IterationMode>Workload</IterationMode>
          <IterationStage>Jitting</IterationStage>
          <LaunchIndex>1</LaunchIndex>
          <IterationIndex>2</IterationIndex>
          <Operations>16</Operations>
          <Nanoseconds>271500</Nanoseconds>
        </Measurement>
        <Measurement>
          <IterationMode>Workload</IterationMode>
          <IterationStage>Pilot</IterationStage>
          <LaunchIndex>1</LaunchIndex>
          <IterationIndex>1</IterationIndex>
          <Operations>16</Operations>
          <Nanoseconds>1100</Nanoseconds>
        </Measurement>
        <Measurement>
          <IterationMode>Workload</IterationMode>
          <IterationStage>Pilot</IterationStage>
          <LaunchIndex>1</LaunchIndex>
          <IterationIndex>2</IterationIndex>
          <Operations>32</Operations>
          <Nanoseconds>1400</Nanoseconds>
        </Measurement>
        <Measurement>
          <IterationMode>Workload</IterationMode>
          <IterationStage>Pilot</IterationStage>
          <LaunchIndex>1</LaunchIndex>
          <IterationIndex>3</IterationIndex>
          <Operations>64</Operations>
          <Nanoseconds>1600</Nanoseconds>
        </Measurement>
        <Measurement>
          <IterationMode>Workload</IterationMode>
          <IterationStage>Pilot</IterationStage>
          <LaunchIndex>1</LaunchIndex>
          <IterationIndex>4</IterationIndex>
          <Operations>128</Operations>
          <Nanoseconds>2800</Nanoseconds>
        </Measurement>
        <Measurement>
          <IterationMode>Workload</IterationMode>
          <IterationStage>Pilot</IterationStage>
          <LaunchIndex>1</LaunchIndex>
          <IterationIndex>5</IterationIndex>
          <Operations>256</Operations>
          <Nanoseconds>4500</Nanoseconds>
        </Measurement>
        <Measurement>
          <IterationMode>Workload</IterationMode>
          <IterationStage>Pilot</IterationStage>
          <LaunchIndex>1</LaunchIndex>
          <IterationIndex>6</IterationIndex>
          <Operations>512</Operations>
          <Nanoseconds>8700</Nanoseconds>
        </Measurement>
        <Measurement>
          <IterationMode>Workload</IterationMode>
          <IterationStage>Pilot</IterationStage>
          <LaunchIndex>1</LaunchIndex>
          <IterationIndex>7</IterationIndex>
          <Operations>1024</Operations>
          <Nanoseconds>15000</Nanoseconds>
        </Measurement>
        <Measurement>
          <IterationMode>Workload</IterationMode>
          <IterationStage>Pilot</IterationStage>
          <LaunchIndex>1</LaunchIndex>
          <IterationIndex>8</IterationIndex>
          <Operations>2048</Operations>
          <Nanoseconds>26700</Nanoseconds>
        </Measurement>
        <Measurement>
          <IterationMode>Workload</IterationMode>
          <IterationStage>Pilot</IterationStage>
          <LaunchIndex>1</LaunchIndex>
          <IterationIndex>9</IterationIndex>
          <Operations>4096</Operations>
          <Nanoseconds>56800</Nanoseconds>
        </Measurement>
        <Measurement>
          <IterationMode>Workload</IterationMode>
          <IterationStage>Pilot</IterationStage>
          <LaunchIndex>1</LaunchIndex>
          <IterationIndex>10</IterationIndex>
          <Operations>8192</Operations>
          <Nanoseconds>133200</Nanoseconds>
        </Measurement>
        <Measurement>
          <IterationMode>Workload</IterationMode>
          <IterationStage>Pilot</IterationStage>
          <LaunchIndex>1</LaunchIndex>
          <IterationIndex>11</IterationIndex>
          <Operations>16384</Operations>
          <Nanoseconds>258200</Nanoseconds>
        </Measurement>
        <Measurement>
          <IterationMode>Workload</IterationMode>
          <IterationStage>Pilot</IterationStage>
          <LaunchIndex>1</LaunchIndex>
          <IterationIndex>12</IterationIndex>
          <Operations>32768</Operations>
          <Nanoseconds>525000</Nanoseconds>
        </Measurement>
        <Measurement>
          <IterationMode>Workload</IterationMode>
          <IterationStage>Pilot</IterationStage>
          <LaunchIndex>1</LaunchIndex>
          <IterationIndex>13</IterationIndex>
          <Operations>65536</Operations>
          <Nanoseconds>794800</Nanoseconds>
        </Measurement>
        <Measurement>
          <IterationMode>Workload</IterationMode>
          <IterationStage>Pilot</IterationStage>
          <LaunchIndex>1</LaunchIndex>
          <IterationIndex>14</IterationIndex>
          <Operations>131072</Operations>
          <Nanoseconds>1556700</Nanoseconds>
        </Measurement>
        <Measurement>
          <IterationMode>Workload</IterationMode>
          <IterationStage>Pilot</IterationStage>
          <LaunchIndex>1</LaunchIndex>
          <IterationIndex>15</IterationIndex>
          <Operations>262144</Operations>
          <Nanoseconds>2718600</Nanoseconds>
        </Measurement>
        <Measurement>
          <IterationMode>Workload</IterationMode>
          <IterationStage>Pilot</IterationStage>
          <LaunchIndex>1</LaunchIndex>
          <IterationIndex>16</IterationIndex>
          <Operations>524288</Operations>
          <Nanoseconds>5972400</Nanoseconds>
        </Measurement>
        <Measurement>
          <IterationMode>Workload</IterationMode>
          <IterationStage>Pilot</IterationStage>
          <LaunchIndex>1</LaunchIndex>
          <IterationIndex>17</IterationIndex>
          <Operations>1048576</Operations>
          <Nanoseconds>10805600</Nanoseconds>
        </Measurement>
        <Measurement>
          <IterationMode>Workload</IterationMode>
          <IterationStage>Pilot</IterationStage>
          <LaunchIndex>1</LaunchIndex>
          <IterationIndex>18</IterationIndex>
          <Operations>2097152</Operations>
          <Nanoseconds>21829200</Nanoseconds>
        </Measurement>
        <Measurement>
          <IterationMode>Workload</IterationMode>
          <IterationStage>Pilot</IterationStage>
          <LaunchIndex>1</LaunchIndex>
          <IterationIndex>19</IterationIndex>
          <Operations>4194304</Operations>
          <Nanoseconds>45479900</Nanoseconds>
        </Measurement>
        <Measurement>
          <IterationMode>Workload</IterationMode>
          <IterationStage>Pilot</IterationStage>
          <LaunchIndex>1</LaunchIndex>
          <IterationIndex>20</IterationIndex>
          <Operations>8388608</Operations>
          <Nanoseconds>78092700</Nanoseconds>
        </Measurement>
        <Measurement>
          <IterationMode>Workload</IterationMode>
          <IterationStage>Pilot</IterationStage>
          <LaunchIndex>1</LaunchIndex>
          <IterationIndex>21</IterationIndex>
          <Operations>16777216</Operations>
          <Nanoseconds>53453400</Nanoseconds>
        </Measurement>
        <Measurement>
          <IterationMode>Workload</IterationMode>
          <IterationStage>Pilot</IterationStage>
          <LaunchIndex>1</LaunchIndex>
          <IterationIndex>22</IterationIndex>
          <Operations>33554432</Operations>
          <Nanoseconds>105989600</Nanoseconds>
        </Measurement>
        <Measurement>
          <IterationMode>Workload</IterationMode>
          <IterationStage>Pilot</IterationStage>
          <LaunchIndex>1</LaunchIndex>
          <IterationIndex>23</IterationIndex>
          <Operations>67108864</Operations>
          <Nanoseconds>195819900</Nanoseconds>
        </Measurement>
        <Measurement>
          <IterationMode>Workload</IterationMode>
          <IterationStage>Pilot</IterationStage>
          <LaunchIndex>1</LaunchIndex>
          <IterationIndex>24</IterationIndex>
          <Operations>134217728</Operations>
          <Nanoseconds>387510100</Nanoseconds>
        </Measurement>
        <Measurement>
          <IterationMode>Workload</IterationMode>
          <IterationStage>Pilot</IterationStage>
          <LaunchIndex>1</LaunchIndex>
          <IterationIndex>25</IterationIndex>
          <Operations>268435456</Operations>
          <Nanoseconds>751510700</Nanoseconds>
        </Measurement>
        <Measurement>
          <IterationMode>Overhead</IterationMode>
          <IterationStage>Warmup</IterationStage>
          <LaunchIndex>1</LaunchIndex>
          <IterationIndex>1</IterationIndex>
          <Operations>268435456</Operations>
          <Nanoseconds>432204200</Nanoseconds>
        </Measurement>
        <Measurement>
          <IterationMode>Overhead</IterationMode>
          <IterationStage>Warmup</IterationStage>
          <LaunchIndex>1</LaunchIndex>
          <IterationIndex>2</IterationIndex>
          <Operations>268435456</Operations>
          <Nanoseconds>398714400</Nanoseconds>
        </Measurement>
        <Measurement>
          <IterationMode>Overhead</IterationMode>
          <IterationStage>Warmup</IterationStage>
          <LaunchIndex>1</LaunchIndex>
          <IterationIndex>3</IterationIndex>
          <Operations>268435456</Operations>
          <Nanoseconds>390282000</Nanoseconds>
        </Measurement>
        <Measurement>
          <IterationMode>Overhead</IterationMode>
          <IterationStage>Warmup</IterationStage>
          <LaunchIndex>1</LaunchIndex>
          <IterationIndex>4</IterationIndex>
          <Operations>268435456</Operations>
          <Nanoseconds>402325200</Nanoseconds>
        </Measurement>
        <Measurement>
          <IterationMode>Overhead</IterationMode>
          <IterationStage>Warmup</IterationStage>
          <LaunchIndex>1</LaunchIndex>
          <IterationIndex>5</IterationIndex>
          <Operations>268435456</Operations>
          <Nanoseconds>397802000</Nanoseconds>
        </Measurement>
        <Measurement>
          <IterationMode>Overhead</IterationMode>
          <IterationStage>Warmup</IterationStage>
          <LaunchIndex>1</LaunchIndex>
          <IterationIndex>6</IterationIndex>
          <Operations>268435456</Operations>
          <Nanoseconds>407717100</Nanoseconds>
        </Measurement>
        <Measurement>
          <IterationMode>Overhead</IterationMode>
          <IterationStage>Warmup</IterationStage>
          <LaunchIndex>1</LaunchIndex>
          <IterationIndex>7</IterationIndex>
          <Operations>268435456</Operations>
          <Nanoseconds>397316500</Nanoseconds>
        </Measurement>
        <Measurement>
          <IterationMode>Overhead</IterationMode>
          <IterationStage>Actual</IterationStage>
          <LaunchIndex>1</LaunchIndex>
          <IterationIndex>1</IterationIndex>
          <Operations>268435456</Operations>
          <Nanoseconds>390561800</Nanoseconds>
        </Measurement>
        <Measurement>
          <IterationMode>Overhead</IterationMode>
          <IterationStage>Actual</IterationStage>
          <LaunchIndex>1</LaunchIndex>
          <IterationIndex>2</IterationIndex>
          <Operations>268435456</Operations>
          <Nanoseconds>397660800</Nanoseconds>
        </Measurement>
        <Measurement>
          <IterationMode>Overhead</IterationMode>
          <IterationStage>Actual</IterationStage>
          <LaunchIndex>1</LaunchIndex>
          <IterationIndex>3</IterationIndex>
          <Operations>268435456</Operations>
          <Nanoseconds>398300500</Nanoseconds>
        </Measurement>
        <Measurement>
          <IterationMode>Overhead</IterationMode>
          <IterationStage>Actual</IterationStage>
          <LaunchIndex>1</LaunchIndex>
          <IterationIndex>4</IterationIndex>
          <Operations>268435456</Operations>
          <Nanoseconds>398278600</Nanoseconds>
        </Measurement>
        <Measurement>
          <IterationMode>Overhead</IterationMode>
          <IterationStage>Actual</IterationStage>
          <LaunchIndex>1</LaunchIndex>
          <IterationIndex>5</IterationIndex>
          <Operations>268435456</Operations>
          <Nanoseconds>389669900</Nanoseconds>
        </Measurement>
        <Measurement>
          <IterationMode>Overhead</IterationMode>
          <IterationStage>Actual</IterationStage>
          <LaunchIndex>1</LaunchIndex>
          <IterationIndex>6</IterationIndex>
          <Operations>268435456</Operations>
          <Nanoseconds>399360900</Nanoseconds>
        </Measurement>
        <Measurement>
          <IterationMode>Overhead</IterationMode>
          <IterationStage>Actual</IterationStage>
          <LaunchIndex>1</LaunchIndex>
          <IterationIndex>7</IterationIndex>
          <Operations>268435456</Operations>
          <Nanoseconds>395067900</Nanoseconds>
        </Measurement>
        <Measurement>
          <IterationMode>Overhead</IterationMode>
          <IterationStage>Actual</IterationStage>
          <LaunchIndex>1</LaunchIndex>
          <IterationIndex>8</IterationIndex>
          <Operations>268435456</Operations>
          <Nanoseconds>401913400</Nanoseconds>
        </Measurement>
        <Measurement>
          <IterationMode>Overhead</IterationMode>
          <IterationStage>Actual</IterationStage>
          <LaunchIndex>1</LaunchIndex>
          <IterationIndex>9</IterationIndex>
          <Operations>268435456</Operations>
          <Nanoseconds>389062400</Nanoseconds>
        </Measurement>
        <Measurement>
          <IterationMode>Overhead</IterationMode>
          <IterationStage>Actual</IterationStage>
          <LaunchIndex>1</LaunchIndex>
          <IterationIndex>10</IterationIndex>
          <Operations>268435456</Operations>
          <Nanoseconds>398347500</Nanoseconds>
        </Measurement>
        <Measurement>
          <IterationMode>Overhead</IterationMode>
          <IterationStage>Actual</IterationStage>
          <LaunchIndex>1</LaunchIndex>
          <IterationIndex>11</IterationIndex>
          <Operations>268435456</Operations>
          <Nanoseconds>397662400</Nanoseconds>
        </Measurement>
        <Measurement>
          <IterationMode>Overhead</IterationMode>
          <IterationStage>Actual</IterationStage>
          <LaunchIndex>1</LaunchIndex>
          <IterationIndex>12</IterationIndex>
          <Operations>268435456</Operations>
          <Nanoseconds>389915600</Nanoseconds>
        </Measurement>
        <Measurement>
          <IterationMode>Overhead</IterationMode>
          <IterationStage>Actual</IterationStage>
          <LaunchIndex>1</LaunchIndex>
          <IterationIndex>13</IterationIndex>
          <Operations>268435456</Operations>
          <Nanoseconds>399359600</Nanoseconds>
        </Measurement>
        <Measurement>
          <IterationMode>Overhead</IterationMode>
          <IterationStage>Actual</IterationStage>
          <LaunchIndex>1</LaunchIndex>
          <IterationIndex>14</IterationIndex>
          <Operations>268435456</Operations>
          <Nanoseconds>400577200</Nanoseconds>
        </Measurement>
        <Measurement>
          <IterationMode>Overhead</IterationMode>
          <IterationStage>Actual</IterationStage>
          <LaunchIndex>1</LaunchIndex>
          <IterationIndex>15</IterationIndex>
          <Operations>268435456</Operations>
          <Nanoseconds>394494600</Nanoseconds>
        </Measurement>
        <Measurement>
          <IterationMode>Workload</IterationMode>
          <IterationStage>Warmup</IterationStage>
          <LaunchIndex>1</LaunchIndex>
          <IterationIndex>1</IterationIndex>
          <Operations>268435456</Operations>
          <Nanoseconds>768249000</Nanoseconds>
        </Measurement>
        <Measurement>
          <IterationMode>Workload</IterationMode>
          <IterationStage>Warmup</IterationStage>
          <LaunchIndex>1</LaunchIndex>
          <IterationIndex>2</IterationIndex>
          <Operations>268435456</Operations>
          <Nanoseconds>766835800</Nanoseconds>
        </Measurement>
        <Measurement>
          <IterationMode>Workload</IterationMode>
          <IterationStage>Warmup</IterationStage>
          <LaunchIndex>1</LaunchIndex>
          <IterationIndex>3</IterationIndex>
          <Operations>268435456</Operations>
          <Nanoseconds>771777200</Nanoseconds>
        </Measurement>
        <Measurement>
          <IterationMode>Workload</IterationMode>
          <IterationStage>Warmup</IterationStage>
          <LaunchIndex>1</LaunchIndex>
          <IterationIndex>4</IterationIndex>
          <Operations>268435456</Operations>
          <Nanoseconds>756355000</Nanoseconds>
        </Measurement>
        <Measurement>
          <IterationMode>Workload</IterationMode>
          <IterationStage>Warmup</IterationStage>
          <LaunchIndex>1</LaunchIndex>
          <IterationIndex>5</IterationIndex>
          <Operations>268435456</Operations>
          <Nanoseconds>772125700</Nanoseconds>
        </Measurement>
        <Measurement>
          <IterationMode>Workload</IterationMode>
          <IterationStage>Warmup</IterationStage>
          <LaunchIndex>1</LaunchIndex>
          <IterationIndex>6</IterationIndex>
          <Operations>268435456</Operations>
          <Nanoseconds>749194600</Nanoseconds>
        </Measurement>
        <Measurement>
          <IterationMode>Workload</IterationMode>
          <IterationStage>Actual</IterationStage>
          <LaunchIndex>1</LaunchIndex>
          <IterationIndex>1</IterationIndex>
          <Operations>268435456</Operations>
          <Nanoseconds>778639100</Nanoseconds>
        </Measurement>
        <Measurement>
          <IterationMode>Workload</IterationMode>
          <IterationStage>Actual</IterationStage>
          <LaunchIndex>1</LaunchIndex>
          <IterationIndex>2</IterationIndex>
          <Operations>268435456</Operations>
          <Nanoseconds>748020500</Nanoseconds>
        </Measurement>
        <Measurement>
          <IterationMode>Workload</IterationMode>
          <IterationStage>Actual</IterationStage>
          <LaunchIndex>1</LaunchIndex>
          <IterationIndex>3</IterationIndex>
          <Operations>268435456</Operations>
          <Nanoseconds>766419800</Nanoseconds>
        </Measurement>
        <Measurement>
          <IterationMode>Workload</IterationMode>
          <IterationStage>Actual</IterationStage>
          <LaunchIndex>1</LaunchIndex>
          <IterationIndex>4</IterationIndex>
          <Operations>268435456</Operations>
          <Nanoseconds>755764200</Nanoseconds>
        </Measurement>
        <Measurement>
          <IterationMode>Workload</IterationMode>
          <IterationStage>Actual</IterationStage>
          <LaunchIndex>1</LaunchIndex>
          <IterationIndex>5</IterationIndex>
          <Operations>268435456</Operations>
          <Nanoseconds>772085200</Nanoseconds>
        </Measurement>
        <Measurement>
          <IterationMode>Workload</IterationMode>
          <IterationStage>Actual</IterationStage>
          <LaunchIndex>1</LaunchIndex>
          <IterationIndex>6</IterationIndex>
          <Operations>268435456</Operations>
          <Nanoseconds>752631400</Nanoseconds>
        </Measurement>
        <Measurement>
          <IterationMode>Workload</IterationMode>
          <IterationStage>Actual</IterationStage>
          <LaunchIndex>1</LaunchIndex>
          <IterationIndex>7</IterationIndex>
          <Operations>268435456</Operations>
          <Nanoseconds>753689500</Nanoseconds>
        </Measurement>
        <Measurement>
          <IterationMode>Workload</IterationMode>
          <IterationStage>Actual</IterationStage>
          <LaunchIndex>1</LaunchIndex>
          <IterationIndex>8</IterationIndex>
          <Operations>268435456</Operations>
          <Nanoseconds>773422900</Nanoseconds>
        </Measurement>
        <Measurement>
          <IterationMode>Workload</IterationMode>
          <IterationStage>Actual</IterationStage>
          <LaunchIndex>1</LaunchIndex>
          <IterationIndex>9</IterationIndex>
          <Operations>268435456</Operations>
          <Nanoseconds>757937000</Nanoseconds>
        </Measurement>
        <Measurement>
          <IterationMode>Workload</IterationMode>
          <IterationStage>Actual</IterationStage>
          <LaunchIndex>1</LaunchIndex>
          <IterationIndex>10</IterationIndex>
          <Operations>268435456</Operations>
          <Nanoseconds>761297500</Nanoseconds>
        </Measurement>
        <Measurement>
          <IterationMode>Workload</IterationMode>
          <IterationStage>Actual</IterationStage>
          <LaunchIndex>1</LaunchIndex>
          <IterationIndex>11</IterationIndex>
          <Operations>268435456</Operations>
          <Nanoseconds>753615300</Nanoseconds>
        </Measurement>
        <Measurement>
          <IterationMode>Workload</IterationMode>
          <IterationStage>Actual</IterationStage>
          <LaunchIndex>1</LaunchIndex>
          <IterationIndex>12</IterationIndex>
          <Operations>268435456</Operations>
          <Nanoseconds>769134200</Nanoseconds>
        </Measurement>
        <Measurement>
          <IterationMode>Workload</IterationMode>
          <IterationStage>Actual</IterationStage>
          <LaunchIndex>1</LaunchIndex>
          <IterationIndex>13</IterationIndex>
          <Operations>268435456</Operations>
          <Nanoseconds>758487500</Nanoseconds>
        </Measurement>
        <Measurement>
          <IterationMode>Workload</IterationMode>
          <IterationStage>Actual</IterationStage>
          <LaunchIndex>1</LaunchIndex>
          <IterationIndex>14</IterationIndex>
          <Operations>268435456</Operations>
          <Nanoseconds>752114800</Nanoseconds>
        </Measurement>
        <Measurement>
          <IterationMode>Workload</IterationMode>
          <IterationStage>Actual</IterationStage>
          <LaunchIndex>1</LaunchIndex>
          <IterationIndex>15</IterationIndex>
          <Operations>268435456</Operations>
          <Nanoseconds>749389500</Nanoseconds>
        </Measurement>
        <Measurement>
          <IterationMode>Workload</IterationMode>
          <IterationStage>Result</IterationStage>
          <LaunchIndex>1</LaunchIndex>
          <IterationIndex>1</IterationIndex>
          <Operations>268435456</Operations>
          <Nanoseconds>380976700</Nanoseconds>
        </Measurement>
        <Measurement>
          <IterationMode>Workload</IterationMode>
          <IterationStage>Result</IterationStage>
          <LaunchIndex>1</LaunchIndex>
          <IterationIndex>2</IterationIndex>
          <Operations>268435456</Operations>
          <Nanoseconds>350358100</Nanoseconds>
        </Measurement>
        <Measurement>
          <IterationMode>Workload</IterationMode>
          <IterationStage>Result</IterationStage>
          <LaunchIndex>1</LaunchIndex>
          <IterationIndex>3</IterationIndex>
          <Operations>268435456</Operations>
          <Nanoseconds>368757400</Nanoseconds>
        </Measurement>
        <Measurement>
          <IterationMode>Workload</IterationMode>
          <IterationStage>Result</IterationStage>
          <LaunchIndex>1</LaunchIndex>
          <IterationIndex>4</IterationIndex>
          <Operations>268435456</Operations>
          <Nanoseconds>358101800</Nanoseconds>
        </Measurement>
        <Measurement>
          <IterationMode>Workload</IterationMode>
          <IterationStage>Result</IterationStage>
          <LaunchIndex>1</LaunchIndex>
          <IterationIndex>5</IterationIndex>
          <Operations>268435456</Operations>
          <Nanoseconds>374422800</Nanoseconds>
        </Measurement>
        <Measurement>
          <IterationMode>Workload</IterationMode>
          <IterationStage>Result</IterationStage>
          <LaunchIndex>1</LaunchIndex>
          <IterationIndex>6</IterationIndex>
          <Operations>268435456</Operations>
          <Nanoseconds>354969000</Nanoseconds>
        </Measurement>
        <Measurement>
          <IterationMode>Workload</IterationMode>
          <IterationStage>Result</IterationStage>
          <LaunchIndex>1</LaunchIndex>
          <IterationIndex>7</IterationIndex>
          <Operations>268435456</Operations>
          <Nanoseconds>356027100</Nanoseconds>
        </Measurement>
        <Measurement>
          <IterationMode>Workload</IterationMode>
          <IterationStage>Result</IterationStage>
          <LaunchIndex>1</LaunchIndex>
          <IterationIndex>8</IterationIndex>
          <Operations>268435456</Operations>
          <Nanoseconds>375760500</Nanoseconds>
        </Measurement>
        <Measurement>
          <IterationMode>Workload</IterationMode>
          <IterationStage>Result</IterationStage>
          <LaunchIndex>1</LaunchIndex>
          <IterationIndex>9</IterationIndex>
          <Operations>268435456</Operations>
          <Nanoseconds>360274600</Nanoseconds>
        </Measurement>
        <Measurement>
          <IterationMode>Workload</IterationMode>
          <IterationStage>Result</IterationStage>
          <LaunchIndex>1</LaunchIndex>
          <IterationIndex>10</IterationIndex>
          <Operations>268435456</Operations>
          <Nanoseconds>363635100</Nanoseconds>
        </Measurement>
        <Measurement>
          <IterationMode>Workload</IterationMode>
          <IterationStage>Result</IterationStage>
          <LaunchIndex>1</LaunchIndex>
          <IterationIndex>11</IterationIndex>
          <Operations>268435456</Operations>
          <Nanoseconds>355952900</Nanoseconds>
        </Measurement>
        <Measurement>
          <IterationMode>Workload</IterationMode>
          <IterationStage>Result</IterationStage>
          <LaunchIndex>1</LaunchIndex>
          <IterationIndex>12</IterationIndex>
          <Operations>268435456</Operations>
          <Nanoseconds>371471800</Nanoseconds>
        </Measurement>
        <Measurement>
          <IterationMode>Workload</IterationMode>
          <IterationStage>Result</IterationStage>
          <LaunchIndex>1</LaunchIndex>
          <IterationIndex>13</IterationIndex>
          <Operations>268435456</Operations>
          <Nanoseconds>360825100</Nanoseconds>
        </Measurement>
        <Measurement>
          <IterationMode>Workload</IterationMode>
          <IterationStage>Result</IterationStage>
          <LaunchIndex>1</LaunchIndex>
          <IterationIndex>14</IterationIndex>
          <Operations>268435456</Operations>
          <Nanoseconds>354452400</Nanoseconds>
        </Measurement>
        <Measurement>
          <IterationMode>Workload</IterationMode>
          <IterationStage>Result</IterationStage>
          <LaunchIndex>1</LaunchIndex>
          <IterationIndex>15</IterationIndex>
          <Operations>268435456</Operations>
          <Nanoseconds>351727100</Nanoseconds>
        </Measurement>
      </Measurements>
    </BenchmarkCase>
    <BenchmarkCase>
      <DisplayInfo>GeneralBenchmark.'FastEquals: Guid': Job-NFVFZF(EvaluateOverhead=True, Runtime=.NET 6.0, Server=True)</DisplayInfo>
      <Namespace>DotNetTips.Spargine.Extensions.BenchmarkTests</Namespace>
      <Type>GeneralBenchmark</Type>
      <Method>GuidFastEqualsTest</Method>
      <MethodTitle>'FastEquals: Guid'</MethodTitle>
      <Statistics>
        <OriginalValues>
          <Item>1.6412876546382904</Item>
          <Item>1.6000386327505112</Item>
          <Item>1.5735771507024765</Item>
          <Item>1.6740672290325165</Item>
          <Item>1.6130700707435608</Item>
          <Item>1.5904959291219711</Item>
          <Item>1.642848178744316</Item>
          <Item>1.6863081604242325</Item>
          <Item>1.6021672636270523</Item>
          <Item>1.5766795724630356</Item>
          <Item>1.6435753554105759</Item>
          <Item>1.5982754528522491</Item>
          <Item>1.597438007593155</Item>
          <Item>1.584535464644432</Item>
          <Item>1.5854842960834503</Item>
        </OriginalValues>
        <N>15</N>
        <Min>1.5735771507024765</Min>
        <LowerFence>1.506873406469822</LowerFence>
        <Q1>1.5879901126027107</Q1>
        <Median>1.6000386327505112</Median>
        <Mean>1.6139898945887883</Mean>
        <Q3>1.6420679166913033</Q3>
        <UpperFence>1.723184622824192</UpperFence>
        <Max>1.6863081604242325</Max>
        <InterquartileRange>0.05407780408859253</InterquartileRange>
        <StandardError>0.009104159563135894</StandardError>
        <Variance>0.0012432858202655818</Variance>
        <StandardDeviation>0.035260258369240315</StandardDeviation>
        <Skewness>0.7191816695061088</Skewness>
        <Kurtosis>2.1094402319730623</Kurtosis>
        <ConfidenceInterval>
          <N>15</N>
          <Mean>1.6139898945887883</Mean>
          <StandardError>0.009104159563135894</StandardError>
          <Level>L999</Level>
          <Margin>0.03769535490845797</Margin>
          <Lower>1.5762945396803303</Lower>
          <Upper>1.6516852494972463</Upper>
        </ConfidenceInterval>
        <Percentiles>
          <P0>1.5735771507024765</P0>
          <P25>1.5879901126027107</P25>
          <P50>1.6000386327505112</P50>
          <P67>1.623792752623558</P67>
          <P80>1.642993614077568</P80>
          <P85>1.64350263774395</P85>
          <P90>1.6618704795837402</P90>
          <P95>1.6777395084500313</P95>
          <P100>1.6863081604242325</P100>
        </Percentiles>
      </Statistics>
      <Memory>
        <Gen0Collections>0</Gen0Collections>
        <Gen1Collections>0</Gen1Collections>
        <Gen2Collections>0</Gen2Collections>
        <TotalOperations>268435456</TotalOperations>
      </Memory>
      <Measurements>
        <Measurement>
          <IterationMode>Overhead</IterationMode>
          <IterationStage>Jitting</IterationStage>
          <LaunchIndex>1</LaunchIndex>
          <IterationIndex>1</IterationIndex>
          <Operations>1</Operations>
          <Nanoseconds>239500</Nanoseconds>
        </Measurement>
        <Measurement>
          <IterationMode>Workload</IterationMode>
          <IterationStage>Jitting</IterationStage>
          <LaunchIndex>1</LaunchIndex>
          <IterationIndex>1</IterationIndex>
          <Operations>1</Operations>
          <Nanoseconds>2174600</Nanoseconds>
        </Measurement>
        <Measurement>
          <IterationMode>Overhead</IterationMode>
          <IterationStage>Jitting</IterationStage>
          <LaunchIndex>1</LaunchIndex>
          <IterationIndex>2</IterationIndex>
          <Operations>16</Operations>
          <Nanoseconds>248000</Nanoseconds>
        </Measurement>
        <Measurement>
          <IterationMode>Workload</IterationMode>
          <IterationStage>Jitting</IterationStage>
          <LaunchIndex>1</LaunchIndex>
          <IterationIndex>2</IterationIndex>
          <Operations>16</Operations>
          <Nanoseconds>232700</Nanoseconds>
        </Measurement>
        <Measurement>
          <IterationMode>Workload</IterationMode>
          <IterationStage>Pilot</IterationStage>
          <LaunchIndex>1</LaunchIndex>
          <IterationIndex>1</IterationIndex>
          <Operations>16</Operations>
          <Nanoseconds>7800</Nanoseconds>
        </Measurement>
        <Measurement>
          <IterationMode>Workload</IterationMode>
          <IterationStage>Pilot</IterationStage>
          <LaunchIndex>1</LaunchIndex>
          <IterationIndex>2</IterationIndex>
          <Operations>32</Operations>
          <Nanoseconds>21400</Nanoseconds>
        </Measurement>
        <Measurement>
          <IterationMode>Workload</IterationMode>
          <IterationStage>Pilot</IterationStage>
          <LaunchIndex>1</LaunchIndex>
          <IterationIndex>3</IterationIndex>
          <Operations>64</Operations>
          <Nanoseconds>7500</Nanoseconds>
        </Measurement>
        <Measurement>
          <IterationMode>Workload</IterationMode>
          <IterationStage>Pilot</IterationStage>
          <LaunchIndex>1</LaunchIndex>
          <IterationIndex>4</IterationIndex>
          <Operations>128</Operations>
          <Nanoseconds>11500</Nanoseconds>
        </Measurement>
        <Measurement>
          <IterationMode>Workload</IterationMode>
          <IterationStage>Pilot</IterationStage>
          <LaunchIndex>1</LaunchIndex>
          <IterationIndex>5</IterationIndex>
          <Operations>256</Operations>
          <Nanoseconds>26000</Nanoseconds>
        </Measurement>
        <Measurement>
          <IterationMode>Workload</IterationMode>
          <IterationStage>Pilot</IterationStage>
          <LaunchIndex>1</LaunchIndex>
          <IterationIndex>6</IterationIndex>
          <Operations>512</Operations>
          <Nanoseconds>76300</Nanoseconds>
        </Measurement>
        <Measurement>
          <IterationMode>Workload</IterationMode>
          <IterationStage>Pilot</IterationStage>
          <LaunchIndex>1</LaunchIndex>
          <IterationIndex>7</IterationIndex>
          <Operations>1024</Operations>
          <Nanoseconds>67200</Nanoseconds>
        </Measurement>
        <Measurement>
          <IterationMode>Workload</IterationMode>
          <IterationStage>Pilot</IterationStage>
          <LaunchIndex>1</LaunchIndex>
          <IterationIndex>8</IterationIndex>
          <Operations>2048</Operations>
          <Nanoseconds>134800</Nanoseconds>
        </Measurement>
        <Measurement>
          <IterationMode>Workload</IterationMode>
          <IterationStage>Pilot</IterationStage>
          <LaunchIndex>1</LaunchIndex>
          <IterationIndex>9</IterationIndex>
          <Operations>4096</Operations>
          <Nanoseconds>235300</Nanoseconds>
        </Measurement>
        <Measurement>
          <IterationMode>Workload</IterationMode>
          <IterationStage>Pilot</IterationStage>
          <LaunchIndex>1</LaunchIndex>
          <IterationIndex>10</IterationIndex>
          <Operations>8192</Operations>
          <Nanoseconds>641000</Nanoseconds>
        </Measurement>
        <Measurement>
          <IterationMode>Workload</IterationMode>
          <IterationStage>Pilot</IterationStage>
          <LaunchIndex>1</LaunchIndex>
          <IterationIndex>11</IterationIndex>
          <Operations>16384</Operations>
          <Nanoseconds>847300</Nanoseconds>
        </Measurement>
        <Measurement>
          <IterationMode>Workload</IterationMode>
          <IterationStage>Pilot</IterationStage>
          <LaunchIndex>1</LaunchIndex>
          <IterationIndex>12</IterationIndex>
          <Operations>32768</Operations>
          <Nanoseconds>1777700</Nanoseconds>
        </Measurement>
        <Measurement>
          <IterationMode>Workload</IterationMode>
          <IterationStage>Pilot</IterationStage>
          <LaunchIndex>1</LaunchIndex>
          <IterationIndex>13</IterationIndex>
          <Operations>65536</Operations>
          <Nanoseconds>5760100</Nanoseconds>
        </Measurement>
        <Measurement>
          <IterationMode>Workload</IterationMode>
          <IterationStage>Pilot</IterationStage>
          <LaunchIndex>1</LaunchIndex>
          <IterationIndex>14</IterationIndex>
          <Operations>131072</Operations>
          <Nanoseconds>7631200</Nanoseconds>
        </Measurement>
        <Measurement>
          <IterationMode>Workload</IterationMode>
          <IterationStage>Pilot</IterationStage>
          <LaunchIndex>1</LaunchIndex>
          <IterationIndex>15</IterationIndex>
          <Operations>262144</Operations>
          <Nanoseconds>13847600</Nanoseconds>
        </Measurement>
        <Measurement>
          <IterationMode>Workload</IterationMode>
          <IterationStage>Pilot</IterationStage>
          <LaunchIndex>1</LaunchIndex>
          <IterationIndex>16</IterationIndex>
          <Operations>524288</Operations>
          <Nanoseconds>22210400</Nanoseconds>
        </Measurement>
        <Measurement>
          <IterationMode>Workload</IterationMode>
          <IterationStage>Pilot</IterationStage>
          <LaunchIndex>1</LaunchIndex>
          <IterationIndex>17</IterationIndex>
          <Operations>1048576</Operations>
          <Nanoseconds>39491900</Nanoseconds>
        </Measurement>
        <Measurement>
          <IterationMode>Workload</IterationMode>
          <IterationStage>Pilot</IterationStage>
          <LaunchIndex>1</LaunchIndex>
          <IterationIndex>18</IterationIndex>
          <Operations>2097152</Operations>
          <Nanoseconds>49269700</Nanoseconds>
        </Measurement>
        <Measurement>
          <IterationMode>Workload</IterationMode>
          <IterationStage>Pilot</IterationStage>
          <LaunchIndex>1</LaunchIndex>
          <IterationIndex>19</IterationIndex>
          <Operations>4194304</Operations>
          <Nanoseconds>14956900</Nanoseconds>
        </Measurement>
        <Measurement>
          <IterationMode>Workload</IterationMode>
          <IterationStage>Pilot</IterationStage>
          <LaunchIndex>1</LaunchIndex>
          <IterationIndex>20</IterationIndex>
          <Operations>8388608</Operations>
          <Nanoseconds>29677900</Nanoseconds>
        </Measurement>
        <Measurement>
          <IterationMode>Workload</IterationMode>
          <IterationStage>Pilot</IterationStage>
          <LaunchIndex>1</LaunchIndex>
          <IterationIndex>21</IterationIndex>
          <Operations>16777216</Operations>
          <Nanoseconds>57098900</Nanoseconds>
        </Measurement>
        <Measurement>
          <IterationMode>Workload</IterationMode>
          <IterationStage>Pilot</IterationStage>
          <LaunchIndex>1</LaunchIndex>
          <IterationIndex>22</IterationIndex>
          <Operations>33554432</Operations>
          <Nanoseconds>109111000</Nanoseconds>
        </Measurement>
        <Measurement>
          <IterationMode>Workload</IterationMode>
          <IterationStage>Pilot</IterationStage>
          <LaunchIndex>1</LaunchIndex>
          <IterationIndex>23</IterationIndex>
          <Operations>67108864</Operations>
          <Nanoseconds>213056400</Nanoseconds>
        </Measurement>
        <Measurement>
          <IterationMode>Workload</IterationMode>
          <IterationStage>Pilot</IterationStage>
          <LaunchIndex>1</LaunchIndex>
          <IterationIndex>24</IterationIndex>
          <Operations>134217728</Operations>
          <Nanoseconds>438509200</Nanoseconds>
        </Measurement>
        <Measurement>
          <IterationMode>Workload</IterationMode>
          <IterationStage>Pilot</IterationStage>
          <LaunchIndex>1</LaunchIndex>
          <IterationIndex>25</IterationIndex>
          <Operations>268435456</Operations>
          <Nanoseconds>853228600</Nanoseconds>
        </Measurement>
        <Measurement>
          <IterationMode>Overhead</IterationMode>
          <IterationStage>Warmup</IterationStage>
          <LaunchIndex>1</LaunchIndex>
          <IterationIndex>1</IterationIndex>
          <Operations>268435456</Operations>
          <Nanoseconds>443852600</Nanoseconds>
        </Measurement>
        <Measurement>
          <IterationMode>Overhead</IterationMode>
          <IterationStage>Warmup</IterationStage>
          <LaunchIndex>1</LaunchIndex>
          <IterationIndex>2</IterationIndex>
          <Operations>268435456</Operations>
          <Nanoseconds>404555200</Nanoseconds>
        </Measurement>
        <Measurement>
          <IterationMode>Overhead</IterationMode>
          <IterationStage>Warmup</IterationStage>
          <LaunchIndex>1</LaunchIndex>
          <IterationIndex>3</IterationIndex>
          <Operations>268435456</Operations>
          <Nanoseconds>411794300</Nanoseconds>
        </Measurement>
        <Measurement>
          <IterationMode>Overhead</IterationMode>
          <IterationStage>Warmup</IterationStage>
          <LaunchIndex>1</LaunchIndex>
          <IterationIndex>4</IterationIndex>
          <Operations>268435456</Operations>
          <Nanoseconds>417542900</Nanoseconds>
        </Measurement>
        <Measurement>
          <IterationMode>Overhead</IterationMode>
          <IterationStage>Warmup</IterationStage>
          <LaunchIndex>1</LaunchIndex>
          <IterationIndex>5</IterationIndex>
          <Operations>268435456</Operations>
          <Nanoseconds>409751300</Nanoseconds>
        </Measurement>
        <Measurement>
          <IterationMode>Overhead</IterationMode>
          <IterationStage>Warmup</IterationStage>
          <LaunchIndex>1</LaunchIndex>
          <IterationIndex>6</IterationIndex>
          <Operations>268435456</Operations>
          <Nanoseconds>410137700</Nanoseconds>
        </Measurement>
        <Measurement>
          <IterationMode>Overhead</IterationMode>
          <IterationStage>Warmup</IterationStage>
          <LaunchIndex>1</LaunchIndex>
          <IterationIndex>7</IterationIndex>
          <Operations>268435456</Operations>
          <Nanoseconds>400321900</Nanoseconds>
        </Measurement>
        <Measurement>
          <IterationMode>Overhead</IterationMode>
          <IterationStage>Actual</IterationStage>
          <LaunchIndex>1</LaunchIndex>
          <IterationIndex>1</IterationIndex>
          <Operations>268435456</Operations>
          <Nanoseconds>409651800</Nanoseconds>
        </Measurement>
        <Measurement>
          <IterationMode>Overhead</IterationMode>
          <IterationStage>Actual</IterationStage>
          <LaunchIndex>1</LaunchIndex>
          <IterationIndex>2</IterationIndex>
          <Operations>268435456</Operations>
          <Nanoseconds>411895500</Nanoseconds>
        </Measurement>
        <Measurement>
          <IterationMode>Overhead</IterationMode>
          <IterationStage>Actual</IterationStage>
          <LaunchIndex>1</LaunchIndex>
          <IterationIndex>3</IterationIndex>
          <Operations>268435456</Operations>
          <Nanoseconds>412040200</Nanoseconds>
        </Measurement>
        <Measurement>
          <IterationMode>Overhead</IterationMode>
          <IterationStage>Actual</IterationStage>
          <LaunchIndex>1</LaunchIndex>
          <IterationIndex>4</IterationIndex>
          <Operations>268435456</Operations>
          <Nanoseconds>409613500</Nanoseconds>
        </Measurement>
        <Measurement>
          <IterationMode>Overhead</IterationMode>
          <IterationStage>Actual</IterationStage>
          <LaunchIndex>1</LaunchIndex>
          <IterationIndex>5</IterationIndex>
          <Operations>268435456</Operations>
          <Nanoseconds>413774700</Nanoseconds>
        </Measurement>
        <Measurement>
          <IterationMode>Overhead</IterationMode>
          <IterationStage>Actual</IterationStage>
          <LaunchIndex>1</LaunchIndex>
          <IterationIndex>6</IterationIndex>
          <Operations>268435456</Operations>
          <Nanoseconds>406299700</Nanoseconds>
        </Measurement>
        <Measurement>
          <IterationMode>Overhead</IterationMode>
          <IterationStage>Actual</IterationStage>
          <LaunchIndex>1</LaunchIndex>
          <IterationIndex>7</IterationIndex>
          <Operations>268435456</Operations>
          <Nanoseconds>399676400</Nanoseconds>
        </Measurement>
        <Measurement>
          <IterationMode>Overhead</IterationMode>
          <IterationStage>Actual</IterationStage>
          <LaunchIndex>1</LaunchIndex>
          <IterationIndex>8</IterationIndex>
          <Operations>268435456</Operations>
          <Nanoseconds>410905000</Nanoseconds>
        </Measurement>
        <Measurement>
          <IterationMode>Overhead</IterationMode>
          <IterationStage>Actual</IterationStage>
          <LaunchIndex>1</LaunchIndex>
          <IterationIndex>9</IterationIndex>
          <Operations>268435456</Operations>
          <Nanoseconds>413377000</Nanoseconds>
        </Measurement>
        <Measurement>
          <IterationMode>Overhead</IterationMode>
          <IterationStage>Actual</IterationStage>
          <LaunchIndex>1</LaunchIndex>
          <IterationIndex>10</IterationIndex>
          <Operations>268435456</Operations>
          <Nanoseconds>414429700</Nanoseconds>
        </Measurement>
        <Measurement>
          <IterationMode>Overhead</IterationMode>
          <IterationStage>Actual</IterationStage>
          <LaunchIndex>1</LaunchIndex>
          <IterationIndex>11</IterationIndex>
          <Operations>268435456</Operations>
          <Nanoseconds>411840600</Nanoseconds>
        </Measurement>
        <Measurement>
          <IterationMode>Overhead</IterationMode>
          <IterationStage>Actual</IterationStage>
          <LaunchIndex>1</LaunchIndex>
          <IterationIndex>12</IterationIndex>
          <Operations>268435456</Operations>
          <Nanoseconds>403471300</Nanoseconds>
        </Measurement>
        <Measurement>
          <IterationMode>Overhead</IterationMode>
          <IterationStage>Actual</IterationStage>
          <LaunchIndex>1</LaunchIndex>
          <IterationIndex>13</IterationIndex>
          <Operations>268435456</Operations>
          <Nanoseconds>402157000</Nanoseconds>
        </Measurement>
        <Measurement>
          <IterationMode>Overhead</IterationMode>
          <IterationStage>Actual</IterationStage>
          <LaunchIndex>1</LaunchIndex>
          <IterationIndex>14</IterationIndex>
          <Operations>268435456</Operations>
          <Nanoseconds>411734100</Nanoseconds>
        </Measurement>
        <Measurement>
          <IterationMode>Overhead</IterationMode>
          <IterationStage>Actual</IterationStage>
          <LaunchIndex>1</LaunchIndex>
          <IterationIndex>15</IterationIndex>
          <Operations>268435456</Operations>
          <Nanoseconds>405896100</Nanoseconds>
        </Measurement>
        <Measurement>
          <IterationMode>Workload</IterationMode>
          <IterationStage>Warmup</IterationStage>
          <LaunchIndex>1</LaunchIndex>
          <IterationIndex>1</IterationIndex>
          <Operations>268435456</Operations>
          <Nanoseconds>857941600</Nanoseconds>
        </Measurement>
        <Measurement>
          <IterationMode>Workload</IterationMode>
          <IterationStage>Warmup</IterationStage>
          <LaunchIndex>1</LaunchIndex>
          <IterationIndex>2</IterationIndex>
          <Operations>268435456</Operations>
          <Nanoseconds>858010400</Nanoseconds>
        </Measurement>
        <Measurement>
          <IterationMode>Workload</IterationMode>
          <IterationStage>Warmup</IterationStage>
          <LaunchIndex>1</LaunchIndex>
          <IterationIndex>3</IterationIndex>
          <Operations>268435456</Operations>
          <Nanoseconds>854505000</Nanoseconds>
        </Measurement>
        <Measurement>
          <IterationMode>Workload</IterationMode>
          <IterationStage>Warmup</IterationStage>
          <LaunchIndex>1</LaunchIndex>
          <IterationIndex>4</IterationIndex>
          <Operations>268435456</Operations>
          <Nanoseconds>855372500</Nanoseconds>
        </Measurement>
        <Measurement>
          <IterationMode>Workload</IterationMode>
          <IterationStage>Warmup</IterationStage>
          <LaunchIndex>1</LaunchIndex>
          <IterationIndex>5</IterationIndex>
          <Operations>268435456</Operations>
          <Nanoseconds>864302200</Nanoseconds>
        </Measurement>
        <Measurement>
          <IterationMode>Workload</IterationMode>
          <IterationStage>Warmup</IterationStage>
          <LaunchIndex>1</LaunchIndex>
          <IterationIndex>6</IterationIndex>
          <Operations>268435456</Operations>
          <Nanoseconds>853111700</Nanoseconds>
        </Measurement>
        <Measurement>
          <IterationMode>Workload</IterationMode>
          <IterationStage>Actual</IterationStage>
          <LaunchIndex>1</LaunchIndex>
          <IterationIndex>1</IterationIndex>
          <Operations>268435456</Operations>
          <Nanoseconds>851484800</Nanoseconds>
        </Measurement>
        <Measurement>
          <IterationMode>Workload</IterationMode>
          <IterationStage>Actual</IterationStage>
          <LaunchIndex>1</LaunchIndex>
          <IterationIndex>2</IterationIndex>
          <Operations>268435456</Operations>
          <Nanoseconds>840412100</Nanoseconds>
        </Measurement>
        <Measurement>
          <IterationMode>Workload</IterationMode>
          <IterationStage>Actual</IterationStage>
          <LaunchIndex>1</LaunchIndex>
          <IterationIndex>3</IterationIndex>
          <Operations>268435456</Operations>
          <Nanoseconds>833308900</Nanoseconds>
        </Measurement>
        <Measurement>
          <IterationMode>Workload</IterationMode>
          <IterationStage>Actual</IterationStage>
          <LaunchIndex>1</LaunchIndex>
          <IterationIndex>4</IterationIndex>
          <Operations>268435456</Operations>
          <Nanoseconds>860284000</Nanoseconds>
        </Measurement>
        <Measurement>
          <IterationMode>Workload</IterationMode>
          <IterationStage>Actual</IterationStage>
          <LaunchIndex>1</LaunchIndex>
          <IterationIndex>5</IterationIndex>
          <Operations>268435456</Operations>
          <Nanoseconds>843910200</Nanoseconds>
        </Measurement>
        <Measurement>
          <IterationMode>Workload</IterationMode>
          <IterationStage>Actual</IterationStage>
          <LaunchIndex>1</LaunchIndex>
          <IterationIndex>6</IterationIndex>
          <Operations>268435456</Operations>
          <Nanoseconds>837850500</Nanoseconds>
        </Measurement>
        <Measurement>
          <IterationMode>Workload</IterationMode>
          <IterationStage>Actual</IterationStage>
          <LaunchIndex>1</LaunchIndex>
          <IterationIndex>7</IterationIndex>
          <Operations>268435456</Operations>
          <Nanoseconds>851903700</Nanoseconds>
        </Measurement>
        <Measurement>
          <IterationMode>Workload</IterationMode>
          <IterationStage>Actual</IterationStage>
          <LaunchIndex>1</LaunchIndex>
          <IterationIndex>8</IterationIndex>
          <Operations>268435456</Operations>
          <Nanoseconds>863569900</Nanoseconds>
        </Measurement>
        <Measurement>
          <IterationMode>Workload</IterationMode>
          <IterationStage>Actual</IterationStage>
          <LaunchIndex>1</LaunchIndex>
          <IterationIndex>9</IterationIndex>
          <Operations>268435456</Operations>
          <Nanoseconds>840983500</Nanoseconds>
        </Measurement>
        <Measurement>
          <IterationMode>Workload</IterationMode>
          <IterationStage>Actual</IterationStage>
          <LaunchIndex>1</LaunchIndex>
          <IterationIndex>10</IterationIndex>
          <Operations>268435456</Operations>
          <Nanoseconds>834141700</Nanoseconds>
        </Measurement>
        <Measurement>
          <IterationMode>Workload</IterationMode>
          <IterationStage>Actual</IterationStage>
          <LaunchIndex>1</LaunchIndex>
          <IterationIndex>11</IterationIndex>
          <Operations>268435456</Operations>
          <Nanoseconds>852098900</Nanoseconds>
        </Measurement>
        <Measurement>
          <IterationMode>Workload</IterationMode>
          <IterationStage>Actual</IterationStage>
          <LaunchIndex>1</LaunchIndex>
          <IterationIndex>12</IterationIndex>
          <Operations>268435456</Operations>
          <Nanoseconds>839938800</Nanoseconds>
        </Measurement>
        <Measurement>
          <IterationMode>Workload</IterationMode>
          <IterationStage>Actual</IterationStage>
          <LaunchIndex>1</LaunchIndex>
          <IterationIndex>13</IterationIndex>
          <Operations>268435456</Operations>
          <Nanoseconds>839714000</Nanoseconds>
        </Measurement>
        <Measurement>
          <IterationMode>Workload</IterationMode>
          <IterationStage>Actual</IterationStage>
          <LaunchIndex>1</LaunchIndex>
          <IterationIndex>14</IterationIndex>
          <Operations>268435456</Operations>
          <Nanoseconds>836250500</Nanoseconds>
        </Measurement>
        <Measurement>
          <IterationMode>Workload</IterationMode>
          <IterationStage>Actual</IterationStage>
          <LaunchIndex>1</LaunchIndex>
          <IterationIndex>15</IterationIndex>
          <Operations>268435456</Operations>
          <Nanoseconds>836505200</Nanoseconds>
        </Measurement>
        <Measurement>
          <IterationMode>Workload</IterationMode>
          <IterationStage>Result</IterationStage>
          <LaunchIndex>1</LaunchIndex>
          <IterationIndex>1</IterationIndex>
          <Operations>268435456</Operations>
          <Nanoseconds>440579800</Nanoseconds>
        </Measurement>
        <Measurement>
          <IterationMode>Workload</IterationMode>
          <IterationStage>Result</IterationStage>
          <LaunchIndex>1</LaunchIndex>
          <IterationIndex>2</IterationIndex>
          <Operations>268435456</Operations>
          <Nanoseconds>429507100</Nanoseconds>
        </Measurement>
        <Measurement>
          <IterationMode>Workload</IterationMode>
          <IterationStage>Result</IterationStage>
          <LaunchIndex>1</LaunchIndex>
          <IterationIndex>3</IterationIndex>
          <Operations>268435456</Operations>
          <Nanoseconds>422403900</Nanoseconds>
        </Measurement>
        <Measurement>
          <IterationMode>Workload</IterationMode>
          <IterationStage>Result</IterationStage>
          <LaunchIndex>1</LaunchIndex>
          <IterationIndex>4</IterationIndex>
          <Operations>268435456</Operations>
          <Nanoseconds>449379000</Nanoseconds>
        </Measurement>
        <Measurement>
          <IterationMode>Workload</IterationMode>
          <IterationStage>Result</IterationStage>
          <LaunchIndex>1</LaunchIndex>
          <IterationIndex>5</IterationIndex>
          <Operations>268435456</Operations>
          <Nanoseconds>433005200</Nanoseconds>
        </Measurement>
        <Measurement>
          <IterationMode>Workload</IterationMode>
          <IterationStage>Result</IterationStage>
          <LaunchIndex>1</LaunchIndex>
          <IterationIndex>6</IterationIndex>
          <Operations>268435456</Operations>
          <Nanoseconds>426945500</Nanoseconds>
        </Measurement>
        <Measurement>
          <IterationMode>Workload</IterationMode>
          <IterationStage>Result</IterationStage>
          <LaunchIndex>1</LaunchIndex>
          <IterationIndex>7</IterationIndex>
          <Operations>268435456</Operations>
          <Nanoseconds>440998700</Nanoseconds>
        </Measurement>
        <Measurement>
          <IterationMode>Workload</IterationMode>
          <IterationStage>Result</IterationStage>
          <LaunchIndex>1</LaunchIndex>
          <IterationIndex>8</IterationIndex>
          <Operations>268435456</Operations>
          <Nanoseconds>452664900</Nanoseconds>
        </Measurement>
        <Measurement>
          <IterationMode>Workload</IterationMode>
          <IterationStage>Result</IterationStage>
          <LaunchIndex>1</LaunchIndex>
          <IterationIndex>9</IterationIndex>
          <Operations>268435456</Operations>
          <Nanoseconds>430078500</Nanoseconds>
        </Measurement>
        <Measurement>
          <IterationMode>Workload</IterationMode>
          <IterationStage>Result</IterationStage>
          <LaunchIndex>1</LaunchIndex>
          <IterationIndex>10</IterationIndex>
          <Operations>268435456</Operations>
          <Nanoseconds>423236700</Nanoseconds>
        </Measurement>
        <Measurement>
          <IterationMode>Workload</IterationMode>
          <IterationStage>Result</IterationStage>
          <LaunchIndex>1</LaunchIndex>
          <IterationIndex>11</IterationIndex>
          <Operations>268435456</Operations>
          <Nanoseconds>441193900</Nanoseconds>
        </Measurement>
        <Measurement>
          <IterationMode>Workload</IterationMode>
          <IterationStage>Result</IterationStage>
          <LaunchIndex>1</LaunchIndex>
          <IterationIndex>12</IterationIndex>
          <Operations>268435456</Operations>
          <Nanoseconds>429033800</Nanoseconds>
        </Measurement>
        <Measurement>
          <IterationMode>Workload</IterationMode>
          <IterationStage>Result</IterationStage>
          <LaunchIndex>1</LaunchIndex>
          <IterationIndex>13</IterationIndex>
          <Operations>268435456</Operations>
          <Nanoseconds>428809000</Nanoseconds>
        </Measurement>
        <Measurement>
          <IterationMode>Workload</IterationMode>
          <IterationStage>Result</IterationStage>
          <LaunchIndex>1</LaunchIndex>
          <IterationIndex>14</IterationIndex>
          <Operations>268435456</Operations>
          <Nanoseconds>425345500</Nanoseconds>
        </Measurement>
        <Measurement>
          <IterationMode>Workload</IterationMode>
          <IterationStage>Result</IterationStage>
          <LaunchIndex>1</LaunchIndex>
          <IterationIndex>15</IterationIndex>
          <Operations>268435456</Operations>
          <Nanoseconds>425600200</Nanoseconds>
        </Measurement>
      </Measurements>
    </BenchmarkCase>
  </Benchmarks>
</Summary>
