Method,Job,AnalyzeLaunchVariance,EvaluateOverhead,MaxAbsoluteError,MaxRelativeError,MinInvokeCount,MinIterationTime,OutlierMode,Affinity,EnvironmentVariables,Jit,Platform,PowerPlanMode,Runtime,AllowVeryLargeObjects,Concurrent,CpuGroups,Force,HeapAffinitizeMask,HeapCount,NoAffinitize,RetainVm,Server,Arguments,BuildConfiguration,Clock,EngineFactory,NuGetReferences,Toolchain,IsMutator,InvocationCount,IterationCount,IterationTime,LaunchCount,MaxIterationCount,MaxWarmupIterationCount,MemoryRandomization,MinIterationCount,MinWarmupIterationCount,RunStrategy,UnrollFactor,WarmupCount,Namespace,Categories,Count,Mean,Error,StdDev,StdErr,Median,Min,Q1,Q3,Max,Op/s,CI99.9% Margin,Iterations,Kurtosis,MValue,Skewness,Rank,LogicalGroup,Baseline,Gen 0,Code Size,Gen 1,Gen 2,Allocated
'Write & Listen Async',Job-YKIQEX,False,True,Default,Default,Default,Default,Default,1111,Empty,RyuJit,X64,8c5e7fda-e8bf-4a96-9a85-a6e23a8c635c,.NET 6.0,False,True,False,True,Default,Default,False,False,True,Default,Default,Default,Default,Default,Default,Default,1,Default,Default,Default,Default,Default,Default,Default,Default,Default,16,Default,DotNetTips.Spargine.Core.BenchmarkTests.Collections.Threading,Async,10,97.83 μs,1.912 μs,1.878 μs,0.469 μs,97.35 μs,94.24 μs,96.88 μs,99.29 μs,102.10 μs,"10,222.04",1.9121 μs,16.00,2.808,2.000,0.2994,3,*,No,2.6855,3 KB,-,-,23 KB
'Write & Listen Async',Job-YKIQEX,False,True,Default,Default,Default,Default,Default,1111,Empty,RyuJit,X64,8c5e7fda-e8bf-4a96-9a85-a6e23a8c635c,.NET 6.0,False,True,False,True,Default,Default,False,False,True,Default,Default,Default,Default,Default,Default,Default,1,Default,Default,Default,Default,Default,Default,Default,Default,Default,16,Default,DotNetTips.Spargine.Core.BenchmarkTests.Collections.Threading,Async,25,247.63 μs,4.904 μs,7.340 μs,1.340 μs,247.17 μs,236.12 μs,242.14 μs,254.20 μs,263.21 μs,"4,038.30",4.9040 μs,30.00,1.941,2.000,0.2850,5,*,No,5.8594,3 KB,-,-,52 KB
'Write & Listen Async',Job-YKIQEX,False,True,Default,Default,Default,Default,Default,1111,Empty,RyuJit,X64,8c5e7fda-e8bf-4a96-9a85-a6e23a8c635c,.NET 6.0,False,True,False,True,Default,Default,False,False,True,Default,Default,Default,Default,Default,Default,Default,1,Default,Default,Default,Default,Default,Default,Default,Default,Default,16,Default,DotNetTips.Spargine.Core.BenchmarkTests.Collections.Threading,Async,50,491.35 μs,8.976 μs,16.413 μs,2.533 μs,488.30 μs,465.39 μs,479.42 μs,503.33 μs,541.00 μs,"2,035.23",8.9761 μs,42.00,3.176,2.857,0.7052,7,*,No,11.7188,3 KB,0.9766,-,103 KB
'Write & Listen Async',Job-YKIQEX,False,True,Default,Default,Default,Default,Default,1111,Empty,RyuJit,X64,8c5e7fda-e8bf-4a96-9a85-a6e23a8c635c,.NET 6.0,False,True,False,True,Default,Default,False,False,True,Default,Default,Default,Default,Default,Default,Default,1,Default,Default,Default,Default,Default,Default,Default,Default,Default,16,Default,DotNetTips.Spargine.Core.BenchmarkTests.Collections.Threading,Async,100,"1,052.67 μs",20.713 μs,45.029 μs,5.964 μs,"1,041.05 μs",986.81 μs,"1,021.45 μs","1,082.38 μs","1,176.24 μs",949.97,20.7131 μs,57.00,2.523,2.000,0.5622,9,*,No,21.4844,3 KB,11.7188,9.7656,204 KB
'Write & Listen Async',Job-YKIQEX,False,True,Default,Default,Default,Default,Default,1111,Empty,RyuJit,X64,8c5e7fda-e8bf-4a96-9a85-a6e23a8c635c,.NET 6.0,False,True,False,True,Default,Default,False,False,True,Default,Default,Default,Default,Default,Default,Default,1,Default,Default,Default,Default,Default,Default,Default,Default,Default,16,Default,DotNetTips.Spargine.Core.BenchmarkTests.Collections.Threading,Async,250,"2,513.01 μs",42.673 μs,35.634 μs,9.883 μs,"2,510.06 μs","2,475.24 μs","2,483.00 μs","2,523.02 μs","2,603.56 μs",397.93,42.6726 μs,13.00,3.641,2.000,1.1432,12,*,No,54.6875,3 KB,31.2500,23.4375,504 KB
'Write & Listen Async',Job-YKIQEX,False,True,Default,Default,Default,Default,Default,1111,Empty,RyuJit,X64,8c5e7fda-e8bf-4a96-9a85-a6e23a8c635c,.NET 6.0,False,True,False,True,Default,Default,False,False,True,Default,Default,Default,Default,Default,Default,Default,1,Default,Default,Default,Default,Default,Default,Default,Default,Default,16,Default,DotNetTips.Spargine.Core.BenchmarkTests.Collections.Threading,Async,500,"7,690.61 μs",428.976 μs,"1,258.113 μs",126.445 μs,"7,342.97 μs","6,240.24 μs","6,642.47 μs","8,298.06 μs","10,752.58 μs",130.03,428.9763 μs,99.00,3.006,2.359,0.9769,15,*,No,93.7500,3 KB,54.6875,39.0625,"1,004 KB"
'Write & Listen Async',Job-YKIQEX,False,True,Default,Default,Default,Default,Default,1111,Empty,RyuJit,X64,8c5e7fda-e8bf-4a96-9a85-a6e23a8c635c,.NET 6.0,False,True,False,True,Default,Default,False,False,True,Default,Default,Default,Default,Default,Default,Default,1,Default,Default,Default,Default,Default,Default,Default,Default,Default,16,Default,DotNetTips.Spargine.Core.BenchmarkTests.Collections.Threading,Async,1000,"13,918.15 μs",276.971 μs,689.753 μs,80.729 μs,"13,730.24 μs","12,850.69 μs","13,369.18 μs","14,394.89 μs","15,776.25 μs",71.85,276.9706 μs,73.00,2.811,2.000,0.7416,18,*,No,187.5000,3 KB,140.6250,109.3750,"2,477 KB"
'Write & Listen Async',Job-YKIQEX,False,True,Default,Default,Default,Default,Default,1111,Empty,RyuJit,X64,8c5e7fda-e8bf-4a96-9a85-a6e23a8c635c,.NET 6.0,False,True,False,True,Default,Default,False,False,True,Default,Default,Default,Default,Default,Default,Default,1,Default,Default,Default,Default,Default,Default,Default,Default,Default,16,Default,DotNetTips.Spargine.Core.BenchmarkTests.Collections.Threading,Async,2500,"32,695.99 μs",544.584 μs,425.175 μs,122.737 μs,"32,631.32 μs","32,114.88 μs","32,398.48 μs","32,979.47 μs","33,411.59 μs",30.58,544.5837 μs,12.00,1.772,2.000,0.3879,20,*,No,312.5000,3 KB,187.5000,125.0000,"6,196 KB"
'Write & Read Async: IEnumerable',Job-YKIQEX,False,True,Default,Default,Default,Default,Default,1111,Empty,RyuJit,X64,8c5e7fda-e8bf-4a96-9a85-a6e23a8c635c,.NET 6.0,False,True,False,True,Default,Default,False,False,True,Default,Default,Default,Default,Default,Default,Default,1,Default,Default,Default,Default,Default,Default,Default,Default,Default,16,Default,DotNetTips.Spargine.Core.BenchmarkTests.Collections.Threading,Async,10,47.55 μs,0.856 μs,1.227 μs,0.232 μs,47.34 μs,45.42 μs,46.71 μs,48.01 μs,50.36 μs,"21,030.25",0.8556 μs,28.00,2.894,2.000,0.7645,2,*,No,2.5635,0 KB,-,-,22 KB
'Write & Read Async: IEnumerable',Job-YKIQEX,False,True,Default,Default,Default,Default,Default,1111,Empty,RyuJit,X64,8c5e7fda-e8bf-4a96-9a85-a6e23a8c635c,.NET 6.0,False,True,False,True,Default,Default,False,False,True,Default,Default,Default,Default,Default,Default,Default,1,Default,Default,Default,Default,Default,Default,Default,Default,Default,16,Default,DotNetTips.Spargine.Core.BenchmarkTests.Collections.Threading,Async,25,122.50 μs,2.403 μs,3.597 μs,0.657 μs,120.90 μs,118.20 μs,120.00 μs,124.64 μs,131.39 μs,"8,163.33",2.4030 μs,30.00,2.733,2.000,0.9024,4,*,No,5.7373,0 KB,-,-,50 KB
'Write & Read Async: IEnumerable',Job-YKIQEX,False,True,Default,Default,Default,Default,Default,1111,Empty,RyuJit,X64,8c5e7fda-e8bf-4a96-9a85-a6e23a8c635c,.NET 6.0,False,True,False,True,Default,Default,False,False,True,Default,Default,Default,Default,Default,Default,Default,1,Default,Default,Default,Default,Default,Default,Default,Default,Default,16,Default,DotNetTips.Spargine.Core.BenchmarkTests.Collections.Threading,Async,50,255.37 μs,4.907 μs,8.974 μs,1.385 μs,253.03 μs,243.91 μs,248.62 μs,261.01 μs,276.83 μs,"3,915.84",4.9075 μs,42.00,2.616,2.400,0.8876,6,*,No,11.2305,0 KB,-,-,99 KB
'Write & Read Async: IEnumerable',Job-YKIQEX,False,True,Default,Default,Default,Default,Default,1111,Empty,RyuJit,X64,8c5e7fda-e8bf-4a96-9a85-a6e23a8c635c,.NET 6.0,False,True,False,True,Default,Default,False,False,True,Default,Default,Default,Default,Default,Default,Default,1,Default,Default,Default,Default,Default,Default,Default,Default,Default,16,Default,DotNetTips.Spargine.Core.BenchmarkTests.Collections.Threading,Async,100,638.35 μs,14.089 μs,41.099 μs,4.152 μs,631.68 μs,563.54 μs,609.66 μs,665.01 μs,749.72 μs,"1,566.55",14.0892 μs,98.00,2.853,2.643,0.5381,8,*,No,22.4609,0 KB,13.6719,10.7422,196 KB
'Write & Read Async: IEnumerable',Job-YKIQEX,False,True,Default,Default,Default,Default,Default,1111,Empty,RyuJit,X64,8c5e7fda-e8bf-4a96-9a85-a6e23a8c635c,.NET 6.0,False,True,False,True,Default,Default,False,False,True,Default,Default,Default,Default,Default,Default,Default,1,Default,Default,Default,Default,Default,Default,Default,Default,Default,16,Default,DotNetTips.Spargine.Core.BenchmarkTests.Collections.Threading,Async,250,"2,225.87 μs",162.155 μs,478.116 μs,47.812 μs,"2,314.34 μs","1,376.14 μs","1,747.26 μs","2,649.72 μs","3,081.66 μs",449.26,162.1545 μs,100.00,1.651,3.212,-0.2645,12,*,No,39.0625,0 KB,23.4375,19.5313,486 KB
'Write & Read Async: IEnumerable',Job-YKIQEX,False,True,Default,Default,Default,Default,Default,1111,Empty,RyuJit,X64,8c5e7fda-e8bf-4a96-9a85-a6e23a8c635c,.NET 6.0,False,True,False,True,Default,Default,False,False,True,Default,Default,Default,Default,Default,Default,Default,1,Default,Default,Default,Default,Default,Default,Default,Default,Default,16,Default,DotNetTips.Spargine.Core.BenchmarkTests.Collections.Threading,Async,500,"4,365.12 μs",180.370 μs,508.737 μs,53.039 μs,"4,298.16 μs","3,482.75 μs","3,977.72 μs","4,617.89 μs","5,831.86 μs",229.09,180.3699 μs,92.00,3.295,3.111,0.6806,13,*,No,46.8750,0 KB,39.0625,39.0625,970 KB
'Write & Read Async: IEnumerable',Job-YKIQEX,False,True,Default,Default,Default,Default,Default,1111,Empty,RyuJit,X64,8c5e7fda-e8bf-4a96-9a85-a6e23a8c635c,.NET 6.0,False,True,False,True,Default,Default,False,False,True,Default,Default,Default,Default,Default,Default,Default,1,Default,Default,Default,Default,Default,Default,Default,Default,Default,16,Default,DotNetTips.Spargine.Core.BenchmarkTests.Collections.Threading,Async,1000,"7,791.45 μs",235.458 μs,667.954 μs,69.264 μs,"7,801.39 μs","6,735.28 μs","7,237.84 μs","8,287.60 μs","9,611.98 μs",128.35,235.4576 μs,93.00,2.416,2.957,0.3795,16,*,No,125.0000,0 KB,109.3750,109.3750,"2,408 KB"
'Write & Read Async: IEnumerable',Job-YKIQEX,False,True,Default,Default,Default,Default,Default,1111,Empty,RyuJit,X64,8c5e7fda-e8bf-4a96-9a85-a6e23a8c635c,.NET 6.0,False,True,False,True,Default,Default,False,False,True,Default,Default,Default,Default,Default,Default,Default,1,Default,Default,Default,Default,Default,Default,Default,Default,Default,16,Default,DotNetTips.Spargine.Core.BenchmarkTests.Collections.Threading,Async,2500,"17,871.09 μs",355.753 μs,831.562 μs,103.143 μs,"17,902.51 μs","16,585.51 μs","17,259.35 μs","18,340.39 μs","20,241.04 μs",55.96,355.7534 μs,65.00,2.795,3.905,0.5936,19,*,No,156.2500,0 KB,125.0000,93.7500,"6,031 KB"
'Write & Read Async',Job-YKIQEX,False,True,Default,Default,Default,Default,Default,1111,Empty,RyuJit,X64,8c5e7fda-e8bf-4a96-9a85-a6e23a8c635c,.NET 6.0,False,True,False,True,Default,Default,False,False,True,Default,Default,Default,Default,Default,Default,Default,1,Default,Default,Default,Default,Default,Default,Default,Default,Default,16,Default,DotNetTips.Spargine.Core.BenchmarkTests.Collections.Threading,Async,10,45.74 μs,0.912 μs,2.039 μs,0.263 μs,44.95 μs,43.00 μs,44.24 μs,46.92 μs,50.57 μs,"21,861.06",0.9117 μs,60.00,2.675,2.643,0.9321,1,*,No,2.5635,0 KB,-,-,22 KB
'Write & Read Async',Job-YKIQEX,False,True,Default,Default,Default,Default,Default,1111,Empty,RyuJit,X64,8c5e7fda-e8bf-4a96-9a85-a6e23a8c635c,.NET 6.0,False,True,False,True,Default,Default,False,False,True,Default,Default,Default,Default,Default,Default,Default,1,Default,Default,Default,Default,Default,Default,Default,Default,Default,16,Default,DotNetTips.Spargine.Core.BenchmarkTests.Collections.Threading,Async,25,120.19 μs,2.378 μs,3.255 μs,0.638 μs,119.48 μs,116.24 μs,117.94 μs,122.30 μs,129.09 μs,"8,319.98",2.3780 μs,26.00,3.271,2.000,1.0000,4,*,No,5.7373,0 KB,-,-,50 KB
'Write & Read Async',Job-YKIQEX,False,True,Default,Default,Default,Default,Default,1111,Empty,RyuJit,X64,8c5e7fda-e8bf-4a96-9a85-a6e23a8c635c,.NET 6.0,False,True,False,True,Default,Default,False,False,True,Default,Default,Default,Default,Default,Default,Default,1,Default,Default,Default,Default,Default,Default,Default,Default,Default,16,Default,DotNetTips.Spargine.Core.BenchmarkTests.Collections.Threading,Async,50,242.89 μs,4.143 μs,3.876 μs,1.001 μs,243.39 μs,236.89 μs,239.76 μs,244.48 μs,249.33 μs,"4,117.09",4.1435 μs,15.00,1.856,2.000,0.2426,5,*,No,11.2305,0 KB,1.7090,-,99 KB
'Write & Read Async',Job-YKIQEX,False,True,Default,Default,Default,Default,Default,1111,Empty,RyuJit,X64,8c5e7fda-e8bf-4a96-9a85-a6e23a8c635c,.NET 6.0,False,True,False,True,Default,Default,False,False,True,Default,Default,Default,Default,Default,Default,Default,1,Default,Default,Default,Default,Default,Default,Default,Default,Default,16,Default,DotNetTips.Spargine.Core.BenchmarkTests.Collections.Threading,Async,100,635.30 μs,14.683 μs,43.294 μs,4.329 μs,631.58 μs,545.56 μs,605.49 μs,670.48 μs,740.37 μs,"1,574.07",14.6832 μs,100.00,2.383,3.000,0.1037,8,*,No,20.5078,0 KB,11.7188,10.7422,197 KB
'Write & Read Async',Job-YKIQEX,False,True,Default,Default,Default,Default,Default,1111,Empty,RyuJit,X64,8c5e7fda-e8bf-4a96-9a85-a6e23a8c635c,.NET 6.0,False,True,False,True,Default,Default,False,False,True,Default,Default,Default,Default,Default,Default,Default,1,Default,Default,Default,Default,Default,Default,Default,Default,Default,16,Default,DotNetTips.Spargine.Core.BenchmarkTests.Collections.Threading,Async,250,"1,659.54 μs",62.468 μs,169.950 μs,18.326 μs,"1,626.58 μs","1,364.30 μs","1,524.94 μs","1,744.18 μs","2,289.61 μs",602.58,62.4683 μs,86.00,4.256,2.640,1.0727,11,*,No,23.4375,0 KB,21.4844,21.4844,485 KB
'Write & Read Async',Job-YKIQEX,False,True,Default,Default,Default,Default,Default,1111,Empty,RyuJit,X64,8c5e7fda-e8bf-4a96-9a85-a6e23a8c635c,.NET 6.0,False,True,False,True,Default,Default,False,False,True,Default,Default,Default,Default,Default,Default,Default,1,Default,Default,Default,Default,Default,Default,Default,Default,Default,16,Default,DotNetTips.Spargine.Core.BenchmarkTests.Collections.Threading,Async,500,"4,416.75 μs",235.082 μs,693.144 μs,69.314 μs,"4,228.54 μs","3,451.81 μs","3,860.84 μs","4,938.00 μs","6,297.08 μs",226.41,235.0819 μs,100.00,2.406,2.606,0.6776,13,*,No,85.9375,0 KB,58.5938,39.0625,969 KB
'Write & Read Async',Job-YKIQEX,False,True,Default,Default,Default,Default,Default,1111,Empty,RyuJit,X64,8c5e7fda-e8bf-4a96-9a85-a6e23a8c635c,.NET 6.0,False,True,False,True,Default,Default,False,False,True,Default,Default,Default,Default,Default,Default,Default,1,Default,Default,Default,Default,Default,Default,Default,Default,Default,16,Default,DotNetTips.Spargine.Core.BenchmarkTests.Collections.Threading,Async,1000,"7,573.44 μs",149.285 μs,435.470 μs,43.989 μs,"7,501.41 μs","6,876.34 μs","7,195.30 μs","7,787.32 μs","8,681.81 μs",132.04,149.2846 μs,98.00,2.485,2.720,0.5700,15,*,No,164.0625,0 KB,140.6250,125.0000,"2,409 KB"
'Write & Read Async',Job-YKIQEX,False,True,Default,Default,Default,Default,Default,1111,Empty,RyuJit,X64,8c5e7fda-e8bf-4a96-9a85-a6e23a8c635c,.NET 6.0,False,True,False,True,Default,Default,False,False,True,Default,Default,Default,Default,Default,Default,Default,1,Default,Default,Default,Default,Default,Default,Default,Default,Default,16,Default,DotNetTips.Spargine.Core.BenchmarkTests.Collections.Threading,Async,2500,"17,486.47 μs",337.262 μs,315.475 μs,81.455 μs,"17,526.21 μs","16,860.12 μs","17,286.30 μs","17,700.64 μs","18,081.24 μs",57.19,337.2619 μs,15.00,2.255,2.000,-0.0709,19,*,No,156.2500,0 KB,93.7500,93.7500,"6,023 KB"
'WriteAsync: IEnumerable',Job-YKIQEX,False,True,Default,Default,Default,Default,Default,1111,Empty,RyuJit,X64,8c5e7fda-e8bf-4a96-9a85-a6e23a8c635c,.NET 6.0,False,True,False,True,Default,Default,False,False,True,Default,Default,Default,Default,Default,Default,Default,1,Default,Default,Default,Default,Default,Default,Default,Default,Default,16,Default,DotNetTips.Spargine.Core.BenchmarkTests.Collections.Threading,Async,10,45.55 μs,0.703 μs,0.810 μs,0.181 μs,45.42 μs,44.57 μs,44.89 μs,45.86 μs,47.76 μs,"21,956.04",0.7030 μs,20.00,3.561,2.000,1.0674,1,*,No,2.5024,0 KB,0.0610,-,21 KB
'WriteAsync: IEnumerable',Job-YKIQEX,False,True,Default,Default,Default,Default,Default,1111,Empty,RyuJit,X64,8c5e7fda-e8bf-4a96-9a85-a6e23a8c635c,.NET 6.0,False,True,False,True,Default,Default,False,False,True,Default,Default,Default,Default,Default,Default,Default,1,Default,Default,Default,Default,Default,Default,Default,Default,Default,16,Default,DotNetTips.Spargine.Core.BenchmarkTests.Collections.Threading,Async,25,119.45 μs,2.385 μs,3.421 μs,0.647 μs,118.35 μs,114.90 μs,117.05 μs,121.79 μs,126.90 μs,"8,371.79",2.3854 μs,28.00,2.271,2.000,0.6470,4,*,No,5.4932,0 KB,0.2441,-,48 KB
'WriteAsync: IEnumerable',Job-YKIQEX,False,True,Default,Default,Default,Default,Default,1111,Empty,RyuJit,X64,8c5e7fda-e8bf-4a96-9a85-a6e23a8c635c,.NET 6.0,False,True,False,True,Default,Default,False,False,True,Default,Default,Default,Default,Default,Default,Default,1,Default,Default,Default,Default,Default,Default,Default,Default,Default,16,Default,DotNetTips.Spargine.Core.BenchmarkTests.Collections.Threading,Async,50,243.80 μs,4.713 μs,5.611 μs,1.224 μs,242.08 μs,235.04 μs,240.24 μs,248.32 μs,254.55 μs,"4,101.77",4.7131 μs,21.00,1.943,2.000,0.3173,5,*,No,10.2539,0 KB,0.9766,-,95 KB
'WriteAsync: IEnumerable',Job-YKIQEX,False,True,Default,Default,Default,Default,Default,1111,Empty,RyuJit,X64,8c5e7fda-e8bf-4a96-9a85-a6e23a8c635c,.NET 6.0,False,True,False,True,Default,Default,False,False,True,Default,Default,Default,Default,Default,Default,Default,1,Default,Default,Default,Default,Default,Default,Default,Default,Default,16,Default,DotNetTips.Spargine.Core.BenchmarkTests.Collections.Threading,Async,100,629.52 μs,12.309 μs,14.175 μs,3.170 μs,628.88 μs,608.10 μs,616.55 μs,641.89 μs,653.05 μs,"1,588.51",12.3091 μs,20.00,1.457,3.111,0.0670,8,*,No,18.5547,0 KB,11.7188,10.7422,190 KB
'WriteAsync: IEnumerable',Job-YKIQEX,False,True,Default,Default,Default,Default,Default,1111,Empty,RyuJit,X64,8c5e7fda-e8bf-4a96-9a85-a6e23a8c635c,.NET 6.0,False,True,False,True,Default,Default,False,False,True,Default,Default,Default,Default,Default,Default,Default,1,Default,Default,Default,Default,Default,Default,Default,Default,Default,16,Default,DotNetTips.Spargine.Core.BenchmarkTests.Collections.Threading,Async,250,"1,471.34 μs",36.735 μs,107.159 μs,10.825 μs,"1,458.32 μs","1,283.37 μs","1,400.68 μs","1,550.76 μs","1,779.97 μs",679.65,36.7355 μs,98.00,2.781,3.143,0.4863,10,*,No,48.8281,0 KB,31.2500,23.4375,469 KB
'WriteAsync: IEnumerable',Job-YKIQEX,False,True,Default,Default,Default,Default,Default,1111,Empty,RyuJit,X64,8c5e7fda-e8bf-4a96-9a85-a6e23a8c635c,.NET 6.0,False,True,False,True,Default,Default,False,False,True,Default,Default,Default,Default,Default,Default,Default,1,Default,Default,Default,Default,Default,Default,Default,Default,Default,16,Default,DotNetTips.Spargine.Core.BenchmarkTests.Collections.Threading,Async,500,"4,754.35 μs",255.420 μs,749.103 μs,75.288 μs,"4,727.13 μs","3,312.77 μs","4,094.23 μs","5,345.25 μs","6,882.21 μs",210.33,255.4202 μs,99.00,2.480,4.583,0.2172,14,*,No,46.8750,0 KB,39.0625,39.0625,933 KB
'WriteAsync: IEnumerable',Job-YKIQEX,False,True,Default,Default,Default,Default,Default,1111,Empty,RyuJit,X64,8c5e7fda-e8bf-4a96-9a85-a6e23a8c635c,.NET 6.0,False,True,False,True,Default,Default,False,False,True,Default,Default,Default,Default,Default,Default,Default,1,Default,Default,Default,Default,Default,Default,Default,Default,Default,16,Default,DotNetTips.Spargine.Core.BenchmarkTests.Collections.Threading,Async,1000,"8,136.27 μs",252.385 μs,711.856 μs,74.216 μs,"8,159.74 μs","6,528.78 μs","7,636.89 μs","8,607.25 μs","9,795.62 μs",122.91,252.3848 μs,92.00,2.545,2.880,-0.0078,17,*,No,171.8750,0 KB,156.2500,125.0000,"2,335 KB"
'WriteAsync: IEnumerable',Job-YKIQEX,False,True,Default,Default,Default,Default,Default,1111,Empty,RyuJit,X64,8c5e7fda-e8bf-4a96-9a85-a6e23a8c635c,.NET 6.0,False,True,False,True,Default,Default,False,False,True,Default,Default,Default,Default,Default,Default,Default,1,Default,Default,Default,Default,Default,Default,Default,Default,Default,16,Default,DotNetTips.Spargine.Core.BenchmarkTests.Collections.Threading,Async,2500,"17,833.29 μs",356.195 μs,880.425 μs,103.759 μs,"17,686.79 μs","16,348.78 μs","17,111.98 μs","18,332.73 μs","20,152.18 μs",56.07,356.1949 μs,72.00,3.119,2.182,0.7197,19,*,No,156.2500,0 KB,125.0000,93.7500,"5,850 KB"
WriteAsync,Job-YKIQEX,False,True,Default,Default,Default,Default,Default,1111,Empty,RyuJit,X64,8c5e7fda-e8bf-4a96-9a85-a6e23a8c635c,.NET 6.0,False,True,False,True,Default,Default,False,False,True,Default,Default,Default,Default,Default,Default,Default,1,Default,Default,Default,Default,Default,Default,Default,Default,Default,16,Default,DotNetTips.Spargine.Core.BenchmarkTests.Collections.Threading,Async,10,46.35 μs,0.847 μs,1.692 μs,0.242 μs,45.85 μs,44.30 μs,45.13 μs,47.43 μs,51.17 μs,"21,575.53",0.8475 μs,49.00,3.288,2.273,1.0428,1,*,No,2.4414,0 KB,0.0610,-,21 KB
WriteAsync,Job-YKIQEX,False,True,Default,Default,Default,Default,Default,1111,Empty,RyuJit,X64,8c5e7fda-e8bf-4a96-9a85-a6e23a8c635c,.NET 6.0,False,True,False,True,Default,Default,False,False,True,Default,Default,Default,Default,Default,Default,Default,1,Default,Default,Default,Default,Default,Default,Default,Default,Default,16,Default,DotNetTips.Spargine.Core.BenchmarkTests.Collections.Threading,Async,25,120.81 μs,2.314 μs,2.754 μs,0.601 μs,121.03 μs,115.59 μs,118.89 μs,122.48 μs,126.03 μs,"8,277.59",2.3136 μs,21.00,2.246,2.000,0.0666,4,*,No,5.4932,0 KB,0.2441,-,48 KB
WriteAsync,Job-YKIQEX,False,True,Default,Default,Default,Default,Default,1111,Empty,RyuJit,X64,8c5e7fda-e8bf-4a96-9a85-a6e23a8c635c,.NET 6.0,False,True,False,True,Default,Default,False,False,True,Default,Default,Default,Default,Default,Default,Default,1,Default,Default,Default,Default,Default,Default,Default,Default,Default,16,Default,DotNetTips.Spargine.Core.BenchmarkTests.Collections.Threading,Async,50,243.60 μs,4.378 μs,5.693 μs,1.162 μs,242.73 μs,234.40 μs,239.39 μs,248.59 μs,256.95 μs,"4,105.05",4.3784 μs,24.00,2.279,2.000,0.5491,5,*,No,10.4980,0 KB,1.4648,-,95 KB
WriteAsync,Job-YKIQEX,False,True,Default,Default,Default,Default,Default,1111,Empty,RyuJit,X64,8c5e7fda-e8bf-4a96-9a85-a6e23a8c635c,.NET 6.0,False,True,False,True,Default,Default,False,False,True,Default,Default,Default,Default,Default,Default,Default,1,Default,Default,Default,Default,Default,Default,Default,Default,Default,16,Default,DotNetTips.Spargine.Core.BenchmarkTests.Collections.Threading,Async,100,647.57 μs,12.846 μs,34.730 μs,3.767 μs,646.06 μs,560.15 μs,628.55 μs,666.77 μs,730.21 μs,"1,544.22",12.8461 μs,85.00,3.038,2.533,0.1400,8,*,No,19.5313,0 KB,13.6719,10.7422,190 KB
WriteAsync,Job-YKIQEX,False,True,Default,Default,Default,Default,Default,1111,Empty,RyuJit,X64,8c5e7fda-e8bf-4a96-9a85-a6e23a8c635c,.NET 6.0,False,True,False,True,Default,Default,False,False,True,Default,Default,Default,Default,Default,Default,Default,1,Default,Default,Default,Default,Default,Default,Default,Default,Default,16,Default,DotNetTips.Spargine.Core.BenchmarkTests.Collections.Threading,Async,250,"1,489.04 μs",35.405 μs,103.278 μs,10.433 μs,"1,491.61 μs","1,276.38 μs","1,417.95 μs","1,551.08 μs","1,742.57 μs",671.57,35.4051 μs,98.00,2.706,3.103,0.1571,10,*,No,48.8281,0 KB,31.2500,23.4375,468 KB
WriteAsync,Job-YKIQEX,False,True,Default,Default,Default,Default,Default,1111,Empty,RyuJit,X64,8c5e7fda-e8bf-4a96-9a85-a6e23a8c635c,.NET 6.0,False,True,False,True,Default,Default,False,False,True,Default,Default,Default,Default,Default,Default,Default,1,Default,Default,Default,Default,Default,Default,Default,Default,Default,16,Default,DotNetTips.Spargine.Core.BenchmarkTests.Collections.Threading,Async,500,"4,242.22 μs",150.403 μs,429.109 μs,44.259 μs,"4,236.34 μs","3,379.75 μs","3,980.50 μs","4,521.60 μs","5,369.53 μs",235.73,150.4032 μs,94.00,2.641,3.481,0.2109,13,*,No,93.7500,0 KB,66.4063,42.9688,935 KB
WriteAsync,Job-YKIQEX,False,True,Default,Default,Default,Default,Default,1111,Empty,RyuJit,X64,8c5e7fda-e8bf-4a96-9a85-a6e23a8c635c,.NET 6.0,False,True,False,True,Default,Default,False,False,True,Default,Default,Default,Default,Default,Default,Default,1,Default,Default,Default,Default,Default,Default,Default,Default,Default,16,Default,DotNetTips.Spargine.Core.BenchmarkTests.Collections.Threading,Async,1000,"8,390.49 μs",311.486 μs,888.686 μs,91.661 μs,"8,366.84 μs","6,806.00 μs","7,748.02 μs","8,885.73 μs","10,792.87 μs",119.18,311.4857 μs,94.00,3.088,2.333,0.5427,17,*,No,187.5000,0 KB,156.2500,109.3750,"2,337 KB"
WriteAsync,Job-YKIQEX,False,True,Default,Default,Default,Default,Default,1111,Empty,RyuJit,X64,8c5e7fda-e8bf-4a96-9a85-a6e23a8c635c,.NET 6.0,False,True,False,True,Default,Default,False,False,True,Default,Default,Default,Default,Default,Default,Default,1,Default,Default,Default,Default,Default,Default,Default,Default,Default,16,Default,DotNetTips.Spargine.Core.BenchmarkTests.Collections.Threading,Async,2500,"17,909.84 μs",376.845 μs,"1,099.276 μs",111.044 μs,"17,591.15 μs","16,227.12 μs","17,071.22 μs","18,535.85 μs","20,686.33 μs",55.84,376.8454 μs,98.00,2.646,2.235,0.7548,19,*,No,156.2500,0 KB,125.0000,93.7500,"5,853 KB"
