Method,Job,AnalyzeLaunchVariance,EvaluateOverhead,MaxAbsoluteError,MaxRelativeError,MinInvokeCount,MinIterationTime,OutlierMode,Affinity,EnvironmentVariables,Jit,Platform,PowerPlanMode,Runtime,AllowVeryLargeObjects,Concurrent,CpuGroups,Force,HeapAffinitizeMask,HeapCount,NoAffinitize,RetainVm,Server,Arguments,BuildConfiguration,Clock,EngineFactory,NuGetReferences,Toolchain,IsMutator,InvocationCount,IterationCount,IterationTime,LaunchCount,MaxIterationCount,MaxWarmupIterationCount,MemoryRandomization,MinIterationCount,MinWarmupIterationCount,RunStrategy,UnrollFactor,WarmupCount,Namespace,Categories,Mean,Error,StdDev,StdErr,Median,Min,Q1,Q3,Max,Op/s,CI99.9% Margin,Iterations,Kurtosis,MValue,Skewness,Ratio,RatioSD,Welch(10%)/p-values,Rank,LogicalGroup,Baseline,Code Size,Allocated
'IN TEST WITH IN',Job-YKIQEX,False,True,Default,Default,Default,Default,Default,1111,Empty,RyuJit,X64,8c5e7fda-e8bf-4a96-9a85-a6e23a8c635c,.NET 6.0,False,True,False,True,Default,Default,False,False,True,Default,Default,Default,Default,Default,Default,Default,1,Default,Default,Default,Default,Default,Default,Default,Default,Default,16,Default,DotNetTips.Spargine.Core.BenchmarkTests,"**NEW**,Work in Progress","133,421.1567 ns","2,655.1828 ns","6,412.5649 ns",771.9821 ns,"133,581.5186 ns","113,417.3340 ns","129,566.9434 ns","138,198.9746 ns","144,171.7041 ns","7,495.1","2,655.1828 ns",69.00,3.968,2.000,-0.8695,?,?,?,5,"Job-YKIQEX(EvaluateOverhead=True, Runtime=.NET 6.0, Server=True)",No,"2,101 B",488 B
'IN TEST WITHOUT IN',Job-YKIQEX,False,True,Default,Default,Default,Default,Default,1111,Empty,RyuJit,X64,8c5e7fda-e8bf-4a96-9a85-a6e23a8c635c,.NET 6.0,False,True,False,True,Default,Default,False,False,True,Default,Default,Default,Default,Default,Default,Default,1,Default,Default,Default,Default,Default,Default,Default,Default,Default,16,Default,DotNetTips.Spargine.Core.BenchmarkTests,"**NEW**,Work in Progress","132,458.7773 ns","5,051.4633 ns","14,894.3534 ns","1,489.4353 ns","133,256.8848 ns","94,787.2559 ns","121,801.7334 ns","141,757.3975 ns","168,413.5254 ns","7,549.5","5,051.4633 ns",100.00,2.794,5.037,0.0472,?,?,?,5,"Job-YKIQEX(EvaluateOverhead=True, Runtime=.NET 6.0, Server=True)",No,"2,101 B",489 B
MethodImplOptions:AggressiveInline,Job-YKIQEX,False,True,Default,Default,Default,Default,Default,1111,Empty,RyuJit,X64,8c5e7fda-e8bf-4a96-9a85-a6e23a8c635c,.NET 6.0,False,True,False,True,Default,Default,False,False,True,Default,Default,Default,Default,Default,Default,Default,1,Default,Default,Default,Default,Default,Default,Default,Default,Default,16,Default,DotNetTips.Spargine.Core.BenchmarkTests,"**NEW**,Work in Progress",0.0042 ns,0.0106 ns,0.0094 ns,0.0025 ns,0.0000 ns,0.0000 ns,0.0000 ns,0.0021 ns,0.0275 ns,"236,078,384,054.1",0.0106 ns,14.00,4.369,2.400,1.7761,?,?,?,1,"Job-YKIQEX(EvaluateOverhead=True, Runtime=.NET 6.0, Server=True)",No,24 B,0 B
MethodImplOptions:Baseline,Job-YKIQEX,False,True,Default,Default,Default,Default,Default,1111,Empty,RyuJit,X64,8c5e7fda-e8bf-4a96-9a85-a6e23a8c635c,.NET 6.0,False,True,False,True,Default,Default,False,False,True,Default,Default,Default,Default,Default,Default,Default,1,Default,Default,Default,Default,Default,Default,Default,Default,Default,16,Default,DotNetTips.Spargine.Core.BenchmarkTests,"**NEW**,Work in Progress",0.0104 ns,0.0183 ns,0.0196 ns,0.0046 ns,0.0000 ns,0.0000 ns,0.0000 ns,0.0178 ns,0.0768 ns,"95,705,264,817.5",0.0183 ns,18.00,7.515,2.667,2.1678,?,?,?,1,"Job-YKIQEX(EvaluateOverhead=True, Runtime=.NET 6.0, Server=True)",Yes,24 B,0 B
MethodImplOptions:NoInline,Job-YKIQEX,False,True,Default,Default,Default,Default,Default,1111,Empty,RyuJit,X64,8c5e7fda-e8bf-4a96-9a85-a6e23a8c635c,.NET 6.0,False,True,False,True,Default,Default,False,False,True,Default,Default,Default,Default,Default,Default,Default,1,Default,Default,Default,Default,Default,Default,Default,Default,Default,16,Default,DotNetTips.Spargine.Core.BenchmarkTests,"**NEW**,Work in Progress",1.5673 ns,0.0583 ns,0.0599 ns,0.0145 ns,1.5771 ns,1.4699 ns,1.5255 ns,1.5953 ns,1.6586 ns,"638,059,722.4",0.0583 ns,17.00,1.898,2.000,-0.1747,?,?,?,3,"Job-YKIQEX(EvaluateOverhead=True, Runtime=.NET 6.0, Server=True)",No,146 B,0 B
MethodImplOptions:NoOptimization,Job-YKIQEX,False,True,Default,Default,Default,Default,Default,1111,Empty,RyuJit,X64,8c5e7fda-e8bf-4a96-9a85-a6e23a8c635c,.NET 6.0,False,True,False,True,Default,Default,False,False,True,Default,Default,Default,Default,Default,Default,Default,1,Default,Default,Default,Default,Default,Default,Default,Default,Default,16,Default,DotNetTips.Spargine.Core.BenchmarkTests,"**NEW**,Work in Progress",0.0353 ns,0.0220 ns,0.0195 ns,0.0052 ns,0.0309 ns,0.0017 ns,0.0263 ns,0.0424 ns,0.0726 ns,"28,299,120,995.2",0.0220 ns,14.00,2.463,2.571,0.5170,?,?,?,2,"Job-YKIQEX(EvaluateOverhead=True, Runtime=.NET 6.0, Server=True)",No,24 B,0 B
MethodImplOptions:PreserveSig,Job-YKIQEX,False,True,Default,Default,Default,Default,Default,1111,Empty,RyuJit,X64,8c5e7fda-e8bf-4a96-9a85-a6e23a8c635c,.NET 6.0,False,True,False,True,Default,Default,False,False,True,Default,Default,Default,Default,Default,Default,Default,1,Default,Default,Default,Default,Default,Default,Default,Default,Default,16,Default,DotNetTips.Spargine.Core.BenchmarkTests,"**NEW**,Work in Progress",0.0413 ns,0.0211 ns,0.0198 ns,0.0051 ns,0.0399 ns,0.0103 ns,0.0274 ns,0.0541 ns,0.0789 ns,"24,225,948,062.5",0.0211 ns,15.00,1.981,2.889,0.3190,?,?,?,2,"Job-YKIQEX(EvaluateOverhead=True, Runtime=.NET 6.0, Server=True)",No,24 B,0 B
MethodImplOptions:Synchronized,Job-YKIQEX,False,True,Default,Default,Default,Default,Default,1111,Empty,RyuJit,X64,8c5e7fda-e8bf-4a96-9a85-a6e23a8c635c,.NET 6.0,False,True,False,True,Default,Default,False,False,True,Default,Default,Default,Default,Default,Default,Default,1,Default,Default,Default,Default,Default,Default,Default,Default,Default,16,Default,DotNetTips.Spargine.Core.BenchmarkTests,"**NEW**,Work in Progress",15.1397 ns,0.3298 ns,0.3085 ns,0.0797 ns,15.1474 ns,14.5969 ns,15.0276 ns,15.3840 ns,15.5140 ns,"66,051,600.3",0.3298 ns,15.00,1.832,2.000,-0.4499,?,?,?,4,"Job-YKIQEX(EvaluateOverhead=True, Runtime=.NET 6.0, Server=True)",No,260 B,0 B
