Method,Job,AnalyzeLaunchVariance,EvaluateOverhead,MaxAbsoluteError,MaxRelativeError,MinInvokeCount,MinIterationTime,OutlierMode,Affinity,EnvironmentVariables,Jit,Platform,PowerPlanMode,Runtime,AllowVeryLargeObjects,Concurrent,CpuGroups,Force,HeapAffinitizeMask,HeapCount,NoAffinitize,RetainVm,Server,Arguments,BuildConfiguration,Clock,EngineFactory,NuGetReferences,Toolchain,IsMutator,InvocationCount,IterationCount,IterationTime,LaunchCount,MaxIterationCount,MaxWarmupIterationCount,MemoryRandomization,MinIterationCount,MinWarmupIterationCount,RunStrategy,UnrollFactor,WarmupCount,Namespace,Categories,Count,Mean,Error,StdDev,StdErr,Median,Min,Q1,Q3,Max,Op/s,CI99.9% Margin,Iterations,Kurtosis,MValue,Skewness,Rank,LogicalGroup,Baseline,Code Size,Gen 0,Gen 1,Gen 2,Allocated
'HasItems: With Count',Job-EDKFXO,False,True,Default,Default,Default,Default,Default,1111,Empty,RyuJit,X64,8c5e7fda-e8bf-4a96-9a85-a6e23a8c635c,.NET 6.0,False,True,False,True,Default,Default,False,False,True,Default,Default,Default,Default,Default,Default,Default,1,Default,Default,Default,Default,Default,Default,Default,Default,Default,16,Default,DotNetTips.Spargine.Extensions.BenchmarkTests,Collections,10,45.91 μs,0.912 μs,1.982 μs,0.263 μs,45.28 μs,44.00 μs,44.75 μs,46.11 μs,53.68 μs,"21,781.39",0.9118 μs,57.00,6.997,2.000,1.9834,2,*,No,0 KB,2.2583,-,-,19 KB
'HasItems: With Count',Job-EDKFXO,False,True,Default,Default,Default,Default,Default,1111,Empty,RyuJit,X64,8c5e7fda-e8bf-4a96-9a85-a6e23a8c635c,.NET 6.0,False,True,False,True,Default,Default,False,False,True,Default,Default,Default,Default,Default,Default,Default,1,Default,Default,Default,Default,Default,Default,Default,Default,Default,16,Default,DotNetTips.Spargine.Extensions.BenchmarkTests,Collections,25,123.93 μs,2.140 μs,3.913 μs,0.604 μs,123.54 μs,117.61 μs,120.88 μs,125.37 μs,135.74 μs,"8,069.14",2.1402 μs,42.00,3.698,2.000,0.9405,8,*,No,0 KB,5.2490,0.2441,-,47 KB
'HasItems: With Count',Job-EDKFXO,False,True,Default,Default,Default,Default,Default,1111,Empty,RyuJit,X64,8c5e7fda-e8bf-4a96-9a85-a6e23a8c635c,.NET 6.0,False,True,False,True,Default,Default,False,False,True,Default,Default,Default,Default,Default,Default,Default,1,Default,Default,Default,Default,Default,Default,Default,Default,Default,16,Default,DotNetTips.Spargine.Extensions.BenchmarkTests,Collections,50,241.86 μs,4.624 μs,4.325 μs,1.117 μs,240.83 μs,234.93 μs,238.54 μs,244.62 μs,249.60 μs,"4,134.69",4.6237 μs,15.00,1.905,2.000,0.4305,11,*,No,0 KB,10.2539,1.4648,-,93 KB
'HasItems: With Count',Job-EDKFXO,False,True,Default,Default,Default,Default,Default,1111,Empty,RyuJit,X64,8c5e7fda-e8bf-4a96-9a85-a6e23a8c635c,.NET 6.0,False,True,False,True,Default,Default,False,False,True,Default,Default,Default,Default,Default,Default,Default,1,Default,Default,Default,Default,Default,Default,Default,Default,Default,16,Default,DotNetTips.Spargine.Extensions.BenchmarkTests,Collections,100,697.66 μs,27.644 μs,81.510 μs,8.151 μs,683.12 μs,554.55 μs,632.78 μs,756.66 μs,929.19 μs,"1,433.36",27.6442 μs,100.00,2.512,4.258,0.5254,15,*,No,0 KB,20.5078,12.6953,10.7422,184 KB
'HasItems: With Count',Job-EDKFXO,False,True,Default,Default,Default,Default,Default,1111,Empty,RyuJit,X64,8c5e7fda-e8bf-4a96-9a85-a6e23a8c635c,.NET 6.0,False,True,False,True,Default,Default,False,False,True,Default,Default,Default,Default,Default,Default,Default,1,Default,Default,Default,Default,Default,Default,Default,Default,Default,16,Default,DotNetTips.Spargine.Extensions.BenchmarkTests,Collections,250,"1,549.79 μs",51.955 μs,146.540 μs,15.278 μs,"1,517.80 μs","1,324.23 μs","1,439.09 μs","1,619.89 μs","1,942.87 μs",645.25,51.9549 μs,92.00,3.156,2.296,0.9121,18,*,No,0 KB,31.2500,25.3906,23.4375,457 KB
'HasItems: With Count',Job-EDKFXO,False,True,Default,Default,Default,Default,Default,1111,Empty,RyuJit,X64,8c5e7fda-e8bf-4a96-9a85-a6e23a8c635c,.NET 6.0,False,True,False,True,Default,Default,False,False,True,Default,Default,Default,Default,Default,Default,Default,1,Default,Default,Default,Default,Default,Default,Default,Default,Default,16,Default,DotNetTips.Spargine.Extensions.BenchmarkTests,Collections,500,"3,282.33 μs",104.413 μs,304.576 μs,30.767 μs,"3,228.99 μs","2,651.87 μs","3,068.37 μs","3,457.36 μs","4,055.15 μs",304.66,104.4125 μs,98.00,2.891,2.000,0.4923,19,*,No,0 KB,93.7500,54.6875,46.8750,913 KB
'HasItems: With Count',Job-EDKFXO,False,True,Default,Default,Default,Default,Default,1111,Empty,RyuJit,X64,8c5e7fda-e8bf-4a96-9a85-a6e23a8c635c,.NET 6.0,False,True,False,True,Default,Default,False,False,True,Default,Default,Default,Default,Default,Default,Default,1,Default,Default,Default,Default,Default,Default,Default,Default,Default,16,Default,DotNetTips.Spargine.Extensions.BenchmarkTests,Collections,1000,"6,208.11 μs",261.925 μs,751.511 μs,77.103 μs,"5,982.60 μs","5,360.15 μs","5,630.30 μs","6,539.01 μs","8,174.60 μs",161.08,261.9248 μs,95.00,3.002,2.368,1.0613,20,*,No,0 KB,203.1250,171.8750,125.0000,"2,302 KB"
'HasItems: With Count',Job-EDKFXO,False,True,Default,Default,Default,Default,Default,1111,Empty,RyuJit,X64,8c5e7fda-e8bf-4a96-9a85-a6e23a8c635c,.NET 6.0,False,True,False,True,Default,Default,False,False,True,Default,Default,Default,Default,Default,Default,Default,1,Default,Default,Default,Default,Default,Default,Default,Default,Default,16,Default,DotNetTips.Spargine.Extensions.BenchmarkTests,Collections,2500,"15,518.06 μs",556.046 μs,"1,639.515 μs",163.952 μs,"15,085.74 μs","13,263.77 μs","14,130.81 μs","16,631.93 μs","19,568.39 μs",64.44,556.0464 μs,100.00,2.243,3.568,0.6527,22,*,No,0 KB,156.2500,125.0000,93.7500,"5,765 KB"
'HasItems: With Predicate',Job-EDKFXO,False,True,Default,Default,Default,Default,Default,1111,Empty,RyuJit,X64,8c5e7fda-e8bf-4a96-9a85-a6e23a8c635c,.NET 6.0,False,True,False,True,Default,Default,False,False,True,Default,Default,Default,Default,Default,Default,Default,1,Default,Default,Default,Default,Default,Default,Default,Default,Default,16,Default,DotNetTips.Spargine.Extensions.BenchmarkTests,Collections,10,57.56 μs,2.627 μs,7.745 μs,0.774 μs,57.87 μs,45.30 μs,50.99 μs,63.27 μs,77.02 μs,"17,374.23",2.6266 μs,100.00,2.187,3.920,0.1221,5,*,No,1 KB,2.1973,0.0610,-,19 KB
'HasItems: With Predicate',Job-EDKFXO,False,True,Default,Default,Default,Default,Default,1111,Empty,RyuJit,X64,8c5e7fda-e8bf-4a96-9a85-a6e23a8c635c,.NET 6.0,False,True,False,True,Default,Default,False,False,True,Default,Default,Default,Default,Default,Default,Default,1,Default,Default,Default,Default,Default,Default,Default,Default,Default,16,Default,DotNetTips.Spargine.Extensions.BenchmarkTests,Collections,25,141.67 μs,7.290 μs,21.493 μs,2.149 μs,135.84 μs,114.42 μs,122.47 μs,158.92 μs,206.86 μs,"7,058.79",7.2895 μs,100.00,2.271,2.545,0.5886,9,*,No,1 KB,5.2490,0.2441,-,46 KB
'HasItems: With Predicate',Job-EDKFXO,False,True,Default,Default,Default,Default,Default,1111,Empty,RyuJit,X64,8c5e7fda-e8bf-4a96-9a85-a6e23a8c635c,.NET 6.0,False,True,False,True,Default,Default,False,False,True,Default,Default,Default,Default,Default,Default,Default,1,Default,Default,Default,Default,Default,Default,Default,Default,Default,16,Default,DotNetTips.Spargine.Extensions.BenchmarkTests,Collections,50,241.37 μs,4.717 μs,8.262 μs,1.323 μs,237.86 μs,230.67 μs,235.63 μs,245.94 μs,261.17 μs,"4,142.97",4.7175 μs,39.00,2.843,2.000,0.9858,11,*,No,1 KB,10.7422,0.9766,-,92 KB
'HasItems: With Predicate',Job-EDKFXO,False,True,Default,Default,Default,Default,Default,1111,Empty,RyuJit,X64,8c5e7fda-e8bf-4a96-9a85-a6e23a8c635c,.NET 6.0,False,True,False,True,Default,Default,False,False,True,Default,Default,Default,Default,Default,Default,Default,1,Default,Default,Default,Default,Default,Default,Default,Default,Default,16,Default,DotNetTips.Spargine.Extensions.BenchmarkTests,Collections,100,643.66 μs,18.625 μs,54.331 μs,5.488 μs,634.06 μs,538.36 μs,605.25 μs,672.47 μs,778.53 μs,"1,553.62",18.6254 μs,98.00,2.833,2.000,0.6740,15,*,No,1 KB,17.5781,9.7656,9.7656,184 KB
'HasItems: With Predicate',Job-EDKFXO,False,True,Default,Default,Default,Default,Default,1111,Empty,RyuJit,X64,8c5e7fda-e8bf-4a96-9a85-a6e23a8c635c,.NET 6.0,False,True,False,True,Default,Default,False,False,True,Default,Default,Default,Default,Default,Default,Default,1,Default,Default,Default,Default,Default,Default,Default,Default,Default,16,Default,DotNetTips.Spargine.Extensions.BenchmarkTests,Collections,250,"1,588.46 μs",50.530 μs,140.018 μs,14.842 μs,"1,568.55 μs","1,355.18 μs","1,489.90 μs","1,678.04 μs","2,029.96 μs",629.54,50.5297 μs,89.00,3.763,2.240,0.8488,18,*,No,1 KB,42.9688,31.2500,23.4375,457 KB
'HasItems: With Predicate',Job-EDKFXO,False,True,Default,Default,Default,Default,Default,1111,Empty,RyuJit,X64,8c5e7fda-e8bf-4a96-9a85-a6e23a8c635c,.NET 6.0,False,True,False,True,Default,Default,False,False,True,Default,Default,Default,Default,Default,Default,Default,1,Default,Default,Default,Default,Default,Default,Default,Default,Default,16,Default,DotNetTips.Spargine.Extensions.BenchmarkTests,Collections,500,"3,193.32 μs",63.781 μs,179.896 μs,18.755 μs,"3,189.74 μs","2,748.39 μs","3,093.86 μs","3,298.55 μs","3,637.76 μs",313.15,63.7812 μs,92.00,3.046,2.000,0.0937,19,*,No,1 KB,89.8438,50.7813,46.8750,915 KB
'HasItems: With Predicate',Job-EDKFXO,False,True,Default,Default,Default,Default,Default,1111,Empty,RyuJit,X64,8c5e7fda-e8bf-4a96-9a85-a6e23a8c635c,.NET 6.0,False,True,False,True,Default,Default,False,False,True,Default,Default,Default,Default,Default,Default,Default,1,Default,Default,Default,Default,Default,Default,Default,Default,Default,16,Default,DotNetTips.Spargine.Extensions.BenchmarkTests,Collections,1000,"6,151.15 μs",217.522 μs,606.365 μs,63.917 μs,"6,087.88 μs","5,372.60 μs","5,684.36 μs","6,332.96 μs","7,797.63 μs",162.57,217.5223 μs,90.00,3.526,2.870,1.0845,20,*,No,1 KB,187.5000,171.8750,132.8125,"2,294 KB"
'HasItems: With Predicate',Job-EDKFXO,False,True,Default,Default,Default,Default,Default,1111,Empty,RyuJit,X64,8c5e7fda-e8bf-4a96-9a85-a6e23a8c635c,.NET 6.0,False,True,False,True,Default,Default,False,False,True,Default,Default,Default,Default,Default,Default,Default,1,Default,Default,Default,Default,Default,Default,Default,Default,Default,16,Default,DotNetTips.Spargine.Extensions.BenchmarkTests,Collections,2500,"15,314.04 μs",555.556 μs,"1,629.350 μs",163.756 μs,"14,833.71 μs","13,186.71 μs","14,019.29 μs","16,477.35 μs","19,837.18 μs",65.30,555.5561 μs,99.00,2.497,2.564,0.7381,22,*,No,1 KB,156.2500,125.0000,93.7500,"5,767 KB"
'Index []',Job-EDKFXO,False,True,Default,Default,Default,Default,Default,1111,Empty,RyuJit,X64,8c5e7fda-e8bf-4a96-9a85-a6e23a8c635c,.NET 6.0,False,True,False,True,Default,Default,False,False,True,Default,Default,Default,Default,Default,Default,Default,1,Default,Default,Default,Default,Default,Default,Default,Default,Default,16,Default,DotNetTips.Spargine.Extensions.BenchmarkTests,"**FOR COMPARISON**,Collections",10,49.95 μs,1.517 μs,4.154 μs,0.445 μs,48.27 μs,46.22 μs,47.24 μs,50.88 μs,62.01 μs,"20,019.65",1.5173 μs,87.00,4.998,2.000,1.7202,4,*,No,1 KB,2.2583,-,-,19 KB
'Index []',Job-EDKFXO,False,True,Default,Default,Default,Default,Default,1111,Empty,RyuJit,X64,8c5e7fda-e8bf-4a96-9a85-a6e23a8c635c,.NET 6.0,False,True,False,True,Default,Default,False,False,True,Default,Default,Default,Default,Default,Default,Default,1,Default,Default,Default,Default,Default,Default,Default,Default,Default,16,Default,DotNetTips.Spargine.Extensions.BenchmarkTests,"**FOR COMPARISON**,Collections",25,124.36 μs,3.941 μs,11.051 μs,1.158 μs,119.47 μs,114.22 μs,117.38 μs,128.52 μs,156.28 μs,"8,041.01",3.9409 μs,91.00,4.101,2.449,1.4916,9,*,No,1 KB,5.1270,-,-,47 KB
'Index []',Job-EDKFXO,False,True,Default,Default,Default,Default,Default,1111,Empty,RyuJit,X64,8c5e7fda-e8bf-4a96-9a85-a6e23a8c635c,.NET 6.0,False,True,False,True,Default,Default,False,False,True,Default,Default,Default,Default,Default,Default,Default,1,Default,Default,Default,Default,Default,Default,Default,Default,Default,16,Default,DotNetTips.Spargine.Extensions.BenchmarkTests,"**FOR COMPARISON**,Collections",50,244.74 μs,4.266 μs,3.990 μs,1.030 μs,244.24 μs,239.31 μs,241.94 μs,247.23 μs,253.10 μs,"4,085.96",4.2659 μs,15.00,2.223,2.000,0.5408,11,*,No,1 KB,10.7422,-,-,92 KB
'Index []',Job-EDKFXO,False,True,Default,Default,Default,Default,Default,1111,Empty,RyuJit,X64,8c5e7fda-e8bf-4a96-9a85-a6e23a8c635c,.NET 6.0,False,True,False,True,Default,Default,False,False,True,Default,Default,Default,Default,Default,Default,Default,1,Default,Default,Default,Default,Default,Default,Default,Default,Default,16,Default,DotNetTips.Spargine.Extensions.BenchmarkTests,"**FOR COMPARISON**,Collections",100,665.46 μs,20.225 μs,57.374 μs,5.949 μs,661.32 μs,558.69 μs,625.69 μs,692.37 μs,809.54 μs,"1,502.72",20.2246 μs,93.00,2.732,2.417,0.4921,15,*,No,1 KB,21.4844,11.7188,10.7422,184 KB
'Index []',Job-EDKFXO,False,True,Default,Default,Default,Default,Default,1111,Empty,RyuJit,X64,8c5e7fda-e8bf-4a96-9a85-a6e23a8c635c,.NET 6.0,False,True,False,True,Default,Default,False,False,True,Default,Default,Default,Default,Default,Default,Default,1,Default,Default,Default,Default,Default,Default,Default,Default,Default,16,Default,DotNetTips.Spargine.Extensions.BenchmarkTests,"**FOR COMPARISON**,Collections",250,"1,584.47 μs",53.075 μs,154.821 μs,15.639 μs,"1,579.79 μs","1,292.95 μs","1,465.68 μs","1,690.34 μs","1,972.89 μs",631.13,53.0747 μs,98.00,2.454,3.520,0.4200,18,*,No,1 KB,31.2500,27.3438,23.4375,457 KB
'Index []',Job-EDKFXO,False,True,Default,Default,Default,Default,Default,1111,Empty,RyuJit,X64,8c5e7fda-e8bf-4a96-9a85-a6e23a8c635c,.NET 6.0,False,True,False,True,Default,Default,False,False,True,Default,Default,Default,Default,Default,Default,Default,1,Default,Default,Default,Default,Default,Default,Default,Default,Default,16,Default,DotNetTips.Spargine.Extensions.BenchmarkTests,"**FOR COMPARISON**,Collections",500,"3,300.58 μs",112.588 μs,331.968 μs,33.197 μs,"3,235.34 μs","2,617.55 μs","3,056.80 μs","3,523.14 μs","4,195.72 μs",302.98,112.5878 μs,100.00,2.513,2.593,0.3013,19,*,No,1 KB,70.3125,50.7813,46.8750,913 KB
'Index []',Job-EDKFXO,False,True,Default,Default,Default,Default,Default,1111,Empty,RyuJit,X64,8c5e7fda-e8bf-4a96-9a85-a6e23a8c635c,.NET 6.0,False,True,False,True,Default,Default,False,False,True,Default,Default,Default,Default,Default,Default,Default,1,Default,Default,Default,Default,Default,Default,Default,Default,Default,16,Default,DotNetTips.Spargine.Extensions.BenchmarkTests,"**FOR COMPARISON**,Collections",1000,"5,869.26 μs",117.213 μs,330.602 μs,34.468 μs,"5,813.21 μs","5,360.58 μs","5,607.27 μs","6,017.85 μs","6,803.76 μs",170.38,117.2132 μs,92.00,3.024,2.074,0.8094,20,*,No,1 KB,171.8750,148.4375,132.8125,"2,298 KB"
'Index []',Job-EDKFXO,False,True,Default,Default,Default,Default,Default,1111,Empty,RyuJit,X64,8c5e7fda-e8bf-4a96-9a85-a6e23a8c635c,.NET 6.0,False,True,False,True,Default,Default,False,False,True,Default,Default,Default,Default,Default,Default,Default,1,Default,Default,Default,Default,Default,Default,Default,Default,Default,16,Default,DotNetTips.Spargine.Extensions.BenchmarkTests,"**FOR COMPARISON**,Collections",2500,"15,331.68 μs",598.211 μs,"1,725.975 μs",176.157 μs,"14,585.51 μs","13,581.04 μs","14,181.86 μs","16,152.71 μs","20,279.37 μs",65.22,598.2107 μs,96.00,3.491,2.083,1.2714,22,*,No,1 KB,156.2500,140.6250,93.7500,"5,765 KB"
AddLast,Job-EDKFXO,False,True,Default,Default,Default,Default,Default,1111,Empty,RyuJit,X64,8c5e7fda-e8bf-4a96-9a85-a6e23a8c635c,.NET 6.0,False,True,False,True,Default,Default,False,False,True,Default,Default,Default,Default,Default,Default,Default,1,Default,Default,Default,Default,Default,Default,Default,Default,Default,16,Default,DotNetTips.Spargine.Extensions.BenchmarkTests,Collections,10,61.40 μs,4.105 μs,11.843 μs,1.209 μs,59.93 μs,43.11 μs,52.49 μs,68.39 μs,93.09 μs,"16,285.43",4.1048 μs,96.00,2.698,3.333,0.6115,5,*,No,1 KB,2.2583,-,-,19 KB
AddLast,Job-EDKFXO,False,True,Default,Default,Default,Default,Default,1111,Empty,RyuJit,X64,8c5e7fda-e8bf-4a96-9a85-a6e23a8c635c,.NET 6.0,False,True,False,True,Default,Default,False,False,True,Default,Default,Default,Default,Default,Default,Default,1,Default,Default,Default,Default,Default,Default,Default,Default,Default,16,Default,DotNetTips.Spargine.Extensions.BenchmarkTests,Collections,25,141.02 μs,7.906 μs,23.310 μs,2.331 μs,130.94 μs,115.45 μs,120.17 μs,160.66 μs,220.85 μs,"7,091.33",7.9055 μs,100.00,2.656,2.909,0.6542,9,*,No,1 KB,5.1270,-,-,46 KB
AddLast,Job-EDKFXO,False,True,Default,Default,Default,Default,Default,1111,Empty,RyuJit,X64,8c5e7fda-e8bf-4a96-9a85-a6e23a8c635c,.NET 6.0,False,True,False,True,Default,Default,False,False,True,Default,Default,Default,Default,Default,Default,Default,1,Default,Default,Default,Default,Default,Default,Default,Default,Default,16,Default,DotNetTips.Spargine.Extensions.BenchmarkTests,Collections,50,291.00 μs,14.782 μs,43.584 μs,4.358 μs,287.94 μs,236.42 μs,252.51 μs,323.35 μs,393.70 μs,"3,436.44",14.7816 μs,100.00,2.279,4.000,0.6368,13,*,No,1 KB,10.7422,-,-,92 KB
AddLast,Job-EDKFXO,False,True,Default,Default,Default,Default,Default,1111,Empty,RyuJit,X64,8c5e7fda-e8bf-4a96-9a85-a6e23a8c635c,.NET 6.0,False,True,False,True,Default,Default,False,False,True,Default,Default,Default,Default,Default,Default,Default,1,Default,Default,Default,Default,Default,Default,Default,Default,Default,16,Default,DotNetTips.Spargine.Extensions.BenchmarkTests,Collections,100,869.00 μs,62.228 μs,183.482 μs,18.348 μs,868.27 μs,543.93 μs,713.09 μs,"1,046.23 μs","1,163.11 μs","1,150.75",62.2283 μs,100.00,1.553,3.302,-0.1228,17,*,No,1 KB,15.6250,15.6250,9.7656,184 KB
AddLast,Job-EDKFXO,False,True,Default,Default,Default,Default,Default,1111,Empty,RyuJit,X64,8c5e7fda-e8bf-4a96-9a85-a6e23a8c635c,.NET 6.0,False,True,False,True,Default,Default,False,False,True,Default,Default,Default,Default,Default,Default,Default,1,Default,Default,Default,Default,Default,Default,Default,Default,Default,16,Default,DotNetTips.Spargine.Extensions.BenchmarkTests,Collections,250,"1,744.71 μs",90.975 μs,265.378 μs,26.807 μs,"1,700.02 μs","1,335.67 μs","1,528.23 μs","1,915.34 μs","2,491.54 μs",573.16,90.9750 μs,98.00,2.702,3.538,0.6356,18,*,No,1 KB,46.8750,31.2500,23.4375,457 KB
AddLast,Job-EDKFXO,False,True,Default,Default,Default,Default,Default,1111,Empty,RyuJit,X64,8c5e7fda-e8bf-4a96-9a85-a6e23a8c635c,.NET 6.0,False,True,False,True,Default,Default,False,False,True,Default,Default,Default,Default,Default,Default,Default,1,Default,Default,Default,Default,Default,Default,Default,Default,Default,16,Default,DotNetTips.Spargine.Extensions.BenchmarkTests,Collections,500,"3,388.62 μs",97.476 μs,284.342 μs,28.723 μs,"3,303.69 μs","2,978.51 μs","3,181.09 μs","3,514.21 μs","4,070.77 μs",295.11,97.4760 μs,98.00,2.712,3.000,0.7869,19,*,No,1 KB,62.5000,54.6875,46.8750,914 KB
AddLast,Job-EDKFXO,False,True,Default,Default,Default,Default,Default,1111,Empty,RyuJit,X64,8c5e7fda-e8bf-4a96-9a85-a6e23a8c635c,.NET 6.0,False,True,False,True,Default,Default,False,False,True,Default,Default,Default,Default,Default,Default,Default,1,Default,Default,Default,Default,Default,Default,Default,Default,Default,16,Default,DotNetTips.Spargine.Extensions.BenchmarkTests,Collections,1000,"6,596.82 μs",224.436 μs,654.690 μs,66.134 μs,"6,575.25 μs","5,353.76 μs","6,151.44 μs","7,013.97 μs","8,314.09 μs",151.59,224.4357 μs,98.00,2.835,3.310,0.3227,21,*,No,1 KB,140.6250,132.8125,117.1875,"2,297 KB"
AddLast,Job-EDKFXO,False,True,Default,Default,Default,Default,Default,1111,Empty,RyuJit,X64,8c5e7fda-e8bf-4a96-9a85-a6e23a8c635c,.NET 6.0,False,True,False,True,Default,Default,False,False,True,Default,Default,Default,Default,Default,Default,Default,1,Default,Default,Default,Default,Default,Default,Default,Default,Default,16,Default,DotNetTips.Spargine.Extensions.BenchmarkTests,Collections,2500,"14,496.68 μs",278.775 μs,683.839 μs,81.157 μs,"14,481.22 μs","13,283.02 μs","14,004.21 μs","14,809.29 μs","16,452.99 μs",68.98,278.7747 μs,71.00,3.693,2.727,0.8491,22,*,No,1 KB,125.0000,109.3750,93.7500,"5,767 KB"
AreEqual,Job-EDKFXO,False,True,Default,Default,Default,Default,Default,1111,Empty,RyuJit,X64,8c5e7fda-e8bf-4a96-9a85-a6e23a8c635c,.NET 6.0,False,True,False,True,Default,Default,False,False,True,Default,Default,Default,Default,Default,Default,Default,1,Default,Default,Default,Default,Default,Default,Default,Default,Default,16,Default,DotNetTips.Spargine.Extensions.BenchmarkTests,Collections,10,56.47 μs,2.918 μs,8.603 μs,0.860 μs,56.48 μs,43.92 μs,48.40 μs,61.70 μs,78.55 μs,"17,708.06",2.9178 μs,100.00,2.630,4.000,0.5424,5,*,No,1 KB,2.3193,-,-,20 KB
AreEqual,Job-EDKFXO,False,True,Default,Default,Default,Default,Default,1111,Empty,RyuJit,X64,8c5e7fda-e8bf-4a96-9a85-a6e23a8c635c,.NET 6.0,False,True,False,True,Default,Default,False,False,True,Default,Default,Default,Default,Default,Default,Default,1,Default,Default,Default,Default,Default,Default,Default,Default,Default,16,Default,DotNetTips.Spargine.Extensions.BenchmarkTests,Collections,25,157.27 μs,5.777 μs,17.033 μs,1.703 μs,157.56 μs,113.34 μs,145.10 μs,170.27 μs,197.96 μs,"6,358.43",5.7769 μs,100.00,2.731,3.920,-0.2236,10,*,No,1 KB,5.3711,0.2441,-,47 KB
AreEqual,Job-EDKFXO,False,True,Default,Default,Default,Default,Default,1111,Empty,RyuJit,X64,8c5e7fda-e8bf-4a96-9a85-a6e23a8c635c,.NET 6.0,False,True,False,True,Default,Default,False,False,True,Default,Default,Default,Default,Default,Default,Default,1,Default,Default,Default,Default,Default,Default,Default,Default,Default,16,Default,DotNetTips.Spargine.Extensions.BenchmarkTests,Collections,50,247.15 μs,4.745 μs,6.495 μs,1.274 μs,245.98 μs,238.37 μs,241.75 μs,253.18 μs,263.53 μs,"4,046.20",4.7449 μs,26.00,2.479,2.545,0.6377,11,*,No,1 KB,10.2539,0.9766,-,93 KB
AreEqual,Job-EDKFXO,False,True,Default,Default,Default,Default,Default,1111,Empty,RyuJit,X64,8c5e7fda-e8bf-4a96-9a85-a6e23a8c635c,.NET 6.0,False,True,False,True,Default,Default,False,False,True,Default,Default,Default,Default,Default,Default,Default,1,Default,Default,Default,Default,Default,Default,Default,Default,Default,16,Default,DotNetTips.Spargine.Extensions.BenchmarkTests,Collections,100,643.11 μs,21.352 μs,59.874 μs,6.276 μs,640.75 μs,538.57 μs,602.24 μs,677.28 μs,804.94 μs,"1,554.95",21.3521 μs,91.00,2.857,3.130,0.4284,15,*,No,1 KB,13.6719,9.7656,9.7656,184 KB
AreEqual,Job-EDKFXO,False,True,Default,Default,Default,Default,Default,1111,Empty,RyuJit,X64,8c5e7fda-e8bf-4a96-9a85-a6e23a8c635c,.NET 6.0,False,True,False,True,Default,Default,False,False,True,Default,Default,Default,Default,Default,Default,Default,1,Default,Default,Default,Default,Default,Default,Default,Default,Default,16,Default,DotNetTips.Spargine.Extensions.BenchmarkTests,Collections,250,"1,609.84 μs",71.745 μs,210.416 μs,21.148 μs,"1,569.98 μs","1,299.05 μs","1,450.72 μs","1,745.30 μs","2,168.35 μs",621.18,71.7451 μs,99.00,2.482,2.222,0.6380,18,*,No,1 KB,46.8750,35.1563,23.4375,458 KB
AreEqual,Job-EDKFXO,False,True,Default,Default,Default,Default,Default,1111,Empty,RyuJit,X64,8c5e7fda-e8bf-4a96-9a85-a6e23a8c635c,.NET 6.0,False,True,False,True,Default,Default,False,False,True,Default,Default,Default,Default,Default,Default,Default,1,Default,Default,Default,Default,Default,Default,Default,Default,Default,16,Default,DotNetTips.Spargine.Extensions.BenchmarkTests,Collections,500,"3,272.88 μs",79.987 μs,232.055 μs,23.562 μs,"3,215.56 μs","2,692.65 μs","3,106.56 μs","3,423.31 μs","3,856.36 μs",305.54,79.9866 μs,97.00,2.752,2.828,0.4242,19,*,No,1 KB,93.7500,70.3125,46.8750,913 KB
AreEqual,Job-EDKFXO,False,True,Default,Default,Default,Default,Default,1111,Empty,RyuJit,X64,8c5e7fda-e8bf-4a96-9a85-a6e23a8c635c,.NET 6.0,False,True,False,True,Default,Default,False,False,True,Default,Default,Default,Default,Default,Default,Default,1,Default,Default,Default,Default,Default,Default,Default,Default,Default,16,Default,DotNetTips.Spargine.Extensions.BenchmarkTests,Collections,1000,"6,076.04 μs",216.664 μs,628.580 μs,63.823 μs,"5,868.01 μs","5,286.69 μs","5,627.18 μs","6,477.23 μs","7,845.61 μs",164.58,216.6636 μs,97.00,3.120,2.393,1.0303,20,*,No,1 KB,187.5000,171.8750,132.8125,"2,298 KB"
AreEqual,Job-EDKFXO,False,True,Default,Default,Default,Default,Default,1111,Empty,RyuJit,X64,8c5e7fda-e8bf-4a96-9a85-a6e23a8c635c,.NET 6.0,False,True,False,True,Default,Default,False,False,True,Default,Default,Default,Default,Default,Default,Default,1,Default,Default,Default,Default,Default,Default,Default,Default,Default,16,Default,DotNetTips.Spargine.Extensions.BenchmarkTests,Collections,2500,"15,159.77 μs",528.854 μs,"1,534.303 μs",155.785 μs,"14,551.82 μs","13,138.99 μs","14,068.77 μs","16,046.11 μs","19,051.91 μs",65.96,528.8544 μs,97.00,2.814,2.950,0.9361,22,*,No,1 KB,140.6250,125.0000,93.7500,"5,766 KB"
ClearNulls,Job-EDKFXO,False,True,Default,Default,Default,Default,Default,1111,Empty,RyuJit,X64,8c5e7fda-e8bf-4a96-9a85-a6e23a8c635c,.NET 6.0,False,True,False,True,Default,Default,False,False,True,Default,Default,Default,Default,Default,Default,Default,1,Default,Default,Default,Default,Default,Default,Default,Default,Default,16,Default,DotNetTips.Spargine.Extensions.BenchmarkTests,Collections,10,47.92 μs,1.787 μs,5.185 μs,0.526 μs,45.03 μs,42.88 μs,44.28 μs,50.62 μs,61.21 μs,"20,867.36",1.7872 μs,97.00,3.024,2.456,1.1809,2,*,No,1 KB,2.3193,-,-,19 KB
ClearNulls,Job-EDKFXO,False,True,Default,Default,Default,Default,Default,1111,Empty,RyuJit,X64,8c5e7fda-e8bf-4a96-9a85-a6e23a8c635c,.NET 6.0,False,True,False,True,Default,Default,False,False,True,Default,Default,Default,Default,Default,Default,Default,1,Default,Default,Default,Default,Default,Default,Default,Default,Default,16,Default,DotNetTips.Spargine.Extensions.BenchmarkTests,Collections,25,131.44 μs,5.391 μs,15.553 μs,1.587 μs,127.33 μs,113.49 μs,118.70 μs,140.64 μs,177.17 μs,"7,608.25",5.3906 μs,96.00,3.062,2.591,0.9742,9,*,No,1 KB,5.2490,0.2441,-,47 KB
ClearNulls,Job-EDKFXO,False,True,Default,Default,Default,Default,Default,1111,Empty,RyuJit,X64,8c5e7fda-e8bf-4a96-9a85-a6e23a8c635c,.NET 6.0,False,True,False,True,Default,Default,False,False,True,Default,Default,Default,Default,Default,Default,Default,1,Default,Default,Default,Default,Default,Default,Default,Default,Default,16,Default,DotNetTips.Spargine.Extensions.BenchmarkTests,Collections,50,241.36 μs,2.892 μs,6.587 μs,0.837 μs,240.07 μs,231.01 μs,236.82 μs,243.41 μs,268.49 μs,"4,143.12",2.8923 μs,62.00,6.080,2.000,1.3777,11,*,No,1 KB,10.7422,1.4648,-,92 KB
ClearNulls,Job-EDKFXO,False,True,Default,Default,Default,Default,Default,1111,Empty,RyuJit,X64,8c5e7fda-e8bf-4a96-9a85-a6e23a8c635c,.NET 6.0,False,True,False,True,Default,Default,False,False,True,Default,Default,Default,Default,Default,Default,Default,1,Default,Default,Default,Default,Default,Default,Default,Default,Default,16,Default,DotNetTips.Spargine.Extensions.BenchmarkTests,Collections,100,644.71 μs,17.449 μs,49.783 μs,5.135 μs,635.71 μs,560.99 μs,612.70 μs,674.87 μs,760.20 μs,"1,551.09",17.4489 μs,94.00,2.438,2.667,0.4675,15,*,No,1 KB,16.6016,10.7422,10.7422,184 KB
ClearNulls,Job-EDKFXO,False,True,Default,Default,Default,Default,Default,1111,Empty,RyuJit,X64,8c5e7fda-e8bf-4a96-9a85-a6e23a8c635c,.NET 6.0,False,True,False,True,Default,Default,False,False,True,Default,Default,Default,Default,Default,Default,Default,1,Default,Default,Default,Default,Default,Default,Default,Default,Default,16,Default,DotNetTips.Spargine.Extensions.BenchmarkTests,Collections,250,"1,670.95 μs",59.525 μs,171.744 μs,17.529 μs,"1,664.92 μs","1,320.35 μs","1,537.98 μs","1,748.88 μs","2,084.98 μs",598.46,59.5252 μs,96.00,2.523,2.867,0.3986,18,*,No,1 KB,48.8281,33.2031,23.4375,457 KB
ClearNulls,Job-EDKFXO,False,True,Default,Default,Default,Default,Default,1111,Empty,RyuJit,X64,8c5e7fda-e8bf-4a96-9a85-a6e23a8c635c,.NET 6.0,False,True,False,True,Default,Default,False,False,True,Default,Default,Default,Default,Default,Default,Default,1,Default,Default,Default,Default,Default,Default,Default,Default,Default,16,Default,DotNetTips.Spargine.Extensions.BenchmarkTests,Collections,500,"3,204.86 μs",61.957 μs,125.156 μs,17.700 μs,"3,192.95 μs","2,910.69 μs","3,126.30 μs","3,255.60 μs","3,508.58 μs",312.03,61.9570 μs,50.00,2.830,2.632,0.3710,19,*,No,1 KB,78.1250,54.6875,46.8750,912 KB
ClearNulls,Job-EDKFXO,False,True,Default,Default,Default,Default,Default,1111,Empty,RyuJit,X64,8c5e7fda-e8bf-4a96-9a85-a6e23a8c635c,.NET 6.0,False,True,False,True,Default,Default,False,False,True,Default,Default,Default,Default,Default,Default,Default,1,Default,Default,Default,Default,Default,Default,Default,Default,Default,16,Default,DotNetTips.Spargine.Extensions.BenchmarkTests,Collections,1000,"6,047.13 μs",197.557 μs,573.148 μs,58.194 μs,"5,898.70 μs","5,339.56 μs","5,594.67 μs","6,403.01 μs","7,778.44 μs",165.37,197.5569 μs,97.00,2.881,3.500,0.9121,20,*,No,1 KB,210.9375,164.0625,117.1875,"2,297 KB"
ClearNulls,Job-EDKFXO,False,True,Default,Default,Default,Default,Default,1111,Empty,RyuJit,X64,8c5e7fda-e8bf-4a96-9a85-a6e23a8c635c,.NET 6.0,False,True,False,True,Default,Default,False,False,True,Default,Default,Default,Default,Default,Default,Default,1,Default,Default,Default,Default,Default,Default,Default,Default,Default,16,Default,DotNetTips.Spargine.Extensions.BenchmarkTests,Collections,2500,"17,264.17 μs",950.799 μs,"2,712.682 μs",279.792 μs,"17,629.10 μs","13,476.51 μs","14,564.39 μs","19,266.59 μs","23,855.02 μs",57.92,950.7987 μs,94.00,2.039,4.353,0.2579,22,*,No,1 KB,156.2500,125.0000,93.7500,"5,766 KB"
CopyToCollection,Job-EDKFXO,False,True,Default,Default,Default,Default,Default,1111,Empty,RyuJit,X64,8c5e7fda-e8bf-4a96-9a85-a6e23a8c635c,.NET 6.0,False,True,False,True,Default,Default,False,False,True,Default,Default,Default,Default,Default,Default,Default,1,Default,Default,Default,Default,Default,Default,Default,Default,Default,16,Default,DotNetTips.Spargine.Extensions.BenchmarkTests,Collections,10,44.49 μs,0.760 μs,1.534 μs,0.217 μs,44.04 μs,42.52 μs,43.50 μs,45.02 μs,49.20 μs,"22,477.57",0.7595 μs,50.00,4.062,2.000,1.2811,1,*,No,0 KB,2.3193,-,-,19 KB
CopyToCollection,Job-EDKFXO,False,True,Default,Default,Default,Default,Default,1111,Empty,RyuJit,X64,8c5e7fda-e8bf-4a96-9a85-a6e23a8c635c,.NET 6.0,False,True,False,True,Default,Default,False,False,True,Default,Default,Default,Default,Default,Default,Default,1,Default,Default,Default,Default,Default,Default,Default,Default,Default,16,Default,DotNetTips.Spargine.Extensions.BenchmarkTests,Collections,25,119.91 μs,1.638 μs,1.279 μs,0.369 μs,120.11 μs,117.63 μs,119.36 μs,120.58 μs,121.95 μs,"8,339.25",1.6384 μs,12.00,2.241,2.000,-0.4647,7,*,No,0 KB,5.2490,0.4883,-,47 KB
CopyToCollection,Job-EDKFXO,False,True,Default,Default,Default,Default,Default,1111,Empty,RyuJit,X64,8c5e7fda-e8bf-4a96-9a85-a6e23a8c635c,.NET 6.0,False,True,False,True,Default,Default,False,False,True,Default,Default,Default,Default,Default,Default,Default,1,Default,Default,Default,Default,Default,Default,Default,Default,Default,16,Default,DotNetTips.Spargine.Extensions.BenchmarkTests,Collections,50,247.25 μs,4.861 μs,9.709 μs,1.387 μs,244.31 μs,234.50 μs,239.67 μs,252.59 μs,282.68 μs,"4,044.42",4.8614 μs,49.00,4.840,2.000,1.2877,11,*,No,0 KB,10.7422,-,-,92 KB
CopyToCollection,Job-EDKFXO,False,True,Default,Default,Default,Default,Default,1111,Empty,RyuJit,X64,8c5e7fda-e8bf-4a96-9a85-a6e23a8c635c,.NET 6.0,False,True,False,True,Default,Default,False,False,True,Default,Default,Default,Default,Default,Default,Default,1,Default,Default,Default,Default,Default,Default,Default,Default,Default,16,Default,DotNetTips.Spargine.Extensions.BenchmarkTests,Collections,100,677.66 μs,23.702 μs,65.283 μs,6.959 μs,667.35 μs,583.97 μs,626.88 μs,704.71 μs,849.84 μs,"1,475.66",23.7024 μs,88.00,3.467,3.520,1.0518,15,*,No,0 KB,18.5547,18.5547,10.7422,184 KB
CopyToCollection,Job-EDKFXO,False,True,Default,Default,Default,Default,Default,1111,Empty,RyuJit,X64,8c5e7fda-e8bf-4a96-9a85-a6e23a8c635c,.NET 6.0,False,True,False,True,Default,Default,False,False,True,Default,Default,Default,Default,Default,Default,Default,1,Default,Default,Default,Default,Default,Default,Default,Default,Default,16,Default,DotNetTips.Spargine.Extensions.BenchmarkTests,Collections,250,"1,638.40 μs",72.416 μs,213.520 μs,21.352 μs,"1,604.10 μs","1,314.67 μs","1,463.25 μs","1,781.04 μs","2,156.27 μs",610.35,72.4161 μs,100.00,2.492,3.438,0.6033,18,*,No,0 KB,46.8750,35.1563,23.4375,458 KB
CopyToCollection,Job-EDKFXO,False,True,Default,Default,Default,Default,Default,1111,Empty,RyuJit,X64,8c5e7fda-e8bf-4a96-9a85-a6e23a8c635c,.NET 6.0,False,True,False,True,Default,Default,False,False,True,Default,Default,Default,Default,Default,Default,Default,1,Default,Default,Default,Default,Default,Default,Default,Default,Default,16,Default,DotNetTips.Spargine.Extensions.BenchmarkTests,Collections,500,"3,498.04 μs",112.382 μs,329.598 μs,33.126 μs,"3,426.30 μs","2,781.68 μs","3,257.34 μs","3,754.48 μs","4,267.61 μs",285.87,112.3822 μs,99.00,2.396,2.714,0.3010,19,*,No,0 KB,50.7813,50.7813,42.9688,914 KB
CopyToCollection,Job-EDKFXO,False,True,Default,Default,Default,Default,Default,1111,Empty,RyuJit,X64,8c5e7fda-e8bf-4a96-9a85-a6e23a8c635c,.NET 6.0,False,True,False,True,Default,Default,False,False,True,Default,Default,Default,Default,Default,Default,Default,1,Default,Default,Default,Default,Default,Default,Default,Default,Default,16,Default,DotNetTips.Spargine.Extensions.BenchmarkTests,Collections,1000,"6,349.55 μs",174.417 μs,508.784 μs,51.395 μs,"6,374.39 μs","5,320.56 μs","6,006.37 μs","6,679.27 μs","7,573.14 μs",157.49,174.4174 μs,98.00,2.668,2.424,-0.0238,20,*,No,0 KB,132.8125,125.0000,125.0000,"2,295 KB"
CopyToCollection,Job-EDKFXO,False,True,Default,Default,Default,Default,Default,1111,Empty,RyuJit,X64,8c5e7fda-e8bf-4a96-9a85-a6e23a8c635c,.NET 6.0,False,True,False,True,Default,Default,False,False,True,Default,Default,Default,Default,Default,Default,Default,1,Default,Default,Default,Default,Default,Default,Default,Default,Default,16,Default,DotNetTips.Spargine.Extensions.BenchmarkTests,Collections,2500,"16,232.97 μs",741.700 μs,"2,186.919 μs",218.692 μs,"15,336.14 μs","13,581.32 μs","14,380.26 μs","18,036.68 μs","22,502.85 μs",61.60,741.6998 μs,100.00,2.258,2.667,0.6944,22,*,No,0 KB,109.3750,93.7500,93.7500,"5,770 KB"
Count,Job-EDKFXO,False,True,Default,Default,Default,Default,Default,1111,Empty,RyuJit,X64,8c5e7fda-e8bf-4a96-9a85-a6e23a8c635c,.NET 6.0,False,True,False,True,Default,Default,False,False,True,Default,Default,Default,Default,Default,Default,Default,1,Default,Default,Default,Default,Default,Default,Default,Default,Default,16,Default,DotNetTips.Spargine.Extensions.BenchmarkTests,"Collections,**FOR COMPARISON**,**NEW**",10,45.18 μs,0.796 μs,0.745 μs,0.192 μs,45.03 μs,44.04 μs,44.61 μs,45.84 μs,46.38 μs,"22,133.84",0.7965 μs,15.00,1.422,2.000,0.1579,2,*,No,0 KB,2.2583,-,-,19 KB
Count,Job-EDKFXO,False,True,Default,Default,Default,Default,Default,1111,Empty,RyuJit,X64,8c5e7fda-e8bf-4a96-9a85-a6e23a8c635c,.NET 6.0,False,True,False,True,Default,Default,False,False,True,Default,Default,Default,Default,Default,Default,Default,1,Default,Default,Default,Default,Default,Default,Default,Default,Default,16,Default,DotNetTips.Spargine.Extensions.BenchmarkTests,"Collections,**FOR COMPARISON**,**NEW**",25,132.28 μs,5.748 μs,16.857 μs,1.694 μs,126.62 μs,113.50 μs,117.97 μs,144.55 μs,180.85 μs,"7,559.66",5.7476 μs,99.00,2.782,2.682,0.8757,9,*,No,0 KB,5.1270,0.2441,-,46 KB
Count,Job-EDKFXO,False,True,Default,Default,Default,Default,Default,1111,Empty,RyuJit,X64,8c5e7fda-e8bf-4a96-9a85-a6e23a8c635c,.NET 6.0,False,True,False,True,Default,Default,False,False,True,Default,Default,Default,Default,Default,Default,Default,1,Default,Default,Default,Default,Default,Default,Default,Default,Default,16,Default,DotNetTips.Spargine.Extensions.BenchmarkTests,"Collections,**FOR COMPARISON**,**NEW**",50,293.12 μs,14.404 μs,42.471 μs,4.247 μs,294.61 μs,236.74 μs,250.83 μs,324.09 μs,416.44 μs,"3,411.59",14.4040 μs,100.00,2.600,2.968,0.5144,13,*,No,0 KB,10.2539,0.9766,-,92 KB
Count,Job-EDKFXO,False,True,Default,Default,Default,Default,Default,1111,Empty,RyuJit,X64,8c5e7fda-e8bf-4a96-9a85-a6e23a8c635c,.NET 6.0,False,True,False,True,Default,Default,False,False,True,Default,Default,Default,Default,Default,Default,Default,1,Default,Default,Default,Default,Default,Default,Default,Default,Default,16,Default,DotNetTips.Spargine.Extensions.BenchmarkTests,"Collections,**FOR COMPARISON**,**NEW**",100,661.37 μs,30.383 μs,87.174 μs,8.944 μs,630.83 μs,522.22 μs,602.50 μs,700.68 μs,888.24 μs,"1,512.02",30.3828 μs,95.00,3.054,2.457,0.9640,15,*,No,0 KB,20.5078,12.6953,10.7422,184 KB
Count,Job-EDKFXO,False,True,Default,Default,Default,Default,Default,1111,Empty,RyuJit,X64,8c5e7fda-e8bf-4a96-9a85-a6e23a8c635c,.NET 6.0,False,True,False,True,Default,Default,False,False,True,Default,Default,Default,Default,Default,Default,Default,1,Default,Default,Default,Default,Default,Default,Default,Default,Default,16,Default,DotNetTips.Spargine.Extensions.BenchmarkTests,"Collections,**FOR COMPARISON**,**NEW**",250,"1,603.21 μs",66.611 μs,195.358 μs,19.634 μs,"1,558.08 μs","1,317.65 μs","1,450.67 μs","1,719.56 μs","2,119.49 μs",623.75,66.6107 μs,99.00,2.779,2.529,0.8253,18,*,No,0 KB,42.9688,29.2969,21.4844,457 KB
Count,Job-EDKFXO,False,True,Default,Default,Default,Default,Default,1111,Empty,RyuJit,X64,8c5e7fda-e8bf-4a96-9a85-a6e23a8c635c,.NET 6.0,False,True,False,True,Default,Default,False,False,True,Default,Default,Default,Default,Default,Default,Default,1,Default,Default,Default,Default,Default,Default,Default,Default,Default,16,Default,DotNetTips.Spargine.Extensions.BenchmarkTests,"Collections,**FOR COMPARISON**,**NEW**",500,"3,228.28 μs",64.315 μs,169.431 μs,18.826 μs,"3,224.97 μs","2,818.99 μs","3,123.93 μs","3,321.12 μs","3,642.93 μs",309.76,64.3149 μs,81.00,3.219,2.000,0.3237,19,*,No,0 KB,50.7813,46.8750,46.8750,915 KB
Count,Job-EDKFXO,False,True,Default,Default,Default,Default,Default,1111,Empty,RyuJit,X64,8c5e7fda-e8bf-4a96-9a85-a6e23a8c635c,.NET 6.0,False,True,False,True,Default,Default,False,False,True,Default,Default,Default,Default,Default,Default,Default,1,Default,Default,Default,Default,Default,Default,Default,Default,Default,16,Default,DotNetTips.Spargine.Extensions.BenchmarkTests,"Collections,**FOR COMPARISON**,**NEW**",1000,"6,285.79 μs",262.291 μs,739.796 μs,77.129 μs,"6,112.56 μs","5,305.23 μs","5,653.09 μs","6,808.84 μs","8,614.56 μs",159.09,262.2910 μs,92.00,3.072,2.933,0.8159,20,*,No,0 KB,171.8750,140.6250,117.1875,"2,297 KB"
Count,Job-EDKFXO,False,True,Default,Default,Default,Default,Default,1111,Empty,RyuJit,X64,8c5e7fda-e8bf-4a96-9a85-a6e23a8c635c,.NET 6.0,False,True,False,True,Default,Default,False,False,True,Default,Default,Default,Default,Default,Default,Default,1,Default,Default,Default,Default,Default,Default,Default,Default,Default,16,Default,DotNetTips.Spargine.Extensions.BenchmarkTests,"Collections,**FOR COMPARISON**,**NEW**",2500,"16,462.76 μs",720.823 μs,"2,114.048 μs",212.470 μs,"16,420.60 μs","13,281.22 μs","14,529.57 μs","17,961.76 μs","21,926.30 μs",60.74,720.8228 μs,99.00,2.324,3.333,0.3944,22,*,No,0 KB,171.8750,140.6250,109.3750,"5,763 KB"
DoesNotHaveItems,Job-EDKFXO,False,True,Default,Default,Default,Default,Default,1111,Empty,RyuJit,X64,8c5e7fda-e8bf-4a96-9a85-a6e23a8c635c,.NET 6.0,False,True,False,True,Default,Default,False,False,True,Default,Default,Default,Default,Default,Default,Default,1,Default,Default,Default,Default,Default,Default,Default,Default,Default,16,Default,DotNetTips.Spargine.Extensions.BenchmarkTests,Collections,10,44.45 μs,0.883 μs,0.981 μs,0.225 μs,44.40 μs,43.08 μs,43.63 μs,45.13 μs,46.58 μs,"22,498.73",0.8828 μs,19.00,2.070,2.000,0.4438,1,*,No,0 KB,2.2583,-,-,19 KB
DoesNotHaveItems,Job-EDKFXO,False,True,Default,Default,Default,Default,Default,1111,Empty,RyuJit,X64,8c5e7fda-e8bf-4a96-9a85-a6e23a8c635c,.NET 6.0,False,True,False,True,Default,Default,False,False,True,Default,Default,Default,Default,Default,Default,Default,1,Default,Default,Default,Default,Default,Default,Default,Default,Default,16,Default,DotNetTips.Spargine.Extensions.BenchmarkTests,Collections,25,120.78 μs,2.398 μs,3.733 μs,0.660 μs,120.22 μs,114.22 μs,118.17 μs,123.26 μs,128.76 μs,"8,279.37",2.3976 μs,32.00,2.403,2.000,0.4896,7,*,No,0 KB,5.1270,0.2441,-,47 KB
DoesNotHaveItems,Job-EDKFXO,False,True,Default,Default,Default,Default,Default,1111,Empty,RyuJit,X64,8c5e7fda-e8bf-4a96-9a85-a6e23a8c635c,.NET 6.0,False,True,False,True,Default,Default,False,False,True,Default,Default,Default,Default,Default,Default,Default,1,Default,Default,Default,Default,Default,Default,Default,Default,Default,16,Default,DotNetTips.Spargine.Extensions.BenchmarkTests,Collections,50,258.52 μs,8.919 μs,26.016 μs,2.628 μs,248.34 μs,233.35 μs,239.54 μs,274.85 μs,334.19 μs,"3,868.10",8.9187 μs,98.00,3.417,2.435,1.2219,12,*,No,0 KB,10.4980,0.9766,-,92 KB
DoesNotHaveItems,Job-EDKFXO,False,True,Default,Default,Default,Default,Default,1111,Empty,RyuJit,X64,8c5e7fda-e8bf-4a96-9a85-a6e23a8c635c,.NET 6.0,False,True,False,True,Default,Default,False,False,True,Default,Default,Default,Default,Default,Default,Default,1,Default,Default,Default,Default,Default,Default,Default,Default,Default,16,Default,DotNetTips.Spargine.Extensions.BenchmarkTests,Collections,100,684.40 μs,35.974 μs,102.052 μs,10.582 μs,649.91 μs,551.55 μs,612.74 μs,732.33 μs,964.61 μs,"1,461.13",35.9739 μs,93.00,3.481,2.357,1.1083,15,*,No,0 KB,20.5078,12.6953,10.7422,184 KB
DoesNotHaveItems,Job-EDKFXO,False,True,Default,Default,Default,Default,Default,1111,Empty,RyuJit,X64,8c5e7fda-e8bf-4a96-9a85-a6e23a8c635c,.NET 6.0,False,True,False,True,Default,Default,False,False,True,Default,Default,Default,Default,Default,Default,Default,1,Default,Default,Default,Default,Default,Default,Default,Default,Default,16,Default,DotNetTips.Spargine.Extensions.BenchmarkTests,Collections,250,"1,580.34 μs",57.150 μs,167.611 μs,16.846 μs,"1,529.67 μs","1,301.65 μs","1,458.47 μs","1,682.15 μs","2,000.34 μs",632.78,57.1500 μs,99.00,2.776,2.914,0.7437,18,*,No,0 KB,35.1563,27.3438,23.4375,458 KB
DoesNotHaveItems,Job-EDKFXO,False,True,Default,Default,Default,Default,Default,1111,Empty,RyuJit,X64,8c5e7fda-e8bf-4a96-9a85-a6e23a8c635c,.NET 6.0,False,True,False,True,Default,Default,False,False,True,Default,Default,Default,Default,Default,Default,Default,1,Default,Default,Default,Default,Default,Default,Default,Default,Default,16,Default,DotNetTips.Spargine.Extensions.BenchmarkTests,Collections,500,"3,254.23 μs",100.797 μs,290.823 μs,29.682 μs,"3,224.34 μs","2,527.29 μs","3,057.99 μs","3,390.55 μs","4,008.75 μs",307.29,100.7972 μs,96.00,3.152,3.290,0.5434,19,*,No,0 KB,85.9375,54.6875,46.8750,914 KB
DoesNotHaveItems,Job-EDKFXO,False,True,Default,Default,Default,Default,Default,1111,Empty,RyuJit,X64,8c5e7fda-e8bf-4a96-9a85-a6e23a8c635c,.NET 6.0,False,True,False,True,Default,Default,False,False,True,Default,Default,Default,Default,Default,Default,Default,1,Default,Default,Default,Default,Default,Default,Default,Default,Default,16,Default,DotNetTips.Spargine.Extensions.BenchmarkTests,Collections,1000,"6,099.90 μs",199.154 μs,571.411 μs,58.626 μs,"5,909.01 μs","5,385.08 μs","5,675.20 μs","6,360.04 μs","7,684.35 μs",163.94,199.1544 μs,95.00,3.127,2.457,1.0566,20,*,No,0 KB,187.5000,164.0625,132.8125,"2,294 KB"
DoesNotHaveItems,Job-EDKFXO,False,True,Default,Default,Default,Default,Default,1111,Empty,RyuJit,X64,8c5e7fda-e8bf-4a96-9a85-a6e23a8c635c,.NET 6.0,False,True,False,True,Default,Default,False,False,True,Default,Default,Default,Default,Default,Default,Default,1,Default,Default,Default,Default,Default,Default,Default,Default,Default,16,Default,DotNetTips.Spargine.Extensions.BenchmarkTests,Collections,2500,"16,469.83 μs",625.350 μs,"1,843.858 μs",184.386 μs,"16,244.08 μs","13,208.51 μs","15,203.53 μs","17,635.78 μs","20,376.99 μs",60.72,625.3499 μs,100.00,2.292,4.069,0.2500,22,*,No,0 KB,187.5000,156.2500,93.7500,"5,768 KB"
FastCount,Job-EDKFXO,False,True,Default,Default,Default,Default,Default,1111,Empty,RyuJit,X64,8c5e7fda-e8bf-4a96-9a85-a6e23a8c635c,.NET 6.0,False,True,False,True,Default,Default,False,False,True,Default,Default,Default,Default,Default,Default,Default,1,Default,Default,Default,Default,Default,Default,Default,Default,Default,16,Default,DotNetTips.Spargine.Extensions.BenchmarkTests,"Collections,**FOR COMPARISON**,**NEW**",10,49.24 μs,2.170 μs,5.939 μs,0.637 μs,47.23 μs,43.10 μs,44.82 μs,52.22 μs,67.78 μs,"20,309.45",2.1695 μs,87.00,4.515,2.432,1.4355,3,*,No,0 KB,2.1973,-,-,19 KB
FastCount,Job-EDKFXO,False,True,Default,Default,Default,Default,Default,1111,Empty,RyuJit,X64,8c5e7fda-e8bf-4a96-9a85-a6e23a8c635c,.NET 6.0,False,True,False,True,Default,Default,False,False,True,Default,Default,Default,Default,Default,Default,Default,1,Default,Default,Default,Default,Default,Default,Default,Default,Default,16,Default,DotNetTips.Spargine.Extensions.BenchmarkTests,"Collections,**FOR COMPARISON**,**NEW**",25,135.28 μs,6.881 μs,20.287 μs,2.029 μs,125.44 μs,113.33 μs,118.70 μs,148.85 μs,191.57 μs,"7,391.98",6.8805 μs,100.00,2.597,2.520,0.8915,9,*,No,0 KB,5.1270,0.2441,-,47 KB
FastCount,Job-EDKFXO,False,True,Default,Default,Default,Default,Default,1111,Empty,RyuJit,X64,8c5e7fda-e8bf-4a96-9a85-a6e23a8c635c,.NET 6.0,False,True,False,True,Default,Default,False,False,True,Default,Default,Default,Default,Default,Default,Default,1,Default,Default,Default,Default,Default,Default,Default,Default,Default,16,Default,DotNetTips.Spargine.Extensions.BenchmarkTests,"Collections,**FOR COMPARISON**,**NEW**",50,253.52 μs,4.732 μs,11.784 μs,1.379 μs,250.19 μs,239.07 μs,245.86 μs,257.48 μs,294.91 μs,"3,944.48",4.7319 μs,73.00,5.460,2.000,1.6189,12,*,No,0 KB,10.2539,0.9766,-,93 KB
FastCount,Job-EDKFXO,False,True,Default,Default,Default,Default,Default,1111,Empty,RyuJit,X64,8c5e7fda-e8bf-4a96-9a85-a6e23a8c635c,.NET 6.0,False,True,False,True,Default,Default,False,False,True,Default,Default,Default,Default,Default,Default,Default,1,Default,Default,Default,Default,Default,Default,Default,Default,Default,16,Default,DotNetTips.Spargine.Extensions.BenchmarkTests,"Collections,**FOR COMPARISON**,**NEW**",100,739.42 μs,39.090 μs,112.783 μs,11.511 μs,708.39 μs,569.93 μs,662.13 μs,800.90 μs,"1,037.92 μs","1,352.42",39.0899 μs,96.00,2.715,2.500,0.7577,16,*,No,0 KB,20.5078,10.7422,10.7422,184 KB
FastCount,Job-EDKFXO,False,True,Default,Default,Default,Default,Default,1111,Empty,RyuJit,X64,8c5e7fda-e8bf-4a96-9a85-a6e23a8c635c,.NET 6.0,False,True,False,True,Default,Default,False,False,True,Default,Default,Default,Default,Default,Default,Default,1,Default,Default,Default,Default,Default,Default,Default,Default,Default,16,Default,DotNetTips.Spargine.Extensions.BenchmarkTests,"Collections,**FOR COMPARISON**,**NEW**",250,"1,695.38 μs",76.913 μs,226.780 μs,22.678 μs,"1,639.86 μs","1,372.11 μs","1,515.75 μs","1,832.46 μs","2,233.24 μs",589.84,76.9133 μs,100.00,2.378,3.032,0.6478,18,*,No,0 KB,37.1094,27.3438,23.4375,457 KB
FastCount,Job-EDKFXO,False,True,Default,Default,Default,Default,Default,1111,Empty,RyuJit,X64,8c5e7fda-e8bf-4a96-9a85-a6e23a8c635c,.NET 6.0,False,True,False,True,Default,Default,False,False,True,Default,Default,Default,Default,Default,Default,Default,1,Default,Default,Default,Default,Default,Default,Default,Default,Default,16,Default,DotNetTips.Spargine.Extensions.BenchmarkTests,"Collections,**FOR COMPARISON**,**NEW**",500,"3,287.19 μs",63.434 μs,167.110 μs,18.568 μs,"3,278.82 μs","2,867.24 μs","3,179.89 μs","3,398.41 μs","3,710.54 μs",304.21,63.4338 μs,81.00,2.844,2.000,0.3001,19,*,No,0 KB,54.6875,50.7813,46.8750,915 KB
FastCount,Job-EDKFXO,False,True,Default,Default,Default,Default,Default,1111,Empty,RyuJit,X64,8c5e7fda-e8bf-4a96-9a85-a6e23a8c635c,.NET 6.0,False,True,False,True,Default,Default,False,False,True,Default,Default,Default,Default,Default,Default,Default,1,Default,Default,Default,Default,Default,Default,Default,Default,Default,16,Default,DotNetTips.Spargine.Extensions.BenchmarkTests,"Collections,**FOR COMPARISON**,**NEW**",1000,"6,386.91 μs",297.531 μs,863.191 μs,87.644 μs,"6,197.36 μs","5,271.99 μs","5,733.93 μs","6,907.19 μs","8,761.60 μs",156.57,297.5308 μs,97.00,2.637,2.903,0.7214,20,*,No,0 KB,226.5625,171.8750,132.8125,"2,298 KB"
FastCount,Job-EDKFXO,False,True,Default,Default,Default,Default,Default,1111,Empty,RyuJit,X64,8c5e7fda-e8bf-4a96-9a85-a6e23a8c635c,.NET 6.0,False,True,False,True,Default,Default,False,False,True,Default,Default,Default,Default,Default,Default,Default,1,Default,Default,Default,Default,Default,Default,Default,Default,Default,16,Default,DotNetTips.Spargine.Extensions.BenchmarkTests,"Collections,**FOR COMPARISON**,**NEW**",2500,"15,985.87 μs",605.749 μs,"1,786.065 μs",178.607 μs,"15,822.70 μs","13,144.05 μs","14,267.43 μs","17,573.54 μs","19,368.75 μs",62.56,605.7492 μs,100.00,1.717,2.929,0.2261,22,*,No,0 KB,187.5000,125.0000,93.7500,"5,761 KB"
HasItems,Job-EDKFXO,False,True,Default,Default,Default,Default,Default,1111,Empty,RyuJit,X64,8c5e7fda-e8bf-4a96-9a85-a6e23a8c635c,.NET 6.0,False,True,False,True,Default,Default,False,False,True,Default,Default,Default,Default,Default,Default,Default,1,Default,Default,Default,Default,Default,Default,Default,Default,Default,16,Default,DotNetTips.Spargine.Extensions.BenchmarkTests,Collections,10,46.04 μs,0.907 μs,1.770 μs,0.258 μs,45.62 μs,43.76 μs,44.61 μs,47.25 μs,50.85 μs,"21,720.35",0.9073 μs,47.00,2.565,2.000,0.6769,2,*,No,0 KB,2.1973,-,-,19 KB
HasItems,Job-EDKFXO,False,True,Default,Default,Default,Default,Default,1111,Empty,RyuJit,X64,8c5e7fda-e8bf-4a96-9a85-a6e23a8c635c,.NET 6.0,False,True,False,True,Default,Default,False,False,True,Default,Default,Default,Default,Default,Default,Default,1,Default,Default,Default,Default,Default,Default,Default,Default,Default,16,Default,DotNetTips.Spargine.Extensions.BenchmarkTests,Collections,25,125.13 μs,3.562 μs,10.106 μs,1.048 μs,122.02 μs,113.36 μs,118.02 μs,126.33 μs,152.91 μs,"7,991.92",3.5624 μs,93.00,3.603,2.148,1.2873,9,*,No,0 KB,5.1270,0.2441,-,47 KB
HasItems,Job-EDKFXO,False,True,Default,Default,Default,Default,Default,1111,Empty,RyuJit,X64,8c5e7fda-e8bf-4a96-9a85-a6e23a8c635c,.NET 6.0,False,True,False,True,Default,Default,False,False,True,Default,Default,Default,Default,Default,Default,Default,1,Default,Default,Default,Default,Default,Default,Default,Default,Default,16,Default,DotNetTips.Spargine.Extensions.BenchmarkTests,Collections,50,320.21 μs,10.140 μs,29.256 μs,2.986 μs,319.35 μs,241.99 μs,306.91 μs,337.68 μs,387.75 μs,"3,122.93",10.1399 μs,96.00,3.434,2.258,-0.2782,14,*,No,0 KB,10.2539,0.9766,-,93 KB
HasItems,Job-EDKFXO,False,True,Default,Default,Default,Default,Default,1111,Empty,RyuJit,X64,8c5e7fda-e8bf-4a96-9a85-a6e23a8c635c,.NET 6.0,False,True,False,True,Default,Default,False,False,True,Default,Default,Default,Default,Default,Default,Default,1,Default,Default,Default,Default,Default,Default,Default,Default,Default,16,Default,DotNetTips.Spargine.Extensions.BenchmarkTests,Collections,100,644.54 μs,20.260 μs,56.812 μs,5.955 μs,639.75 μs,542.58 μs,608.16 μs,676.95 μs,794.64 μs,"1,551.50",20.2601 μs,91.00,2.857,3.154,0.6375,15,*,No,0 KB,20.5078,10.7422,10.7422,184 KB
HasItems,Job-EDKFXO,False,True,Default,Default,Default,Default,Default,1111,Empty,RyuJit,X64,8c5e7fda-e8bf-4a96-9a85-a6e23a8c635c,.NET 6.0,False,True,False,True,Default,Default,False,False,True,Default,Default,Default,Default,Default,Default,Default,1,Default,Default,Default,Default,Default,Default,Default,Default,Default,16,Default,DotNetTips.Spargine.Extensions.BenchmarkTests,Collections,250,"1,517.95 μs",53.975 μs,157.446 μs,15.904 μs,"1,503.84 μs","1,285.08 μs","1,399.86 μs","1,628.37 μs","1,988.38 μs",658.78,53.9746 μs,98.00,3.028,3.130,0.6899,18,*,No,0 KB,50.7813,31.2500,23.4375,458 KB
HasItems,Job-EDKFXO,False,True,Default,Default,Default,Default,Default,1111,Empty,RyuJit,X64,8c5e7fda-e8bf-4a96-9a85-a6e23a8c635c,.NET 6.0,False,True,False,True,Default,Default,False,False,True,Default,Default,Default,Default,Default,Default,Default,1,Default,Default,Default,Default,Default,Default,Default,Default,Default,16,Default,DotNetTips.Spargine.Extensions.BenchmarkTests,Collections,500,"3,363.02 μs",92.784 μs,269.184 μs,27.332 μs,"3,326.71 μs","2,838.59 μs","3,173.66 μs","3,526.48 μs","4,048.64 μs",297.35,92.7843 μs,97.00,2.603,2.000,0.3799,19,*,No,0 KB,89.8438,66.4063,42.9688,913 KB
HasItems,Job-EDKFXO,False,True,Default,Default,Default,Default,Default,1111,Empty,RyuJit,X64,8c5e7fda-e8bf-4a96-9a85-a6e23a8c635c,.NET 6.0,False,True,False,True,Default,Default,False,False,True,Default,Default,Default,Default,Default,Default,Default,1,Default,Default,Default,Default,Default,Default,Default,Default,Default,16,Default,DotNetTips.Spargine.Extensions.BenchmarkTests,Collections,1000,"6,582.54 μs",298.846 μs,876.465 μs,88.088 μs,"6,194.55 μs","5,364.32 μs","5,972.14 μs","7,377.26 μs","8,587.26 μs",151.92,298.8463 μs,99.00,2.032,2.634,0.6655,21,*,No,0 KB,171.8750,148.4375,125.0000,"2,298 KB"
HasItems,Job-EDKFXO,False,True,Default,Default,Default,Default,Default,1111,Empty,RyuJit,X64,8c5e7fda-e8bf-4a96-9a85-a6e23a8c635c,.NET 6.0,False,True,False,True,Default,Default,False,False,True,Default,Default,Default,Default,Default,Default,Default,1,Default,Default,Default,Default,Default,Default,Default,Default,Default,16,Default,DotNetTips.Spargine.Extensions.BenchmarkTests,Collections,2500,"16,730.63 μs",776.401 μs,"2,277.051 μs",228.852 μs,"16,235.86 μs","13,429.40 μs","14,865.03 μs","18,365.55 μs","23,353.77 μs",59.77,776.4013 μs,99.00,2.597,2.897,0.6404,22,*,No,0 KB,156.2500,125.0000,93.7500,"5,766 KB"
IndexAtLooped,Job-EDKFXO,False,True,Default,Default,Default,Default,Default,1111,Empty,RyuJit,X64,8c5e7fda-e8bf-4a96-9a85-a6e23a8c635c,.NET 6.0,False,True,False,True,Default,Default,False,False,True,Default,Default,Default,Default,Default,Default,Default,1,Default,Default,Default,Default,Default,Default,Default,Default,Default,16,Default,DotNetTips.Spargine.Extensions.BenchmarkTests,Collections,10,47.30 μs,1.085 μs,3.025 μs,0.319 μs,46.11 μs,44.06 μs,45.23 μs,48.12 μs,56.22 μs,"21,140.13",1.0850 μs,90.00,4.210,2.333,1.4488,2,*,No,1 KB,2.3193,-,-,19 KB
IndexAtLooped,Job-EDKFXO,False,True,Default,Default,Default,Default,Default,1111,Empty,RyuJit,X64,8c5e7fda-e8bf-4a96-9a85-a6e23a8c635c,.NET 6.0,False,True,False,True,Default,Default,False,False,True,Default,Default,Default,Default,Default,Default,Default,1,Default,Default,Default,Default,Default,Default,Default,Default,Default,16,Default,DotNetTips.Spargine.Extensions.BenchmarkTests,Collections,25,143.93 μs,6.938 μs,20.458 μs,2.046 μs,147.75 μs,113.57 μs,121.03 μs,159.65 μs,191.66 μs,"6,947.99",6.9384 μs,100.00,1.716,4.188,-0.0017,9,*,No,1 KB,5.1270,-,-,47 KB
IndexAtLooped,Job-EDKFXO,False,True,Default,Default,Default,Default,Default,1111,Empty,RyuJit,X64,8c5e7fda-e8bf-4a96-9a85-a6e23a8c635c,.NET 6.0,False,True,False,True,Default,Default,False,False,True,Default,Default,Default,Default,Default,Default,Default,1,Default,Default,Default,Default,Default,Default,Default,Default,Default,16,Default,DotNetTips.Spargine.Extensions.BenchmarkTests,Collections,50,251.80 μs,4.090 μs,7.270 μs,1.149 μs,249.89 μs,240.31 μs,246.45 μs,255.50 μs,273.91 μs,"3,971.46",4.0899 μs,40.00,3.453,2.000,0.8918,12,*,No,1 KB,10.2539,-,-,93 KB
IndexAtLooped,Job-EDKFXO,False,True,Default,Default,Default,Default,Default,1111,Empty,RyuJit,X64,8c5e7fda-e8bf-4a96-9a85-a6e23a8c635c,.NET 6.0,False,True,False,True,Default,Default,False,False,True,Default,Default,Default,Default,Default,Default,Default,1,Default,Default,Default,Default,Default,Default,Default,Default,Default,16,Default,DotNetTips.Spargine.Extensions.BenchmarkTests,Collections,100,684.82 μs,20.578 μs,58.712 μs,6.056 μs,675.12 μs,552.02 μs,642.63 μs,706.26 μs,833.35 μs,"1,460.24",20.5785 μs,94.00,2.987,2.385,0.6580,15,*,No,1 KB,16.6016,10.7422,10.7422,184 KB
IndexAtLooped,Job-EDKFXO,False,True,Default,Default,Default,Default,Default,1111,Empty,RyuJit,X64,8c5e7fda-e8bf-4a96-9a85-a6e23a8c635c,.NET 6.0,False,True,False,True,Default,Default,False,False,True,Default,Default,Default,Default,Default,Default,Default,1,Default,Default,Default,Default,Default,Default,Default,Default,Default,16,Default,DotNetTips.Spargine.Extensions.BenchmarkTests,Collections,250,"1,681.72 μs",76.970 μs,226.949 μs,22.695 μs,"1,647.82 μs","1,278.32 μs","1,505.78 μs","1,860.60 μs","2,288.19 μs",594.63,76.9704 μs,100.00,2.249,3.318,0.2975,18,*,No,1 KB,23.4375,19.5313,19.5313,458 KB
IndexAtLooped,Job-EDKFXO,False,True,Default,Default,Default,Default,Default,1111,Empty,RyuJit,X64,8c5e7fda-e8bf-4a96-9a85-a6e23a8c635c,.NET 6.0,False,True,False,True,Default,Default,False,False,True,Default,Default,Default,Default,Default,Default,Default,1,Default,Default,Default,Default,Default,Default,Default,Default,Default,16,Default,DotNetTips.Spargine.Extensions.BenchmarkTests,Collections,500,"3,427.28 μs",122.676 μs,357.853 μs,36.149 μs,"3,299.63 μs","2,816.76 μs","3,157.97 μs","3,662.59 μs","4,347.54 μs",291.78,122.6764 μs,98.00,2.474,2.000,0.6845,19,*,No,1 KB,50.7813,46.8750,42.9688,913 KB
IndexAtLooped,Job-EDKFXO,False,True,Default,Default,Default,Default,Default,1111,Empty,RyuJit,X64,8c5e7fda-e8bf-4a96-9a85-a6e23a8c635c,.NET 6.0,False,True,False,True,Default,Default,False,False,True,Default,Default,Default,Default,Default,Default,Default,1,Default,Default,Default,Default,Default,Default,Default,Default,Default,16,Default,DotNetTips.Spargine.Extensions.BenchmarkTests,Collections,1000,"5,900.08 μs",121.364 μs,340.318 μs,35.675 μs,"5,879.50 μs","5,323.33 μs","5,602.54 μs","6,155.71 μs","6,741.55 μs",169.49,121.3640 μs,91.00,2.152,2.833,0.2293,20,*,No,1 KB,179.6875,140.6250,132.8125,"2,296 KB"
IndexAtLooped,Job-EDKFXO,False,True,Default,Default,Default,Default,Default,1111,Empty,RyuJit,X64,8c5e7fda-e8bf-4a96-9a85-a6e23a8c635c,.NET 6.0,False,True,False,True,Default,Default,False,False,True,Default,Default,Default,Default,Default,Default,Default,1,Default,Default,Default,Default,Default,Default,Default,Default,Default,16,Default,DotNetTips.Spargine.Extensions.BenchmarkTests,Collections,2500,"15,953.11 μs",696.391 μs,"2,053.324 μs",205.332 μs,"15,832.36 μs","13,273.78 μs","14,192.42 μs","17,223.97 μs","21,040.32 μs",62.68,696.3907 μs,100.00,2.350,3.024,0.6449,22,*,No,1 KB,156.2500,125.0000,93.7500,"5,765 KB"
LongCount,Job-EDKFXO,False,True,Default,Default,Default,Default,Default,1111,Empty,RyuJit,X64,8c5e7fda-e8bf-4a96-9a85-a6e23a8c635c,.NET 6.0,False,True,False,True,Default,Default,False,False,True,Default,Default,Default,Default,Default,Default,Default,1,Default,Default,Default,Default,Default,Default,Default,Default,Default,16,Default,DotNetTips.Spargine.Extensions.BenchmarkTests,"Collections,**FOR COMPARISON**,**NEW**",10,48.74 μs,1.442 μs,3.947 μs,0.423 μs,47.35 μs,44.31 μs,45.97 μs,50.38 μs,61.48 μs,"20,518.10",1.4420 μs,87.00,4.477,2.250,1.3748,3,*,No,0 KB,2.1973,-,-,19 KB
LongCount,Job-EDKFXO,False,True,Default,Default,Default,Default,Default,1111,Empty,RyuJit,X64,8c5e7fda-e8bf-4a96-9a85-a6e23a8c635c,.NET 6.0,False,True,False,True,Default,Default,False,False,True,Default,Default,Default,Default,Default,Default,Default,1,Default,Default,Default,Default,Default,Default,Default,Default,Default,16,Default,DotNetTips.Spargine.Extensions.BenchmarkTests,"Collections,**FOR COMPARISON**,**NEW**",25,118.32 μs,2.316 μs,2.668 μs,0.596 μs,117.35 μs,115.47 μs,116.31 μs,119.56 μs,124.90 μs,"8,451.47",2.3164 μs,20.00,2.847,2.000,0.9708,7,*,No,0 KB,5.1270,0.2441,-,47 KB
LongCount,Job-EDKFXO,False,True,Default,Default,Default,Default,Default,1111,Empty,RyuJit,X64,8c5e7fda-e8bf-4a96-9a85-a6e23a8c635c,.NET 6.0,False,True,False,True,Default,Default,False,False,True,Default,Default,Default,Default,Default,Default,Default,1,Default,Default,Default,Default,Default,Default,Default,Default,Default,16,Default,DotNetTips.Spargine.Extensions.BenchmarkTests,"Collections,**FOR COMPARISON**,**NEW**",50,298.78 μs,15.997 μs,46.916 μs,4.715 μs,298.40 μs,234.81 μs,251.08 μs,330.66 μs,431.91 μs,"3,346.96",15.9970 μs,99.00,2.406,4.364,0.3369,13,*,No,0 KB,10.2539,0.9766,-,93 KB
LongCount,Job-EDKFXO,False,True,Default,Default,Default,Default,Default,1111,Empty,RyuJit,X64,8c5e7fda-e8bf-4a96-9a85-a6e23a8c635c,.NET 6.0,False,True,False,True,Default,Default,False,False,True,Default,Default,Default,Default,Default,Default,Default,1,Default,Default,Default,Default,Default,Default,Default,Default,Default,16,Default,DotNetTips.Spargine.Extensions.BenchmarkTests,"Collections,**FOR COMPARISON**,**NEW**",100,737.32 μs,16.164 μs,45.327 μs,4.752 μs,740.53 μs,632.45 μs,705.91 μs,769.25 μs,846.82 μs,"1,356.25",16.1644 μs,91.00,2.747,2.000,-0.0847,16,*,No,0 KB,19.5313,10.7422,10.7422,184 KB
LongCount,Job-EDKFXO,False,True,Default,Default,Default,Default,Default,1111,Empty,RyuJit,X64,8c5e7fda-e8bf-4a96-9a85-a6e23a8c635c,.NET 6.0,False,True,False,True,Default,Default,False,False,True,Default,Default,Default,Default,Default,Default,Default,1,Default,Default,Default,Default,Default,Default,Default,Default,Default,16,Default,DotNetTips.Spargine.Extensions.BenchmarkTests,"Collections,**FOR COMPARISON**,**NEW**",250,"1,558.26 μs",41.565 μs,117.913 μs,12.227 μs,"1,549.49 μs","1,316.35 μs","1,471.81 μs","1,642.50 μs","1,904.48 μs",641.74,41.5650 μs,93.00,2.546,2.593,0.3573,18,*,No,0 KB,42.9688,31.2500,23.4375,457 KB
LongCount,Job-EDKFXO,False,True,Default,Default,Default,Default,Default,1111,Empty,RyuJit,X64,8c5e7fda-e8bf-4a96-9a85-a6e23a8c635c,.NET 6.0,False,True,False,True,Default,Default,False,False,True,Default,Default,Default,Default,Default,Default,Default,1,Default,Default,Default,Default,Default,Default,Default,Default,Default,16,Default,DotNetTips.Spargine.Extensions.BenchmarkTests,"Collections,**FOR COMPARISON**,**NEW**",500,"3,372.68 μs",107.803 μs,312.757 μs,31.756 μs,"3,314.17 μs","2,842.25 μs","3,143.72 μs","3,586.12 μs","4,152.96 μs",296.50,107.8033 μs,97.00,2.685,2.000,0.6318,19,*,No,0 KB,97.6563,58.5938,46.8750,913 KB
LongCount,Job-EDKFXO,False,True,Default,Default,Default,Default,Default,1111,Empty,RyuJit,X64,8c5e7fda-e8bf-4a96-9a85-a6e23a8c635c,.NET 6.0,False,True,False,True,Default,Default,False,False,True,Default,Default,Default,Default,Default,Default,Default,1,Default,Default,Default,Default,Default,Default,Default,Default,Default,16,Default,DotNetTips.Spargine.Extensions.BenchmarkTests,"Collections,**FOR COMPARISON**,**NEW**",1000,"6,204.20 μs",229.413 μs,654.529 μs,67.510 μs,"6,073.09 μs","5,334.48 μs","5,714.62 μs","6,443.56 μs","8,347.83 μs",161.18,229.4134 μs,94.00,3.745,4.000,1.0532,20,*,No,0 KB,210.9375,179.6875,132.8125,"2,297 KB"
LongCount,Job-EDKFXO,False,True,Default,Default,Default,Default,Default,1111,Empty,RyuJit,X64,8c5e7fda-e8bf-4a96-9a85-a6e23a8c635c,.NET 6.0,False,True,False,True,Default,Default,False,False,True,Default,Default,Default,Default,Default,Default,Default,1,Default,Default,Default,Default,Default,Default,Default,Default,Default,16,Default,DotNetTips.Spargine.Extensions.BenchmarkTests,"Collections,**FOR COMPARISON**,**NEW**",2500,"14,867.85 μs",384.144 μs,"1,108.344 μs",113.120 μs,"14,476.59 μs","13,459.94 μs","14,096.98 μs","15,508.18 μs","17,820.35 μs",67.26,384.1442 μs,96.00,3.247,2.000,1.0739,22,*,No,0 KB,203.1250,171.8750,109.3750,"5,762 KB"
ToObservableCollection,Job-EDKFXO,False,True,Default,Default,Default,Default,Default,1111,Empty,RyuJit,X64,8c5e7fda-e8bf-4a96-9a85-a6e23a8c635c,.NET 6.0,False,True,False,True,Default,Default,False,False,True,Default,Default,Default,Default,Default,Default,Default,1,Default,Default,Default,Default,Default,Default,Default,Default,Default,16,Default,DotNetTips.Spargine.Extensions.BenchmarkTests,Collections,10,63.19 μs,5.638 μs,16.536 μs,1.662 μs,61.33 μs,42.89 μs,47.74 μs,72.15 μs,104.71 μs,"15,825.13",5.6382 μs,99.00,2.501,3.750,0.6230,5,*,No,0 KB,2.1973,-,-,19 KB
ToObservableCollection,Job-EDKFXO,False,True,Default,Default,Default,Default,Default,1111,Empty,RyuJit,X64,8c5e7fda-e8bf-4a96-9a85-a6e23a8c635c,.NET 6.0,False,True,False,True,Default,Default,False,False,True,Default,Default,Default,Default,Default,Default,Default,1,Default,Default,Default,Default,Default,Default,Default,Default,Default,16,Default,DotNetTips.Spargine.Extensions.BenchmarkTests,Collections,25,138.39 μs,7.422 μs,21.885 μs,2.188 μs,133.35 μs,114.17 μs,118.89 μs,150.94 μs,197.32 μs,"7,225.88",7.4223 μs,100.00,2.518,2.739,0.7608,9,*,No,0 KB,5.3711,0.3662,-,47 KB
ToObservableCollection,Job-EDKFXO,False,True,Default,Default,Default,Default,Default,1111,Empty,RyuJit,X64,8c5e7fda-e8bf-4a96-9a85-a6e23a8c635c,.NET 6.0,False,True,False,True,Default,Default,False,False,True,Default,Default,Default,Default,Default,Default,Default,1,Default,Default,Default,Default,Default,Default,Default,Default,Default,16,Default,DotNetTips.Spargine.Extensions.BenchmarkTests,Collections,50,256.36 μs,5.886 μs,16.014 μs,1.727 μs,251.68 μs,238.13 μs,245.01 μs,260.67 μs,310.41 μs,"3,900.75",5.8864 μs,86.00,5.284,2.000,1.6195,12,*,No,0 KB,10.2539,-,-,93 KB
ToObservableCollection,Job-EDKFXO,False,True,Default,Default,Default,Default,Default,1111,Empty,RyuJit,X64,8c5e7fda-e8bf-4a96-9a85-a6e23a8c635c,.NET 6.0,False,True,False,True,Default,Default,False,False,True,Default,Default,Default,Default,Default,Default,Default,1,Default,Default,Default,Default,Default,Default,Default,Default,Default,16,Default,DotNetTips.Spargine.Extensions.BenchmarkTests,Collections,100,645.16 μs,14.519 μs,41.423 μs,4.272 μs,645.39 μs,561.22 μs,613.88 μs,672.00 μs,761.30 μs,"1,550.01",14.5188 μs,94.00,2.743,2.667,0.2977,15,*,No,0 KB,19.5313,14.6484,10.7422,185 KB
ToObservableCollection,Job-EDKFXO,False,True,Default,Default,Default,Default,Default,1111,Empty,RyuJit,X64,8c5e7fda-e8bf-4a96-9a85-a6e23a8c635c,.NET 6.0,False,True,False,True,Default,Default,False,False,True,Default,Default,Default,Default,Default,Default,Default,1,Default,Default,Default,Default,Default,Default,Default,Default,Default,16,Default,DotNetTips.Spargine.Extensions.BenchmarkTests,Collections,250,"1,492.70 μs",38.410 μs,110.206 μs,11.307 μs,"1,472.97 μs","1,274.03 μs","1,420.12 μs","1,556.54 μs","1,771.21 μs",669.93,38.4102 μs,95.00,2.850,2.000,0.5145,18,*,No,0 KB,44.9219,33.2031,23.4375,459 KB
ToObservableCollection,Job-EDKFXO,False,True,Default,Default,Default,Default,Default,1111,Empty,RyuJit,X64,8c5e7fda-e8bf-4a96-9a85-a6e23a8c635c,.NET 6.0,False,True,False,True,Default,Default,False,False,True,Default,Default,Default,Default,Default,Default,Default,1,Default,Default,Default,Default,Default,Default,Default,Default,Default,16,Default,DotNetTips.Spargine.Extensions.BenchmarkTests,Collections,500,"3,296.37 μs",95.410 μs,278.315 μs,28.114 μs,"3,249.40 μs","2,676.38 μs","3,089.17 μs","3,441.65 μs","4,017.11 μs",303.36,95.4098 μs,98.00,2.906,2.400,0.5768,19,*,No,0 KB,54.6875,46.8750,39.0625,917 KB
ToObservableCollection,Job-EDKFXO,False,True,Default,Default,Default,Default,Default,1111,Empty,RyuJit,X64,8c5e7fda-e8bf-4a96-9a85-a6e23a8c635c,.NET 6.0,False,True,False,True,Default,Default,False,False,True,Default,Default,Default,Default,Default,Default,Default,1,Default,Default,Default,Default,Default,Default,Default,Default,Default,16,Default,DotNetTips.Spargine.Extensions.BenchmarkTests,Collections,1000,"6,536.10 μs",201.505 μs,574.905 μs,59.297 μs,"6,474.58 μs","5,326.51 μs","6,234.71 μs","6,833.68 μs","7,893.16 μs",153.00,201.5050 μs,94.00,2.905,2.222,0.2405,21,*,No,0 KB,156.2500,140.6250,132.8125,"2,304 KB"
ToObservableCollection,Job-EDKFXO,False,True,Default,Default,Default,Default,Default,1111,Empty,RyuJit,X64,8c5e7fda-e8bf-4a96-9a85-a6e23a8c635c,.NET 6.0,False,True,False,True,Default,Default,False,False,True,Default,Default,Default,Default,Default,Default,Default,1,Default,Default,Default,Default,Default,Default,Default,Default,Default,16,Default,DotNetTips.Spargine.Extensions.BenchmarkTests,Collections,2500,"18,983.84 μs",787.098 μs,"2,283.514 μs",231.856 μs,"18,976.50 μs","13,888.18 μs","17,551.61 μs","20,361.46 μs","25,168.21 μs",52.68,787.0979 μs,97.00,3.024,3.636,0.1647,23,*,No,0 KB,125.0000,93.7500,93.7500,"5,784 KB"
ToReadOnlyCollection,Job-EDKFXO,False,True,Default,Default,Default,Default,Default,1111,Empty,RyuJit,X64,8c5e7fda-e8bf-4a96-9a85-a6e23a8c635c,.NET 6.0,False,True,False,True,Default,Default,False,False,True,Default,Default,Default,Default,Default,Default,Default,1,Default,Default,Default,Default,Default,Default,Default,Default,Default,16,Default,DotNetTips.Spargine.Extensions.BenchmarkTests,Collections,10,78.01 μs,5.131 μs,15.130 μs,1.513 μs,77.75 μs,50.92 μs,66.15 μs,87.69 μs,110.24 μs,"12,818.93",5.1315 μs,100.00,2.300,2.000,0.2703,6,*,No,0 KB,2.1973,-,-,19 KB
ToReadOnlyCollection,Job-EDKFXO,False,True,Default,Default,Default,Default,Default,1111,Empty,RyuJit,X64,8c5e7fda-e8bf-4a96-9a85-a6e23a8c635c,.NET 6.0,False,True,False,True,Default,Default,False,False,True,Default,Default,Default,Default,Default,Default,Default,1,Default,Default,Default,Default,Default,Default,Default,Default,Default,16,Default,DotNetTips.Spargine.Extensions.BenchmarkTests,Collections,25,128.71 μs,5.797 μs,17.003 μs,1.709 μs,122.61 μs,111.14 μs,114.92 μs,141.90 μs,182.28 μs,"7,769.20",5.7974 μs,99.00,2.971,2.500,0.9754,9,*,No,0 KB,5.2490,0.3662,-,47 KB
ToReadOnlyCollection,Job-EDKFXO,False,True,Default,Default,Default,Default,Default,1111,Empty,RyuJit,X64,8c5e7fda-e8bf-4a96-9a85-a6e23a8c635c,.NET 6.0,False,True,False,True,Default,Default,False,False,True,Default,Default,Default,Default,Default,Default,Default,1,Default,Default,Default,Default,Default,Default,Default,Default,Default,16,Default,DotNetTips.Spargine.Extensions.BenchmarkTests,Collections,50,265.30 μs,11.185 μs,31.913 μs,3.292 μs,250.01 μs,236.70 μs,243.95 μs,280.36 μs,366.10 μs,"3,769.37",11.1854 μs,94.00,3.734,2.235,1.3474,12,*,No,0 KB,10.7422,-,-,93 KB
ToReadOnlyCollection,Job-EDKFXO,False,True,Default,Default,Default,Default,Default,1111,Empty,RyuJit,X64,8c5e7fda-e8bf-4a96-9a85-a6e23a8c635c,.NET 6.0,False,True,False,True,Default,Default,False,False,True,Default,Default,Default,Default,Default,Default,Default,1,Default,Default,Default,Default,Default,Default,Default,Default,Default,16,Default,DotNetTips.Spargine.Extensions.BenchmarkTests,Collections,100,682.19 μs,21.551 μs,62.865 μs,6.350 μs,672.30 μs,577.81 μs,640.57 μs,726.13 μs,837.95 μs,"1,465.86",21.5510 μs,98.00,2.500,2.741,0.4426,15,*,No,0 KB,19.5313,15.6250,10.7422,183 KB
ToReadOnlyCollection,Job-EDKFXO,False,True,Default,Default,Default,Default,Default,1111,Empty,RyuJit,X64,8c5e7fda-e8bf-4a96-9a85-a6e23a8c635c,.NET 6.0,False,True,False,True,Default,Default,False,False,True,Default,Default,Default,Default,Default,Default,Default,1,Default,Default,Default,Default,Default,Default,Default,Default,Default,16,Default,DotNetTips.Spargine.Extensions.BenchmarkTests,Collections,250,"1,657.44 μs",72.211 μs,210.642 μs,21.278 μs,"1,588.16 μs","1,363.48 μs","1,491.28 μs","1,795.54 μs","2,155.87 μs",603.34,72.2105 μs,98.00,2.471,2.424,0.7894,18,*,No,0 KB,44.9219,33.2031,21.4844,457 KB
ToReadOnlyCollection,Job-EDKFXO,False,True,Default,Default,Default,Default,Default,1111,Empty,RyuJit,X64,8c5e7fda-e8bf-4a96-9a85-a6e23a8c635c,.NET 6.0,False,True,False,True,Default,Default,False,False,True,Default,Default,Default,Default,Default,Default,Default,1,Default,Default,Default,Default,Default,Default,Default,Default,Default,16,Default,DotNetTips.Spargine.Extensions.BenchmarkTests,Collections,500,"3,459.04 μs",102.911 μs,303.434 μs,30.343 μs,"3,367.48 μs","2,945.45 μs","3,223.31 μs","3,687.98 μs","4,144.66 μs",289.10,102.9105 μs,100.00,2.121,3.133,0.4690,19,*,No,0 KB,58.5938,58.5938,46.8750,914 KB
ToReadOnlyCollection,Job-EDKFXO,False,True,Default,Default,Default,Default,Default,1111,Empty,RyuJit,X64,8c5e7fda-e8bf-4a96-9a85-a6e23a8c635c,.NET 6.0,False,True,False,True,Default,Default,False,False,True,Default,Default,Default,Default,Default,Default,Default,1,Default,Default,Default,Default,Default,Default,Default,Default,Default,16,Default,DotNetTips.Spargine.Extensions.BenchmarkTests,Collections,1000,"6,716.05 μs",205.087 μs,598.250 μs,60.432 μs,"6,604.37 μs","5,551.55 μs","6,299.92 μs","7,042.85 μs","8,087.71 μs",148.90,205.0874 μs,98.00,2.435,2.375,0.4941,21,*,No,0 KB,148.4375,140.6250,125.0000,"2,297 KB"
ToReadOnlyCollection,Job-EDKFXO,False,True,Default,Default,Default,Default,Default,1111,Empty,RyuJit,X64,8c5e7fda-e8bf-4a96-9a85-a6e23a8c635c,.NET 6.0,False,True,False,True,Default,Default,False,False,True,Default,Default,Default,Default,Default,Default,Default,1,Default,Default,Default,Default,Default,Default,Default,Default,Default,16,Default,DotNetTips.Spargine.Extensions.BenchmarkTests,Collections,2500,"15,903.08 μs",602.107 μs,"1,765.877 μs",177.477 μs,"15,337.35 μs","13,335.63 μs","14,374.67 μs","17,017.23 μs","20,267.65 μs",62.88,602.1074 μs,99.00,2.405,2.000,0.7138,22,*,No,0 KB,125.0000,109.3750,93.7500,"5,763 KB"
TryGetNonEnumeratedCount,Job-EDKFXO,False,True,Default,Default,Default,Default,Default,1111,Empty,RyuJit,X64,8c5e7fda-e8bf-4a96-9a85-a6e23a8c635c,.NET 6.0,False,True,False,True,Default,Default,False,False,True,Default,Default,Default,Default,Default,Default,Default,1,Default,Default,Default,Default,Default,Default,Default,Default,Default,16,Default,DotNetTips.Spargine.Extensions.BenchmarkTests,"Collections,**NEW**",10,53.21 μs,2.796 μs,8.245 μs,0.825 μs,49.17 μs,43.33 μs,46.78 μs,59.30 μs,73.09 μs,"18,792.95",2.7964 μs,100.00,2.381,2.653,0.8536,4,*,No,1 KB,2.1973,-,-,19 KB
TryGetNonEnumeratedCount,Job-EDKFXO,False,True,Default,Default,Default,Default,Default,1111,Empty,RyuJit,X64,8c5e7fda-e8bf-4a96-9a85-a6e23a8c635c,.NET 6.0,False,True,False,True,Default,Default,False,False,True,Default,Default,Default,Default,Default,Default,Default,1,Default,Default,Default,Default,Default,Default,Default,Default,Default,16,Default,DotNetTips.Spargine.Extensions.BenchmarkTests,"Collections,**NEW**",25,126.12 μs,4.609 μs,13.589 μs,1.359 μs,120.57 μs,109.06 μs,115.76 μs,136.40 μs,164.05 μs,"7,928.93",4.6088 μs,100.00,3.049,2.681,1.0515,9,*,No,1 KB,5.1270,0.2441,-,47 KB
TryGetNonEnumeratedCount,Job-EDKFXO,False,True,Default,Default,Default,Default,Default,1111,Empty,RyuJit,X64,8c5e7fda-e8bf-4a96-9a85-a6e23a8c635c,.NET 6.0,False,True,False,True,Default,Default,False,False,True,Default,Default,Default,Default,Default,Default,Default,1,Default,Default,Default,Default,Default,Default,Default,Default,Default,16,Default,DotNetTips.Spargine.Extensions.BenchmarkTests,"Collections,**NEW**",50,243.48 μs,4.472 μs,3.964 μs,1.060 μs,244.13 μs,235.43 μs,241.05 μs,246.49 μs,249.71 μs,"4,107.18",4.4721 μs,14.00,2.058,2.000,-0.3713,11,*,No,1 KB,10.7422,1.4648,-,92 KB
TryGetNonEnumeratedCount,Job-EDKFXO,False,True,Default,Default,Default,Default,Default,1111,Empty,RyuJit,X64,8c5e7fda-e8bf-4a96-9a85-a6e23a8c635c,.NET 6.0,False,True,False,True,Default,Default,False,False,True,Default,Default,Default,Default,Default,Default,Default,1,Default,Default,Default,Default,Default,Default,Default,Default,Default,16,Default,DotNetTips.Spargine.Extensions.BenchmarkTests,"Collections,**NEW**",100,642.34 μs,14.373 μs,41.470 μs,4.233 μs,645.44 μs,555.21 μs,614.96 μs,669.79 μs,746.87 μs,"1,556.82",14.3732 μs,96.00,2.626,2.077,0.0500,15,*,No,1 KB,18.5547,11.7188,10.7422,184 KB
TryGetNonEnumeratedCount,Job-EDKFXO,False,True,Default,Default,Default,Default,Default,1111,Empty,RyuJit,X64,8c5e7fda-e8bf-4a96-9a85-a6e23a8c635c,.NET 6.0,False,True,False,True,Default,Default,False,False,True,Default,Default,Default,Default,Default,Default,Default,1,Default,Default,Default,Default,Default,Default,Default,Default,Default,16,Default,DotNetTips.Spargine.Extensions.BenchmarkTests,"Collections,**NEW**",250,"1,709.80 μs",73.573 μs,215.776 μs,21.686 μs,"1,683.36 μs","1,339.70 μs","1,558.20 μs","1,834.05 μs","2,271.90 μs",584.86,73.5726 μs,99.00,2.667,5.154,0.5109,18,*,No,1 KB,23.4375,21.4844,21.4844,457 KB
TryGetNonEnumeratedCount,Job-EDKFXO,False,True,Default,Default,Default,Default,Default,1111,Empty,RyuJit,X64,8c5e7fda-e8bf-4a96-9a85-a6e23a8c635c,.NET 6.0,False,True,False,True,Default,Default,False,False,True,Default,Default,Default,Default,Default,Default,Default,1,Default,Default,Default,Default,Default,Default,Default,Default,Default,16,Default,DotNetTips.Spargine.Extensions.BenchmarkTests,"Collections,**NEW**",500,"3,404.65 μs",110.574 μs,320.796 μs,32.572 μs,"3,312.69 μs","2,713.20 μs","3,167.00 μs","3,627.77 μs","4,203.83 μs",293.72,110.5742 μs,97.00,2.342,3.152,0.4764,19,*,No,1 KB,54.6875,46.8750,46.8750,913 KB
TryGetNonEnumeratedCount,Job-EDKFXO,False,True,Default,Default,Default,Default,Default,1111,Empty,RyuJit,X64,8c5e7fda-e8bf-4a96-9a85-a6e23a8c635c,.NET 6.0,False,True,False,True,Default,Default,False,False,True,Default,Default,Default,Default,Default,Default,Default,1,Default,Default,Default,Default,Default,Default,Default,Default,Default,16,Default,DotNetTips.Spargine.Extensions.BenchmarkTests,"Collections,**NEW**",1000,"5,894.98 μs",163.772 μs,456.530 μs,48.123 μs,"5,804.44 μs","5,220.06 μs","5,548.10 μs","6,142.15 μs","7,253.36 μs",169.64,163.7718 μs,90.00,3.723,2.160,1.0423,20,*,No,1 KB,148.4375,132.8125,109.3750,"2,297 KB"
TryGetNonEnumeratedCount,Job-EDKFXO,False,True,Default,Default,Default,Default,Default,1111,Empty,RyuJit,X64,8c5e7fda-e8bf-4a96-9a85-a6e23a8c635c,.NET 6.0,False,True,False,True,Default,Default,False,False,True,Default,Default,Default,Default,Default,Default,Default,1,Default,Default,Default,Default,Default,Default,Default,Default,Default,16,Default,DotNetTips.Spargine.Extensions.BenchmarkTests,"Collections,**NEW**",2500,"15,955.92 μs",589.711 μs,"1,691.993 μs",173.595 μs,"15,795.73 μs","13,545.90 μs","14,508.56 μs","16,885.00 μs","19,835.42 μs",62.67,589.7114 μs,95.00,2.395,4.077,0.6125,22,*,No,1 KB,156.2500,125.0000,93.7500,"5,768 KB"
