Target,Target_Namespace,Target_Type,Target_Method,Job_Id,Job_AnalyzeLaunchVariance,Job_EvaluateOverhead,Job_MaxAbsoluteError,Job_MaxRelativeError,Job_MinInvokeCount,Job_MinIterationTime,Job_OutlierMode,Job_Affinity,Job_EnvironmentVariables,Job_Jit,Job_Platform,Job_PowerPlanMode,Job_Runtime,Job_AllowVeryLargeObjects,Job_Concurrent,Job_CpuGroups,Job_Force,Job_HeapAffinitizeMask,Job_HeapCount,Job_NoAffinitize,Job_RetainVm,Job_Server,Job_Arguments,Job_BuildConfiguration,Job_Clock,Job_EngineFactory,Job_NuGetReferences,Job_Toolchain,Job_IsMutator,Job_InvocationCount,Job_IterationCount,Job_IterationTime,Job_LaunchCount,Job_MaxIterationCount,Job_MaxWarmupIterationCount,Job_MemoryRandomization,Job_MinIterationCount,Job_MinWarmupIterationCount,Job_RunStrategy,Job_UnrollFactor,Job_WarmupCount,Job_Display,Params,Measurement_LaunchIndex,Measurement_IterationMode,Measurement_IterationStage,Measurement_IterationIndex,Measurement_Nanoseconds,Measurement_Operations,Measurement_Value,Gen_0,Gen_1,Gen_2,Allocated_Bytes
GeneralBenchmark.'Equals: Guid',DotNetTips.Spargine.Extensions.BenchmarkTests,GeneralBenchmark,'Equals: Guid',Job-NFVFZF,Default,True,Default,Default,Default,Default,Default,Default,Default,Default,Default,Default,.NET 6.0,Default,Default,Default,Default,Default,Default,Default,Default,True,Default,Default,Default,Default,Default,Default,Default,Default,Default,Default,Default,Default,Default,Default,Default,Default,Default,Default,Default,"Job-NFVFZF(EvaluateOverhead=True, Runtime=.NET 6.0, Server=True)",,1,Overhead,Jitting,1,229700,1,229700,0,0,0,0
GeneralBenchmark.'Equals: Guid',DotNetTips.Spargine.Extensions.BenchmarkTests,GeneralBenchmark,'Equals: Guid',Job-NFVFZF,Default,True,Default,Default,Default,Default,Default,Default,Default,Default,Default,Default,.NET 6.0,Default,Default,Default,Default,Default,Default,Default,Default,True,Default,Default,Default,Default,Default,Default,Default,Default,Default,Default,Default,Default,Default,Default,Default,Default,Default,Default,Default,"Job-NFVFZF(EvaluateOverhead=True, Runtime=.NET 6.0, Server=True)",,1,Workload,Jitting,1,318500,1,318500,0,0,0,0
GeneralBenchmark.'Equals: Guid',DotNetTips.Spargine.Extensions.BenchmarkTests,GeneralBenchmark,'Equals: Guid',Job-NFVFZF,Default,True,Default,Default,Default,Default,Default,Default,Default,Default,Default,Default,.NET 6.0,Default,Default,Default,Default,Default,Default,Default,Default,True,Default,Default,Default,Default,Default,Default,Default,Default,Default,Default,Default,Default,Default,Default,Default,Default,Default,Default,Default,"Job-NFVFZF(EvaluateOverhead=True, Runtime=.NET 6.0, Server=True)",,1,Overhead,Jitting,2,602200,16,37637.5,0,0,0,0
GeneralBenchmark.'Equals: Guid',DotNetTips.Spargine.Extensions.BenchmarkTests,GeneralBenchmark,'Equals: Guid',Job-NFVFZF,Default,True,Default,Default,Default,Default,Default,Default,Default,Default,Default,Default,.NET 6.0,Default,Default,Default,Default,Default,Default,Default,Default,True,Default,Default,Default,Default,Default,Default,Default,Default,Default,Default,Default,Default,Default,Default,Default,Default,Default,Default,Default,"Job-NFVFZF(EvaluateOverhead=True, Runtime=.NET 6.0, Server=True)",,1,Workload,Jitting,2,271500,16,16968.75,0,0,0,0
GeneralBenchmark.'Equals: Guid',DotNetTips.Spargine.Extensions.BenchmarkTests,GeneralBenchmark,'Equals: Guid',Job-NFVFZF,Default,True,Default,Default,Default,Default,Default,Default,Default,Default,Default,Default,.NET 6.0,Default,Default,Default,Default,Default,Default,Default,Default,True,Default,Default,Default,Default,Default,Default,Default,Default,Default,Default,Default,Default,Default,Default,Default,Default,Default,Default,Default,"Job-NFVFZF(EvaluateOverhead=True, Runtime=.NET 6.0, Server=True)",,1,Workload,Pilot,1,1100,16,68.75,0,0,0,0
GeneralBenchmark.'Equals: Guid',DotNetTips.Spargine.Extensions.BenchmarkTests,GeneralBenchmark,'Equals: Guid',Job-NFVFZF,Default,True,Default,Default,Default,Default,Default,Default,Default,Default,Default,Default,.NET 6.0,Default,Default,Default,Default,Default,Default,Default,Default,True,Default,Default,Default,Default,Default,Default,Default,Default,Default,Default,Default,Default,Default,Default,Default,Default,Default,Default,Default,"Job-NFVFZF(EvaluateOverhead=True, Runtime=.NET 6.0, Server=True)",,1,Workload,Pilot,2,1400,32,43.75,0,0,0,0
GeneralBenchmark.'Equals: Guid',DotNetTips.Spargine.Extensions.BenchmarkTests,GeneralBenchmark,'Equals: Guid',Job-NFVFZF,Default,True,Default,Default,Default,Default,Default,Default,Default,Default,Default,Default,.NET 6.0,Default,Default,Default,Default,Default,Default,Default,Default,True,Default,Default,Default,Default,Default,Default,Default,Default,Default,Default,Default,Default,Default,Default,Default,Default,Default,Default,Default,"Job-NFVFZF(EvaluateOverhead=True, Runtime=.NET 6.0, Server=True)",,1,Workload,Pilot,3,1600,64,25,0,0,0,0
GeneralBenchmark.'Equals: Guid',DotNetTips.Spargine.Extensions.BenchmarkTests,GeneralBenchmark,'Equals: Guid',Job-NFVFZF,Default,True,Default,Default,Default,Default,Default,Default,Default,Default,Default,Default,.NET 6.0,Default,Default,Default,Default,Default,Default,Default,Default,True,Default,Default,Default,Default,Default,Default,Default,Default,Default,Default,Default,Default,Default,Default,Default,Default,Default,Default,Default,"Job-NFVFZF(EvaluateOverhead=True, Runtime=.NET 6.0, Server=True)",,1,Workload,Pilot,4,2800,128,21.88,0,0,0,0
GeneralBenchmark.'Equals: Guid',DotNetTips.Spargine.Extensions.BenchmarkTests,GeneralBenchmark,'Equals: Guid',Job-NFVFZF,Default,True,Default,Default,Default,Default,Default,Default,Default,Default,Default,Default,.NET 6.0,Default,Default,Default,Default,Default,Default,Default,Default,True,Default,Default,Default,Default,Default,Default,Default,Default,Default,Default,Default,Default,Default,Default,Default,Default,Default,Default,Default,"Job-NFVFZF(EvaluateOverhead=True, Runtime=.NET 6.0, Server=True)",,1,Workload,Pilot,5,4500,256,17.58,0,0,0,0
GeneralBenchmark.'Equals: Guid',DotNetTips.Spargine.Extensions.BenchmarkTests,GeneralBenchmark,'Equals: Guid',Job-NFVFZF,Default,True,Default,Default,Default,Default,Default,Default,Default,Default,Default,Default,.NET 6.0,Default,Default,Default,Default,Default,Default,Default,Default,True,Default,Default,Default,Default,Default,Default,Default,Default,Default,Default,Default,Default,Default,Default,Default,Default,Default,Default,Default,"Job-NFVFZF(EvaluateOverhead=True, Runtime=.NET 6.0, Server=True)",,1,Workload,Pilot,6,8700,512,16.99,0,0,0,0
GeneralBenchmark.'Equals: Guid',DotNetTips.Spargine.Extensions.BenchmarkTests,GeneralBenchmark,'Equals: Guid',Job-NFVFZF,Default,True,Default,Default,Default,Default,Default,Default,Default,Default,Default,Default,.NET 6.0,Default,Default,Default,Default,Default,Default,Default,Default,True,Default,Default,Default,Default,Default,Default,Default,Default,Default,Default,Default,Default,Default,Default,Default,Default,Default,Default,Default,"Job-NFVFZF(EvaluateOverhead=True, Runtime=.NET 6.0, Server=True)",,1,Workload,Pilot,7,15000,1024,14.65,0,0,0,0
GeneralBenchmark.'Equals: Guid',DotNetTips.Spargine.Extensions.BenchmarkTests,GeneralBenchmark,'Equals: Guid',Job-NFVFZF,Default,True,Default,Default,Default,Default,Default,Default,Default,Default,Default,Default,.NET 6.0,Default,Default,Default,Default,Default,Default,Default,Default,True,Default,Default,Default,Default,Default,Default,Default,Default,Default,Default,Default,Default,Default,Default,Default,Default,Default,Default,Default,"Job-NFVFZF(EvaluateOverhead=True, Runtime=.NET 6.0, Server=True)",,1,Workload,Pilot,8,26700,2048,13.04,0,0,0,0
GeneralBenchmark.'Equals: Guid',DotNetTips.Spargine.Extensions.BenchmarkTests,GeneralBenchmark,'Equals: Guid',Job-NFVFZF,Default,True,Default,Default,Default,Default,Default,Default,Default,Default,Default,Default,.NET 6.0,Default,Default,Default,Default,Default,Default,Default,Default,True,Default,Default,Default,Default,Default,Default,Default,Default,Default,Default,Default,Default,Default,Default,Default,Default,Default,Default,Default,"Job-NFVFZF(EvaluateOverhead=True, Runtime=.NET 6.0, Server=True)",,1,Workload,Pilot,9,56800,4096,13.87,0,0,0,0
GeneralBenchmark.'Equals: Guid',DotNetTips.Spargine.Extensions.BenchmarkTests,GeneralBenchmark,'Equals: Guid',Job-NFVFZF,Default,True,Default,Default,Default,Default,Default,Default,Default,Default,Default,Default,.NET 6.0,Default,Default,Default,Default,Default,Default,Default,Default,True,Default,Default,Default,Default,Default,Default,Default,Default,Default,Default,Default,Default,Default,Default,Default,Default,Default,Default,Default,"Job-NFVFZF(EvaluateOverhead=True, Runtime=.NET 6.0, Server=True)",,1,Workload,Pilot,10,133200,8192,16.26,0,0,0,0
GeneralBenchmark.'Equals: Guid',DotNetTips.Spargine.Extensions.BenchmarkTests,GeneralBenchmark,'Equals: Guid',Job-NFVFZF,Default,True,Default,Default,Default,Default,Default,Default,Default,Default,Default,Default,.NET 6.0,Default,Default,Default,Default,Default,Default,Default,Default,True,Default,Default,Default,Default,Default,Default,Default,Default,Default,Default,Default,Default,Default,Default,Default,Default,Default,Default,Default,"Job-NFVFZF(EvaluateOverhead=True, Runtime=.NET 6.0, Server=True)",,1,Workload,Pilot,11,258200,16384,15.76,0,0,0,0
GeneralBenchmark.'Equals: Guid',DotNetTips.Spargine.Extensions.BenchmarkTests,GeneralBenchmark,'Equals: Guid',Job-NFVFZF,Default,True,Default,Default,Default,Default,Default,Default,Default,Default,Default,Default,.NET 6.0,Default,Default,Default,Default,Default,Default,Default,Default,True,Default,Default,Default,Default,Default,Default,Default,Default,Default,Default,Default,Default,Default,Default,Default,Default,Default,Default,Default,"Job-NFVFZF(EvaluateOverhead=True, Runtime=.NET 6.0, Server=True)",,1,Workload,Pilot,12,525000,32768,16.02,0,0,0,0
GeneralBenchmark.'Equals: Guid',DotNetTips.Spargine.Extensions.BenchmarkTests,GeneralBenchmark,'Equals: Guid',Job-NFVFZF,Default,True,Default,Default,Default,Default,Default,Default,Default,Default,Default,Default,.NET 6.0,Default,Default,Default,Default,Default,Default,Default,Default,True,Default,Default,Default,Default,Default,Default,Default,Default,Default,Default,Default,Default,Default,Default,Default,Default,Default,Default,Default,"Job-NFVFZF(EvaluateOverhead=True, Runtime=.NET 6.0, Server=True)",,1,Workload,Pilot,13,794800,65536,12.13,0,0,0,0
GeneralBenchmark.'Equals: Guid',DotNetTips.Spargine.Extensions.BenchmarkTests,GeneralBenchmark,'Equals: Guid',Job-NFVFZF,Default,True,Default,Default,Default,Default,Default,Default,Default,Default,Default,Default,.NET 6.0,Default,Default,Default,Default,Default,Default,Default,Default,True,Default,Default,Default,Default,Default,Default,Default,Default,Default,Default,Default,Default,Default,Default,Default,Default,Default,Default,Default,"Job-NFVFZF(EvaluateOverhead=True, Runtime=.NET 6.0, Server=True)",,1,Workload,Pilot,14,1556700,131072,11.88,0,0,0,0
GeneralBenchmark.'Equals: Guid',DotNetTips.Spargine.Extensions.BenchmarkTests,GeneralBenchmark,'Equals: Guid',Job-NFVFZF,Default,True,Default,Default,Default,Default,Default,Default,Default,Default,Default,Default,.NET 6.0,Default,Default,Default,Default,Default,Default,Default,Default,True,Default,Default,Default,Default,Default,Default,Default,Default,Default,Default,Default,Default,Default,Default,Default,Default,Default,Default,Default,"Job-NFVFZF(EvaluateOverhead=True, Runtime=.NET 6.0, Server=True)",,1,Workload,Pilot,15,2718600,262144,10.37,0,0,0,0
GeneralBenchmark.'Equals: Guid',DotNetTips.Spargine.Extensions.BenchmarkTests,GeneralBenchmark,'Equals: Guid',Job-NFVFZF,Default,True,Default,Default,Default,Default,Default,Default,Default,Default,Default,Default,.NET 6.0,Default,Default,Default,Default,Default,Default,Default,Default,True,Default,Default,Default,Default,Default,Default,Default,Default,Default,Default,Default,Default,Default,Default,Default,Default,Default,Default,Default,"Job-NFVFZF(EvaluateOverhead=True, Runtime=.NET 6.0, Server=True)",,1,Workload,Pilot,16,5972400,524288,11.39,0,0,0,0
GeneralBenchmark.'Equals: Guid',DotNetTips.Spargine.Extensions.BenchmarkTests,GeneralBenchmark,'Equals: Guid',Job-NFVFZF,Default,True,Default,Default,Default,Default,Default,Default,Default,Default,Default,Default,.NET 6.0,Default,Default,Default,Default,Default,Default,Default,Default,True,Default,Default,Default,Default,Default,Default,Default,Default,Default,Default,Default,Default,Default,Default,Default,Default,Default,Default,Default,"Job-NFVFZF(EvaluateOverhead=True, Runtime=.NET 6.0, Server=True)",,1,Workload,Pilot,17,10805600,1048576,10.31,0,0,0,0
GeneralBenchmark.'Equals: Guid',DotNetTips.Spargine.Extensions.BenchmarkTests,GeneralBenchmark,'Equals: Guid',Job-NFVFZF,Default,True,Default,Default,Default,Default,Default,Default,Default,Default,Default,Default,.NET 6.0,Default,Default,Default,Default,Default,Default,Default,Default,True,Default,Default,Default,Default,Default,Default,Default,Default,Default,Default,Default,Default,Default,Default,Default,Default,Default,Default,Default,"Job-NFVFZF(EvaluateOverhead=True, Runtime=.NET 6.0, Server=True)",,1,Workload,Pilot,18,21829200,2097152,10.41,0,0,0,0
GeneralBenchmark.'Equals: Guid',DotNetTips.Spargine.Extensions.BenchmarkTests,GeneralBenchmark,'Equals: Guid',Job-NFVFZF,Default,True,Default,Default,Default,Default,Default,Default,Default,Default,Default,Default,.NET 6.0,Default,Default,Default,Default,Default,Default,Default,Default,True,Default,Default,Default,Default,Default,Default,Default,Default,Default,Default,Default,Default,Default,Default,Default,Default,Default,Default,Default,"Job-NFVFZF(EvaluateOverhead=True, Runtime=.NET 6.0, Server=True)",,1,Workload,Pilot,19,45479900,4194304,10.84,0,0,0,0
GeneralBenchmark.'Equals: Guid',DotNetTips.Spargine.Extensions.BenchmarkTests,GeneralBenchmark,'Equals: Guid',Job-NFVFZF,Default,True,Default,Default,Default,Default,Default,Default,Default,Default,Default,Default,.NET 6.0,Default,Default,Default,Default,Default,Default,Default,Default,True,Default,Default,Default,Default,Default,Default,Default,Default,Default,Default,Default,Default,Default,Default,Default,Default,Default,Default,Default,"Job-NFVFZF(EvaluateOverhead=True, Runtime=.NET 6.0, Server=True)",,1,Workload,Pilot,20,78092700,8388608,9.31,0,0,0,0
GeneralBenchmark.'Equals: Guid',DotNetTips.Spargine.Extensions.BenchmarkTests,GeneralBenchmark,'Equals: Guid',Job-NFVFZF,Default,True,Default,Default,Default,Default,Default,Default,Default,Default,Default,Default,.NET 6.0,Default,Default,Default,Default,Default,Default,Default,Default,True,Default,Default,Default,Default,Default,Default,Default,Default,Default,Default,Default,Default,Default,Default,Default,Default,Default,Default,Default,"Job-NFVFZF(EvaluateOverhead=True, Runtime=.NET 6.0, Server=True)",,1,Workload,Pilot,21,53453400,16777216,3.19,0,0,0,0
GeneralBenchmark.'Equals: Guid',DotNetTips.Spargine.Extensions.BenchmarkTests,GeneralBenchmark,'Equals: Guid',Job-NFVFZF,Default,True,Default,Default,Default,Default,Default,Default,Default,Default,Default,Default,.NET 6.0,Default,Default,Default,Default,Default,Default,Default,Default,True,Default,Default,Default,Default,Default,Default,Default,Default,Default,Default,Default,Default,Default,Default,Default,Default,Default,Default,Default,"Job-NFVFZF(EvaluateOverhead=True, Runtime=.NET 6.0, Server=True)",,1,Workload,Pilot,22,105989600,33554432,3.16,0,0,0,0
GeneralBenchmark.'Equals: Guid',DotNetTips.Spargine.Extensions.BenchmarkTests,GeneralBenchmark,'Equals: Guid',Job-NFVFZF,Default,True,Default,Default,Default,Default,Default,Default,Default,Default,Default,Default,.NET 6.0,Default,Default,Default,Default,Default,Default,Default,Default,True,Default,Default,Default,Default,Default,Default,Default,Default,Default,Default,Default,Default,Default,Default,Default,Default,Default,Default,Default,"Job-NFVFZF(EvaluateOverhead=True, Runtime=.NET 6.0, Server=True)",,1,Workload,Pilot,23,195819900,67108864,2.92,0,0,0,0
GeneralBenchmark.'Equals: Guid',DotNetTips.Spargine.Extensions.BenchmarkTests,GeneralBenchmark,'Equals: Guid',Job-NFVFZF,Default,True,Default,Default,Default,Default,Default,Default,Default,Default,Default,Default,.NET 6.0,Default,Default,Default,Default,Default,Default,Default,Default,True,Default,Default,Default,Default,Default,Default,Default,Default,Default,Default,Default,Default,Default,Default,Default,Default,Default,Default,Default,"Job-NFVFZF(EvaluateOverhead=True, Runtime=.NET 6.0, Server=True)",,1,Workload,Pilot,24,387510100,134217728,2.89,0,0,0,0
GeneralBenchmark.'Equals: Guid',DotNetTips.Spargine.Extensions.BenchmarkTests,GeneralBenchmark,'Equals: Guid',Job-NFVFZF,Default,True,Default,Default,Default,Default,Default,Default,Default,Default,Default,Default,.NET 6.0,Default,Default,Default,Default,Default,Default,Default,Default,True,Default,Default,Default,Default,Default,Default,Default,Default,Default,Default,Default,Default,Default,Default,Default,Default,Default,Default,Default,"Job-NFVFZF(EvaluateOverhead=True, Runtime=.NET 6.0, Server=True)",,1,Workload,Pilot,25,751510700,268435456,2.8,0,0,0,0
GeneralBenchmark.'Equals: Guid',DotNetTips.Spargine.Extensions.BenchmarkTests,GeneralBenchmark,'Equals: Guid',Job-NFVFZF,Default,True,Default,Default,Default,Default,Default,Default,Default,Default,Default,Default,.NET 6.0,Default,Default,Default,Default,Default,Default,Default,Default,True,Default,Default,Default,Default,Default,Default,Default,Default,Default,Default,Default,Default,Default,Default,Default,Default,Default,Default,Default,"Job-NFVFZF(EvaluateOverhead=True, Runtime=.NET 6.0, Server=True)",,1,Overhead,Warmup,1,432204200,268435456,1.61,0,0,0,0
GeneralBenchmark.'Equals: Guid',DotNetTips.Spargine.Extensions.BenchmarkTests,GeneralBenchmark,'Equals: Guid',Job-NFVFZF,Default,True,Default,Default,Default,Default,Default,Default,Default,Default,Default,Default,.NET 6.0,Default,Default,Default,Default,Default,Default,Default,Default,True,Default,Default,Default,Default,Default,Default,Default,Default,Default,Default,Default,Default,Default,Default,Default,Default,Default,Default,Default,"Job-NFVFZF(EvaluateOverhead=True, Runtime=.NET 6.0, Server=True)",,1,Overhead,Warmup,2,398714400,268435456,1.49,0,0,0,0
GeneralBenchmark.'Equals: Guid',DotNetTips.Spargine.Extensions.BenchmarkTests,GeneralBenchmark,'Equals: Guid',Job-NFVFZF,Default,True,Default,Default,Default,Default,Default,Default,Default,Default,Default,Default,.NET 6.0,Default,Default,Default,Default,Default,Default,Default,Default,True,Default,Default,Default,Default,Default,Default,Default,Default,Default,Default,Default,Default,Default,Default,Default,Default,Default,Default,Default,"Job-NFVFZF(EvaluateOverhead=True, Runtime=.NET 6.0, Server=True)",,1,Overhead,Warmup,3,390282000,268435456,1.45,0,0,0,0
GeneralBenchmark.'Equals: Guid',DotNetTips.Spargine.Extensions.BenchmarkTests,GeneralBenchmark,'Equals: Guid',Job-NFVFZF,Default,True,Default,Default,Default,Default,Default,Default,Default,Default,Default,Default,.NET 6.0,Default,Default,Default,Default,Default,Default,Default,Default,True,Default,Default,Default,Default,Default,Default,Default,Default,Default,Default,Default,Default,Default,Default,Default,Default,Default,Default,Default,"Job-NFVFZF(EvaluateOverhead=True, Runtime=.NET 6.0, Server=True)",,1,Overhead,Warmup,4,402325200,268435456,1.5,0,0,0,0
GeneralBenchmark.'Equals: Guid',DotNetTips.Spargine.Extensions.BenchmarkTests,GeneralBenchmark,'Equals: Guid',Job-NFVFZF,Default,True,Default,Default,Default,Default,Default,Default,Default,Default,Default,Default,.NET 6.0,Default,Default,Default,Default,Default,Default,Default,Default,True,Default,Default,Default,Default,Default,Default,Default,Default,Default,Default,Default,Default,Default,Default,Default,Default,Default,Default,Default,"Job-NFVFZF(EvaluateOverhead=True, Runtime=.NET 6.0, Server=True)",,1,Overhead,Warmup,5,397802000,268435456,1.48,0,0,0,0
GeneralBenchmark.'Equals: Guid',DotNetTips.Spargine.Extensions.BenchmarkTests,GeneralBenchmark,'Equals: Guid',Job-NFVFZF,Default,True,Default,Default,Default,Default,Default,Default,Default,Default,Default,Default,.NET 6.0,Default,Default,Default,Default,Default,Default,Default,Default,True,Default,Default,Default,Default,Default,Default,Default,Default,Default,Default,Default,Default,Default,Default,Default,Default,Default,Default,Default,"Job-NFVFZF(EvaluateOverhead=True, Runtime=.NET 6.0, Server=True)",,1,Overhead,Warmup,6,407717100,268435456,1.52,0,0,0,0
GeneralBenchmark.'Equals: Guid',DotNetTips.Spargine.Extensions.BenchmarkTests,GeneralBenchmark,'Equals: Guid',Job-NFVFZF,Default,True,Default,Default,Default,Default,Default,Default,Default,Default,Default,Default,.NET 6.0,Default,Default,Default,Default,Default,Default,Default,Default,True,Default,Default,Default,Default,Default,Default,Default,Default,Default,Default,Default,Default,Default,Default,Default,Default,Default,Default,Default,"Job-NFVFZF(EvaluateOverhead=True, Runtime=.NET 6.0, Server=True)",,1,Overhead,Warmup,7,397316500,268435456,1.48,0,0,0,0
GeneralBenchmark.'Equals: Guid',DotNetTips.Spargine.Extensions.BenchmarkTests,GeneralBenchmark,'Equals: Guid',Job-NFVFZF,Default,True,Default,Default,Default,Default,Default,Default,Default,Default,Default,Default,.NET 6.0,Default,Default,Default,Default,Default,Default,Default,Default,True,Default,Default,Default,Default,Default,Default,Default,Default,Default,Default,Default,Default,Default,Default,Default,Default,Default,Default,Default,"Job-NFVFZF(EvaluateOverhead=True, Runtime=.NET 6.0, Server=True)",,1,Overhead,Actual,1,390561800,268435456,1.45,0,0,0,0
GeneralBenchmark.'Equals: Guid',DotNetTips.Spargine.Extensions.BenchmarkTests,GeneralBenchmark,'Equals: Guid',Job-NFVFZF,Default,True,Default,Default,Default,Default,Default,Default,Default,Default,Default,Default,.NET 6.0,Default,Default,Default,Default,Default,Default,Default,Default,True,Default,Default,Default,Default,Default,Default,Default,Default,Default,Default,Default,Default,Default,Default,Default,Default,Default,Default,Default,"Job-NFVFZF(EvaluateOverhead=True, Runtime=.NET 6.0, Server=True)",,1,Overhead,Actual,2,397660800,268435456,1.48,0,0,0,0
GeneralBenchmark.'Equals: Guid',DotNetTips.Spargine.Extensions.BenchmarkTests,GeneralBenchmark,'Equals: Guid',Job-NFVFZF,Default,True,Default,Default,Default,Default,Default,Default,Default,Default,Default,Default,.NET 6.0,Default,Default,Default,Default,Default,Default,Default,Default,True,Default,Default,Default,Default,Default,Default,Default,Default,Default,Default,Default,Default,Default,Default,Default,Default,Default,Default,Default,"Job-NFVFZF(EvaluateOverhead=True, Runtime=.NET 6.0, Server=True)",,1,Overhead,Actual,3,398300500,268435456,1.48,0,0,0,0
GeneralBenchmark.'Equals: Guid',DotNetTips.Spargine.Extensions.BenchmarkTests,GeneralBenchmark,'Equals: Guid',Job-NFVFZF,Default,True,Default,Default,Default,Default,Default,Default,Default,Default,Default,Default,.NET 6.0,Default,Default,Default,Default,Default,Default,Default,Default,True,Default,Default,Default,Default,Default,Default,Default,Default,Default,Default,Default,Default,Default,Default,Default,Default,Default,Default,Default,"Job-NFVFZF(EvaluateOverhead=True, Runtime=.NET 6.0, Server=True)",,1,Overhead,Actual,4,398278600,268435456,1.48,0,0,0,0
GeneralBenchmark.'Equals: Guid',DotNetTips.Spargine.Extensions.BenchmarkTests,GeneralBenchmark,'Equals: Guid',Job-NFVFZF,Default,True,Default,Default,Default,Default,Default,Default,Default,Default,Default,Default,.NET 6.0,Default,Default,Default,Default,Default,Default,Default,Default,True,Default,Default,Default,Default,Default,Default,Default,Default,Default,Default,Default,Default,Default,Default,Default,Default,Default,Default,Default,"Job-NFVFZF(EvaluateOverhead=True, Runtime=.NET 6.0, Server=True)",,1,Overhead,Actual,5,389669900,268435456,1.45,0,0,0,0
GeneralBenchmark.'Equals: Guid',DotNetTips.Spargine.Extensions.BenchmarkTests,GeneralBenchmark,'Equals: Guid',Job-NFVFZF,Default,True,Default,Default,Default,Default,Default,Default,Default,Default,Default,Default,.NET 6.0,Default,Default,Default,Default,Default,Default,Default,Default,True,Default,Default,Default,Default,Default,Default,Default,Default,Default,Default,Default,Default,Default,Default,Default,Default,Default,Default,Default,"Job-NFVFZF(EvaluateOverhead=True, Runtime=.NET 6.0, Server=True)",,1,Overhead,Actual,6,399360900,268435456,1.49,0,0,0,0
GeneralBenchmark.'Equals: Guid',DotNetTips.Spargine.Extensions.BenchmarkTests,GeneralBenchmark,'Equals: Guid',Job-NFVFZF,Default,True,Default,Default,Default,Default,Default,Default,Default,Default,Default,Default,.NET 6.0,Default,Default,Default,Default,Default,Default,Default,Default,True,Default,Default,Default,Default,Default,Default,Default,Default,Default,Default,Default,Default,Default,Default,Default,Default,Default,Default,Default,"Job-NFVFZF(EvaluateOverhead=True, Runtime=.NET 6.0, Server=True)",,1,Overhead,Actual,7,395067900,268435456,1.47,0,0,0,0
GeneralBenchmark.'Equals: Guid',DotNetTips.Spargine.Extensions.BenchmarkTests,GeneralBenchmark,'Equals: Guid',Job-NFVFZF,Default,True,Default,Default,Default,Default,Default,Default,Default,Default,Default,Default,.NET 6.0,Default,Default,Default,Default,Default,Default,Default,Default,True,Default,Default,Default,Default,Default,Default,Default,Default,Default,Default,Default,Default,Default,Default,Default,Default,Default,Default,Default,"Job-NFVFZF(EvaluateOverhead=True, Runtime=.NET 6.0, Server=True)",,1,Overhead,Actual,8,401913400,268435456,1.5,0,0,0,0
GeneralBenchmark.'Equals: Guid',DotNetTips.Spargine.Extensions.BenchmarkTests,GeneralBenchmark,'Equals: Guid',Job-NFVFZF,Default,True,Default,Default,Default,Default,Default,Default,Default,Default,Default,Default,.NET 6.0,Default,Default,Default,Default,Default,Default,Default,Default,True,Default,Default,Default,Default,Default,Default,Default,Default,Default,Default,Default,Default,Default,Default,Default,Default,Default,Default,Default,"Job-NFVFZF(EvaluateOverhead=True, Runtime=.NET 6.0, Server=True)",,1,Overhead,Actual,9,389062400,268435456,1.45,0,0,0,0
GeneralBenchmark.'Equals: Guid',DotNetTips.Spargine.Extensions.BenchmarkTests,GeneralBenchmark,'Equals: Guid',Job-NFVFZF,Default,True,Default,Default,Default,Default,Default,Default,Default,Default,Default,Default,.NET 6.0,Default,Default,Default,Default,Default,Default,Default,Default,True,Default,Default,Default,Default,Default,Default,Default,Default,Default,Default,Default,Default,Default,Default,Default,Default,Default,Default,Default,"Job-NFVFZF(EvaluateOverhead=True, Runtime=.NET 6.0, Server=True)",,1,Overhead,Actual,10,398347500,268435456,1.48,0,0,0,0
GeneralBenchmark.'Equals: Guid',DotNetTips.Spargine.Extensions.BenchmarkTests,GeneralBenchmark,'Equals: Guid',Job-NFVFZF,Default,True,Default,Default,Default,Default,Default,Default,Default,Default,Default,Default,.NET 6.0,Default,Default,Default,Default,Default,Default,Default,Default,True,Default,Default,Default,Default,Default,Default,Default,Default,Default,Default,Default,Default,Default,Default,Default,Default,Default,Default,Default,"Job-NFVFZF(EvaluateOverhead=True, Runtime=.NET 6.0, Server=True)",,1,Overhead,Actual,11,397662400,268435456,1.48,0,0,0,0
GeneralBenchmark.'Equals: Guid',DotNetTips.Spargine.Extensions.BenchmarkTests,GeneralBenchmark,'Equals: Guid',Job-NFVFZF,Default,True,Default,Default,Default,Default,Default,Default,Default,Default,Default,Default,.NET 6.0,Default,Default,Default,Default,Default,Default,Default,Default,True,Default,Default,Default,Default,Default,Default,Default,Default,Default,Default,Default,Default,Default,Default,Default,Default,Default,Default,Default,"Job-NFVFZF(EvaluateOverhead=True, Runtime=.NET 6.0, Server=True)",,1,Overhead,Actual,12,389915600,268435456,1.45,0,0,0,0
GeneralBenchmark.'Equals: Guid',DotNetTips.Spargine.Extensions.BenchmarkTests,GeneralBenchmark,'Equals: Guid',Job-NFVFZF,Default,True,Default,Default,Default,Default,Default,Default,Default,Default,Default,Default,.NET 6.0,Default,Default,Default,Default,Default,Default,Default,Default,True,Default,Default,Default,Default,Default,Default,Default,Default,Default,Default,Default,Default,Default,Default,Default,Default,Default,Default,Default,"Job-NFVFZF(EvaluateOverhead=True, Runtime=.NET 6.0, Server=True)",,1,Overhead,Actual,13,399359600,268435456,1.49,0,0,0,0
GeneralBenchmark.'Equals: Guid',DotNetTips.Spargine.Extensions.BenchmarkTests,GeneralBenchmark,'Equals: Guid',Job-NFVFZF,Default,True,Default,Default,Default,Default,Default,Default,Default,Default,Default,Default,.NET 6.0,Default,Default,Default,Default,Default,Default,Default,Default,True,Default,Default,Default,Default,Default,Default,Default,Default,Default,Default,Default,Default,Default,Default,Default,Default,Default,Default,Default,"Job-NFVFZF(EvaluateOverhead=True, Runtime=.NET 6.0, Server=True)",,1,Overhead,Actual,14,400577200,268435456,1.49,0,0,0,0
GeneralBenchmark.'Equals: Guid',DotNetTips.Spargine.Extensions.BenchmarkTests,GeneralBenchmark,'Equals: Guid',Job-NFVFZF,Default,True,Default,Default,Default,Default,Default,Default,Default,Default,Default,Default,.NET 6.0,Default,Default,Default,Default,Default,Default,Default,Default,True,Default,Default,Default,Default,Default,Default,Default,Default,Default,Default,Default,Default,Default,Default,Default,Default,Default,Default,Default,"Job-NFVFZF(EvaluateOverhead=True, Runtime=.NET 6.0, Server=True)",,1,Overhead,Actual,15,394494600,268435456,1.47,0,0,0,0
GeneralBenchmark.'Equals: Guid',DotNetTips.Spargine.Extensions.BenchmarkTests,GeneralBenchmark,'Equals: Guid',Job-NFVFZF,Default,True,Default,Default,Default,Default,Default,Default,Default,Default,Default,Default,.NET 6.0,Default,Default,Default,Default,Default,Default,Default,Default,True,Default,Default,Default,Default,Default,Default,Default,Default,Default,Default,Default,Default,Default,Default,Default,Default,Default,Default,Default,"Job-NFVFZF(EvaluateOverhead=True, Runtime=.NET 6.0, Server=True)",,1,Workload,Warmup,1,768249000,268435456,2.86,0,0,0,0
GeneralBenchmark.'Equals: Guid',DotNetTips.Spargine.Extensions.BenchmarkTests,GeneralBenchmark,'Equals: Guid',Job-NFVFZF,Default,True,Default,Default,Default,Default,Default,Default,Default,Default,Default,Default,.NET 6.0,Default,Default,Default,Default,Default,Default,Default,Default,True,Default,Default,Default,Default,Default,Default,Default,Default,Default,Default,Default,Default,Default,Default,Default,Default,Default,Default,Default,"Job-NFVFZF(EvaluateOverhead=True, Runtime=.NET 6.0, Server=True)",,1,Workload,Warmup,2,766835800,268435456,2.86,0,0,0,0
GeneralBenchmark.'Equals: Guid',DotNetTips.Spargine.Extensions.BenchmarkTests,GeneralBenchmark,'Equals: Guid',Job-NFVFZF,Default,True,Default,Default,Default,Default,Default,Default,Default,Default,Default,Default,.NET 6.0,Default,Default,Default,Default,Default,Default,Default,Default,True,Default,Default,Default,Default,Default,Default,Default,Default,Default,Default,Default,Default,Default,Default,Default,Default,Default,Default,Default,"Job-NFVFZF(EvaluateOverhead=True, Runtime=.NET 6.0, Server=True)",,1,Workload,Warmup,3,771777200,268435456,2.88,0,0,0,0
GeneralBenchmark.'Equals: Guid',DotNetTips.Spargine.Extensions.BenchmarkTests,GeneralBenchmark,'Equals: Guid',Job-NFVFZF,Default,True,Default,Default,Default,Default,Default,Default,Default,Default,Default,Default,.NET 6.0,Default,Default,Default,Default,Default,Default,Default,Default,True,Default,Default,Default,Default,Default,Default,Default,Default,Default,Default,Default,Default,Default,Default,Default,Default,Default,Default,Default,"Job-NFVFZF(EvaluateOverhead=True, Runtime=.NET 6.0, Server=True)",,1,Workload,Warmup,4,756355000,268435456,2.82,0,0,0,0
GeneralBenchmark.'Equals: Guid',DotNetTips.Spargine.Extensions.BenchmarkTests,GeneralBenchmark,'Equals: Guid',Job-NFVFZF,Default,True,Default,Default,Default,Default,Default,Default,Default,Default,Default,Default,.NET 6.0,Default,Default,Default,Default,Default,Default,Default,Default,True,Default,Default,Default,Default,Default,Default,Default,Default,Default,Default,Default,Default,Default,Default,Default,Default,Default,Default,Default,"Job-NFVFZF(EvaluateOverhead=True, Runtime=.NET 6.0, Server=True)",,1,Workload,Warmup,5,772125700,268435456,2.88,0,0,0,0
GeneralBenchmark.'Equals: Guid',DotNetTips.Spargine.Extensions.BenchmarkTests,GeneralBenchmark,'Equals: Guid',Job-NFVFZF,Default,True,Default,Default,Default,Default,Default,Default,Default,Default,Default,Default,.NET 6.0,Default,Default,Default,Default,Default,Default,Default,Default,True,Default,Default,Default,Default,Default,Default,Default,Default,Default,Default,Default,Default,Default,Default,Default,Default,Default,Default,Default,"Job-NFVFZF(EvaluateOverhead=True, Runtime=.NET 6.0, Server=True)",,1,Workload,Warmup,6,749194600,268435456,2.79,0,0,0,0
GeneralBenchmark.'Equals: Guid',DotNetTips.Spargine.Extensions.BenchmarkTests,GeneralBenchmark,'Equals: Guid',Job-NFVFZF,Default,True,Default,Default,Default,Default,Default,Default,Default,Default,Default,Default,.NET 6.0,Default,Default,Default,Default,Default,Default,Default,Default,True,Default,Default,Default,Default,Default,Default,Default,Default,Default,Default,Default,Default,Default,Default,Default,Default,Default,Default,Default,"Job-NFVFZF(EvaluateOverhead=True, Runtime=.NET 6.0, Server=True)",,1,Workload,Actual,1,778639100,268435456,2.9,0,0,0,0
GeneralBenchmark.'Equals: Guid',DotNetTips.Spargine.Extensions.BenchmarkTests,GeneralBenchmark,'Equals: Guid',Job-NFVFZF,Default,True,Default,Default,Default,Default,Default,Default,Default,Default,Default,Default,.NET 6.0,Default,Default,Default,Default,Default,Default,Default,Default,True,Default,Default,Default,Default,Default,Default,Default,Default,Default,Default,Default,Default,Default,Default,Default,Default,Default,Default,Default,"Job-NFVFZF(EvaluateOverhead=True, Runtime=.NET 6.0, Server=True)",,1,Workload,Actual,2,748020500,268435456,2.79,0,0,0,0
GeneralBenchmark.'Equals: Guid',DotNetTips.Spargine.Extensions.BenchmarkTests,GeneralBenchmark,'Equals: Guid',Job-NFVFZF,Default,True,Default,Default,Default,Default,Default,Default,Default,Default,Default,Default,.NET 6.0,Default,Default,Default,Default,Default,Default,Default,Default,True,Default,Default,Default,Default,Default,Default,Default,Default,Default,Default,Default,Default,Default,Default,Default,Default,Default,Default,Default,"Job-NFVFZF(EvaluateOverhead=True, Runtime=.NET 6.0, Server=True)",,1,Workload,Actual,3,766419800,268435456,2.86,0,0,0,0
GeneralBenchmark.'Equals: Guid',DotNetTips.Spargine.Extensions.BenchmarkTests,GeneralBenchmark,'Equals: Guid',Job-NFVFZF,Default,True,Default,Default,Default,Default,Default,Default,Default,Default,Default,Default,.NET 6.0,Default,Default,Default,Default,Default,Default,Default,Default,True,Default,Default,Default,Default,Default,Default,Default,Default,Default,Default,Default,Default,Default,Default,Default,Default,Default,Default,Default,"Job-NFVFZF(EvaluateOverhead=True, Runtime=.NET 6.0, Server=True)",,1,Workload,Actual,4,755764200,268435456,2.82,0,0,0,0
GeneralBenchmark.'Equals: Guid',DotNetTips.Spargine.Extensions.BenchmarkTests,GeneralBenchmark,'Equals: Guid',Job-NFVFZF,Default,True,Default,Default,Default,Default,Default,Default,Default,Default,Default,Default,.NET 6.0,Default,Default,Default,Default,Default,Default,Default,Default,True,Default,Default,Default,Default,Default,Default,Default,Default,Default,Default,Default,Default,Default,Default,Default,Default,Default,Default,Default,"Job-NFVFZF(EvaluateOverhead=True, Runtime=.NET 6.0, Server=True)",,1,Workload,Actual,5,772085200,268435456,2.88,0,0,0,0
GeneralBenchmark.'Equals: Guid',DotNetTips.Spargine.Extensions.BenchmarkTests,GeneralBenchmark,'Equals: Guid',Job-NFVFZF,Default,True,Default,Default,Default,Default,Default,Default,Default,Default,Default,Default,.NET 6.0,Default,Default,Default,Default,Default,Default,Default,Default,True,Default,Default,Default,Default,Default,Default,Default,Default,Default,Default,Default,Default,Default,Default,Default,Default,Default,Default,Default,"Job-NFVFZF(EvaluateOverhead=True, Runtime=.NET 6.0, Server=True)",,1,Workload,Actual,6,752631400,268435456,2.8,0,0,0,0
GeneralBenchmark.'Equals: Guid',DotNetTips.Spargine.Extensions.BenchmarkTests,GeneralBenchmark,'Equals: Guid',Job-NFVFZF,Default,True,Default,Default,Default,Default,Default,Default,Default,Default,Default,Default,.NET 6.0,Default,Default,Default,Default,Default,Default,Default,Default,True,Default,Default,Default,Default,Default,Default,Default,Default,Default,Default,Default,Default,Default,Default,Default,Default,Default,Default,Default,"Job-NFVFZF(EvaluateOverhead=True, Runtime=.NET 6.0, Server=True)",,1,Workload,Actual,7,753689500,268435456,2.81,0,0,0,0
GeneralBenchmark.'Equals: Guid',DotNetTips.Spargine.Extensions.BenchmarkTests,GeneralBenchmark,'Equals: Guid',Job-NFVFZF,Default,True,Default,Default,Default,Default,Default,Default,Default,Default,Default,Default,.NET 6.0,Default,Default,Default,Default,Default,Default,Default,Default,True,Default,Default,Default,Default,Default,Default,Default,Default,Default,Default,Default,Default,Default,Default,Default,Default,Default,Default,Default,"Job-NFVFZF(EvaluateOverhead=True, Runtime=.NET 6.0, Server=True)",,1,Workload,Actual,8,773422900,268435456,2.88,0,0,0,0
GeneralBenchmark.'Equals: Guid',DotNetTips.Spargine.Extensions.BenchmarkTests,GeneralBenchmark,'Equals: Guid',Job-NFVFZF,Default,True,Default,Default,Default,Default,Default,Default,Default,Default,Default,Default,.NET 6.0,Default,Default,Default,Default,Default,Default,Default,Default,True,Default,Default,Default,Default,Default,Default,Default,Default,Default,Default,Default,Default,Default,Default,Default,Default,Default,Default,Default,"Job-NFVFZF(EvaluateOverhead=True, Runtime=.NET 6.0, Server=True)",,1,Workload,Actual,9,757937000,268435456,2.82,0,0,0,0
GeneralBenchmark.'Equals: Guid',DotNetTips.Spargine.Extensions.BenchmarkTests,GeneralBenchmark,'Equals: Guid',Job-NFVFZF,Default,True,Default,Default,Default,Default,Default,Default,Default,Default,Default,Default,.NET 6.0,Default,Default,Default,Default,Default,Default,Default,Default,True,Default,Default,Default,Default,Default,Default,Default,Default,Default,Default,Default,Default,Default,Default,Default,Default,Default,Default,Default,"Job-NFVFZF(EvaluateOverhead=True, Runtime=.NET 6.0, Server=True)",,1,Workload,Actual,10,761297500,268435456,2.84,0,0,0,0
GeneralBenchmark.'Equals: Guid',DotNetTips.Spargine.Extensions.BenchmarkTests,GeneralBenchmark,'Equals: Guid',Job-NFVFZF,Default,True,Default,Default,Default,Default,Default,Default,Default,Default,Default,Default,.NET 6.0,Default,Default,Default,Default,Default,Default,Default,Default,True,Default,Default,Default,Default,Default,Default,Default,Default,Default,Default,Default,Default,Default,Default,Default,Default,Default,Default,Default,"Job-NFVFZF(EvaluateOverhead=True, Runtime=.NET 6.0, Server=True)",,1,Workload,Actual,11,753615300,268435456,2.81,0,0,0,0
GeneralBenchmark.'Equals: Guid',DotNetTips.Spargine.Extensions.BenchmarkTests,GeneralBenchmark,'Equals: Guid',Job-NFVFZF,Default,True,Default,Default,Default,Default,Default,Default,Default,Default,Default,Default,.NET 6.0,Default,Default,Default,Default,Default,Default,Default,Default,True,Default,Default,Default,Default,Default,Default,Default,Default,Default,Default,Default,Default,Default,Default,Default,Default,Default,Default,Default,"Job-NFVFZF(EvaluateOverhead=True, Runtime=.NET 6.0, Server=True)",,1,Workload,Actual,12,769134200,268435456,2.87,0,0,0,0
GeneralBenchmark.'Equals: Guid',DotNetTips.Spargine.Extensions.BenchmarkTests,GeneralBenchmark,'Equals: Guid',Job-NFVFZF,Default,True,Default,Default,Default,Default,Default,Default,Default,Default,Default,Default,.NET 6.0,Default,Default,Default,Default,Default,Default,Default,Default,True,Default,Default,Default,Default,Default,Default,Default,Default,Default,Default,Default,Default,Default,Default,Default,Default,Default,Default,Default,"Job-NFVFZF(EvaluateOverhead=True, Runtime=.NET 6.0, Server=True)",,1,Workload,Actual,13,758487500,268435456,2.83,0,0,0,0
GeneralBenchmark.'Equals: Guid',DotNetTips.Spargine.Extensions.BenchmarkTests,GeneralBenchmark,'Equals: Guid',Job-NFVFZF,Default,True,Default,Default,Default,Default,Default,Default,Default,Default,Default,Default,.NET 6.0,Default,Default,Default,Default,Default,Default,Default,Default,True,Default,Default,Default,Default,Default,Default,Default,Default,Default,Default,Default,Default,Default,Default,Default,Default,Default,Default,Default,"Job-NFVFZF(EvaluateOverhead=True, Runtime=.NET 6.0, Server=True)",,1,Workload,Actual,14,752114800,268435456,2.8,0,0,0,0
GeneralBenchmark.'Equals: Guid',DotNetTips.Spargine.Extensions.BenchmarkTests,GeneralBenchmark,'Equals: Guid',Job-NFVFZF,Default,True,Default,Default,Default,Default,Default,Default,Default,Default,Default,Default,.NET 6.0,Default,Default,Default,Default,Default,Default,Default,Default,True,Default,Default,Default,Default,Default,Default,Default,Default,Default,Default,Default,Default,Default,Default,Default,Default,Default,Default,Default,"Job-NFVFZF(EvaluateOverhead=True, Runtime=.NET 6.0, Server=True)",,1,Workload,Actual,15,749389500,268435456,2.79,0,0,0,0
GeneralBenchmark.'Equals: Guid',DotNetTips.Spargine.Extensions.BenchmarkTests,GeneralBenchmark,'Equals: Guid',Job-NFVFZF,Default,True,Default,Default,Default,Default,Default,Default,Default,Default,Default,Default,.NET 6.0,Default,Default,Default,Default,Default,Default,Default,Default,True,Default,Default,Default,Default,Default,Default,Default,Default,Default,Default,Default,Default,Default,Default,Default,Default,Default,Default,Default,"Job-NFVFZF(EvaluateOverhead=True, Runtime=.NET 6.0, Server=True)",,1,Workload,Result,1,380976700,268435456,1.42,0,0,0,0
GeneralBenchmark.'Equals: Guid',DotNetTips.Spargine.Extensions.BenchmarkTests,GeneralBenchmark,'Equals: Guid',Job-NFVFZF,Default,True,Default,Default,Default,Default,Default,Default,Default,Default,Default,Default,.NET 6.0,Default,Default,Default,Default,Default,Default,Default,Default,True,Default,Default,Default,Default,Default,Default,Default,Default,Default,Default,Default,Default,Default,Default,Default,Default,Default,Default,Default,"Job-NFVFZF(EvaluateOverhead=True, Runtime=.NET 6.0, Server=True)",,1,Workload,Result,2,350358100,268435456,1.31,0,0,0,0
GeneralBenchmark.'Equals: Guid',DotNetTips.Spargine.Extensions.BenchmarkTests,GeneralBenchmark,'Equals: Guid',Job-NFVFZF,Default,True,Default,Default,Default,Default,Default,Default,Default,Default,Default,Default,.NET 6.0,Default,Default,Default,Default,Default,Default,Default,Default,True,Default,Default,Default,Default,Default,Default,Default,Default,Default,Default,Default,Default,Default,Default,Default,Default,Default,Default,Default,"Job-NFVFZF(EvaluateOverhead=True, Runtime=.NET 6.0, Server=True)",,1,Workload,Result,3,368757400,268435456,1.37,0,0,0,0
GeneralBenchmark.'Equals: Guid',DotNetTips.Spargine.Extensions.BenchmarkTests,GeneralBenchmark,'Equals: Guid',Job-NFVFZF,Default,True,Default,Default,Default,Default,Default,Default,Default,Default,Default,Default,.NET 6.0,Default,Default,Default,Default,Default,Default,Default,Default,True,Default,Default,Default,Default,Default,Default,Default,Default,Default,Default,Default,Default,Default,Default,Default,Default,Default,Default,Default,"Job-NFVFZF(EvaluateOverhead=True, Runtime=.NET 6.0, Server=True)",,1,Workload,Result,4,358101800,268435456,1.33,0,0,0,0
GeneralBenchmark.'Equals: Guid',DotNetTips.Spargine.Extensions.BenchmarkTests,GeneralBenchmark,'Equals: Guid',Job-NFVFZF,Default,True,Default,Default,Default,Default,Default,Default,Default,Default,Default,Default,.NET 6.0,Default,Default,Default,Default,Default,Default,Default,Default,True,Default,Default,Default,Default,Default,Default,Default,Default,Default,Default,Default,Default,Default,Default,Default,Default,Default,Default,Default,"Job-NFVFZF(EvaluateOverhead=True, Runtime=.NET 6.0, Server=True)",,1,Workload,Result,5,374422800,268435456,1.39,0,0,0,0
GeneralBenchmark.'Equals: Guid',DotNetTips.Spargine.Extensions.BenchmarkTests,GeneralBenchmark,'Equals: Guid',Job-NFVFZF,Default,True,Default,Default,Default,Default,Default,Default,Default,Default,Default,Default,.NET 6.0,Default,Default,Default,Default,Default,Default,Default,Default,True,Default,Default,Default,Default,Default,Default,Default,Default,Default,Default,Default,Default,Default,Default,Default,Default,Default,Default,Default,"Job-NFVFZF(EvaluateOverhead=True, Runtime=.NET 6.0, Server=True)",,1,Workload,Result,6,354969000,268435456,1.32,0,0,0,0
GeneralBenchmark.'Equals: Guid',DotNetTips.Spargine.Extensions.BenchmarkTests,GeneralBenchmark,'Equals: Guid',Job-NFVFZF,Default,True,Default,Default,Default,Default,Default,Default,Default,Default,Default,Default,.NET 6.0,Default,Default,Default,Default,Default,Default,Default,Default,True,Default,Default,Default,Default,Default,Default,Default,Default,Default,Default,Default,Default,Default,Default,Default,Default,Default,Default,Default,"Job-NFVFZF(EvaluateOverhead=True, Runtime=.NET 6.0, Server=True)",,1,Workload,Result,7,356027100,268435456,1.33,0,0,0,0
GeneralBenchmark.'Equals: Guid',DotNetTips.Spargine.Extensions.BenchmarkTests,GeneralBenchmark,'Equals: Guid',Job-NFVFZF,Default,True,Default,Default,Default,Default,Default,Default,Default,Default,Default,Default,.NET 6.0,Default,Default,Default,Default,Default,Default,Default,Default,True,Default,Default,Default,Default,Default,Default,Default,Default,Default,Default,Default,Default,Default,Default,Default,Default,Default,Default,Default,"Job-NFVFZF(EvaluateOverhead=True, Runtime=.NET 6.0, Server=True)",,1,Workload,Result,8,375760500,268435456,1.4,0,0,0,0
GeneralBenchmark.'Equals: Guid',DotNetTips.Spargine.Extensions.BenchmarkTests,GeneralBenchmark,'Equals: Guid',Job-NFVFZF,Default,True,Default,Default,Default,Default,Default,Default,Default,Default,Default,Default,.NET 6.0,Default,Default,Default,Default,Default,Default,Default,Default,True,Default,Default,Default,Default,Default,Default,Default,Default,Default,Default,Default,Default,Default,Default,Default,Default,Default,Default,Default,"Job-NFVFZF(EvaluateOverhead=True, Runtime=.NET 6.0, Server=True)",,1,Workload,Result,9,360274600,268435456,1.34,0,0,0,0
GeneralBenchmark.'Equals: Guid',DotNetTips.Spargine.Extensions.BenchmarkTests,GeneralBenchmark,'Equals: Guid',Job-NFVFZF,Default,True,Default,Default,Default,Default,Default,Default,Default,Default,Default,Default,.NET 6.0,Default,Default,Default,Default,Default,Default,Default,Default,True,Default,Default,Default,Default,Default,Default,Default,Default,Default,Default,Default,Default,Default,Default,Default,Default,Default,Default,Default,"Job-NFVFZF(EvaluateOverhead=True, Runtime=.NET 6.0, Server=True)",,1,Workload,Result,10,363635100,268435456,1.35,0,0,0,0
GeneralBenchmark.'Equals: Guid',DotNetTips.Spargine.Extensions.BenchmarkTests,GeneralBenchmark,'Equals: Guid',Job-NFVFZF,Default,True,Default,Default,Default,Default,Default,Default,Default,Default,Default,Default,.NET 6.0,Default,Default,Default,Default,Default,Default,Default,Default,True,Default,Default,Default,Default,Default,Default,Default,Default,Default,Default,Default,Default,Default,Default,Default,Default,Default,Default,Default,"Job-NFVFZF(EvaluateOverhead=True, Runtime=.NET 6.0, Server=True)",,1,Workload,Result,11,355952900,268435456,1.33,0,0,0,0
GeneralBenchmark.'Equals: Guid',DotNetTips.Spargine.Extensions.BenchmarkTests,GeneralBenchmark,'Equals: Guid',Job-NFVFZF,Default,True,Default,Default,Default,Default,Default,Default,Default,Default,Default,Default,.NET 6.0,Default,Default,Default,Default,Default,Default,Default,Default,True,Default,Default,Default,Default,Default,Default,Default,Default,Default,Default,Default,Default,Default,Default,Default,Default,Default,Default,Default,"Job-NFVFZF(EvaluateOverhead=True, Runtime=.NET 6.0, Server=True)",,1,Workload,Result,12,371471800,268435456,1.38,0,0,0,0
GeneralBenchmark.'Equals: Guid',DotNetTips.Spargine.Extensions.BenchmarkTests,GeneralBenchmark,'Equals: Guid',Job-NFVFZF,Default,True,Default,Default,Default,Default,Default,Default,Default,Default,Default,Default,.NET 6.0,Default,Default,Default,Default,Default,Default,Default,Default,True,Default,Default,Default,Default,Default,Default,Default,Default,Default,Default,Default,Default,Default,Default,Default,Default,Default,Default,Default,"Job-NFVFZF(EvaluateOverhead=True, Runtime=.NET 6.0, Server=True)",,1,Workload,Result,13,360825100,268435456,1.34,0,0,0,0
GeneralBenchmark.'Equals: Guid',DotNetTips.Spargine.Extensions.BenchmarkTests,GeneralBenchmark,'Equals: Guid',Job-NFVFZF,Default,True,Default,Default,Default,Default,Default,Default,Default,Default,Default,Default,.NET 6.0,Default,Default,Default,Default,Default,Default,Default,Default,True,Default,Default,Default,Default,Default,Default,Default,Default,Default,Default,Default,Default,Default,Default,Default,Default,Default,Default,Default,"Job-NFVFZF(EvaluateOverhead=True, Runtime=.NET 6.0, Server=True)",,1,Workload,Result,14,354452400,268435456,1.32,0,0,0,0
GeneralBenchmark.'Equals: Guid',DotNetTips.Spargine.Extensions.BenchmarkTests,GeneralBenchmark,'Equals: Guid',Job-NFVFZF,Default,True,Default,Default,Default,Default,Default,Default,Default,Default,Default,Default,.NET 6.0,Default,Default,Default,Default,Default,Default,Default,Default,True,Default,Default,Default,Default,Default,Default,Default,Default,Default,Default,Default,Default,Default,Default,Default,Default,Default,Default,Default,"Job-NFVFZF(EvaluateOverhead=True, Runtime=.NET 6.0, Server=True)",,1,Workload,Result,15,351727100,268435456,1.31,0,0,0,0
GeneralBenchmark.'FastEquals: Guid',DotNetTips.Spargine.Extensions.BenchmarkTests,GeneralBenchmark,'FastEquals: Guid',Job-NFVFZF,Default,True,Default,Default,Default,Default,Default,Default,Default,Default,Default,Default,.NET 6.0,Default,Default,Default,Default,Default,Default,Default,Default,True,Default,Default,Default,Default,Default,Default,Default,Default,Default,Default,Default,Default,Default,Default,Default,Default,Default,Default,Default,"Job-NFVFZF(EvaluateOverhead=True, Runtime=.NET 6.0, Server=True)",,1,Overhead,Jitting,1,239500,1,239500,0,0,0,0
GeneralBenchmark.'FastEquals: Guid',DotNetTips.Spargine.Extensions.BenchmarkTests,GeneralBenchmark,'FastEquals: Guid',Job-NFVFZF,Default,True,Default,Default,Default,Default,Default,Default,Default,Default,Default,Default,.NET 6.0,Default,Default,Default,Default,Default,Default,Default,Default,True,Default,Default,Default,Default,Default,Default,Default,Default,Default,Default,Default,Default,Default,Default,Default,Default,Default,Default,Default,"Job-NFVFZF(EvaluateOverhead=True, Runtime=.NET 6.0, Server=True)",,1,Workload,Jitting,1,2174600,1,2174600,0,0,0,0
GeneralBenchmark.'FastEquals: Guid',DotNetTips.Spargine.Extensions.BenchmarkTests,GeneralBenchmark,'FastEquals: Guid',Job-NFVFZF,Default,True,Default,Default,Default,Default,Default,Default,Default,Default,Default,Default,.NET 6.0,Default,Default,Default,Default,Default,Default,Default,Default,True,Default,Default,Default,Default,Default,Default,Default,Default,Default,Default,Default,Default,Default,Default,Default,Default,Default,Default,Default,"Job-NFVFZF(EvaluateOverhead=True, Runtime=.NET 6.0, Server=True)",,1,Overhead,Jitting,2,248000,16,15500,0,0,0,0
GeneralBenchmark.'FastEquals: Guid',DotNetTips.Spargine.Extensions.BenchmarkTests,GeneralBenchmark,'FastEquals: Guid',Job-NFVFZF,Default,True,Default,Default,Default,Default,Default,Default,Default,Default,Default,Default,.NET 6.0,Default,Default,Default,Default,Default,Default,Default,Default,True,Default,Default,Default,Default,Default,Default,Default,Default,Default,Default,Default,Default,Default,Default,Default,Default,Default,Default,Default,"Job-NFVFZF(EvaluateOverhead=True, Runtime=.NET 6.0, Server=True)",,1,Workload,Jitting,2,232700,16,14543.75,0,0,0,0
GeneralBenchmark.'FastEquals: Guid',DotNetTips.Spargine.Extensions.BenchmarkTests,GeneralBenchmark,'FastEquals: Guid',Job-NFVFZF,Default,True,Default,Default,Default,Default,Default,Default,Default,Default,Default,Default,.NET 6.0,Default,Default,Default,Default,Default,Default,Default,Default,True,Default,Default,Default,Default,Default,Default,Default,Default,Default,Default,Default,Default,Default,Default,Default,Default,Default,Default,Default,"Job-NFVFZF(EvaluateOverhead=True, Runtime=.NET 6.0, Server=True)",,1,Workload,Pilot,1,7800,16,487.5,0,0,0,0
GeneralBenchmark.'FastEquals: Guid',DotNetTips.Spargine.Extensions.BenchmarkTests,GeneralBenchmark,'FastEquals: Guid',Job-NFVFZF,Default,True,Default,Default,Default,Default,Default,Default,Default,Default,Default,Default,.NET 6.0,Default,Default,Default,Default,Default,Default,Default,Default,True,Default,Default,Default,Default,Default,Default,Default,Default,Default,Default,Default,Default,Default,Default,Default,Default,Default,Default,Default,"Job-NFVFZF(EvaluateOverhead=True, Runtime=.NET 6.0, Server=True)",,1,Workload,Pilot,2,21400,32,668.75,0,0,0,0
GeneralBenchmark.'FastEquals: Guid',DotNetTips.Spargine.Extensions.BenchmarkTests,GeneralBenchmark,'FastEquals: Guid',Job-NFVFZF,Default,True,Default,Default,Default,Default,Default,Default,Default,Default,Default,Default,.NET 6.0,Default,Default,Default,Default,Default,Default,Default,Default,True,Default,Default,Default,Default,Default,Default,Default,Default,Default,Default,Default,Default,Default,Default,Default,Default,Default,Default,Default,"Job-NFVFZF(EvaluateOverhead=True, Runtime=.NET 6.0, Server=True)",,1,Workload,Pilot,3,7500,64,117.19,0,0,0,0
GeneralBenchmark.'FastEquals: Guid',DotNetTips.Spargine.Extensions.BenchmarkTests,GeneralBenchmark,'FastEquals: Guid',Job-NFVFZF,Default,True,Default,Default,Default,Default,Default,Default,Default,Default,Default,Default,.NET 6.0,Default,Default,Default,Default,Default,Default,Default,Default,True,Default,Default,Default,Default,Default,Default,Default,Default,Default,Default,Default,Default,Default,Default,Default,Default,Default,Default,Default,"Job-NFVFZF(EvaluateOverhead=True, Runtime=.NET 6.0, Server=True)",,1,Workload,Pilot,4,11500,128,89.84,0,0,0,0
GeneralBenchmark.'FastEquals: Guid',DotNetTips.Spargine.Extensions.BenchmarkTests,GeneralBenchmark,'FastEquals: Guid',Job-NFVFZF,Default,True,Default,Default,Default,Default,Default,Default,Default,Default,Default,Default,.NET 6.0,Default,Default,Default,Default,Default,Default,Default,Default,True,Default,Default,Default,Default,Default,Default,Default,Default,Default,Default,Default,Default,Default,Default,Default,Default,Default,Default,Default,"Job-NFVFZF(EvaluateOverhead=True, Runtime=.NET 6.0, Server=True)",,1,Workload,Pilot,5,26000,256,101.56,0,0,0,0
GeneralBenchmark.'FastEquals: Guid',DotNetTips.Spargine.Extensions.BenchmarkTests,GeneralBenchmark,'FastEquals: Guid',Job-NFVFZF,Default,True,Default,Default,Default,Default,Default,Default,Default,Default,Default,Default,.NET 6.0,Default,Default,Default,Default,Default,Default,Default,Default,True,Default,Default,Default,Default,Default,Default,Default,Default,Default,Default,Default,Default,Default,Default,Default,Default,Default,Default,Default,"Job-NFVFZF(EvaluateOverhead=True, Runtime=.NET 6.0, Server=True)",,1,Workload,Pilot,6,76300,512,149.02,0,0,0,0
GeneralBenchmark.'FastEquals: Guid',DotNetTips.Spargine.Extensions.BenchmarkTests,GeneralBenchmark,'FastEquals: Guid',Job-NFVFZF,Default,True,Default,Default,Default,Default,Default,Default,Default,Default,Default,Default,.NET 6.0,Default,Default,Default,Default,Default,Default,Default,Default,True,Default,Default,Default,Default,Default,Default,Default,Default,Default,Default,Default,Default,Default,Default,Default,Default,Default,Default,Default,"Job-NFVFZF(EvaluateOverhead=True, Runtime=.NET 6.0, Server=True)",,1,Workload,Pilot,7,67200,1024,65.63,0,0,0,0
GeneralBenchmark.'FastEquals: Guid',DotNetTips.Spargine.Extensions.BenchmarkTests,GeneralBenchmark,'FastEquals: Guid',Job-NFVFZF,Default,True,Default,Default,Default,Default,Default,Default,Default,Default,Default,Default,.NET 6.0,Default,Default,Default,Default,Default,Default,Default,Default,True,Default,Default,Default,Default,Default,Default,Default,Default,Default,Default,Default,Default,Default,Default,Default,Default,Default,Default,Default,"Job-NFVFZF(EvaluateOverhead=True, Runtime=.NET 6.0, Server=True)",,1,Workload,Pilot,8,134800,2048,65.82,0,0,0,0
GeneralBenchmark.'FastEquals: Guid',DotNetTips.Spargine.Extensions.BenchmarkTests,GeneralBenchmark,'FastEquals: Guid',Job-NFVFZF,Default,True,Default,Default,Default,Default,Default,Default,Default,Default,Default,Default,.NET 6.0,Default,Default,Default,Default,Default,Default,Default,Default,True,Default,Default,Default,Default,Default,Default,Default,Default,Default,Default,Default,Default,Default,Default,Default,Default,Default,Default,Default,"Job-NFVFZF(EvaluateOverhead=True, Runtime=.NET 6.0, Server=True)",,1,Workload,Pilot,9,235300,4096,57.45,0,0,0,0
GeneralBenchmark.'FastEquals: Guid',DotNetTips.Spargine.Extensions.BenchmarkTests,GeneralBenchmark,'FastEquals: Guid',Job-NFVFZF,Default,True,Default,Default,Default,Default,Default,Default,Default,Default,Default,Default,.NET 6.0,Default,Default,Default,Default,Default,Default,Default,Default,True,Default,Default,Default,Default,Default,Default,Default,Default,Default,Default,Default,Default,Default,Default,Default,Default,Default,Default,Default,"Job-NFVFZF(EvaluateOverhead=True, Runtime=.NET 6.0, Server=True)",,1,Workload,Pilot,10,641000,8192,78.25,0,0,0,0
GeneralBenchmark.'FastEquals: Guid',DotNetTips.Spargine.Extensions.BenchmarkTests,GeneralBenchmark,'FastEquals: Guid',Job-NFVFZF,Default,True,Default,Default,Default,Default,Default,Default,Default,Default,Default,Default,.NET 6.0,Default,Default,Default,Default,Default,Default,Default,Default,True,Default,Default,Default,Default,Default,Default,Default,Default,Default,Default,Default,Default,Default,Default,Default,Default,Default,Default,Default,"Job-NFVFZF(EvaluateOverhead=True, Runtime=.NET 6.0, Server=True)",,1,Workload,Pilot,11,847300,16384,51.72,0,0,0,0
GeneralBenchmark.'FastEquals: Guid',DotNetTips.Spargine.Extensions.BenchmarkTests,GeneralBenchmark,'FastEquals: Guid',Job-NFVFZF,Default,True,Default,Default,Default,Default,Default,Default,Default,Default,Default,Default,.NET 6.0,Default,Default,Default,Default,Default,Default,Default,Default,True,Default,Default,Default,Default,Default,Default,Default,Default,Default,Default,Default,Default,Default,Default,Default,Default,Default,Default,Default,"Job-NFVFZF(EvaluateOverhead=True, Runtime=.NET 6.0, Server=True)",,1,Workload,Pilot,12,1777700,32768,54.25,0,0,0,0
GeneralBenchmark.'FastEquals: Guid',DotNetTips.Spargine.Extensions.BenchmarkTests,GeneralBenchmark,'FastEquals: Guid',Job-NFVFZF,Default,True,Default,Default,Default,Default,Default,Default,Default,Default,Default,Default,.NET 6.0,Default,Default,Default,Default,Default,Default,Default,Default,True,Default,Default,Default,Default,Default,Default,Default,Default,Default,Default,Default,Default,Default,Default,Default,Default,Default,Default,Default,"Job-NFVFZF(EvaluateOverhead=True, Runtime=.NET 6.0, Server=True)",,1,Workload,Pilot,13,5760100,65536,87.89,0,0,0,0
GeneralBenchmark.'FastEquals: Guid',DotNetTips.Spargine.Extensions.BenchmarkTests,GeneralBenchmark,'FastEquals: Guid',Job-NFVFZF,Default,True,Default,Default,Default,Default,Default,Default,Default,Default,Default,Default,.NET 6.0,Default,Default,Default,Default,Default,Default,Default,Default,True,Default,Default,Default,Default,Default,Default,Default,Default,Default,Default,Default,Default,Default,Default,Default,Default,Default,Default,Default,"Job-NFVFZF(EvaluateOverhead=True, Runtime=.NET 6.0, Server=True)",,1,Workload,Pilot,14,7631200,131072,58.22,0,0,0,0
GeneralBenchmark.'FastEquals: Guid',DotNetTips.Spargine.Extensions.BenchmarkTests,GeneralBenchmark,'FastEquals: Guid',Job-NFVFZF,Default,True,Default,Default,Default,Default,Default,Default,Default,Default,Default,Default,.NET 6.0,Default,Default,Default,Default,Default,Default,Default,Default,True,Default,Default,Default,Default,Default,Default,Default,Default,Default,Default,Default,Default,Default,Default,Default,Default,Default,Default,Default,"Job-NFVFZF(EvaluateOverhead=True, Runtime=.NET 6.0, Server=True)",,1,Workload,Pilot,15,13847600,262144,52.82,0,0,0,0
GeneralBenchmark.'FastEquals: Guid',DotNetTips.Spargine.Extensions.BenchmarkTests,GeneralBenchmark,'FastEquals: Guid',Job-NFVFZF,Default,True,Default,Default,Default,Default,Default,Default,Default,Default,Default,Default,.NET 6.0,Default,Default,Default,Default,Default,Default,Default,Default,True,Default,Default,Default,Default,Default,Default,Default,Default,Default,Default,Default,Default,Default,Default,Default,Default,Default,Default,Default,"Job-NFVFZF(EvaluateOverhead=True, Runtime=.NET 6.0, Server=True)",,1,Workload,Pilot,16,22210400,524288,42.36,0,0,0,0
GeneralBenchmark.'FastEquals: Guid',DotNetTips.Spargine.Extensions.BenchmarkTests,GeneralBenchmark,'FastEquals: Guid',Job-NFVFZF,Default,True,Default,Default,Default,Default,Default,Default,Default,Default,Default,Default,.NET 6.0,Default,Default,Default,Default,Default,Default,Default,Default,True,Default,Default,Default,Default,Default,Default,Default,Default,Default,Default,Default,Default,Default,Default,Default,Default,Default,Default,Default,"Job-NFVFZF(EvaluateOverhead=True, Runtime=.NET 6.0, Server=True)",,1,Workload,Pilot,17,39491900,1048576,37.66,0,0,0,0
GeneralBenchmark.'FastEquals: Guid',DotNetTips.Spargine.Extensions.BenchmarkTests,GeneralBenchmark,'FastEquals: Guid',Job-NFVFZF,Default,True,Default,Default,Default,Default,Default,Default,Default,Default,Default,Default,.NET 6.0,Default,Default,Default,Default,Default,Default,Default,Default,True,Default,Default,Default,Default,Default,Default,Default,Default,Default,Default,Default,Default,Default,Default,Default,Default,Default,Default,Default,"Job-NFVFZF(EvaluateOverhead=True, Runtime=.NET 6.0, Server=True)",,1,Workload,Pilot,18,49269700,2097152,23.49,0,0,0,0
GeneralBenchmark.'FastEquals: Guid',DotNetTips.Spargine.Extensions.BenchmarkTests,GeneralBenchmark,'FastEquals: Guid',Job-NFVFZF,Default,True,Default,Default,Default,Default,Default,Default,Default,Default,Default,Default,.NET 6.0,Default,Default,Default,Default,Default,Default,Default,Default,True,Default,Default,Default,Default,Default,Default,Default,Default,Default,Default,Default,Default,Default,Default,Default,Default,Default,Default,Default,"Job-NFVFZF(EvaluateOverhead=True, Runtime=.NET 6.0, Server=True)",,1,Workload,Pilot,19,14956900,4194304,3.57,0,0,0,0
GeneralBenchmark.'FastEquals: Guid',DotNetTips.Spargine.Extensions.BenchmarkTests,GeneralBenchmark,'FastEquals: Guid',Job-NFVFZF,Default,True,Default,Default,Default,Default,Default,Default,Default,Default,Default,Default,.NET 6.0,Default,Default,Default,Default,Default,Default,Default,Default,True,Default,Default,Default,Default,Default,Default,Default,Default,Default,Default,Default,Default,Default,Default,Default,Default,Default,Default,Default,"Job-NFVFZF(EvaluateOverhead=True, Runtime=.NET 6.0, Server=True)",,1,Workload,Pilot,20,29677900,8388608,3.54,0,0,0,0
GeneralBenchmark.'FastEquals: Guid',DotNetTips.Spargine.Extensions.BenchmarkTests,GeneralBenchmark,'FastEquals: Guid',Job-NFVFZF,Default,True,Default,Default,Default,Default,Default,Default,Default,Default,Default,Default,.NET 6.0,Default,Default,Default,Default,Default,Default,Default,Default,True,Default,Default,Default,Default,Default,Default,Default,Default,Default,Default,Default,Default,Default,Default,Default,Default,Default,Default,Default,"Job-NFVFZF(EvaluateOverhead=True, Runtime=.NET 6.0, Server=True)",,1,Workload,Pilot,21,57098900,16777216,3.4,0,0,0,0
GeneralBenchmark.'FastEquals: Guid',DotNetTips.Spargine.Extensions.BenchmarkTests,GeneralBenchmark,'FastEquals: Guid',Job-NFVFZF,Default,True,Default,Default,Default,Default,Default,Default,Default,Default,Default,Default,.NET 6.0,Default,Default,Default,Default,Default,Default,Default,Default,True,Default,Default,Default,Default,Default,Default,Default,Default,Default,Default,Default,Default,Default,Default,Default,Default,Default,Default,Default,"Job-NFVFZF(EvaluateOverhead=True, Runtime=.NET 6.0, Server=True)",,1,Workload,Pilot,22,109111000,33554432,3.25,0,0,0,0
GeneralBenchmark.'FastEquals: Guid',DotNetTips.Spargine.Extensions.BenchmarkTests,GeneralBenchmark,'FastEquals: Guid',Job-NFVFZF,Default,True,Default,Default,Default,Default,Default,Default,Default,Default,Default,Default,.NET 6.0,Default,Default,Default,Default,Default,Default,Default,Default,True,Default,Default,Default,Default,Default,Default,Default,Default,Default,Default,Default,Default,Default,Default,Default,Default,Default,Default,Default,"Job-NFVFZF(EvaluateOverhead=True, Runtime=.NET 6.0, Server=True)",,1,Workload,Pilot,23,213056400,67108864,3.17,0,0,0,0
GeneralBenchmark.'FastEquals: Guid',DotNetTips.Spargine.Extensions.BenchmarkTests,GeneralBenchmark,'FastEquals: Guid',Job-NFVFZF,Default,True,Default,Default,Default,Default,Default,Default,Default,Default,Default,Default,.NET 6.0,Default,Default,Default,Default,Default,Default,Default,Default,True,Default,Default,Default,Default,Default,Default,Default,Default,Default,Default,Default,Default,Default,Default,Default,Default,Default,Default,Default,"Job-NFVFZF(EvaluateOverhead=True, Runtime=.NET 6.0, Server=True)",,1,Workload,Pilot,24,438509200,134217728,3.27,0,0,0,0
GeneralBenchmark.'FastEquals: Guid',DotNetTips.Spargine.Extensions.BenchmarkTests,GeneralBenchmark,'FastEquals: Guid',Job-NFVFZF,Default,True,Default,Default,Default,Default,Default,Default,Default,Default,Default,Default,.NET 6.0,Default,Default,Default,Default,Default,Default,Default,Default,True,Default,Default,Default,Default,Default,Default,Default,Default,Default,Default,Default,Default,Default,Default,Default,Default,Default,Default,Default,"Job-NFVFZF(EvaluateOverhead=True, Runtime=.NET 6.0, Server=True)",,1,Workload,Pilot,25,853228600,268435456,3.18,0,0,0,0
GeneralBenchmark.'FastEquals: Guid',DotNetTips.Spargine.Extensions.BenchmarkTests,GeneralBenchmark,'FastEquals: Guid',Job-NFVFZF,Default,True,Default,Default,Default,Default,Default,Default,Default,Default,Default,Default,.NET 6.0,Default,Default,Default,Default,Default,Default,Default,Default,True,Default,Default,Default,Default,Default,Default,Default,Default,Default,Default,Default,Default,Default,Default,Default,Default,Default,Default,Default,"Job-NFVFZF(EvaluateOverhead=True, Runtime=.NET 6.0, Server=True)",,1,Overhead,Warmup,1,443852600,268435456,1.65,0,0,0,0
GeneralBenchmark.'FastEquals: Guid',DotNetTips.Spargine.Extensions.BenchmarkTests,GeneralBenchmark,'FastEquals: Guid',Job-NFVFZF,Default,True,Default,Default,Default,Default,Default,Default,Default,Default,Default,Default,.NET 6.0,Default,Default,Default,Default,Default,Default,Default,Default,True,Default,Default,Default,Default,Default,Default,Default,Default,Default,Default,Default,Default,Default,Default,Default,Default,Default,Default,Default,"Job-NFVFZF(EvaluateOverhead=True, Runtime=.NET 6.0, Server=True)",,1,Overhead,Warmup,2,404555200,268435456,1.51,0,0,0,0
GeneralBenchmark.'FastEquals: Guid',DotNetTips.Spargine.Extensions.BenchmarkTests,GeneralBenchmark,'FastEquals: Guid',Job-NFVFZF,Default,True,Default,Default,Default,Default,Default,Default,Default,Default,Default,Default,.NET 6.0,Default,Default,Default,Default,Default,Default,Default,Default,True,Default,Default,Default,Default,Default,Default,Default,Default,Default,Default,Default,Default,Default,Default,Default,Default,Default,Default,Default,"Job-NFVFZF(EvaluateOverhead=True, Runtime=.NET 6.0, Server=True)",,1,Overhead,Warmup,3,411794300,268435456,1.53,0,0,0,0
GeneralBenchmark.'FastEquals: Guid',DotNetTips.Spargine.Extensions.BenchmarkTests,GeneralBenchmark,'FastEquals: Guid',Job-NFVFZF,Default,True,Default,Default,Default,Default,Default,Default,Default,Default,Default,Default,.NET 6.0,Default,Default,Default,Default,Default,Default,Default,Default,True,Default,Default,Default,Default,Default,Default,Default,Default,Default,Default,Default,Default,Default,Default,Default,Default,Default,Default,Default,"Job-NFVFZF(EvaluateOverhead=True, Runtime=.NET 6.0, Server=True)",,1,Overhead,Warmup,4,417542900,268435456,1.56,0,0,0,0
GeneralBenchmark.'FastEquals: Guid',DotNetTips.Spargine.Extensions.BenchmarkTests,GeneralBenchmark,'FastEquals: Guid',Job-NFVFZF,Default,True,Default,Default,Default,Default,Default,Default,Default,Default,Default,Default,.NET 6.0,Default,Default,Default,Default,Default,Default,Default,Default,True,Default,Default,Default,Default,Default,Default,Default,Default,Default,Default,Default,Default,Default,Default,Default,Default,Default,Default,Default,"Job-NFVFZF(EvaluateOverhead=True, Runtime=.NET 6.0, Server=True)",,1,Overhead,Warmup,5,409751300,268435456,1.53,0,0,0,0
GeneralBenchmark.'FastEquals: Guid',DotNetTips.Spargine.Extensions.BenchmarkTests,GeneralBenchmark,'FastEquals: Guid',Job-NFVFZF,Default,True,Default,Default,Default,Default,Default,Default,Default,Default,Default,Default,.NET 6.0,Default,Default,Default,Default,Default,Default,Default,Default,True,Default,Default,Default,Default,Default,Default,Default,Default,Default,Default,Default,Default,Default,Default,Default,Default,Default,Default,Default,"Job-NFVFZF(EvaluateOverhead=True, Runtime=.NET 6.0, Server=True)",,1,Overhead,Warmup,6,410137700,268435456,1.53,0,0,0,0
GeneralBenchmark.'FastEquals: Guid',DotNetTips.Spargine.Extensions.BenchmarkTests,GeneralBenchmark,'FastEquals: Guid',Job-NFVFZF,Default,True,Default,Default,Default,Default,Default,Default,Default,Default,Default,Default,.NET 6.0,Default,Default,Default,Default,Default,Default,Default,Default,True,Default,Default,Default,Default,Default,Default,Default,Default,Default,Default,Default,Default,Default,Default,Default,Default,Default,Default,Default,"Job-NFVFZF(EvaluateOverhead=True, Runtime=.NET 6.0, Server=True)",,1,Overhead,Warmup,7,400321900,268435456,1.49,0,0,0,0
GeneralBenchmark.'FastEquals: Guid',DotNetTips.Spargine.Extensions.BenchmarkTests,GeneralBenchmark,'FastEquals: Guid',Job-NFVFZF,Default,True,Default,Default,Default,Default,Default,Default,Default,Default,Default,Default,.NET 6.0,Default,Default,Default,Default,Default,Default,Default,Default,True,Default,Default,Default,Default,Default,Default,Default,Default,Default,Default,Default,Default,Default,Default,Default,Default,Default,Default,Default,"Job-NFVFZF(EvaluateOverhead=True, Runtime=.NET 6.0, Server=True)",,1,Overhead,Actual,1,409651800,268435456,1.53,0,0,0,0
GeneralBenchmark.'FastEquals: Guid',DotNetTips.Spargine.Extensions.BenchmarkTests,GeneralBenchmark,'FastEquals: Guid',Job-NFVFZF,Default,True,Default,Default,Default,Default,Default,Default,Default,Default,Default,Default,.NET 6.0,Default,Default,Default,Default,Default,Default,Default,Default,True,Default,Default,Default,Default,Default,Default,Default,Default,Default,Default,Default,Default,Default,Default,Default,Default,Default,Default,Default,"Job-NFVFZF(EvaluateOverhead=True, Runtime=.NET 6.0, Server=True)",,1,Overhead,Actual,2,411895500,268435456,1.53,0,0,0,0
GeneralBenchmark.'FastEquals: Guid',DotNetTips.Spargine.Extensions.BenchmarkTests,GeneralBenchmark,'FastEquals: Guid',Job-NFVFZF,Default,True,Default,Default,Default,Default,Default,Default,Default,Default,Default,Default,.NET 6.0,Default,Default,Default,Default,Default,Default,Default,Default,True,Default,Default,Default,Default,Default,Default,Default,Default,Default,Default,Default,Default,Default,Default,Default,Default,Default,Default,Default,"Job-NFVFZF(EvaluateOverhead=True, Runtime=.NET 6.0, Server=True)",,1,Overhead,Actual,3,412040200,268435456,1.53,0,0,0,0
GeneralBenchmark.'FastEquals: Guid',DotNetTips.Spargine.Extensions.BenchmarkTests,GeneralBenchmark,'FastEquals: Guid',Job-NFVFZF,Default,True,Default,Default,Default,Default,Default,Default,Default,Default,Default,Default,.NET 6.0,Default,Default,Default,Default,Default,Default,Default,Default,True,Default,Default,Default,Default,Default,Default,Default,Default,Default,Default,Default,Default,Default,Default,Default,Default,Default,Default,Default,"Job-NFVFZF(EvaluateOverhead=True, Runtime=.NET 6.0, Server=True)",,1,Overhead,Actual,4,409613500,268435456,1.53,0,0,0,0
GeneralBenchmark.'FastEquals: Guid',DotNetTips.Spargine.Extensions.BenchmarkTests,GeneralBenchmark,'FastEquals: Guid',Job-NFVFZF,Default,True,Default,Default,Default,Default,Default,Default,Default,Default,Default,Default,.NET 6.0,Default,Default,Default,Default,Default,Default,Default,Default,True,Default,Default,Default,Default,Default,Default,Default,Default,Default,Default,Default,Default,Default,Default,Default,Default,Default,Default,Default,"Job-NFVFZF(EvaluateOverhead=True, Runtime=.NET 6.0, Server=True)",,1,Overhead,Actual,5,413774700,268435456,1.54,0,0,0,0
GeneralBenchmark.'FastEquals: Guid',DotNetTips.Spargine.Extensions.BenchmarkTests,GeneralBenchmark,'FastEquals: Guid',Job-NFVFZF,Default,True,Default,Default,Default,Default,Default,Default,Default,Default,Default,Default,.NET 6.0,Default,Default,Default,Default,Default,Default,Default,Default,True,Default,Default,Default,Default,Default,Default,Default,Default,Default,Default,Default,Default,Default,Default,Default,Default,Default,Default,Default,"Job-NFVFZF(EvaluateOverhead=True, Runtime=.NET 6.0, Server=True)",,1,Overhead,Actual,6,406299700,268435456,1.51,0,0,0,0
GeneralBenchmark.'FastEquals: Guid',DotNetTips.Spargine.Extensions.BenchmarkTests,GeneralBenchmark,'FastEquals: Guid',Job-NFVFZF,Default,True,Default,Default,Default,Default,Default,Default,Default,Default,Default,Default,.NET 6.0,Default,Default,Default,Default,Default,Default,Default,Default,True,Default,Default,Default,Default,Default,Default,Default,Default,Default,Default,Default,Default,Default,Default,Default,Default,Default,Default,Default,"Job-NFVFZF(EvaluateOverhead=True, Runtime=.NET 6.0, Server=True)",,1,Overhead,Actual,7,399676400,268435456,1.49,0,0,0,0
GeneralBenchmark.'FastEquals: Guid',DotNetTips.Spargine.Extensions.BenchmarkTests,GeneralBenchmark,'FastEquals: Guid',Job-NFVFZF,Default,True,Default,Default,Default,Default,Default,Default,Default,Default,Default,Default,.NET 6.0,Default,Default,Default,Default,Default,Default,Default,Default,True,Default,Default,Default,Default,Default,Default,Default,Default,Default,Default,Default,Default,Default,Default,Default,Default,Default,Default,Default,"Job-NFVFZF(EvaluateOverhead=True, Runtime=.NET 6.0, Server=True)",,1,Overhead,Actual,8,410905000,268435456,1.53,0,0,0,0
GeneralBenchmark.'FastEquals: Guid',DotNetTips.Spargine.Extensions.BenchmarkTests,GeneralBenchmark,'FastEquals: Guid',Job-NFVFZF,Default,True,Default,Default,Default,Default,Default,Default,Default,Default,Default,Default,.NET 6.0,Default,Default,Default,Default,Default,Default,Default,Default,True,Default,Default,Default,Default,Default,Default,Default,Default,Default,Default,Default,Default,Default,Default,Default,Default,Default,Default,Default,"Job-NFVFZF(EvaluateOverhead=True, Runtime=.NET 6.0, Server=True)",,1,Overhead,Actual,9,413377000,268435456,1.54,0,0,0,0
GeneralBenchmark.'FastEquals: Guid',DotNetTips.Spargine.Extensions.BenchmarkTests,GeneralBenchmark,'FastEquals: Guid',Job-NFVFZF,Default,True,Default,Default,Default,Default,Default,Default,Default,Default,Default,Default,.NET 6.0,Default,Default,Default,Default,Default,Default,Default,Default,True,Default,Default,Default,Default,Default,Default,Default,Default,Default,Default,Default,Default,Default,Default,Default,Default,Default,Default,Default,"Job-NFVFZF(EvaluateOverhead=True, Runtime=.NET 6.0, Server=True)",,1,Overhead,Actual,10,414429700,268435456,1.54,0,0,0,0
GeneralBenchmark.'FastEquals: Guid',DotNetTips.Spargine.Extensions.BenchmarkTests,GeneralBenchmark,'FastEquals: Guid',Job-NFVFZF,Default,True,Default,Default,Default,Default,Default,Default,Default,Default,Default,Default,.NET 6.0,Default,Default,Default,Default,Default,Default,Default,Default,True,Default,Default,Default,Default,Default,Default,Default,Default,Default,Default,Default,Default,Default,Default,Default,Default,Default,Default,Default,"Job-NFVFZF(EvaluateOverhead=True, Runtime=.NET 6.0, Server=True)",,1,Overhead,Actual,11,411840600,268435456,1.53,0,0,0,0
GeneralBenchmark.'FastEquals: Guid',DotNetTips.Spargine.Extensions.BenchmarkTests,GeneralBenchmark,'FastEquals: Guid',Job-NFVFZF,Default,True,Default,Default,Default,Default,Default,Default,Default,Default,Default,Default,.NET 6.0,Default,Default,Default,Default,Default,Default,Default,Default,True,Default,Default,Default,Default,Default,Default,Default,Default,Default,Default,Default,Default,Default,Default,Default,Default,Default,Default,Default,"Job-NFVFZF(EvaluateOverhead=True, Runtime=.NET 6.0, Server=True)",,1,Overhead,Actual,12,403471300,268435456,1.5,0,0,0,0
GeneralBenchmark.'FastEquals: Guid',DotNetTips.Spargine.Extensions.BenchmarkTests,GeneralBenchmark,'FastEquals: Guid',Job-NFVFZF,Default,True,Default,Default,Default,Default,Default,Default,Default,Default,Default,Default,.NET 6.0,Default,Default,Default,Default,Default,Default,Default,Default,True,Default,Default,Default,Default,Default,Default,Default,Default,Default,Default,Default,Default,Default,Default,Default,Default,Default,Default,Default,"Job-NFVFZF(EvaluateOverhead=True, Runtime=.NET 6.0, Server=True)",,1,Overhead,Actual,13,402157000,268435456,1.5,0,0,0,0
GeneralBenchmark.'FastEquals: Guid',DotNetTips.Spargine.Extensions.BenchmarkTests,GeneralBenchmark,'FastEquals: Guid',Job-NFVFZF,Default,True,Default,Default,Default,Default,Default,Default,Default,Default,Default,Default,.NET 6.0,Default,Default,Default,Default,Default,Default,Default,Default,True,Default,Default,Default,Default,Default,Default,Default,Default,Default,Default,Default,Default,Default,Default,Default,Default,Default,Default,Default,"Job-NFVFZF(EvaluateOverhead=True, Runtime=.NET 6.0, Server=True)",,1,Overhead,Actual,14,411734100,268435456,1.53,0,0,0,0
GeneralBenchmark.'FastEquals: Guid',DotNetTips.Spargine.Extensions.BenchmarkTests,GeneralBenchmark,'FastEquals: Guid',Job-NFVFZF,Default,True,Default,Default,Default,Default,Default,Default,Default,Default,Default,Default,.NET 6.0,Default,Default,Default,Default,Default,Default,Default,Default,True,Default,Default,Default,Default,Default,Default,Default,Default,Default,Default,Default,Default,Default,Default,Default,Default,Default,Default,Default,"Job-NFVFZF(EvaluateOverhead=True, Runtime=.NET 6.0, Server=True)",,1,Overhead,Actual,15,405896100,268435456,1.51,0,0,0,0
GeneralBenchmark.'FastEquals: Guid',DotNetTips.Spargine.Extensions.BenchmarkTests,GeneralBenchmark,'FastEquals: Guid',Job-NFVFZF,Default,True,Default,Default,Default,Default,Default,Default,Default,Default,Default,Default,.NET 6.0,Default,Default,Default,Default,Default,Default,Default,Default,True,Default,Default,Default,Default,Default,Default,Default,Default,Default,Default,Default,Default,Default,Default,Default,Default,Default,Default,Default,"Job-NFVFZF(EvaluateOverhead=True, Runtime=.NET 6.0, Server=True)",,1,Workload,Warmup,1,857941600,268435456,3.2,0,0,0,0
GeneralBenchmark.'FastEquals: Guid',DotNetTips.Spargine.Extensions.BenchmarkTests,GeneralBenchmark,'FastEquals: Guid',Job-NFVFZF,Default,True,Default,Default,Default,Default,Default,Default,Default,Default,Default,Default,.NET 6.0,Default,Default,Default,Default,Default,Default,Default,Default,True,Default,Default,Default,Default,Default,Default,Default,Default,Default,Default,Default,Default,Default,Default,Default,Default,Default,Default,Default,"Job-NFVFZF(EvaluateOverhead=True, Runtime=.NET 6.0, Server=True)",,1,Workload,Warmup,2,858010400,268435456,3.2,0,0,0,0
GeneralBenchmark.'FastEquals: Guid',DotNetTips.Spargine.Extensions.BenchmarkTests,GeneralBenchmark,'FastEquals: Guid',Job-NFVFZF,Default,True,Default,Default,Default,Default,Default,Default,Default,Default,Default,Default,.NET 6.0,Default,Default,Default,Default,Default,Default,Default,Default,True,Default,Default,Default,Default,Default,Default,Default,Default,Default,Default,Default,Default,Default,Default,Default,Default,Default,Default,Default,"Job-NFVFZF(EvaluateOverhead=True, Runtime=.NET 6.0, Server=True)",,1,Workload,Warmup,3,854505000,268435456,3.18,0,0,0,0
GeneralBenchmark.'FastEquals: Guid',DotNetTips.Spargine.Extensions.BenchmarkTests,GeneralBenchmark,'FastEquals: Guid',Job-NFVFZF,Default,True,Default,Default,Default,Default,Default,Default,Default,Default,Default,Default,.NET 6.0,Default,Default,Default,Default,Default,Default,Default,Default,True,Default,Default,Default,Default,Default,Default,Default,Default,Default,Default,Default,Default,Default,Default,Default,Default,Default,Default,Default,"Job-NFVFZF(EvaluateOverhead=True, Runtime=.NET 6.0, Server=True)",,1,Workload,Warmup,4,855372500,268435456,3.19,0,0,0,0
GeneralBenchmark.'FastEquals: Guid',DotNetTips.Spargine.Extensions.BenchmarkTests,GeneralBenchmark,'FastEquals: Guid',Job-NFVFZF,Default,True,Default,Default,Default,Default,Default,Default,Default,Default,Default,Default,.NET 6.0,Default,Default,Default,Default,Default,Default,Default,Default,True,Default,Default,Default,Default,Default,Default,Default,Default,Default,Default,Default,Default,Default,Default,Default,Default,Default,Default,Default,"Job-NFVFZF(EvaluateOverhead=True, Runtime=.NET 6.0, Server=True)",,1,Workload,Warmup,5,864302200,268435456,3.22,0,0,0,0
GeneralBenchmark.'FastEquals: Guid',DotNetTips.Spargine.Extensions.BenchmarkTests,GeneralBenchmark,'FastEquals: Guid',Job-NFVFZF,Default,True,Default,Default,Default,Default,Default,Default,Default,Default,Default,Default,.NET 6.0,Default,Default,Default,Default,Default,Default,Default,Default,True,Default,Default,Default,Default,Default,Default,Default,Default,Default,Default,Default,Default,Default,Default,Default,Default,Default,Default,Default,"Job-NFVFZF(EvaluateOverhead=True, Runtime=.NET 6.0, Server=True)",,1,Workload,Warmup,6,853111700,268435456,3.18,0,0,0,0
GeneralBenchmark.'FastEquals: Guid',DotNetTips.Spargine.Extensions.BenchmarkTests,GeneralBenchmark,'FastEquals: Guid',Job-NFVFZF,Default,True,Default,Default,Default,Default,Default,Default,Default,Default,Default,Default,.NET 6.0,Default,Default,Default,Default,Default,Default,Default,Default,True,Default,Default,Default,Default,Default,Default,Default,Default,Default,Default,Default,Default,Default,Default,Default,Default,Default,Default,Default,"Job-NFVFZF(EvaluateOverhead=True, Runtime=.NET 6.0, Server=True)",,1,Workload,Actual,1,851484800,268435456,3.17,0,0,0,0
GeneralBenchmark.'FastEquals: Guid',DotNetTips.Spargine.Extensions.BenchmarkTests,GeneralBenchmark,'FastEquals: Guid',Job-NFVFZF,Default,True,Default,Default,Default,Default,Default,Default,Default,Default,Default,Default,.NET 6.0,Default,Default,Default,Default,Default,Default,Default,Default,True,Default,Default,Default,Default,Default,Default,Default,Default,Default,Default,Default,Default,Default,Default,Default,Default,Default,Default,Default,"Job-NFVFZF(EvaluateOverhead=True, Runtime=.NET 6.0, Server=True)",,1,Workload,Actual,2,840412100,268435456,3.13,0,0,0,0
GeneralBenchmark.'FastEquals: Guid',DotNetTips.Spargine.Extensions.BenchmarkTests,GeneralBenchmark,'FastEquals: Guid',Job-NFVFZF,Default,True,Default,Default,Default,Default,Default,Default,Default,Default,Default,Default,.NET 6.0,Default,Default,Default,Default,Default,Default,Default,Default,True,Default,Default,Default,Default,Default,Default,Default,Default,Default,Default,Default,Default,Default,Default,Default,Default,Default,Default,Default,"Job-NFVFZF(EvaluateOverhead=True, Runtime=.NET 6.0, Server=True)",,1,Workload,Actual,3,833308900,268435456,3.1,0,0,0,0
GeneralBenchmark.'FastEquals: Guid',DotNetTips.Spargine.Extensions.BenchmarkTests,GeneralBenchmark,'FastEquals: Guid',Job-NFVFZF,Default,True,Default,Default,Default,Default,Default,Default,Default,Default,Default,Default,.NET 6.0,Default,Default,Default,Default,Default,Default,Default,Default,True,Default,Default,Default,Default,Default,Default,Default,Default,Default,Default,Default,Default,Default,Default,Default,Default,Default,Default,Default,"Job-NFVFZF(EvaluateOverhead=True, Runtime=.NET 6.0, Server=True)",,1,Workload,Actual,4,860284000,268435456,3.2,0,0,0,0
GeneralBenchmark.'FastEquals: Guid',DotNetTips.Spargine.Extensions.BenchmarkTests,GeneralBenchmark,'FastEquals: Guid',Job-NFVFZF,Default,True,Default,Default,Default,Default,Default,Default,Default,Default,Default,Default,.NET 6.0,Default,Default,Default,Default,Default,Default,Default,Default,True,Default,Default,Default,Default,Default,Default,Default,Default,Default,Default,Default,Default,Default,Default,Default,Default,Default,Default,Default,"Job-NFVFZF(EvaluateOverhead=True, Runtime=.NET 6.0, Server=True)",,1,Workload,Actual,5,843910200,268435456,3.14,0,0,0,0
GeneralBenchmark.'FastEquals: Guid',DotNetTips.Spargine.Extensions.BenchmarkTests,GeneralBenchmark,'FastEquals: Guid',Job-NFVFZF,Default,True,Default,Default,Default,Default,Default,Default,Default,Default,Default,Default,.NET 6.0,Default,Default,Default,Default,Default,Default,Default,Default,True,Default,Default,Default,Default,Default,Default,Default,Default,Default,Default,Default,Default,Default,Default,Default,Default,Default,Default,Default,"Job-NFVFZF(EvaluateOverhead=True, Runtime=.NET 6.0, Server=True)",,1,Workload,Actual,6,837850500,268435456,3.12,0,0,0,0
GeneralBenchmark.'FastEquals: Guid',DotNetTips.Spargine.Extensions.BenchmarkTests,GeneralBenchmark,'FastEquals: Guid',Job-NFVFZF,Default,True,Default,Default,Default,Default,Default,Default,Default,Default,Default,Default,.NET 6.0,Default,Default,Default,Default,Default,Default,Default,Default,True,Default,Default,Default,Default,Default,Default,Default,Default,Default,Default,Default,Default,Default,Default,Default,Default,Default,Default,Default,"Job-NFVFZF(EvaluateOverhead=True, Runtime=.NET 6.0, Server=True)",,1,Workload,Actual,7,851903700,268435456,3.17,0,0,0,0
GeneralBenchmark.'FastEquals: Guid',DotNetTips.Spargine.Extensions.BenchmarkTests,GeneralBenchmark,'FastEquals: Guid',Job-NFVFZF,Default,True,Default,Default,Default,Default,Default,Default,Default,Default,Default,Default,.NET 6.0,Default,Default,Default,Default,Default,Default,Default,Default,True,Default,Default,Default,Default,Default,Default,Default,Default,Default,Default,Default,Default,Default,Default,Default,Default,Default,Default,Default,"Job-NFVFZF(EvaluateOverhead=True, Runtime=.NET 6.0, Server=True)",,1,Workload,Actual,8,863569900,268435456,3.22,0,0,0,0
GeneralBenchmark.'FastEquals: Guid',DotNetTips.Spargine.Extensions.BenchmarkTests,GeneralBenchmark,'FastEquals: Guid',Job-NFVFZF,Default,True,Default,Default,Default,Default,Default,Default,Default,Default,Default,Default,.NET 6.0,Default,Default,Default,Default,Default,Default,Default,Default,True,Default,Default,Default,Default,Default,Default,Default,Default,Default,Default,Default,Default,Default,Default,Default,Default,Default,Default,Default,"Job-NFVFZF(EvaluateOverhead=True, Runtime=.NET 6.0, Server=True)",,1,Workload,Actual,9,840983500,268435456,3.13,0,0,0,0
GeneralBenchmark.'FastEquals: Guid',DotNetTips.Spargine.Extensions.BenchmarkTests,GeneralBenchmark,'FastEquals: Guid',Job-NFVFZF,Default,True,Default,Default,Default,Default,Default,Default,Default,Default,Default,Default,.NET 6.0,Default,Default,Default,Default,Default,Default,Default,Default,True,Default,Default,Default,Default,Default,Default,Default,Default,Default,Default,Default,Default,Default,Default,Default,Default,Default,Default,Default,"Job-NFVFZF(EvaluateOverhead=True, Runtime=.NET 6.0, Server=True)",,1,Workload,Actual,10,834141700,268435456,3.11,0,0,0,0
GeneralBenchmark.'FastEquals: Guid',DotNetTips.Spargine.Extensions.BenchmarkTests,GeneralBenchmark,'FastEquals: Guid',Job-NFVFZF,Default,True,Default,Default,Default,Default,Default,Default,Default,Default,Default,Default,.NET 6.0,Default,Default,Default,Default,Default,Default,Default,Default,True,Default,Default,Default,Default,Default,Default,Default,Default,Default,Default,Default,Default,Default,Default,Default,Default,Default,Default,Default,"Job-NFVFZF(EvaluateOverhead=True, Runtime=.NET 6.0, Server=True)",,1,Workload,Actual,11,852098900,268435456,3.17,0,0,0,0
GeneralBenchmark.'FastEquals: Guid',DotNetTips.Spargine.Extensions.BenchmarkTests,GeneralBenchmark,'FastEquals: Guid',Job-NFVFZF,Default,True,Default,Default,Default,Default,Default,Default,Default,Default,Default,Default,.NET 6.0,Default,Default,Default,Default,Default,Default,Default,Default,True,Default,Default,Default,Default,Default,Default,Default,Default,Default,Default,Default,Default,Default,Default,Default,Default,Default,Default,Default,"Job-NFVFZF(EvaluateOverhead=True, Runtime=.NET 6.0, Server=True)",,1,Workload,Actual,12,839938800,268435456,3.13,0,0,0,0
GeneralBenchmark.'FastEquals: Guid',DotNetTips.Spargine.Extensions.BenchmarkTests,GeneralBenchmark,'FastEquals: Guid',Job-NFVFZF,Default,True,Default,Default,Default,Default,Default,Default,Default,Default,Default,Default,.NET 6.0,Default,Default,Default,Default,Default,Default,Default,Default,True,Default,Default,Default,Default,Default,Default,Default,Default,Default,Default,Default,Default,Default,Default,Default,Default,Default,Default,Default,"Job-NFVFZF(EvaluateOverhead=True, Runtime=.NET 6.0, Server=True)",,1,Workload,Actual,13,839714000,268435456,3.13,0,0,0,0
GeneralBenchmark.'FastEquals: Guid',DotNetTips.Spargine.Extensions.BenchmarkTests,GeneralBenchmark,'FastEquals: Guid',Job-NFVFZF,Default,True,Default,Default,Default,Default,Default,Default,Default,Default,Default,Default,.NET 6.0,Default,Default,Default,Default,Default,Default,Default,Default,True,Default,Default,Default,Default,Default,Default,Default,Default,Default,Default,Default,Default,Default,Default,Default,Default,Default,Default,Default,"Job-NFVFZF(EvaluateOverhead=True, Runtime=.NET 6.0, Server=True)",,1,Workload,Actual,14,836250500,268435456,3.12,0,0,0,0
GeneralBenchmark.'FastEquals: Guid',DotNetTips.Spargine.Extensions.BenchmarkTests,GeneralBenchmark,'FastEquals: Guid',Job-NFVFZF,Default,True,Default,Default,Default,Default,Default,Default,Default,Default,Default,Default,.NET 6.0,Default,Default,Default,Default,Default,Default,Default,Default,True,Default,Default,Default,Default,Default,Default,Default,Default,Default,Default,Default,Default,Default,Default,Default,Default,Default,Default,Default,"Job-NFVFZF(EvaluateOverhead=True, Runtime=.NET 6.0, Server=True)",,1,Workload,Actual,15,836505200,268435456,3.12,0,0,0,0
GeneralBenchmark.'FastEquals: Guid',DotNetTips.Spargine.Extensions.BenchmarkTests,GeneralBenchmark,'FastEquals: Guid',Job-NFVFZF,Default,True,Default,Default,Default,Default,Default,Default,Default,Default,Default,Default,.NET 6.0,Default,Default,Default,Default,Default,Default,Default,Default,True,Default,Default,Default,Default,Default,Default,Default,Default,Default,Default,Default,Default,Default,Default,Default,Default,Default,Default,Default,"Job-NFVFZF(EvaluateOverhead=True, Runtime=.NET 6.0, Server=True)",,1,Workload,Result,1,440579800,268435456,1.64,0,0,0,0
GeneralBenchmark.'FastEquals: Guid',DotNetTips.Spargine.Extensions.BenchmarkTests,GeneralBenchmark,'FastEquals: Guid',Job-NFVFZF,Default,True,Default,Default,Default,Default,Default,Default,Default,Default,Default,Default,.NET 6.0,Default,Default,Default,Default,Default,Default,Default,Default,True,Default,Default,Default,Default,Default,Default,Default,Default,Default,Default,Default,Default,Default,Default,Default,Default,Default,Default,Default,"Job-NFVFZF(EvaluateOverhead=True, Runtime=.NET 6.0, Server=True)",,1,Workload,Result,2,429507100,268435456,1.6,0,0,0,0
GeneralBenchmark.'FastEquals: Guid',DotNetTips.Spargine.Extensions.BenchmarkTests,GeneralBenchmark,'FastEquals: Guid',Job-NFVFZF,Default,True,Default,Default,Default,Default,Default,Default,Default,Default,Default,Default,.NET 6.0,Default,Default,Default,Default,Default,Default,Default,Default,True,Default,Default,Default,Default,Default,Default,Default,Default,Default,Default,Default,Default,Default,Default,Default,Default,Default,Default,Default,"Job-NFVFZF(EvaluateOverhead=True, Runtime=.NET 6.0, Server=True)",,1,Workload,Result,3,422403900,268435456,1.57,0,0,0,0
GeneralBenchmark.'FastEquals: Guid',DotNetTips.Spargine.Extensions.BenchmarkTests,GeneralBenchmark,'FastEquals: Guid',Job-NFVFZF,Default,True,Default,Default,Default,Default,Default,Default,Default,Default,Default,Default,.NET 6.0,Default,Default,Default,Default,Default,Default,Default,Default,True,Default,Default,Default,Default,Default,Default,Default,Default,Default,Default,Default,Default,Default,Default,Default,Default,Default,Default,Default,"Job-NFVFZF(EvaluateOverhead=True, Runtime=.NET 6.0, Server=True)",,1,Workload,Result,4,449379000,268435456,1.67,0,0,0,0
GeneralBenchmark.'FastEquals: Guid',DotNetTips.Spargine.Extensions.BenchmarkTests,GeneralBenchmark,'FastEquals: Guid',Job-NFVFZF,Default,True,Default,Default,Default,Default,Default,Default,Default,Default,Default,Default,.NET 6.0,Default,Default,Default,Default,Default,Default,Default,Default,True,Default,Default,Default,Default,Default,Default,Default,Default,Default,Default,Default,Default,Default,Default,Default,Default,Default,Default,Default,"Job-NFVFZF(EvaluateOverhead=True, Runtime=.NET 6.0, Server=True)",,1,Workload,Result,5,433005200,268435456,1.61,0,0,0,0
GeneralBenchmark.'FastEquals: Guid',DotNetTips.Spargine.Extensions.BenchmarkTests,GeneralBenchmark,'FastEquals: Guid',Job-NFVFZF,Default,True,Default,Default,Default,Default,Default,Default,Default,Default,Default,Default,.NET 6.0,Default,Default,Default,Default,Default,Default,Default,Default,True,Default,Default,Default,Default,Default,Default,Default,Default,Default,Default,Default,Default,Default,Default,Default,Default,Default,Default,Default,"Job-NFVFZF(EvaluateOverhead=True, Runtime=.NET 6.0, Server=True)",,1,Workload,Result,6,426945500,268435456,1.59,0,0,0,0
GeneralBenchmark.'FastEquals: Guid',DotNetTips.Spargine.Extensions.BenchmarkTests,GeneralBenchmark,'FastEquals: Guid',Job-NFVFZF,Default,True,Default,Default,Default,Default,Default,Default,Default,Default,Default,Default,.NET 6.0,Default,Default,Default,Default,Default,Default,Default,Default,True,Default,Default,Default,Default,Default,Default,Default,Default,Default,Default,Default,Default,Default,Default,Default,Default,Default,Default,Default,"Job-NFVFZF(EvaluateOverhead=True, Runtime=.NET 6.0, Server=True)",,1,Workload,Result,7,440998700,268435456,1.64,0,0,0,0
GeneralBenchmark.'FastEquals: Guid',DotNetTips.Spargine.Extensions.BenchmarkTests,GeneralBenchmark,'FastEquals: Guid',Job-NFVFZF,Default,True,Default,Default,Default,Default,Default,Default,Default,Default,Default,Default,.NET 6.0,Default,Default,Default,Default,Default,Default,Default,Default,True,Default,Default,Default,Default,Default,Default,Default,Default,Default,Default,Default,Default,Default,Default,Default,Default,Default,Default,Default,"Job-NFVFZF(EvaluateOverhead=True, Runtime=.NET 6.0, Server=True)",,1,Workload,Result,8,452664900,268435456,1.69,0,0,0,0
GeneralBenchmark.'FastEquals: Guid',DotNetTips.Spargine.Extensions.BenchmarkTests,GeneralBenchmark,'FastEquals: Guid',Job-NFVFZF,Default,True,Default,Default,Default,Default,Default,Default,Default,Default,Default,Default,.NET 6.0,Default,Default,Default,Default,Default,Default,Default,Default,True,Default,Default,Default,Default,Default,Default,Default,Default,Default,Default,Default,Default,Default,Default,Default,Default,Default,Default,Default,"Job-NFVFZF(EvaluateOverhead=True, Runtime=.NET 6.0, Server=True)",,1,Workload,Result,9,430078500,268435456,1.6,0,0,0,0
GeneralBenchmark.'FastEquals: Guid',DotNetTips.Spargine.Extensions.BenchmarkTests,GeneralBenchmark,'FastEquals: Guid',Job-NFVFZF,Default,True,Default,Default,Default,Default,Default,Default,Default,Default,Default,Default,.NET 6.0,Default,Default,Default,Default,Default,Default,Default,Default,True,Default,Default,Default,Default,Default,Default,Default,Default,Default,Default,Default,Default,Default,Default,Default,Default,Default,Default,Default,"Job-NFVFZF(EvaluateOverhead=True, Runtime=.NET 6.0, Server=True)",,1,Workload,Result,10,423236700,268435456,1.58,0,0,0,0
GeneralBenchmark.'FastEquals: Guid',DotNetTips.Spargine.Extensions.BenchmarkTests,GeneralBenchmark,'FastEquals: Guid',Job-NFVFZF,Default,True,Default,Default,Default,Default,Default,Default,Default,Default,Default,Default,.NET 6.0,Default,Default,Default,Default,Default,Default,Default,Default,True,Default,Default,Default,Default,Default,Default,Default,Default,Default,Default,Default,Default,Default,Default,Default,Default,Default,Default,Default,"Job-NFVFZF(EvaluateOverhead=True, Runtime=.NET 6.0, Server=True)",,1,Workload,Result,11,441193900,268435456,1.64,0,0,0,0
GeneralBenchmark.'FastEquals: Guid',DotNetTips.Spargine.Extensions.BenchmarkTests,GeneralBenchmark,'FastEquals: Guid',Job-NFVFZF,Default,True,Default,Default,Default,Default,Default,Default,Default,Default,Default,Default,.NET 6.0,Default,Default,Default,Default,Default,Default,Default,Default,True,Default,Default,Default,Default,Default,Default,Default,Default,Default,Default,Default,Default,Default,Default,Default,Default,Default,Default,Default,"Job-NFVFZF(EvaluateOverhead=True, Runtime=.NET 6.0, Server=True)",,1,Workload,Result,12,429033800,268435456,1.6,0,0,0,0
GeneralBenchmark.'FastEquals: Guid',DotNetTips.Spargine.Extensions.BenchmarkTests,GeneralBenchmark,'FastEquals: Guid',Job-NFVFZF,Default,True,Default,Default,Default,Default,Default,Default,Default,Default,Default,Default,.NET 6.0,Default,Default,Default,Default,Default,Default,Default,Default,True,Default,Default,Default,Default,Default,Default,Default,Default,Default,Default,Default,Default,Default,Default,Default,Default,Default,Default,Default,"Job-NFVFZF(EvaluateOverhead=True, Runtime=.NET 6.0, Server=True)",,1,Workload,Result,13,428809000,268435456,1.6,0,0,0,0
GeneralBenchmark.'FastEquals: Guid',DotNetTips.Spargine.Extensions.BenchmarkTests,GeneralBenchmark,'FastEquals: Guid',Job-NFVFZF,Default,True,Default,Default,Default,Default,Default,Default,Default,Default,Default,Default,.NET 6.0,Default,Default,Default,Default,Default,Default,Default,Default,True,Default,Default,Default,Default,Default,Default,Default,Default,Default,Default,Default,Default,Default,Default,Default,Default,Default,Default,Default,"Job-NFVFZF(EvaluateOverhead=True, Runtime=.NET 6.0, Server=True)",,1,Workload,Result,14,425345500,268435456,1.58,0,0,0,0
GeneralBenchmark.'FastEquals: Guid',DotNetTips.Spargine.Extensions.BenchmarkTests,GeneralBenchmark,'FastEquals: Guid',Job-NFVFZF,Default,True,Default,Default,Default,Default,Default,Default,Default,Default,Default,Default,.NET 6.0,Default,Default,Default,Default,Default,Default,Default,Default,True,Default,Default,Default,Default,Default,Default,Default,Default,Default,Default,Default,Default,Default,Default,Default,Default,Default,Default,Default,"Job-NFVFZF(EvaluateOverhead=True, Runtime=.NET 6.0, Server=True)",,1,Workload,Result,15,425600200,268435456,1.59,0,0,0,0
