Method,Job,AnalyzeLaunchVariance,EvaluateOverhead,MaxAbsoluteError,MaxRelativeError,MinInvokeCount,MinIterationTime,OutlierMode,Affinity,EnvironmentVariables,Jit,Platform,PowerPlanMode,Runtime,AllowVeryLargeObjects,Concurrent,CpuGroups,Force,HeapAffinitizeMask,HeapCount,NoAffinitize,RetainVm,Server,Arguments,BuildConfiguration,Clock,EngineFactory,NuGetReferences,Toolchain,IsMutator,InvocationCount,IterationCount,IterationTime,LaunchCount,MaxIterationCount,MaxWarmupIterationCount,MemoryRandomization,MinIterationCount,MinWarmupIterationCount,RunStrategy,UnrollFactor,WarmupCount,Namespace,Categories,Mean,Error,StdDev,StdErr,Min,Q1,Median,Q3,Max,Op/s,CI99.9% Margin,Iterations,Kurtosis,MValue,Skewness,Rank,LogicalGroup,Baseline,Code Size,Gen 0,Gen 1,Allocated
AesDecrypt,Job-YKIQEX,False,True,Default,Default,Default,Default,Default,1111,Empty,RyuJit,X64,8c5e7fda-e8bf-4a96-9a85-a6e23a8c635c,.NET 6.0,False,True,False,True,Default,Default,False,False,True,Default,Default,Default,Default,Default,Default,Default,1,Default,Default,Default,Default,Default,Default,Default,Default,Default,16,Default,DotNetTips.Spargine.Core.BenchmarkTests.Security,Encryption,9.715 μs,0.3639 μs,1.0730 μs,0.1073 μs,7.081 μs,9.209 μs,9.795 μs,10.413 μs,12.037 μs,"102,936.7",0.3639 μs,100.00,2.955,2.500,-0.5005,2,*,No,2 KB,1.5717,0.0153,14 KB
AesEncrypt,Job-YKIQEX,False,True,Default,Default,Default,Default,Default,1111,Empty,RyuJit,X64,8c5e7fda-e8bf-4a96-9a85-a6e23a8c635c,.NET 6.0,False,True,False,True,Default,Default,False,False,True,Default,Default,Default,Default,Default,Default,Default,1,Default,Default,Default,Default,Default,Default,Default,Default,Default,16,Default,DotNetTips.Spargine.Core.BenchmarkTests.Security,Encryption,8.301 μs,0.2097 μs,0.6182 μs,0.0618 μs,7.073 μs,7.833 μs,8.250 μs,8.759 μs,9.852 μs,"120,470.6",0.2097 μs,100.00,2.382,2.000,0.2761,1,*,No,2 KB,1.4038,-,13 KB
SimpleSHA256Decrypt,Job-YKIQEX,False,True,Default,Default,Default,Default,Default,1111,Empty,RyuJit,X64,8c5e7fda-e8bf-4a96-9a85-a6e23a8c635c,.NET 6.0,False,True,False,True,Default,Default,False,False,True,Default,Default,Default,Default,Default,Default,Default,1,Default,Default,Default,Default,Default,Default,Default,Default,Default,16,Default,DotNetTips.Spargine.Core.BenchmarkTests.Security,Encryption,10.418 μs,0.3010 μs,0.8829 μs,0.0887 μs,8.605 μs,9.803 μs,10.292 μs,10.939 μs,12.728 μs,"95,985.1",0.3010 μs,99.00,2.688,3.231,0.4908,3,*,No,1 KB,1.2207,-,11 KB
SimpleSHA256Encrypt,Job-YKIQEX,False,True,Default,Default,Default,Default,Default,1111,Empty,RyuJit,X64,8c5e7fda-e8bf-4a96-9a85-a6e23a8c635c,.NET 6.0,False,True,False,True,Default,Default,False,False,True,Default,Default,Default,Default,Default,Default,Default,1,Default,Default,Default,Default,Default,Default,Default,Default,Default,16,Default,DotNetTips.Spargine.Core.BenchmarkTests.Security,Encryption,11.597 μs,0.4608 μs,1.3588 μs,0.1359 μs,9.044 μs,10.624 μs,11.510 μs,12.718 μs,14.736 μs,"86,229.9",0.4608 μs,100.00,2.289,3.185,0.1534,4,*,No,1 KB,1.4038,-,13 KB
