Method,Job,AnalyzeLaunchVariance,EvaluateOverhead,MaxAbsoluteError,MaxRelativeError,MinInvokeCount,MinIterationTime,OutlierMode,Affinity,EnvironmentVariables,Jit,Platform,PowerPlanMode,Runtime,AllowVeryLargeObjects,Concurrent,CpuGroups,Force,HeapAffinitizeMask,HeapCount,NoAffinitize,RetainVm,Server,Arguments,BuildConfiguration,Clock,EngineFactory,NuGetReferences,Toolchain,IsMutator,InvocationCount,IterationCount,IterationTime,LaunchCount,MaxIterationCount,MaxWarmupIterationCount,MemoryRandomization,MinIterationCount,MinWarmupIterationCount,RunStrategy,UnrollFactor,WarmupCount,Namespace,Categories,Count,Mean,Error,StdDev,StdErr,Min,Q1,Median,Q3,Max,Op/s,CI99.9% Margin,Iterations,Kurtosis,MValue,Skewness,Rank,LogicalGroup,Baseline,Gen 0,Code Size,Gen 1,Gen 2,Allocated
'HasItems:With Count',Job-TRKAEU,False,True,Default,Default,Default,Default,Default,1111,Empty,RyuJit,X64,8c5e7fda-e8bf-4a96-9a85-a6e23a8c635c,.NET 6.0,False,True,False,True,Default,Default,False,False,True,Default,Default,Default,Default,Default,Default,Default,1,Default,Default,Default,Default,Default,Default,Default,Default,Default,16,Default,DotNetTips.Spargine.Extensions.BenchmarkTests,Collections,10,45.99 μs,0.689 μs,0.611 μs,0.163 μs,44.73 μs,45.71 μs,45.98 μs,46.20 μs,47.17 μs,"21,742.12",0.6895 μs,14.00,2.716,2.000,0.0140,1,*,No,2.5635,1 KB,-,-,22 KB
'HasItems:With Count',Job-TRKAEU,False,True,Default,Default,Default,Default,Default,1111,Empty,RyuJit,X64,8c5e7fda-e8bf-4a96-9a85-a6e23a8c635c,.NET 6.0,False,True,False,True,Default,Default,False,False,True,Default,Default,Default,Default,Default,Default,Default,1,Default,Default,Default,Default,Default,Default,Default,Default,Default,16,Default,DotNetTips.Spargine.Extensions.BenchmarkTests,Collections,25,128.16 μs,2.511 μs,3.352 μs,0.670 μs,123.49 μs,125.08 μs,128.59 μs,130.65 μs,135.22 μs,"7,802.59",2.5108 μs,25.00,2.009,2.000,0.2483,4,*,No,6.1035,1 KB,0.2441,-,54 KB
'HasItems:With Count',Job-TRKAEU,False,True,Default,Default,Default,Default,Default,1111,Empty,RyuJit,X64,8c5e7fda-e8bf-4a96-9a85-a6e23a8c635c,.NET 6.0,False,True,False,True,Default,Default,False,False,True,Default,Default,Default,Default,Default,Default,Default,1,Default,Default,Default,Default,Default,Default,Default,Default,Default,16,Default,DotNetTips.Spargine.Extensions.BenchmarkTests,Collections,50,267.42 μs,4.795 μs,4.486 μs,1.158 μs,260.96 μs,264.45 μs,266.46 μs,270.40 μs,277.20 μs,"3,739.46",4.7954 μs,15.00,2.317,2.000,0.5005,5,*,No,11.7188,1 KB,1.4648,-,107 KB
'HasItems:With Count',Job-TRKAEU,False,True,Default,Default,Default,Default,Default,1111,Empty,RyuJit,X64,8c5e7fda-e8bf-4a96-9a85-a6e23a8c635c,.NET 6.0,False,True,False,True,Default,Default,False,False,True,Default,Default,Default,Default,Default,Default,Default,1,Default,Default,Default,Default,Default,Default,Default,Default,Default,16,Default,DotNetTips.Spargine.Extensions.BenchmarkTests,Collections,100,700.46 μs,14.679 μs,42.818 μs,4.325 μs,597.14 μs,669.65 μs,696.73 μs,729.19 μs,808.84 μs,"1,427.62",14.6785 μs,98.00,2.803,2.370,0.2702,7,*,No,23.4375,1 KB,12.6953,11.7188,213 KB
'HasItems:With Count',Job-TRKAEU,False,True,Default,Default,Default,Default,Default,1111,Empty,RyuJit,X64,8c5e7fda-e8bf-4a96-9a85-a6e23a8c635c,.NET 6.0,False,True,False,True,Default,Default,False,False,True,Default,Default,Default,Default,Default,Default,Default,1,Default,Default,Default,Default,Default,Default,Default,Default,Default,16,Default,DotNetTips.Spargine.Extensions.BenchmarkTests,Collections,250,"1,832.39 μs",36.290 μs,90.375 μs,10.578 μs,"1,644.20 μs","1,761.52 μs","1,836.30 μs","1,892.72 μs","2,018.83 μs",545.74,36.2901 μs,73.00,2.285,2.952,0.0431,8,*,No,52.7344,1 KB,35.1563,25.3906,529 KB
'HasItems:With Count',Job-TRKAEU,False,True,Default,Default,Default,Default,Default,1111,Empty,RyuJit,X64,8c5e7fda-e8bf-4a96-9a85-a6e23a8c635c,.NET 6.0,False,True,False,True,Default,Default,False,False,True,Default,Default,Default,Default,Default,Default,Default,1,Default,Default,Default,Default,Default,Default,Default,Default,Default,16,Default,DotNetTips.Spargine.Extensions.BenchmarkTests,Collections,500,"3,169.82 μs",62.748 μs,109.899 μs,17.598 μs,"2,999.04 μs","3,084.28 μs","3,174.68 μs","3,247.15 μs","3,391.58 μs",315.48,62.7485 μs,39.00,2.086,2.000,0.2716,9,*,No,97.6563,1 KB,74.2188,46.8750,"1,058 KB"
'HasItems:With Count',Job-TRKAEU,False,True,Default,Default,Default,Default,Default,1111,Empty,RyuJit,X64,8c5e7fda-e8bf-4a96-9a85-a6e23a8c635c,.NET 6.0,False,True,False,True,Default,Default,False,False,True,Default,Default,Default,Default,Default,Default,Default,1,Default,Default,Default,Default,Default,Default,Default,Default,Default,16,Default,DotNetTips.Spargine.Extensions.BenchmarkTests,Collections,1000,"6,473.16 μs",129.419 μs,177.150 μs,34.742 μs,"6,177.63 μs","6,335.72 μs","6,510.63 μs","6,556.90 μs","6,841.49 μs",154.48,129.4188 μs,26.00,1.980,2.000,0.3082,10,*,No,187.5000,1 KB,164.0625,132.8125,"2,626 KB"
'HasItems:With Count',Job-TRKAEU,False,True,Default,Default,Default,Default,Default,1111,Empty,RyuJit,X64,8c5e7fda-e8bf-4a96-9a85-a6e23a8c635c,.NET 6.0,False,True,False,True,Default,Default,False,False,True,Default,Default,Default,Default,Default,Default,Default,1,Default,Default,Default,Default,Default,Default,Default,Default,Default,16,Default,DotNetTips.Spargine.Extensions.BenchmarkTests,Collections,2500,"16,283.05 μs",319.793 μs,468.748 μs,87.044 μs,"15,707.21 μs","15,955.68 μs","16,102.60 μs","16,597.85 μs","17,325.20 μs",61.41,319.7928 μs,29.00,2.605,2.000,0.8428,11,*,No,93.7500,1 KB,93.7500,93.7500,"6,518 KB"
'HasItems:With Predicate',Job-TRKAEU,False,True,Default,Default,Default,Default,Default,1111,Empty,RyuJit,X64,8c5e7fda-e8bf-4a96-9a85-a6e23a8c635c,.NET 6.0,False,True,False,True,Default,Default,False,False,True,Default,Default,Default,Default,Default,Default,Default,1,Default,Default,Default,Default,Default,Default,Default,Default,Default,16,Default,DotNetTips.Spargine.Extensions.BenchmarkTests,Collections,10,48.77 μs,0.874 μs,1.106 μs,0.231 μs,47.04 μs,47.99 μs,48.35 μs,49.44 μs,51.32 μs,"20,502.54",0.8743 μs,23.00,2.342,2.000,0.6387,3,*,No,2.6245,1 KB,0.0610,-,22 KB
'HasItems:With Predicate',Job-TRKAEU,False,True,Default,Default,Default,Default,Default,1111,Empty,RyuJit,X64,8c5e7fda-e8bf-4a96-9a85-a6e23a8c635c,.NET 6.0,False,True,False,True,Default,Default,False,False,True,Default,Default,Default,Default,Default,Default,Default,1,Default,Default,Default,Default,Default,Default,Default,Default,Default,16,Default,DotNetTips.Spargine.Extensions.BenchmarkTests,Collections,25,125.14 μs,2.417 μs,2.143 μs,0.573 μs,121.35 μs,123.91 μs,125.03 μs,126.55 μs,128.41 μs,"7,990.90",2.4173 μs,14.00,1.837,2.000,0.0064,4,*,No,5.8594,1 KB,0.2441,-,54 KB
'HasItems:With Predicate',Job-TRKAEU,False,True,Default,Default,Default,Default,Default,1111,Empty,RyuJit,X64,8c5e7fda-e8bf-4a96-9a85-a6e23a8c635c,.NET 6.0,False,True,False,True,Default,Default,False,False,True,Default,Default,Default,Default,Default,Default,Default,1,Default,Default,Default,Default,Default,Default,Default,Default,Default,16,Default,DotNetTips.Spargine.Extensions.BenchmarkTests,Collections,50,265.02 μs,5.088 μs,6.056 μs,1.322 μs,256.64 μs,260.35 μs,265.47 μs,269.32 μs,280.87 μs,"3,773.29",5.0875 μs,21.00,2.966,2.000,0.6430,5,*,No,11.7188,1 KB,1.4648,-,106 KB
'HasItems:With Predicate',Job-TRKAEU,False,True,Default,Default,Default,Default,Default,1111,Empty,RyuJit,X64,8c5e7fda-e8bf-4a96-9a85-a6e23a8c635c,.NET 6.0,False,True,False,True,Default,Default,False,False,True,Default,Default,Default,Default,Default,Default,Default,1,Default,Default,Default,Default,Default,Default,Default,Default,Default,16,Default,DotNetTips.Spargine.Extensions.BenchmarkTests,Collections,100,682.17 μs,13.582 μs,39.620 μs,4.002 μs,599.37 μs,654.94 μs,678.31 μs,707.98 μs,785.49 μs,"1,465.92",13.5822 μs,98.00,2.921,2.571,0.3102,6,*,No,22.4609,1 KB,14.6484,11.7188,213 KB
'HasItems:With Predicate',Job-TRKAEU,False,True,Default,Default,Default,Default,Default,1111,Empty,RyuJit,X64,8c5e7fda-e8bf-4a96-9a85-a6e23a8c635c,.NET 6.0,False,True,False,True,Default,Default,False,False,True,Default,Default,Default,Default,Default,Default,Default,1,Default,Default,Default,Default,Default,Default,Default,Default,Default,16,Default,DotNetTips.Spargine.Extensions.BenchmarkTests,Collections,250,"1,803.11 μs",36.025 μs,80.575 μs,10.402 μs,"1,638.36 μs","1,752.09 μs","1,792.65 μs","1,864.06 μs","2,021.85 μs",554.60,36.0251 μs,60.00,2.797,2.000,0.2954,8,*,No,52.7344,1 KB,37.1094,27.3438,527 KB
'HasItems:With Predicate',Job-TRKAEU,False,True,Default,Default,Default,Default,Default,1111,Empty,RyuJit,X64,8c5e7fda-e8bf-4a96-9a85-a6e23a8c635c,.NET 6.0,False,True,False,True,Default,Default,False,False,True,Default,Default,Default,Default,Default,Default,Default,1,Default,Default,Default,Default,Default,Default,Default,Default,Default,16,Default,DotNetTips.Spargine.Extensions.BenchmarkTests,Collections,500,"3,121.65 μs",61.165 μs,102.193 μs,17.032 μs,"2,902.78 μs","3,045.11 μs","3,120.89 μs","3,177.98 μs","3,321.75 μs",320.34,61.1650 μs,36.00,2.308,2.429,0.2803,9,*,No,97.6563,1 KB,66.4063,46.8750,"1,058 KB"
'HasItems:With Predicate',Job-TRKAEU,False,True,Default,Default,Default,Default,Default,1111,Empty,RyuJit,X64,8c5e7fda-e8bf-4a96-9a85-a6e23a8c635c,.NET 6.0,False,True,False,True,Default,Default,False,False,True,Default,Default,Default,Default,Default,Default,Default,1,Default,Default,Default,Default,Default,Default,Default,Default,Default,16,Default,DotNetTips.Spargine.Extensions.BenchmarkTests,Collections,1000,"6,372.56 μs",111.999 μs,157.007 μs,30.216 μs,"6,182.12 μs","6,251.64 μs","6,340.86 μs","6,482.58 μs","6,693.10 μs",156.92,111.9992 μs,27.00,1.962,2.000,0.5815,10,*,No,179.6875,1 KB,164.0625,132.8125,"2,623 KB"
'HasItems:With Predicate',Job-TRKAEU,False,True,Default,Default,Default,Default,Default,1111,Empty,RyuJit,X64,8c5e7fda-e8bf-4a96-9a85-a6e23a8c635c,.NET 6.0,False,True,False,True,Default,Default,False,False,True,Default,Default,Default,Default,Default,Default,Default,1,Default,Default,Default,Default,Default,Default,Default,Default,Default,16,Default,DotNetTips.Spargine.Extensions.BenchmarkTests,Collections,2500,"15,825.92 μs",316.283 μs,364.232 μs,81.445 μs,"15,385.48 μs","15,491.07 μs","15,760.52 μs","16,030.65 μs","16,594.81 μs",63.19,316.2830 μs,20.00,1.957,2.000,0.4256,11,*,No,125.0000,1 KB,93.7500,93.7500,"6,517 KB"
DoesNotHaveItems,Job-TRKAEU,False,True,Default,Default,Default,Default,Default,1111,Empty,RyuJit,X64,8c5e7fda-e8bf-4a96-9a85-a6e23a8c635c,.NET 6.0,False,True,False,True,Default,Default,False,False,True,Default,Default,Default,Default,Default,Default,Default,1,Default,Default,Default,Default,Default,Default,Default,Default,Default,16,Default,DotNetTips.Spargine.Extensions.BenchmarkTests,Collections,10,48.62 μs,0.722 μs,0.676 μs,0.174 μs,48.02 μs,48.12 μs,48.35 μs,49.07 μs,50.06 μs,"20,567.97",0.7224 μs,15.00,2.346,2.000,0.8952,3,*,No,2.6245,1 KB,0.0610,-,22 KB
DoesNotHaveItems,Job-TRKAEU,False,True,Default,Default,Default,Default,Default,1111,Empty,RyuJit,X64,8c5e7fda-e8bf-4a96-9a85-a6e23a8c635c,.NET 6.0,False,True,False,True,Default,Default,False,False,True,Default,Default,Default,Default,Default,Default,Default,1,Default,Default,Default,Default,Default,Default,Default,Default,Default,16,Default,DotNetTips.Spargine.Extensions.BenchmarkTests,Collections,25,125.96 μs,2.250 μs,2.501 μs,0.574 μs,121.83 μs,124.45 μs,125.43 μs,128.30 μs,130.41 μs,"7,939.01",2.2503 μs,19.00,1.817,2.000,0.0028,4,*,No,6.1035,1 KB,0.2441,-,53 KB
DoesNotHaveItems,Job-TRKAEU,False,True,Default,Default,Default,Default,Default,1111,Empty,RyuJit,X64,8c5e7fda-e8bf-4a96-9a85-a6e23a8c635c,.NET 6.0,False,True,False,True,Default,Default,False,False,True,Default,Default,Default,Default,Default,Default,Default,1,Default,Default,Default,Default,Default,Default,Default,Default,Default,16,Default,DotNetTips.Spargine.Extensions.BenchmarkTests,Collections,50,266.69 μs,5.083 μs,4.754 μs,1.228 μs,259.72 μs,264.24 μs,266.52 μs,269.13 μs,276.18 μs,"3,749.65",5.0828 μs,15.00,2.184,2.000,0.2482,5,*,No,11.7188,1 KB,1.4648,-,107 KB
DoesNotHaveItems,Job-TRKAEU,False,True,Default,Default,Default,Default,Default,1111,Empty,RyuJit,X64,8c5e7fda-e8bf-4a96-9a85-a6e23a8c635c,.NET 6.0,False,True,False,True,Default,Default,False,False,True,Default,Default,Default,Default,Default,Default,Default,1,Default,Default,Default,Default,Default,Default,Default,Default,Default,16,Default,DotNetTips.Spargine.Extensions.BenchmarkTests,Collections,100,704.90 μs,16.420 μs,48.416 μs,4.842 μs,593.68 μs,671.92 μs,709.11 μs,741.33 μs,802.28 μs,"1,418.63",16.4204 μs,100.00,2.455,3.385,-0.4473,7,*,No,23.4375,1 KB,14.6484,11.7188,213 KB
DoesNotHaveItems,Job-TRKAEU,False,True,Default,Default,Default,Default,Default,1111,Empty,RyuJit,X64,8c5e7fda-e8bf-4a96-9a85-a6e23a8c635c,.NET 6.0,False,True,False,True,Default,Default,False,False,True,Default,Default,Default,Default,Default,Default,Default,1,Default,Default,Default,Default,Default,Default,Default,Default,Default,16,Default,DotNetTips.Spargine.Extensions.BenchmarkTests,Collections,250,"1,817.47 μs",36.056 μs,84.280 μs,10.454 μs,"1,628.11 μs","1,751.66 μs","1,818.73 μs","1,870.87 μs","2,018.82 μs",550.22,36.0562 μs,65.00,2.307,2.000,0.0423,8,*,No,39.0625,1 KB,31.2500,27.3438,527 KB
DoesNotHaveItems,Job-TRKAEU,False,True,Default,Default,Default,Default,Default,1111,Empty,RyuJit,X64,8c5e7fda-e8bf-4a96-9a85-a6e23a8c635c,.NET 6.0,False,True,False,True,Default,Default,False,False,True,Default,Default,Default,Default,Default,Default,Default,1,Default,Default,Default,Default,Default,Default,Default,Default,Default,16,Default,DotNetTips.Spargine.Extensions.BenchmarkTests,Collections,500,"3,154.47 μs",61.183 μs,98.799 μs,16.944 μs,"2,976.38 μs","3,087.44 μs","3,137.78 μs","3,229.66 μs","3,349.02 μs",317.01,61.1827 μs,34.00,2.145,2.000,0.1482,9,*,No,109.3750,1 KB,78.1250,46.8750,"1,058 KB"
DoesNotHaveItems,Job-TRKAEU,False,True,Default,Default,Default,Default,Default,1111,Empty,RyuJit,X64,8c5e7fda-e8bf-4a96-9a85-a6e23a8c635c,.NET 6.0,False,True,False,True,Default,Default,False,False,True,Default,Default,Default,Default,Default,Default,Default,1,Default,Default,Default,Default,Default,Default,Default,Default,Default,16,Default,DotNetTips.Spargine.Extensions.BenchmarkTests,Collections,1000,"6,351.27 μs",94.239 μs,83.541 μs,22.327 μs,"6,241.19 μs","6,298.52 μs","6,316.68 μs","6,378.77 μs","6,544.59 μs",157.45,94.2394 μs,14.00,2.695,2.000,0.8832,10,*,No,187.5000,1 KB,179.6875,132.8125,"2,627 KB"
DoesNotHaveItems,Job-TRKAEU,False,True,Default,Default,Default,Default,Default,1111,Empty,RyuJit,X64,8c5e7fda-e8bf-4a96-9a85-a6e23a8c635c,.NET 6.0,False,True,False,True,Default,Default,False,False,True,Default,Default,Default,Default,Default,Default,Default,1,Default,Default,Default,Default,Default,Default,Default,Default,Default,16,Default,DotNetTips.Spargine.Extensions.BenchmarkTests,Collections,2500,"16,209.25 μs",318.880 μs,327.467 μs,79.422 μs,"15,581.09 μs","15,979.09 μs","16,225.60 μs","16,434.73 μs","16,733.79 μs",61.69,318.8803 μs,17.00,1.863,2.000,-0.0627,11,*,No,125.0000,1 KB,93.7500,93.7500,"6,516 KB"
HasItems,Job-TRKAEU,False,True,Default,Default,Default,Default,Default,1111,Empty,RyuJit,X64,8c5e7fda-e8bf-4a96-9a85-a6e23a8c635c,.NET 6.0,False,True,False,True,Default,Default,False,False,True,Default,Default,Default,Default,Default,Default,Default,1,Default,Default,Default,Default,Default,Default,Default,Default,Default,16,Default,DotNetTips.Spargine.Extensions.BenchmarkTests,Collections,10,47.48 μs,0.886 μs,0.829 μs,0.214 μs,46.61 μs,47.00 μs,47.22 μs,47.93 μs,49.48 μs,"21,062.04",0.8863 μs,15.00,2.841,2.000,0.9895,2,*,No,2.6245,1 KB,0.0610,-,22 KB
HasItems,Job-TRKAEU,False,True,Default,Default,Default,Default,Default,1111,Empty,RyuJit,X64,8c5e7fda-e8bf-4a96-9a85-a6e23a8c635c,.NET 6.0,False,True,False,True,Default,Default,False,False,True,Default,Default,Default,Default,Default,Default,Default,1,Default,Default,Default,Default,Default,Default,Default,Default,Default,16,Default,DotNetTips.Spargine.Extensions.BenchmarkTests,Collections,25,126.25 μs,2.451 μs,2.407 μs,0.602 μs,122.50 μs,124.47 μs,126.17 μs,127.14 μs,131.31 μs,"7,920.94",2.4509 μs,16.00,2.564,2.000,0.3758,4,*,No,5.8594,1 KB,0.2441,-,54 KB
HasItems,Job-TRKAEU,False,True,Default,Default,Default,Default,Default,1111,Empty,RyuJit,X64,8c5e7fda-e8bf-4a96-9a85-a6e23a8c635c,.NET 6.0,False,True,False,True,Default,Default,False,False,True,Default,Default,Default,Default,Default,Default,Default,1,Default,Default,Default,Default,Default,Default,Default,Default,Default,16,Default,DotNetTips.Spargine.Extensions.BenchmarkTests,Collections,50,269.23 μs,5.252 μs,5.620 μs,1.325 μs,261.25 μs,265.01 μs,269.37 μs,272.29 μs,280.05 μs,"3,714.25",5.2520 μs,18.00,2.155,2.000,0.2739,5,*,No,11.7188,1 KB,1.4648,-,107 KB
HasItems,Job-TRKAEU,False,True,Default,Default,Default,Default,Default,1111,Empty,RyuJit,X64,8c5e7fda-e8bf-4a96-9a85-a6e23a8c635c,.NET 6.0,False,True,False,True,Default,Default,False,False,True,Default,Default,Default,Default,Default,Default,Default,1,Default,Default,Default,Default,Default,Default,Default,Default,Default,16,Default,DotNetTips.Spargine.Extensions.BenchmarkTests,Collections,100,706.36 μs,14.467 μs,42.429 μs,4.264 μs,620.13 μs,674.17 μs,709.39 μs,731.31 μs,819.85 μs,"1,415.72",14.4671 μs,99.00,2.717,2.000,0.1439,7,*,No,22.4609,1 KB,11.7188,10.7422,213 KB
HasItems,Job-TRKAEU,False,True,Default,Default,Default,Default,Default,1111,Empty,RyuJit,X64,8c5e7fda-e8bf-4a96-9a85-a6e23a8c635c,.NET 6.0,False,True,False,True,Default,Default,False,False,True,Default,Default,Default,Default,Default,Default,Default,1,Default,Default,Default,Default,Default,Default,Default,Default,Default,16,Default,DotNetTips.Spargine.Extensions.BenchmarkTests,Collections,250,"1,820.83 μs",36.053 μs,87.757 μs,10.489 μs,"1,585.29 μs","1,777.57 μs","1,829.41 μs","1,872.62 μs","2,003.18 μs",549.20,36.0527 μs,70.00,3.458,2.083,-0.4598,8,*,No,35.1563,1 KB,31.2500,27.3438,528 KB
HasItems,Job-TRKAEU,False,True,Default,Default,Default,Default,Default,1111,Empty,RyuJit,X64,8c5e7fda-e8bf-4a96-9a85-a6e23a8c635c,.NET 6.0,False,True,False,True,Default,Default,False,False,True,Default,Default,Default,Default,Default,Default,Default,1,Default,Default,Default,Default,Default,Default,Default,Default,Default,16,Default,DotNetTips.Spargine.Extensions.BenchmarkTests,Collections,500,"3,166.89 μs",62.393 μs,83.292 μs,16.658 μs,"2,991.79 μs","3,121.73 μs","3,190.05 μs","3,218.56 μs","3,296.41 μs",315.77,62.3926 μs,25.00,2.268,2.000,-0.3909,9,*,No,66.4063,1 KB,54.6875,46.8750,"1,056 KB"
HasItems,Job-TRKAEU,False,True,Default,Default,Default,Default,Default,1111,Empty,RyuJit,X64,8c5e7fda-e8bf-4a96-9a85-a6e23a8c635c,.NET 6.0,False,True,False,True,Default,Default,False,False,True,Default,Default,Default,Default,Default,Default,Default,1,Default,Default,Default,Default,Default,Default,Default,Default,Default,16,Default,DotNetTips.Spargine.Extensions.BenchmarkTests,Collections,1000,"6,370.19 μs",124.734 μs,170.737 μs,33.484 μs,"6,162.90 μs","6,247.51 μs","6,303.63 μs","6,487.60 μs","6,857.29 μs",156.98,124.7340 μs,26.00,3.278,2.000,1.0267,10,*,No,195.3125,1 KB,156.2500,132.8125,"2,626 KB"
HasItems,Job-TRKAEU,False,True,Default,Default,Default,Default,Default,1111,Empty,RyuJit,X64,8c5e7fda-e8bf-4a96-9a85-a6e23a8c635c,.NET 6.0,False,True,False,True,Default,Default,False,False,True,Default,Default,Default,Default,Default,Default,Default,1,Default,Default,Default,Default,Default,Default,Default,Default,Default,16,Default,DotNetTips.Spargine.Extensions.BenchmarkTests,Collections,2500,"15,915.37 μs",303.940 μs,337.828 μs,77.503 μs,"15,582.11 μs","15,696.06 μs","15,873.89 μs","15,988.86 μs","16,973.91 μs",62.83,303.9400 μs,19.00,5.578,2.000,1.6803,11,*,No,93.7500,1 KB,93.7500,93.7500,"6,519 KB"
