Method,Job,AnalyzeLaunchVariance,EvaluateOverhead,MaxAbsoluteError,MaxRelativeError,MinInvokeCount,MinIterationTime,OutlierMode,Affinity,EnvironmentVariables,Jit,Platform,PowerPlanMode,Runtime,AllowVeryLargeObjects,Concurrent,CpuGroups,Force,HeapAffinitizeMask,HeapCount,NoAffinitize,RetainVm,Server,Arguments,BuildConfiguration,Clock,EngineFactory,NuGetReferences,Toolchain,IsMutator,InvocationCount,IterationCount,IterationTime,LaunchCount,MaxIterationCount,MaxWarmupIterationCount,MemoryRandomization,MinIterationCount,MinWarmupIterationCount,RunStrategy,UnrollFactor,WarmupCount,Namespace,Categories,Count,Mean,Error,StdDev,StdErr,Min,Q1,Median,Q3,Max,Op/s,CI99.9% Margin,Iterations,Kurtosis,MValue,Skewness,Rank,LogicalGroup,Baseline,Gen 0,Code Size,Gen 1,Gen 2,Allocated
'GetOrAdd: Dictionary',Job-TRKAEU,False,True,Default,Default,Default,Default,Default,1111,Empty,RyuJit,X64,8c5e7fda-e8bf-4a96-9a85-a6e23a8c635c,.NET 6.0,False,True,False,True,Default,Default,False,False,True,Default,Default,Default,Default,Default,Default,Default,1,Default,Default,Default,Default,Default,Default,Default,Default,Default,16,Default,DotNetTips.Spargine.Extensions.BenchmarkTests,Collections,10,43.15 μs,0.695 μs,0.580 μs,0.161 μs,41.93 μs,43.04 μs,43.30 μs,43.56 μs,43.76 μs,"23,175.22",0.6951 μs,13.00,2.730,2.000,-0.9795,1,*,No,2.5024,1 KB,-,-,21 KB
'GetOrAdd: Dictionary',Job-TRKAEU,False,True,Default,Default,Default,Default,Default,1111,Empty,RyuJit,X64,8c5e7fda-e8bf-4a96-9a85-a6e23a8c635c,.NET 6.0,False,True,False,True,Default,Default,False,False,True,Default,Default,Default,Default,Default,Default,Default,1,Default,Default,Default,Default,Default,Default,Default,Default,Default,16,Default,DotNetTips.Spargine.Extensions.BenchmarkTests,Collections,25,117.44 μs,2.191 μs,2.250 μs,0.546 μs,113.66 μs,115.80 μs,117.40 μs,118.75 μs,122.69 μs,"8,515.00",2.1906 μs,17.00,2.750,2.000,0.3132,4,*,No,5.8594,1 KB,0.2441,-,52 KB
'GetOrAdd: Dictionary',Job-TRKAEU,False,True,Default,Default,Default,Default,Default,1111,Empty,RyuJit,X64,8c5e7fda-e8bf-4a96-9a85-a6e23a8c635c,.NET 6.0,False,True,False,True,Default,Default,False,False,True,Default,Default,Default,Default,Default,Default,Default,1,Default,Default,Default,Default,Default,Default,Default,Default,Default,16,Default,DotNetTips.Spargine.Extensions.BenchmarkTests,Collections,50,250.54 μs,4.534 μs,4.241 μs,1.095 μs,244.49 μs,247.66 μs,250.40 μs,252.68 μs,260.60 μs,"3,991.39",4.5338 μs,15.00,2.866,2.000,0.5707,6,*,No,12.2070,1 KB,1.9531,-,104 KB
'GetOrAdd: Dictionary',Job-TRKAEU,False,True,Default,Default,Default,Default,Default,1111,Empty,RyuJit,X64,8c5e7fda-e8bf-4a96-9a85-a6e23a8c635c,.NET 6.0,False,True,False,True,Default,Default,False,False,True,Default,Default,Default,Default,Default,Default,Default,1,Default,Default,Default,Default,Default,Default,Default,Default,Default,16,Default,DotNetTips.Spargine.Extensions.BenchmarkTests,Collections,100,669.89 μs,13.748 μs,40.535 μs,4.054 μs,594.75 μs,639.93 μs,669.44 μs,698.70 μs,767.51 μs,"1,492.78",13.7477 μs,100.00,2.574,3.231,0.2896,9,*,No,22.4609,1 KB,11.7188,10.7422,207 KB
'GetOrAdd: Dictionary',Job-TRKAEU,False,True,Default,Default,Default,Default,Default,1111,Empty,RyuJit,X64,8c5e7fda-e8bf-4a96-9a85-a6e23a8c635c,.NET 6.0,False,True,False,True,Default,Default,False,False,True,Default,Default,Default,Default,Default,Default,Default,1,Default,Default,Default,Default,Default,Default,Default,Default,Default,16,Default,DotNetTips.Spargine.Extensions.BenchmarkTests,Collections,250,"1,616.86 μs",32.015 μs,86.556 μs,9.388 μs,"1,429.03 μs","1,558.17 μs","1,629.46 μs","1,680.11 μs","1,850.58 μs",618.48,32.0155 μs,85.00,2.845,2.385,-0.3076,12,*,No,50.7813,1 KB,35.1563,25.3906,514 KB
'GetOrAdd: Dictionary',Job-TRKAEU,False,True,Default,Default,Default,Default,Default,1111,Empty,RyuJit,X64,8c5e7fda-e8bf-4a96-9a85-a6e23a8c635c,.NET 6.0,False,True,False,True,Default,Default,False,False,True,Default,Default,Default,Default,Default,Default,Default,1,Default,Default,Default,Default,Default,Default,Default,Default,Default,16,Default,DotNetTips.Spargine.Extensions.BenchmarkTests,Collections,500,"3,183.56 μs",63.430 μs,170.400 μs,18.592 μs,"2,741.12 μs","3,075.41 μs","3,223.28 μs","3,287.45 μs","3,551.58 μs",314.11,63.4299 μs,84.00,2.715,2.370,-0.2376,15,*,No,66.4063,1 KB,58.5938,46.8750,"1,029 KB"
'GetOrAdd: Dictionary',Job-TRKAEU,False,True,Default,Default,Default,Default,Default,1111,Empty,RyuJit,X64,8c5e7fda-e8bf-4a96-9a85-a6e23a8c635c,.NET 6.0,False,True,False,True,Default,Default,False,False,True,Default,Default,Default,Default,Default,Default,Default,1,Default,Default,Default,Default,Default,Default,Default,Default,Default,16,Default,DotNetTips.Spargine.Extensions.BenchmarkTests,Collections,1000,"5,554.30 μs",93.584 μs,82.960 μs,22.172 μs,"5,385.95 μs","5,516.84 μs","5,564.83 μs","5,597.58 μs","5,674.56 μs",180.04,93.5844 μs,14.00,2.153,2.000,-0.3667,16,*,No,187.5000,1 KB,164.0625,140.6250,"2,568 KB"
'GetOrAdd: Dictionary',Job-TRKAEU,False,True,Default,Default,Default,Default,Default,1111,Empty,RyuJit,X64,8c5e7fda-e8bf-4a96-9a85-a6e23a8c635c,.NET 6.0,False,True,False,True,Default,Default,False,False,True,Default,Default,Default,Default,Default,Default,Default,1,Default,Default,Default,Default,Default,Default,Default,Default,Default,16,Default,DotNetTips.Spargine.Extensions.BenchmarkTests,Collections,2500,"13,810.35 μs",261.475 μs,311.267 μs,67.924 μs,"13,145.40 μs","13,615.91 μs","13,861.36 μs","14,020.98 μs","14,310.35 μs",72.41,261.4751 μs,21.00,2.129,2.000,-0.2908,20,*,No,125.0000,1 KB,109.3750,109.3750,"6,386 KB"
'HasItems: With Predicate',Job-TRKAEU,False,True,Default,Default,Default,Default,Default,1111,Empty,RyuJit,X64,8c5e7fda-e8bf-4a96-9a85-a6e23a8c635c,.NET 6.0,False,True,False,True,Default,Default,False,False,True,Default,Default,Default,Default,Default,Default,Default,1,Default,Default,Default,Default,Default,Default,Default,Default,Default,16,Default,DotNetTips.Spargine.Extensions.BenchmarkTests,Collections,10,45.47 μs,0.839 μs,0.784 μs,0.203 μs,44.42 μs,44.91 μs,45.40 μs,45.65 μs,47.39 μs,"21,991.50",0.8385 μs,15.00,3.303,2.000,1.0552,2,*,No,2.5024,1 KB,0.0610,-,22 KB
'HasItems: With Predicate',Job-TRKAEU,False,True,Default,Default,Default,Default,Default,1111,Empty,RyuJit,X64,8c5e7fda-e8bf-4a96-9a85-a6e23a8c635c,.NET 6.0,False,True,False,True,Default,Default,False,False,True,Default,Default,Default,Default,Default,Default,Default,1,Default,Default,Default,Default,Default,Default,Default,Default,Default,16,Default,DotNetTips.Spargine.Extensions.BenchmarkTests,Collections,25,115.77 μs,1.720 μs,1.609 μs,0.415 μs,113.48 μs,114.66 μs,115.60 μs,116.73 μs,118.77 μs,"8,637.58",1.7202 μs,15.00,2.116,2.000,0.4431,4,*,No,5.8594,1 KB,0.3662,-,52 KB
'HasItems: With Predicate',Job-TRKAEU,False,True,Default,Default,Default,Default,Default,1111,Empty,RyuJit,X64,8c5e7fda-e8bf-4a96-9a85-a6e23a8c635c,.NET 6.0,False,True,False,True,Default,Default,False,False,True,Default,Default,Default,Default,Default,Default,Default,1,Default,Default,Default,Default,Default,Default,Default,Default,Default,16,Default,DotNetTips.Spargine.Extensions.BenchmarkTests,Collections,50,245.08 μs,4.368 μs,5.524 μs,1.152 μs,236.37 μs,241.42 μs,244.65 μs,248.03 μs,256.77 μs,"4,080.30",4.3678 μs,23.00,2.470,2.000,0.4507,6,*,No,11.2305,1 KB,0.9766,-,103 KB
'HasItems: With Predicate',Job-TRKAEU,False,True,Default,Default,Default,Default,Default,1111,Empty,RyuJit,X64,8c5e7fda-e8bf-4a96-9a85-a6e23a8c635c,.NET 6.0,False,True,False,True,Default,Default,False,False,True,Default,Default,Default,Default,Default,Default,Default,1,Default,Default,Default,Default,Default,Default,Default,Default,Default,16,Default,DotNetTips.Spargine.Extensions.BenchmarkTests,Collections,100,682.13 μs,16.647 μs,47.764 μs,4.901 μs,589.06 μs,647.87 μs,679.14 μs,712.99 μs,820.90 μs,"1,465.99",16.6473 μs,95.00,2.669,2.000,0.2955,9,*,No,19.5313,1 KB,11.7188,11.7188,207 KB
'HasItems: With Predicate',Job-TRKAEU,False,True,Default,Default,Default,Default,Default,1111,Empty,RyuJit,X64,8c5e7fda-e8bf-4a96-9a85-a6e23a8c635c,.NET 6.0,False,True,False,True,Default,Default,False,False,True,Default,Default,Default,Default,Default,Default,Default,1,Default,Default,Default,Default,Default,Default,Default,Default,Default,16,Default,DotNetTips.Spargine.Extensions.BenchmarkTests,Collections,250,"1,601.94 μs",35.559 μs,104.287 μs,10.481 μs,"1,347.89 μs","1,530.78 μs","1,601.83 μs","1,672.87 μs","1,869.88 μs",624.24,35.5585 μs,99.00,2.636,3.083,-0.0184,12,*,No,41.0156,1 KB,31.2500,27.3438,513 KB
'HasItems: With Predicate',Job-TRKAEU,False,True,Default,Default,Default,Default,Default,1111,Empty,RyuJit,X64,8c5e7fda-e8bf-4a96-9a85-a6e23a8c635c,.NET 6.0,False,True,False,True,Default,Default,False,False,True,Default,Default,Default,Default,Default,Default,Default,1,Default,Default,Default,Default,Default,Default,Default,Default,Default,16,Default,DotNetTips.Spargine.Extensions.BenchmarkTests,Collections,500,"3,163.20 μs",62.867 μs,141.902 μs,18.169 μs,"2,922.87 μs","3,043.92 μs","3,156.32 μs","3,255.81 μs","3,492.09 μs",316.14,62.8672 μs,61.00,2.425,2.000,0.3568,15,*,No,105.4688,1 KB,78.1250,46.8750,"1,031 KB"
'HasItems: With Predicate',Job-TRKAEU,False,True,Default,Default,Default,Default,Default,1111,Empty,RyuJit,X64,8c5e7fda-e8bf-4a96-9a85-a6e23a8c635c,.NET 6.0,False,True,False,True,Default,Default,False,False,True,Default,Default,Default,Default,Default,Default,Default,1,Default,Default,Default,Default,Default,Default,Default,Default,Default,16,Default,DotNetTips.Spargine.Extensions.BenchmarkTests,Collections,1000,"5,605.03 μs",110.163 μs,168.230 μs,30.215 μs,"5,324.21 μs","5,478.37 μs","5,560.51 μs","5,717.23 μs","6,029.63 μs",178.41,110.1628 μs,31.00,2.549,2.000,0.5500,16,*,No,218.7500,1 KB,164.0625,125.0000,"2,568 KB"
'HasItems: With Predicate',Job-TRKAEU,False,True,Default,Default,Default,Default,Default,1111,Empty,RyuJit,X64,8c5e7fda-e8bf-4a96-9a85-a6e23a8c635c,.NET 6.0,False,True,False,True,Default,Default,False,False,True,Default,Default,Default,Default,Default,Default,Default,1,Default,Default,Default,Default,Default,Default,Default,Default,Default,16,Default,DotNetTips.Spargine.Extensions.BenchmarkTests,Collections,2500,"13,896.10 μs",267.634 μs,328.679 μs,70.075 μs,"13,448.40 μs","13,642.02 μs","13,851.75 μs","14,107.55 μs","14,625.28 μs",71.96,267.6344 μs,22.00,2.380,2.000,0.5737,20,*,No,125.0000,1 KB,109.3750,109.3750,"6,383 KB"
'Upsert: New Person',Job-TRKAEU,False,True,Default,Default,Default,Default,Default,1111,Empty,RyuJit,X64,8c5e7fda-e8bf-4a96-9a85-a6e23a8c635c,.NET 6.0,False,True,False,True,Default,Default,False,False,True,Default,Default,Default,Default,Default,Default,Default,1,Default,Default,Default,Default,Default,Default,Default,Default,Default,16,Default,DotNetTips.Spargine.Extensions.BenchmarkTests,Collections,10,45.36 μs,0.585 μs,0.489 μs,0.136 μs,44.43 μs,45.13 μs,45.35 μs,45.45 μs,46.46 μs,"22,047.86",0.5853 μs,13.00,3.303,2.000,0.4579,2,*,No,2.5024,1 KB,-,-,21 KB
'Upsert: New Person',Job-TRKAEU,False,True,Default,Default,Default,Default,Default,1111,Empty,RyuJit,X64,8c5e7fda-e8bf-4a96-9a85-a6e23a8c635c,.NET 6.0,False,True,False,True,Default,Default,False,False,True,Default,Default,Default,Default,Default,Default,Default,1,Default,Default,Default,Default,Default,Default,Default,Default,Default,16,Default,DotNetTips.Spargine.Extensions.BenchmarkTests,Collections,25,116.99 μs,2.263 μs,2.606 μs,0.583 μs,112.61 μs,115.00 μs,116.95 μs,118.57 μs,122.31 μs,"8,547.66",2.2627 μs,20.00,2.258,2.000,0.2235,4,*,No,5.8594,1 KB,-,-,52 KB
'Upsert: New Person',Job-TRKAEU,False,True,Default,Default,Default,Default,Default,1111,Empty,RyuJit,X64,8c5e7fda-e8bf-4a96-9a85-a6e23a8c635c,.NET 6.0,False,True,False,True,Default,Default,False,False,True,Default,Default,Default,Default,Default,Default,Default,1,Default,Default,Default,Default,Default,Default,Default,Default,Default,16,Default,DotNetTips.Spargine.Extensions.BenchmarkTests,Collections,50,241.18 μs,3.649 μs,3.413 μs,0.881 μs,236.85 μs,237.80 μs,241.63 μs,242.84 μs,247.65 μs,"4,146.20",3.6487 μs,15.00,2.037,2.000,0.3207,6,*,No,11.4746,1 KB,1.7090,-,103 KB
'Upsert: New Person',Job-TRKAEU,False,True,Default,Default,Default,Default,Default,1111,Empty,RyuJit,X64,8c5e7fda-e8bf-4a96-9a85-a6e23a8c635c,.NET 6.0,False,True,False,True,Default,Default,False,False,True,Default,Default,Default,Default,Default,Default,Default,1,Default,Default,Default,Default,Default,Default,Default,Default,Default,16,Default,DotNetTips.Spargine.Extensions.BenchmarkTests,Collections,100,657.75 μs,13.115 μs,38.258 μs,3.865 μs,569.77 μs,629.95 μs,651.48 μs,683.98 μs,742.02 μs,"1,520.34",13.1152 μs,98.00,2.435,2.000,0.0914,9,*,No,21.4844,1 KB,15.6250,11.7188,207 KB
'Upsert: New Person',Job-TRKAEU,False,True,Default,Default,Default,Default,Default,1111,Empty,RyuJit,X64,8c5e7fda-e8bf-4a96-9a85-a6e23a8c635c,.NET 6.0,False,True,False,True,Default,Default,False,False,True,Default,Default,Default,Default,Default,Default,Default,1,Default,Default,Default,Default,Default,Default,Default,Default,Default,16,Default,DotNetTips.Spargine.Extensions.BenchmarkTests,Collections,250,"1,541.41 μs",30.784 μs,88.820 μs,9.065 μs,"1,353.87 μs","1,482.16 μs","1,540.89 μs","1,606.45 μs","1,780.04 μs",648.76,30.7843 μs,96.00,2.516,2.000,0.1899,11,*,No,48.8281,1 KB,39.0625,27.3438,513 KB
'Upsert: New Person',Job-TRKAEU,False,True,Default,Default,Default,Default,Default,1111,Empty,RyuJit,X64,8c5e7fda-e8bf-4a96-9a85-a6e23a8c635c,.NET 6.0,False,True,False,True,Default,Default,False,False,True,Default,Default,Default,Default,Default,Default,Default,1,Default,Default,Default,Default,Default,Default,Default,Default,Default,16,Default,DotNetTips.Spargine.Extensions.BenchmarkTests,Collections,500,"3,291.66 μs",65.450 μs,143.664 μs,18.864 μs,"3,002.85 μs","3,182.61 μs","3,266.43 μs","3,411.15 μs","3,577.11 μs",303.80,65.4498 μs,58.00,1.926,2.000,0.1188,15,*,No,54.6875,1 KB,50.7813,46.8750,"1,029 KB"
'Upsert: New Person',Job-TRKAEU,False,True,Default,Default,Default,Default,Default,1111,Empty,RyuJit,X64,8c5e7fda-e8bf-4a96-9a85-a6e23a8c635c,.NET 6.0,False,True,False,True,Default,Default,False,False,True,Default,Default,Default,Default,Default,Default,Default,1,Default,Default,Default,Default,Default,Default,Default,Default,Default,16,Default,DotNetTips.Spargine.Extensions.BenchmarkTests,Collections,1000,"5,541.80 μs",110.107 μs,102.994 μs,26.593 μs,"5,418.87 μs","5,459.29 μs","5,516.93 μs","5,611.20 μs","5,795.42 μs",180.45,110.1073 μs,15.00,2.898,2.000,0.7993,16,*,No,148.4375,1 KB,140.6250,140.6250,"2,569 KB"
'Upsert: New Person',Job-TRKAEU,False,True,Default,Default,Default,Default,Default,1111,Empty,RyuJit,X64,8c5e7fda-e8bf-4a96-9a85-a6e23a8c635c,.NET 6.0,False,True,False,True,Default,Default,False,False,True,Default,Default,Default,Default,Default,Default,Default,1,Default,Default,Default,Default,Default,Default,Default,Default,Default,16,Default,DotNetTips.Spargine.Extensions.BenchmarkTests,Collections,2500,"14,056.39 μs",278.146 μs,398.909 μs,75.387 μs,"13,543.27 μs","13,723.49 μs","13,921.69 μs","14,383.79 μs","14,896.11 μs",71.14,278.1459 μs,28.00,2.067,2.000,0.5513,20,*,No,125.0000,1 KB,109.3750,109.3750,"6,378 KB"
ToDelimitedString,Job-TRKAEU,False,True,Default,Default,Default,Default,Default,1111,Empty,RyuJit,X64,8c5e7fda-e8bf-4a96-9a85-a6e23a8c635c,.NET 6.0,False,True,False,True,Default,Default,False,False,True,Default,Default,Default,Default,Default,Default,Default,1,Default,Default,Default,Default,Default,Default,Default,Default,Default,16,Default,DotNetTips.Spargine.Extensions.BenchmarkTests,"Strings,Collections",10,45.59 μs,0.868 μs,0.852 μs,0.213 μs,44.32 μs,45.10 μs,45.42 μs,46.22 μs,47.06 μs,"21,934.77",0.8679 μs,16.00,1.709,2.000,0.0893,2,*,No,3.2349,1 KB,0.0610,-,27 KB
ToDelimitedString,Job-TRKAEU,False,True,Default,Default,Default,Default,Default,1111,Empty,RyuJit,X64,8c5e7fda-e8bf-4a96-9a85-a6e23a8c635c,.NET 6.0,False,True,False,True,Default,Default,False,False,True,Default,Default,Default,Default,Default,Default,Default,1,Default,Default,Default,Default,Default,Default,Default,Default,Default,16,Default,DotNetTips.Spargine.Extensions.BenchmarkTests,"Strings,Collections",25,121.82 μs,2.387 μs,2.654 μs,0.609 μs,118.00 μs,119.80 μs,121.56 μs,124.06 μs,127.76 μs,"8,208.82",2.3874 μs,19.00,2.276,2.000,0.3925,4,*,No,7.0801,1 KB,-,-,64 KB
ToDelimitedString,Job-TRKAEU,False,True,Default,Default,Default,Default,Default,1111,Empty,RyuJit,X64,8c5e7fda-e8bf-4a96-9a85-a6e23a8c635c,.NET 6.0,False,True,False,True,Default,Default,False,False,True,Default,Default,Default,Default,Default,Default,Default,1,Default,Default,Default,Default,Default,Default,Default,Default,Default,16,Default,DotNetTips.Spargine.Extensions.BenchmarkTests,"Strings,Collections",50,247.36 μs,4.834 μs,4.521 μs,1.167 μs,240.96 μs,245.08 μs,246.39 μs,249.11 μs,259.39 μs,"4,042.77",4.8336 μs,15.00,3.863,2.000,1.0418,6,*,No,14.1602,1 KB,1.9531,-,128 KB
ToDelimitedString,Job-TRKAEU,False,True,Default,Default,Default,Default,Default,1111,Empty,RyuJit,X64,8c5e7fda-e8bf-4a96-9a85-a6e23a8c635c,.NET 6.0,False,True,False,True,Default,Default,False,False,True,Default,Default,Default,Default,Default,Default,Default,1,Default,Default,Default,Default,Default,Default,Default,Default,Default,16,Default,DotNetTips.Spargine.Extensions.BenchmarkTests,"Strings,Collections",100,629.10 μs,14.266 μs,41.614 μs,4.204 μs,548.58 μs,599.92 μs,628.40 μs,656.36 μs,722.68 μs,"1,589.58",14.2658 μs,98.00,2.375,2.929,0.2345,8,*,No,26.3672,1 KB,19.5313,11.7188,255 KB
ToDelimitedString,Job-TRKAEU,False,True,Default,Default,Default,Default,Default,1111,Empty,RyuJit,X64,8c5e7fda-e8bf-4a96-9a85-a6e23a8c635c,.NET 6.0,False,True,False,True,Default,Default,False,False,True,Default,Default,Default,Default,Default,Default,Default,1,Default,Default,Default,Default,Default,Default,Default,Default,Default,16,Default,DotNetTips.Spargine.Extensions.BenchmarkTests,"Strings,Collections",250,"1,692.55 μs",33.560 μs,97.365 μs,9.886 μs,"1,480.01 μs","1,628.10 μs","1,687.61 μs","1,761.83 μs","1,943.25 μs",590.82,33.5604 μs,97.00,2.656,2.000,0.3435,13,*,No,62.5000,1 KB,39.0625,25.3906,640 KB
ToDelimitedString,Job-TRKAEU,False,True,Default,Default,Default,Default,Default,1111,Empty,RyuJit,X64,8c5e7fda-e8bf-4a96-9a85-a6e23a8c635c,.NET 6.0,False,True,False,True,Default,Default,False,False,True,Default,Default,Default,Default,Default,Default,Default,1,Default,Default,Default,Default,Default,Default,Default,Default,Default,16,Default,DotNetTips.Spargine.Extensions.BenchmarkTests,"Strings,Collections",500,"3,255.44 μs",64.751 μs,155.139 μs,18.813 μs,"2,948.79 μs","3,151.42 μs","3,245.23 μs","3,405.45 μs","3,595.60 μs",307.18,64.7507 μs,68.00,2.207,2.762,-0.0530,15,*,No,117.1875,1 KB,78.1250,46.8750,"1,264 KB"
ToDelimitedString,Job-TRKAEU,False,True,Default,Default,Default,Default,Default,1111,Empty,RyuJit,X64,8c5e7fda-e8bf-4a96-9a85-a6e23a8c635c,.NET 6.0,False,True,False,True,Default,Default,False,False,True,Default,Default,Default,Default,Default,Default,Default,1,Default,Default,Default,Default,Default,Default,Default,Default,Default,16,Default,DotNetTips.Spargine.Extensions.BenchmarkTests,"Strings,Collections",1000,"6,589.35 μs",129.727 μs,341.753 μs,37.973 μs,"5,849.88 μs","6,336.62 μs","6,581.92 μs","6,793.67 μs","7,430.59 μs",151.76,129.7269 μs,81.00,2.647,2.000,0.2539,19,*,No,187.5000,1 KB,156.2500,132.8125,"3,022 KB"
ToDelimitedString,Job-TRKAEU,False,True,Default,Default,Default,Default,Default,1111,Empty,RyuJit,X64,8c5e7fda-e8bf-4a96-9a85-a6e23a8c635c,.NET 6.0,False,True,False,True,Default,Default,False,False,True,Default,Default,Default,Default,Default,Default,Default,1,Default,Default,Default,Default,Default,Default,Default,Default,Default,16,Default,DotNetTips.Spargine.Extensions.BenchmarkTests,"Strings,Collections",2500,"14,489.00 μs",287.022 μs,402.364 μs,77.435 μs,"13,805.10 μs","14,250.67 μs","14,410.11 μs","14,710.20 μs","15,499.13 μs",69.02,287.0217 μs,27.00,2.732,2.000,0.5755,20,*,No,125.0000,1 KB,109.3750,109.3750,"7,487 KB"
ToSortedDictionary,Job-TRKAEU,False,True,Default,Default,Default,Default,Default,1111,Empty,RyuJit,X64,8c5e7fda-e8bf-4a96-9a85-a6e23a8c635c,.NET 6.0,False,True,False,True,Default,Default,False,False,True,Default,Default,Default,Default,Default,Default,Default,1,Default,Default,Default,Default,Default,Default,Default,Default,Default,16,Default,DotNetTips.Spargine.Extensions.BenchmarkTests,Collections,10,48.31 μs,0.966 μs,1.221 μs,0.255 μs,46.22 μs,47.51 μs,48.06 μs,49.42 μs,51.08 μs,"20,699.20",0.9658 μs,23.00,2.230,2.000,0.2969,3,*,No,2.5635,0 KB,-,-,22 KB
ToSortedDictionary,Job-TRKAEU,False,True,Default,Default,Default,Default,Default,1111,Empty,RyuJit,X64,8c5e7fda-e8bf-4a96-9a85-a6e23a8c635c,.NET 6.0,False,True,False,True,Default,Default,False,False,True,Default,Default,Default,Default,Default,Default,Default,1,Default,Default,Default,Default,Default,Default,Default,Default,Default,16,Default,DotNetTips.Spargine.Extensions.BenchmarkTests,Collections,25,127.11 μs,2.537 μs,2.819 μs,0.647 μs,121.73 μs,125.24 μs,126.60 μs,129.20 μs,132.42 μs,"7,867.47",2.5366 μs,19.00,2.088,2.000,-0.0447,5,*,No,6.1035,0 KB,-,-,54 KB
ToSortedDictionary,Job-TRKAEU,False,True,Default,Default,Default,Default,Default,1111,Empty,RyuJit,X64,8c5e7fda-e8bf-4a96-9a85-a6e23a8c635c,.NET 6.0,False,True,False,True,Default,Default,False,False,True,Default,Default,Default,Default,Default,Default,Default,1,Default,Default,Default,Default,Default,Default,Default,Default,Default,16,Default,DotNetTips.Spargine.Extensions.BenchmarkTests,Collections,50,264.41 μs,5.246 μs,6.041 μs,1.351 μs,253.94 μs,259.55 μs,264.22 μs,267.86 μs,275.96 μs,"3,782.05",5.2456 μs,20.00,2.171,2.000,0.3169,7,*,No,11.7188,0 KB,2.4414,-,106 KB
ToSortedDictionary,Job-TRKAEU,False,True,Default,Default,Default,Default,Default,1111,Empty,RyuJit,X64,8c5e7fda-e8bf-4a96-9a85-a6e23a8c635c,.NET 6.0,False,True,False,True,Default,Default,False,False,True,Default,Default,Default,Default,Default,Default,Default,1,Default,Default,Default,Default,Default,Default,Default,Default,Default,16,Default,DotNetTips.Spargine.Extensions.BenchmarkTests,Collections,100,718.70 μs,15.512 μs,45.737 μs,4.574 μs,600.28 μs,681.98 μs,716.33 μs,748.19 μs,832.62 μs,"1,391.40",15.5117 μs,100.00,2.653,2.667,0.2184,10,*,No,22.4609,0 KB,19.5313,11.7188,213 KB
ToSortedDictionary,Job-TRKAEU,False,True,Default,Default,Default,Default,Default,1111,Empty,RyuJit,X64,8c5e7fda-e8bf-4a96-9a85-a6e23a8c635c,.NET 6.0,False,True,False,True,Default,Default,False,False,True,Default,Default,Default,Default,Default,Default,Default,1,Default,Default,Default,Default,Default,Default,Default,Default,Default,16,Default,DotNetTips.Spargine.Extensions.BenchmarkTests,Collections,250,"1,814.01 μs",36.104 μs,78.487 μs,10.396 μs,"1,646.64 μs","1,754.86 μs","1,810.18 μs","1,867.72 μs","2,025.78 μs",551.27,36.1037 μs,57.00,2.722,2.750,0.1723,14,*,No,50.7813,0 KB,37.1094,27.3438,528 KB
ToSortedDictionary,Job-TRKAEU,False,True,Default,Default,Default,Default,Default,1111,Empty,RyuJit,X64,8c5e7fda-e8bf-4a96-9a85-a6e23a8c635c,.NET 6.0,False,True,False,True,Default,Default,False,False,True,Default,Default,Default,Default,Default,Default,Default,1,Default,Default,Default,Default,Default,Default,Default,Default,Default,16,Default,DotNetTips.Spargine.Extensions.BenchmarkTests,Collections,500,"3,187.77 μs",63.508 μs,133.960 μs,18.230 μs,"2,915.81 μs","3,095.90 μs","3,159.32 μs","3,275.39 μs","3,485.43 μs",313.70,63.5079 μs,54.00,2.506,2.526,0.4264,15,*,No,58.5938,0 KB,58.5938,46.8750,"1,057 KB"
ToSortedDictionary,Job-TRKAEU,False,True,Default,Default,Default,Default,Default,1111,Empty,RyuJit,X64,8c5e7fda-e8bf-4a96-9a85-a6e23a8c635c,.NET 6.0,False,True,False,True,Default,Default,False,False,True,Default,Default,Default,Default,Default,Default,Default,1,Default,Default,Default,Default,Default,Default,Default,Default,Default,16,Default,DotNetTips.Spargine.Extensions.BenchmarkTests,Collections,1000,"6,324.15 μs",116.322 μs,103.116 μs,27.559 μs,"6,220.99 μs","6,261.20 μs","6,281.41 μs","6,350.96 μs","6,552.40 μs",158.12,116.3215 μs,14.00,2.937,2.000,1.1491,18,*,No,164.0625,0 KB,156.2500,140.6250,"2,626 KB"
ToSortedDictionary,Job-TRKAEU,False,True,Default,Default,Default,Default,Default,1111,Empty,RyuJit,X64,8c5e7fda-e8bf-4a96-9a85-a6e23a8c635c,.NET 6.0,False,True,False,True,Default,Default,False,False,True,Default,Default,Default,Default,Default,Default,Default,1,Default,Default,Default,Default,Default,Default,Default,Default,Default,16,Default,DotNetTips.Spargine.Extensions.BenchmarkTests,Collections,2500,"16,159.59 μs",274.397 μs,256.671 μs,66.272 μs,"15,769.69 μs","15,990.44 μs","16,058.86 μs","16,388.39 μs","16,584.23 μs",61.88,274.3971 μs,15.00,1.612,2.000,0.3088,21,*,No,125.0000,0 KB,93.7500,93.7500,"6,519 KB"
Upsert,Job-TRKAEU,False,True,Default,Default,Default,Default,Default,1111,Empty,RyuJit,X64,8c5e7fda-e8bf-4a96-9a85-a6e23a8c635c,.NET 6.0,False,True,False,True,Default,Default,False,False,True,Default,Default,Default,Default,Default,Default,Default,1,Default,Default,Default,Default,Default,Default,Default,Default,Default,16,Default,DotNetTips.Spargine.Extensions.BenchmarkTests,Collections,10,45.55 μs,0.900 μs,1.691 μs,0.255 μs,42.97 μs,44.16 μs,45.08 μs,46.51 μs,49.27 μs,"21,955.60",0.9001 μs,44.00,2.355,2.000,0.6207,2,*,No,2.5024,1 KB,-,-,21 KB
Upsert,Job-TRKAEU,False,True,Default,Default,Default,Default,Default,1111,Empty,RyuJit,X64,8c5e7fda-e8bf-4a96-9a85-a6e23a8c635c,.NET 6.0,False,True,False,True,Default,Default,False,False,True,Default,Default,Default,Default,Default,Default,Default,1,Default,Default,Default,Default,Default,Default,Default,Default,Default,16,Default,DotNetTips.Spargine.Extensions.BenchmarkTests,Collections,25,119.68 μs,1.576 μs,1.474 μs,0.381 μs,116.79 μs,118.56 μs,119.72 μs,120.47 μs,122.20 μs,"8,355.51",1.5763 μs,15.00,2.137,2.000,-0.0011,4,*,No,5.8594,1 KB,0.4883,-,52 KB
Upsert,Job-TRKAEU,False,True,Default,Default,Default,Default,Default,1111,Empty,RyuJit,X64,8c5e7fda-e8bf-4a96-9a85-a6e23a8c635c,.NET 6.0,False,True,False,True,Default,Default,False,False,True,Default,Default,Default,Default,Default,Default,Default,1,Default,Default,Default,Default,Default,Default,Default,Default,Default,16,Default,DotNetTips.Spargine.Extensions.BenchmarkTests,Collections,50,241.20 μs,4.817 μs,4.946 μs,1.200 μs,233.92 μs,237.30 μs,240.85 μs,244.40 μs,248.92 μs,"4,145.85",4.8166 μs,17.00,1.695,2.000,0.0799,6,*,No,10.7422,1 KB,0.9766,-,103 KB
Upsert,Job-TRKAEU,False,True,Default,Default,Default,Default,Default,1111,Empty,RyuJit,X64,8c5e7fda-e8bf-4a96-9a85-a6e23a8c635c,.NET 6.0,False,True,False,True,Default,Default,False,False,True,Default,Default,Default,Default,Default,Default,Default,1,Default,Default,Default,Default,Default,Default,Default,Default,Default,16,Default,DotNetTips.Spargine.Extensions.BenchmarkTests,Collections,100,681.19 μs,14.756 μs,43.277 μs,4.350 μs,544.73 μs,653.24 μs,681.87 μs,708.75 μs,775.36 μs,"1,468.02",14.7561 μs,99.00,3.090,2.000,-0.1721,9,*,No,19.5313,1 KB,13.6719,11.7188,207 KB
Upsert,Job-TRKAEU,False,True,Default,Default,Default,Default,Default,1111,Empty,RyuJit,X64,8c5e7fda-e8bf-4a96-9a85-a6e23a8c635c,.NET 6.0,False,True,False,True,Default,Default,False,False,True,Default,Default,Default,Default,Default,Default,Default,1,Default,Default,Default,Default,Default,Default,Default,Default,Default,16,Default,DotNetTips.Spargine.Extensions.BenchmarkTests,Collections,250,"1,562.29 μs",34.112 μs,100.580 μs,10.058 μs,"1,359.01 μs","1,493.96 μs","1,555.30 μs","1,633.02 μs","1,793.05 μs",640.09,34.1120 μs,100.00,2.527,2.000,0.2910,11,*,No,35.1563,1 KB,31.2500,27.3438,513 KB
Upsert,Job-TRKAEU,False,True,Default,Default,Default,Default,Default,1111,Empty,RyuJit,X64,8c5e7fda-e8bf-4a96-9a85-a6e23a8c635c,.NET 6.0,False,True,False,True,Default,Default,False,False,True,Default,Default,Default,Default,Default,Default,Default,1,Default,Default,Default,Default,Default,Default,Default,Default,Default,16,Default,DotNetTips.Spargine.Extensions.BenchmarkTests,Collections,500,"3,288.61 μs",65.154 μs,107.049 μs,18.095 μs,"3,092.97 μs","3,204.85 μs","3,275.66 μs","3,365.70 μs","3,526.56 μs",304.08,65.1535 μs,35.00,2.204,2.000,0.3866,15,*,No,54.6875,1 KB,54.6875,46.8750,"1,030 KB"
Upsert,Job-TRKAEU,False,True,Default,Default,Default,Default,Default,1111,Empty,RyuJit,X64,8c5e7fda-e8bf-4a96-9a85-a6e23a8c635c,.NET 6.0,False,True,False,True,Default,Default,False,False,True,Default,Default,Default,Default,Default,Default,Default,1,Default,Default,Default,Default,Default,Default,Default,Default,Default,16,Default,DotNetTips.Spargine.Extensions.BenchmarkTests,Collections,1000,"5,961.80 μs",156.505 μs,461.460 μs,46.146 μs,"5,376.85 μs","5,517.73 μs","5,898.15 μs","6,277.25 μs","7,255.14 μs",167.73,156.5054 μs,100.00,2.378,2.632,0.5839,17,*,No,140.6250,1 KB,132.8125,132.8125,"2,568 KB"
Upsert,Job-TRKAEU,False,True,Default,Default,Default,Default,Default,1111,Empty,RyuJit,X64,8c5e7fda-e8bf-4a96-9a85-a6e23a8c635c,.NET 6.0,False,True,False,True,Default,Default,False,False,True,Default,Default,Default,Default,Default,Default,Default,1,Default,Default,Default,Default,Default,Default,Default,Default,Default,16,Default,DotNetTips.Spargine.Extensions.BenchmarkTests,Collections,2500,"14,160.34 μs",278.389 μs,352.073 μs,73.412 μs,"13,460.84 μs","13,972.00 μs","14,088.02 μs","14,486.90 μs","14,711.88 μs",70.62,278.3894 μs,23.00,2.073,2.000,-0.2552,20,*,No,125.0000,1 KB,93.7500,93.7500,"6,382 KB"
