{
   "Title":"DotNetTips.Spargine.Extensions.BenchmarkTests.Extensions.GeneralBenchmark-20220802-065651",
   "HostEnvironmentInfo":{
      "BenchmarkDotNetCaption":"BenchmarkDotNet",
      "BenchmarkDotNetVersion":"0.13.1",
      "OsVersion":"Windows 10.0.19044.1826 (21H2)",
      "ProcessorName":"Intel Core i7-7660U CPU 2.50GHz (Kaby Lake)",
      "PhysicalProcessorCount":1,
      "PhysicalCoreCount":2,
      "LogicalCoreCount":4,
      "RuntimeVersion":".NET 6.0.7 (6.0.722.32202)",
      "Architecture":"X64",
      "HasAttachedDebugger":false,
      "HasRyuJit":true,
      "Configuration":"RELEASE",
      "DotNetCliVersion":"7.0.100-preview.6.22352.1",
      "ChronometerFrequency":{
         "Hertz":10000000
      },
      "HardwareTimerKind":"Unknown"
   },
   "Benchmarks":[
      {
         "DisplayInfo":"GeneralBenchmark.'Equals: Guid': Job-TRKAEU(EvaluateOverhead=True, Runtime=.NET 6.0, Server=True)",
         "Namespace":"DotNetTips.Spargine.Extensions.BenchmarkTests.Extensions",
         "Type":"GeneralBenchmark",
         "Method":"GuidEqualsTest",
         "MethodTitle":"'Equals: Guid'",
         "Parameters":"",
         "FullName":"DotNetTips.Spargine.Extensions.BenchmarkTests.Extensions.GeneralBenchmark.GuidEqualsTest",
         "Statistics":{
            "OriginalValues":[
               1.3522882014513016,1.2999277561903,1.2829091399908066,1.2956824153661728,1.3141509145498276,1.3014648109674454,1.3564273715019226,1.278986781835556,1.3441484421491623,1.3574808835983276,1.3025321066379547,1.319846510887146,1.3230334967374802,1.3483520597219467,1.2993808835744858
            ],
            "N":15,
            "Min":1.278986781835556,
            "LowerFence":1.2297604233026505,
            "Q1":1.2996543198823929,
            "Median":1.3141509145498276,
            "Mean":1.3184407850106556,
            "Q3":1.3462502509355545,
            "UpperFence":1.416144147515297,
            "Max":1.3574808835983276,
            "InterquartileRange":0.04659593105316162,
            "LowerOutliers":[
               
            ],
            "UpperOutliers":[
               
            ],
            "AllOutliers":[
               
            ],
            "StandardError":0.00700140770549398,
            "Variance":0.0007352956478782573,
            "StandardDeviation":0.027116335443386468,
            "Skewness":0.1893030772069821,
            "Kurtosis":1.4349696341812082,
            "ConfidenceInterval":{
               "N":15,
               "Mean":1.3184407850106556,
               "StandardError":0.00700140770549398,
               "Level":12,
               "Margin":0.028989007330897605,
               "Lower":1.289451777679758,
               "Upper":1.3474297923415532
            },
            "Percentiles":{
               "P0":1.278986781835556,
               "P25":1.2996543198823929,
               "P50":1.3141509145498276,
               "P67":1.3310571759939194,
               "P80":1.3491392880678177,
               "P85":1.351894587278366,
               "P90":1.3547717034816742,
               "P95":1.3567434251308441,
               "P100":1.3574808835983276
            }
         },
         "Memory":{
            "Gen0Collections":0,
            "Gen1Collections":0,
            "Gen2Collections":0,
            "TotalOperations":268435456
         },
         "Measurements":[
            {
               "IterationMode":"Overhead",
               "IterationStage":"Jitting",
               "LaunchIndex":1,
               "IterationIndex":1,
               "Operations":1,
               "Nanoseconds":230400
            },{
               "IterationMode":"Workload",
               "IterationStage":"Jitting",
               "LaunchIndex":1,
               "IterationIndex":1,
               "Operations":1,
               "Nanoseconds":277900
            },{
               "IterationMode":"Overhead",
               "IterationStage":"Jitting",
               "LaunchIndex":1,
               "IterationIndex":2,
               "Operations":16,
               "Nanoseconds":197900
            },{
               "IterationMode":"Workload",
               "IterationStage":"Jitting",
               "LaunchIndex":1,
               "IterationIndex":2,
               "Operations":16,
               "Nanoseconds":198500
            },{
               "IterationMode":"Workload",
               "IterationStage":"Pilot",
               "LaunchIndex":1,
               "IterationIndex":1,
               "Operations":16,
               "Nanoseconds":1100
            },{
               "IterationMode":"Workload",
               "IterationStage":"Pilot",
               "LaunchIndex":1,
               "IterationIndex":2,
               "Operations":32,
               "Nanoseconds":1100
            },{
               "IterationMode":"Workload",
               "IterationStage":"Pilot",
               "LaunchIndex":1,
               "IterationIndex":3,
               "Operations":64,
               "Nanoseconds":1700
            },{
               "IterationMode":"Workload",
               "IterationStage":"Pilot",
               "LaunchIndex":1,
               "IterationIndex":4,
               "Operations":128,
               "Nanoseconds":2400
            },{
               "IterationMode":"Workload",
               "IterationStage":"Pilot",
               "LaunchIndex":1,
               "IterationIndex":5,
               "Operations":256,
               "Nanoseconds":4100
            },{
               "IterationMode":"Workload",
               "IterationStage":"Pilot",
               "LaunchIndex":1,
               "IterationIndex":6,
               "Operations":512,
               "Nanoseconds":9100
            },{
               "IterationMode":"Workload",
               "IterationStage":"Pilot",
               "LaunchIndex":1,
               "IterationIndex":7,
               "Operations":1024,
               "Nanoseconds":17400
            },{
               "IterationMode":"Workload",
               "IterationStage":"Pilot",
               "LaunchIndex":1,
               "IterationIndex":8,
               "Operations":2048,
               "Nanoseconds":34200
            },{
               "IterationMode":"Workload",
               "IterationStage":"Pilot",
               "LaunchIndex":1,
               "IterationIndex":9,
               "Operations":4096,
               "Nanoseconds":53300
            },{
               "IterationMode":"Workload",
               "IterationStage":"Pilot",
               "LaunchIndex":1,
               "IterationIndex":10,
               "Operations":8192,
               "Nanoseconds":118400
            },{
               "IterationMode":"Workload",
               "IterationStage":"Pilot",
               "LaunchIndex":1,
               "IterationIndex":11,
               "Operations":16384,
               "Nanoseconds":216900
            },{
               "IterationMode":"Workload",
               "IterationStage":"Pilot",
               "LaunchIndex":1,
               "IterationIndex":12,
               "Operations":32768,
               "Nanoseconds":313100
            },{
               "IterationMode":"Workload",
               "IterationStage":"Pilot",
               "LaunchIndex":1,
               "IterationIndex":13,
               "Operations":65536,
               "Nanoseconds":649400
            },{
               "IterationMode":"Workload",
               "IterationStage":"Pilot",
               "LaunchIndex":1,
               "IterationIndex":14,
               "Operations":131072,
               "Nanoseconds":1467600
            },{
               "IterationMode":"Workload",
               "IterationStage":"Pilot",
               "LaunchIndex":1,
               "IterationIndex":15,
               "Operations":262144,
               "Nanoseconds":2588700
            },{
               "IterationMode":"Workload",
               "IterationStage":"Pilot",
               "LaunchIndex":1,
               "IterationIndex":16,
               "Operations":524288,
               "Nanoseconds":5917100
            },{
               "IterationMode":"Workload",
               "IterationStage":"Pilot",
               "LaunchIndex":1,
               "IterationIndex":17,
               "Operations":1048576,
               "Nanoseconds":11144400
            },{
               "IterationMode":"Workload",
               "IterationStage":"Pilot",
               "LaunchIndex":1,
               "IterationIndex":18,
               "Operations":2097152,
               "Nanoseconds":18793400
            },{
               "IterationMode":"Workload",
               "IterationStage":"Pilot",
               "LaunchIndex":1,
               "IterationIndex":19,
               "Operations":4194304,
               "Nanoseconds":42380800
            },{
               "IterationMode":"Workload",
               "IterationStage":"Pilot",
               "LaunchIndex":1,
               "IterationIndex":20,
               "Operations":8388608,
               "Nanoseconds":71421600
            },{
               "IterationMode":"Workload",
               "IterationStage":"Pilot",
               "LaunchIndex":1,
               "IterationIndex":21,
               "Operations":16777216,
               "Nanoseconds":52162600
            },{
               "IterationMode":"Workload",
               "IterationStage":"Pilot",
               "LaunchIndex":1,
               "IterationIndex":22,
               "Operations":33554432,
               "Nanoseconds":98102100
            },{
               "IterationMode":"Workload",
               "IterationStage":"Pilot",
               "LaunchIndex":1,
               "IterationIndex":23,
               "Operations":67108864,
               "Nanoseconds":193890100
            },{
               "IterationMode":"Workload",
               "IterationStage":"Pilot",
               "LaunchIndex":1,
               "IterationIndex":24,
               "Operations":134217728,
               "Nanoseconds":383469700
            },{
               "IterationMode":"Workload",
               "IterationStage":"Pilot",
               "LaunchIndex":1,
               "IterationIndex":25,
               "Operations":268435456,
               "Nanoseconds":760661700
            },{
               "IterationMode":"Overhead",
               "IterationStage":"Warmup",
               "LaunchIndex":1,
               "IterationIndex":1,
               "Operations":268435456,
               "Nanoseconds":455297300
            },{
               "IterationMode":"Overhead",
               "IterationStage":"Warmup",
               "LaunchIndex":1,
               "IterationIndex":2,
               "Operations":268435456,
               "Nanoseconds":397385800
            },{
               "IterationMode":"Overhead",
               "IterationStage":"Warmup",
               "LaunchIndex":1,
               "IterationIndex":3,
               "Operations":268435456,
               "Nanoseconds":389260200
            },{
               "IterationMode":"Overhead",
               "IterationStage":"Warmup",
               "LaunchIndex":1,
               "IterationIndex":4,
               "Operations":268435456,
               "Nanoseconds":396707400
            },{
               "IterationMode":"Overhead",
               "IterationStage":"Warmup",
               "LaunchIndex":1,
               "IterationIndex":5,
               "Operations":268435456,
               "Nanoseconds":399253300
            },{
               "IterationMode":"Overhead",
               "IterationStage":"Warmup",
               "LaunchIndex":1,
               "IterationIndex":6,
               "Operations":268435456,
               "Nanoseconds":390190700
            },{
               "IterationMode":"Overhead",
               "IterationStage":"Warmup",
               "LaunchIndex":1,
               "IterationIndex":7,
               "Operations":268435456,
               "Nanoseconds":396755600
            },{
               "IterationMode":"Overhead",
               "IterationStage":"Warmup",
               "LaunchIndex":1,
               "IterationIndex":8,
               "Operations":268435456,
               "Nanoseconds":393038400
            },{
               "IterationMode":"Overhead",
               "IterationStage":"Actual",
               "LaunchIndex":1,
               "IterationIndex":1,
               "Operations":268435456,
               "Nanoseconds":397051200
            },{
               "IterationMode":"Overhead",
               "IterationStage":"Actual",
               "LaunchIndex":1,
               "IterationIndex":2,
               "Operations":268435456,
               "Nanoseconds":401183800
            },{
               "IterationMode":"Overhead",
               "IterationStage":"Actual",
               "LaunchIndex":1,
               "IterationIndex":3,
               "Operations":268435456,
               "Nanoseconds":396673600
            },{
               "IterationMode":"Overhead",
               "IterationStage":"Actual",
               "LaunchIndex":1,
               "IterationIndex":4,
               "Operations":268435456,
               "Nanoseconds":396578200
            },{
               "IterationMode":"Overhead",
               "IterationStage":"Actual",
               "LaunchIndex":1,
               "IterationIndex":5,
               "Operations":268435456,
               "Nanoseconds":390050400
            },{
               "IterationMode":"Overhead",
               "IterationStage":"Actual",
               "LaunchIndex":1,
               "IterationIndex":6,
               "Operations":268435456,
               "Nanoseconds":386660100
            },{
               "IterationMode":"Overhead",
               "IterationStage":"Actual",
               "LaunchIndex":1,
               "IterationIndex":7,
               "Operations":268435456,
               "Nanoseconds":397103800
            },{
               "IterationMode":"Overhead",
               "IterationStage":"Actual",
               "LaunchIndex":1,
               "IterationIndex":8,
               "Operations":268435456,
               "Nanoseconds":391606000
            },{
               "IterationMode":"Overhead",
               "IterationStage":"Actual",
               "LaunchIndex":1,
               "IterationIndex":9,
               "Operations":268435456,
               "Nanoseconds":478256100
            },{
               "IterationMode":"Overhead",
               "IterationStage":"Actual",
               "LaunchIndex":1,
               "IterationIndex":10,
               "Operations":268435456,
               "Nanoseconds":398050000
            },{
               "IterationMode":"Overhead",
               "IterationStage":"Actual",
               "LaunchIndex":1,
               "IterationIndex":11,
               "Operations":268435456,
               "Nanoseconds":397109400
            },{
               "IterationMode":"Overhead",
               "IterationStage":"Actual",
               "LaunchIndex":1,
               "IterationIndex":12,
               "Operations":268435456,
               "Nanoseconds":399345400
            },{
               "IterationMode":"Overhead",
               "IterationStage":"Actual",
               "LaunchIndex":1,
               "IterationIndex":13,
               "Operations":268435456,
               "Nanoseconds":390886400
            },{
               "IterationMode":"Overhead",
               "IterationStage":"Actual",
               "LaunchIndex":1,
               "IterationIndex":14,
               "Operations":268435456,
               "Nanoseconds":387854800
            },{
               "IterationMode":"Overhead",
               "IterationStage":"Actual",
               "LaunchIndex":1,
               "IterationIndex":15,
               "Operations":268435456,
               "Nanoseconds":387056700
            },{
               "IterationMode":"Workload",
               "IterationStage":"Warmup",
               "LaunchIndex":1,
               "IterationIndex":1,
               "Operations":268435456,
               "Nanoseconds":756840300
            },{
               "IterationMode":"Workload",
               "IterationStage":"Warmup",
               "LaunchIndex":1,
               "IterationIndex":2,
               "Operations":268435456,
               "Nanoseconds":739911400
            },{
               "IterationMode":"Workload",
               "IterationStage":"Warmup",
               "LaunchIndex":1,
               "IterationIndex":3,
               "Operations":268435456,
               "Nanoseconds":756787400
            },{
               "IterationMode":"Workload",
               "IterationStage":"Warmup",
               "LaunchIndex":1,
               "IterationIndex":4,
               "Operations":268435456,
               "Nanoseconds":747264700
            },{
               "IterationMode":"Workload",
               "IterationStage":"Warmup",
               "LaunchIndex":1,
               "IterationIndex":5,
               "Operations":268435456,
               "Nanoseconds":750599100
            },{
               "IterationMode":"Workload",
               "IterationStage":"Warmup",
               "LaunchIndex":1,
               "IterationIndex":6,
               "Operations":268435456,
               "Nanoseconds":756628800
            },{
               "IterationMode":"Workload",
               "IterationStage":"Warmup",
               "LaunchIndex":1,
               "IterationIndex":7,
               "Operations":268435456,
               "Nanoseconds":756444000
            },{
               "IterationMode":"Workload",
               "IterationStage":"Actual",
               "LaunchIndex":1,
               "IterationIndex":1,
               "Operations":268435456,
               "Nanoseconds":759675700
            },{
               "IterationMode":"Workload",
               "IterationStage":"Actual",
               "LaunchIndex":1,
               "IterationIndex":2,
               "Operations":268435456,
               "Nanoseconds":745620300
            },{
               "IterationMode":"Workload",
               "IterationStage":"Actual",
               "LaunchIndex":1,
               "IterationIndex":3,
               "Operations":268435456,
               "Nanoseconds":741051900
            },{
               "IterationMode":"Workload",
               "IterationStage":"Actual",
               "LaunchIndex":1,
               "IterationIndex":4,
               "Operations":268435456,
               "Nanoseconds":744480700
            },{
               "IterationMode":"Workload",
               "IterationStage":"Actual",
               "LaunchIndex":1,
               "IterationIndex":5,
               "Operations":268435456,
               "Nanoseconds":749438300
            },{
               "IterationMode":"Workload",
               "IterationStage":"Actual",
               "LaunchIndex":1,
               "IterationIndex":6,
               "Operations":268435456,
               "Nanoseconds":746032900
            },{
               "IterationMode":"Workload",
               "IterationStage":"Actual",
               "LaunchIndex":1,
               "IterationIndex":7,
               "Operations":268435456,
               "Nanoseconds":760786800
            },{
               "IterationMode":"Workload",
               "IterationStage":"Actual",
               "LaunchIndex":1,
               "IterationIndex":8,
               "Operations":268435456,
               "Nanoseconds":739999000
            },{
               "IterationMode":"Workload",
               "IterationStage":"Actual",
               "LaunchIndex":1,
               "IterationIndex":9,
               "Operations":268435456,
               "Nanoseconds":757490700
            },{
               "IterationMode":"Workload",
               "IterationStage":"Actual",
               "LaunchIndex":1,
               "IterationIndex":10,
               "Operations":268435456,
               "Nanoseconds":761069600
            },{
               "IterationMode":"Workload",
               "IterationStage":"Actual",
               "LaunchIndex":1,
               "IterationIndex":11,
               "Operations":268435456,
               "Nanoseconds":746319400
            },{
               "IterationMode":"Workload",
               "IterationStage":"Actual",
               "LaunchIndex":1,
               "IterationIndex":12,
               "Operations":268435456,
               "Nanoseconds":750967200
            },{
               "IterationMode":"Workload",
               "IterationStage":"Actual",
               "LaunchIndex":1,
               "IterationIndex":13,
               "Operations":268435456,
               "Nanoseconds":751822700
            },{
               "IterationMode":"Workload",
               "IterationStage":"Actual",
               "LaunchIndex":1,
               "IterationIndex":14,
               "Operations":268435456,
               "Nanoseconds":758619100
            },{
               "IterationMode":"Workload",
               "IterationStage":"Actual",
               "LaunchIndex":1,
               "IterationIndex":15,
               "Operations":268435456,
               "Nanoseconds":745473500
            },{
               "IterationMode":"Workload",
               "IterationStage":"Result",
               "LaunchIndex":1,
               "IterationIndex":1,
               "Operations":268435456,
               "Nanoseconds":363002100
            },{
               "IterationMode":"Workload",
               "IterationStage":"Result",
               "LaunchIndex":1,
               "IterationIndex":2,
               "Operations":268435456,
               "Nanoseconds":348946700
            },{
               "IterationMode":"Workload",
               "IterationStage":"Result",
               "LaunchIndex":1,
               "IterationIndex":3,
               "Operations":268435456,
               "Nanoseconds":344378300
            },{
               "IterationMode":"Workload",
               "IterationStage":"Result",
               "LaunchIndex":1,
               "IterationIndex":4,
               "Operations":268435456,
               "Nanoseconds":347807100
            },{
               "IterationMode":"Workload",
               "IterationStage":"Result",
               "LaunchIndex":1,
               "IterationIndex":5,
               "Operations":268435456,
               "Nanoseconds":352764700
            },{
               "IterationMode":"Workload",
               "IterationStage":"Result",
               "LaunchIndex":1,
               "IterationIndex":6,
               "Operations":268435456,
               "Nanoseconds":349359300
            },{
               "IterationMode":"Workload",
               "IterationStage":"Result",
               "LaunchIndex":1,
               "IterationIndex":7,
               "Operations":268435456,
               "Nanoseconds":364113200
            },{
               "IterationMode":"Workload",
               "IterationStage":"Result",
               "LaunchIndex":1,
               "IterationIndex":8,
               "Operations":268435456,
               "Nanoseconds":343325400
            },{
               "IterationMode":"Workload",
               "IterationStage":"Result",
               "LaunchIndex":1,
               "IterationIndex":9,
               "Operations":268435456,
               "Nanoseconds":360817100
            },{
               "IterationMode":"Workload",
               "IterationStage":"Result",
               "LaunchIndex":1,
               "IterationIndex":10,
               "Operations":268435456,
               "Nanoseconds":364396000
            },{
               "IterationMode":"Workload",
               "IterationStage":"Result",
               "LaunchIndex":1,
               "IterationIndex":11,
               "Operations":268435456,
               "Nanoseconds":349645800
            },{
               "IterationMode":"Workload",
               "IterationStage":"Result",
               "LaunchIndex":1,
               "IterationIndex":12,
               "Operations":268435456,
               "Nanoseconds":354293600
            },{
               "IterationMode":"Workload",
               "IterationStage":"Result",
               "LaunchIndex":1,
               "IterationIndex":13,
               "Operations":268435456,
               "Nanoseconds":355149100
            },{
               "IterationMode":"Workload",
               "IterationStage":"Result",
               "LaunchIndex":1,
               "IterationIndex":14,
               "Operations":268435456,
               "Nanoseconds":361945500
            },{
               "IterationMode":"Workload",
               "IterationStage":"Result",
               "LaunchIndex":1,
               "IterationIndex":15,
               "Operations":268435456,
               "Nanoseconds":348799900
            }
         ],
         "Metrics":[
            {
               "Value":0,
               "Descriptor":{
                  "Id":"Allocated Memory",
                  "DisplayName":"Allocated",
                  "Legend":"Allocated memory per single operation (managed only, inclusive, 1KB = 1024B)",
                  "NumberFormat":"N0",
                  "UnitType":2,
                  "Unit":"B",
                  "TheGreaterTheBetter":false,
                  "PriorityInCategory":3
               }
            },{
               "Value":96,
               "Descriptor":{
                  "Id":"Native Code Size",
                  "DisplayName":"Code Size",
                  "Legend":"Native code size of the disassembled method(s)",
                  "NumberFormat":"N0",
                  "UnitType":2,
                  "Unit":"B",
                  "TheGreaterTheBetter":false,
                  "PriorityInCategory":0
               }
            }
         ]
      },{
         "DisplayInfo":"GeneralBenchmark.'FastEquals: Guid': Job-TRKAEU(EvaluateOverhead=True, Runtime=.NET 6.0, Server=True)",
         "Namespace":"DotNetTips.Spargine.Extensions.BenchmarkTests.Extensions",
         "Type":"GeneralBenchmark",
         "Method":"GuidFastEqualsTest",
         "MethodTitle":"'FastEquals: Guid'",
         "Parameters":"",
         "FullName":"DotNetTips.Spargine.Extensions.BenchmarkTests.Extensions.GeneralBenchmark.GuidFastEqualsTest",
         "Statistics":{
            "OriginalValues":[
               1.5785619616508484,1.693081110715866,1.5316009521484375,1.5513025224208832,1.5422962605953217,1.6140475869178772,1.6246587038040161,1.60718634724617,1.5664182603359222,1.5990495681762695,1.6793638467788696,1.656927913427353,1.5393167734146118,1.580590009689331,1.5866294503211975
            ],
            "N":15,
            "Min":1.5316009521484375,
            "LowerFence":1.4681212604045868,
            "Q1":1.5588603913784027,
            "Median":1.5866294503211975,
            "Mean":1.596735417842865,
            "Q3":1.6193531453609467,
            "UpperFence":1.7100922763347626,
            "Max":1.693081110715866,
            "InterquartileRange":0.060492753982543945,
            "LowerOutliers":[
               
            ],
            "UpperOutliers":[
               
            ],
            "AllOutliers":[
               
            ],
            "StandardError":0.012929564341570323,
            "Variance":0.0025076045109421025,
            "StandardDeviation":0.05007598736861913,
            "Skewness":0.5016073031186509,
            "Kurtosis":2.0097290200575735,
            "ConfidenceInterval":{
               "N":15,
               "Mean":1.596735417842865,
               "StandardError":0.012929564341570323,
               "Level":12,
               "Margin":0.053534267857159375,
               "Lower":1.5432011499857057,
               "Upper":1.6502696857000243
            },
            "Percentiles":{
               "P0":1.5316009521484375,
               "P25":1.5588603913784027,
               "P50":1.5866294503211975,
               "P67":1.6097936183214188,
               "P80":1.6311125457286835,
               "P85":1.6537009924650192,
               "P90":1.670389473438263,
               "P95":1.6834790259599686,
               "P100":1.693081110715866
            }
         },
         "Memory":{
            "Gen0Collections":0,
            "Gen1Collections":0,
            "Gen2Collections":0,
            "TotalOperations":134217728
         },
         "Measurements":[
            {
               "IterationMode":"Overhead",
               "IterationStage":"Jitting",
               "LaunchIndex":1,
               "IterationIndex":1,
               "Operations":1,
               "Nanoseconds":267500
            },{
               "IterationMode":"Workload",
               "IterationStage":"Jitting",
               "LaunchIndex":1,
               "IterationIndex":1,
               "Operations":1,
               "Nanoseconds":4900500
            },{
               "IterationMode":"Overhead",
               "IterationStage":"Jitting",
               "LaunchIndex":1,
               "IterationIndex":2,
               "Operations":16,
               "Nanoseconds":253500
            },{
               "IterationMode":"Workload",
               "IterationStage":"Jitting",
               "LaunchIndex":1,
               "IterationIndex":2,
               "Operations":16,
               "Nanoseconds":247200
            },{
               "IterationMode":"Workload",
               "IterationStage":"Pilot",
               "LaunchIndex":1,
               "IterationIndex":1,
               "Operations":16,
               "Nanoseconds":4600
            },{
               "IterationMode":"Workload",
               "IterationStage":"Pilot",
               "LaunchIndex":1,
               "IterationIndex":2,
               "Operations":32,
               "Nanoseconds":4700
            },{
               "IterationMode":"Workload",
               "IterationStage":"Pilot",
               "LaunchIndex":1,
               "IterationIndex":3,
               "Operations":64,
               "Nanoseconds":6400
            },{
               "IterationMode":"Workload",
               "IterationStage":"Pilot",
               "LaunchIndex":1,
               "IterationIndex":4,
               "Operations":128,
               "Nanoseconds":15600
            },{
               "IterationMode":"Workload",
               "IterationStage":"Pilot",
               "LaunchIndex":1,
               "IterationIndex":5,
               "Operations":256,
               "Nanoseconds":23400
            },{
               "IterationMode":"Workload",
               "IterationStage":"Pilot",
               "LaunchIndex":1,
               "IterationIndex":6,
               "Operations":512,
               "Nanoseconds":113500
            },{
               "IterationMode":"Workload",
               "IterationStage":"Pilot",
               "LaunchIndex":1,
               "IterationIndex":7,
               "Operations":1024,
               "Nanoseconds":90200
            },{
               "IterationMode":"Workload",
               "IterationStage":"Pilot",
               "LaunchIndex":1,
               "IterationIndex":8,
               "Operations":2048,
               "Nanoseconds":145800
            },{
               "IterationMode":"Workload",
               "IterationStage":"Pilot",
               "LaunchIndex":1,
               "IterationIndex":9,
               "Operations":4096,
               "Nanoseconds":280900
            },{
               "IterationMode":"Workload",
               "IterationStage":"Pilot",
               "LaunchIndex":1,
               "IterationIndex":10,
               "Operations":8192,
               "Nanoseconds":494000
            },{
               "IterationMode":"Workload",
               "IterationStage":"Pilot",
               "LaunchIndex":1,
               "IterationIndex":11,
               "Operations":16384,
               "Nanoseconds":976100
            },{
               "IterationMode":"Workload",
               "IterationStage":"Pilot",
               "LaunchIndex":1,
               "IterationIndex":12,
               "Operations":32768,
               "Nanoseconds":1802500
            },{
               "IterationMode":"Workload",
               "IterationStage":"Pilot",
               "LaunchIndex":1,
               "IterationIndex":13,
               "Operations":65536,
               "Nanoseconds":4578700
            },{
               "IterationMode":"Workload",
               "IterationStage":"Pilot",
               "LaunchIndex":1,
               "IterationIndex":14,
               "Operations":131072,
               "Nanoseconds":7480500
            },{
               "IterationMode":"Workload",
               "IterationStage":"Pilot",
               "LaunchIndex":1,
               "IterationIndex":15,
               "Operations":262144,
               "Nanoseconds":14525400
            },{
               "IterationMode":"Workload",
               "IterationStage":"Pilot",
               "LaunchIndex":1,
               "IterationIndex":16,
               "Operations":524288,
               "Nanoseconds":26715800
            },{
               "IterationMode":"Workload",
               "IterationStage":"Pilot",
               "LaunchIndex":1,
               "IterationIndex":17,
               "Operations":1048576,
               "Nanoseconds":49260200
            },{
               "IterationMode":"Workload",
               "IterationStage":"Pilot",
               "LaunchIndex":1,
               "IterationIndex":18,
               "Operations":2097152,
               "Nanoseconds":50901100
            },{
               "IterationMode":"Workload",
               "IterationStage":"Pilot",
               "LaunchIndex":1,
               "IterationIndex":19,
               "Operations":4194304,
               "Nanoseconds":19055100
            },{
               "IterationMode":"Workload",
               "IterationStage":"Pilot",
               "LaunchIndex":1,
               "IterationIndex":20,
               "Operations":8388608,
               "Nanoseconds":36431200
            },{
               "IterationMode":"Workload",
               "IterationStage":"Pilot",
               "LaunchIndex":1,
               "IterationIndex":21,
               "Operations":16777216,
               "Nanoseconds":54865300
            },{
               "IterationMode":"Workload",
               "IterationStage":"Pilot",
               "LaunchIndex":1,
               "IterationIndex":22,
               "Operations":33554432,
               "Nanoseconds":112124600
            },{
               "IterationMode":"Workload",
               "IterationStage":"Pilot",
               "LaunchIndex":1,
               "IterationIndex":23,
               "Operations":67108864,
               "Nanoseconds":219164200
            },{
               "IterationMode":"Workload",
               "IterationStage":"Pilot",
               "LaunchIndex":1,
               "IterationIndex":24,
               "Operations":134217728,
               "Nanoseconds":598929700
            },{
               "IterationMode":"Overhead",
               "IterationStage":"Warmup",
               "LaunchIndex":1,
               "IterationIndex":1,
               "Operations":134217728,
               "Nanoseconds":271876100
            },{
               "IterationMode":"Overhead",
               "IterationStage":"Warmup",
               "LaunchIndex":1,
               "IterationIndex":2,
               "Operations":134217728,
               "Nanoseconds":201366800
            },{
               "IterationMode":"Overhead",
               "IterationStage":"Warmup",
               "LaunchIndex":1,
               "IterationIndex":3,
               "Operations":134217728,
               "Nanoseconds":214141300
            },{
               "IterationMode":"Overhead",
               "IterationStage":"Warmup",
               "LaunchIndex":1,
               "IterationIndex":4,
               "Operations":134217728,
               "Nanoseconds":201821100
            },{
               "IterationMode":"Overhead",
               "IterationStage":"Warmup",
               "LaunchIndex":1,
               "IterationIndex":5,
               "Operations":134217728,
               "Nanoseconds":207547500
            },{
               "IterationMode":"Overhead",
               "IterationStage":"Warmup",
               "LaunchIndex":1,
               "IterationIndex":6,
               "Operations":134217728,
               "Nanoseconds":211349700
            },{
               "IterationMode":"Overhead",
               "IterationStage":"Warmup",
               "LaunchIndex":1,
               "IterationIndex":7,
               "Operations":134217728,
               "Nanoseconds":208903200
            },{
               "IterationMode":"Overhead",
               "IterationStage":"Actual",
               "LaunchIndex":1,
               "IterationIndex":1,
               "Operations":134217728,
               "Nanoseconds":205626800
            },{
               "IterationMode":"Overhead",
               "IterationStage":"Actual",
               "LaunchIndex":1,
               "IterationIndex":2,
               "Operations":134217728,
               "Nanoseconds":207352900
            },{
               "IterationMode":"Overhead",
               "IterationStage":"Actual",
               "LaunchIndex":1,
               "IterationIndex":3,
               "Operations":134217728,
               "Nanoseconds":206471200
            },{
               "IterationMode":"Overhead",
               "IterationStage":"Actual",
               "LaunchIndex":1,
               "IterationIndex":4,
               "Operations":134217728,
               "Nanoseconds":210690600
            },{
               "IterationMode":"Overhead",
               "IterationStage":"Actual",
               "LaunchIndex":1,
               "IterationIndex":5,
               "Operations":134217728,
               "Nanoseconds":206764300
            },{
               "IterationMode":"Overhead",
               "IterationStage":"Actual",
               "LaunchIndex":1,
               "IterationIndex":6,
               "Operations":134217728,
               "Nanoseconds":211739200
            },{
               "IterationMode":"Overhead",
               "IterationStage":"Actual",
               "LaunchIndex":1,
               "IterationIndex":7,
               "Operations":134217728,
               "Nanoseconds":208871000
            },{
               "IterationMode":"Overhead",
               "IterationStage":"Actual",
               "LaunchIndex":1,
               "IterationIndex":8,
               "Operations":134217728,
               "Nanoseconds":206624000
            },{
               "IterationMode":"Overhead",
               "IterationStage":"Actual",
               "LaunchIndex":1,
               "IterationIndex":9,
               "Operations":134217728,
               "Nanoseconds":209072200
            },{
               "IterationMode":"Overhead",
               "IterationStage":"Actual",
               "LaunchIndex":1,
               "IterationIndex":10,
               "Operations":134217728,
               "Nanoseconds":204093900
            },{
               "IterationMode":"Overhead",
               "IterationStage":"Actual",
               "LaunchIndex":1,
               "IterationIndex":11,
               "Operations":134217728,
               "Nanoseconds":203493900
            },{
               "IterationMode":"Overhead",
               "IterationStage":"Actual",
               "LaunchIndex":1,
               "IterationIndex":12,
               "Operations":134217728,
               "Nanoseconds":210246800
            },{
               "IterationMode":"Overhead",
               "IterationStage":"Actual",
               "LaunchIndex":1,
               "IterationIndex":13,
               "Operations":134217728,
               "Nanoseconds":207375500
            },{
               "IterationMode":"Overhead",
               "IterationStage":"Actual",
               "LaunchIndex":1,
               "IterationIndex":14,
               "Operations":134217728,
               "Nanoseconds":202381000
            },{
               "IterationMode":"Overhead",
               "IterationStage":"Actual",
               "LaunchIndex":1,
               "IterationIndex":15,
               "Operations":134217728,
               "Nanoseconds":208692400
            },{
               "IterationMode":"Workload",
               "IterationStage":"Warmup",
               "LaunchIndex":1,
               "IterationIndex":1,
               "Operations":134217728,
               "Nanoseconds":415495900
            },{
               "IterationMode":"Workload",
               "IterationStage":"Warmup",
               "LaunchIndex":1,
               "IterationIndex":2,
               "Operations":134217728,
               "Nanoseconds":425101500
            },{
               "IterationMode":"Workload",
               "IterationStage":"Warmup",
               "LaunchIndex":1,
               "IterationIndex":3,
               "Operations":134217728,
               "Nanoseconds":420138600
            },{
               "IterationMode":"Workload",
               "IterationStage":"Warmup",
               "LaunchIndex":1,
               "IterationIndex":4,
               "Operations":134217728,
               "Nanoseconds":422985700
            },{
               "IterationMode":"Workload",
               "IterationStage":"Warmup",
               "LaunchIndex":1,
               "IterationIndex":5,
               "Operations":134217728,
               "Nanoseconds":413898700
            },{
               "IterationMode":"Workload",
               "IterationStage":"Warmup",
               "LaunchIndex":1,
               "IterationIndex":6,
               "Operations":134217728,
               "Nanoseconds":432952100
            },{
               "IterationMode":"Workload",
               "IterationStage":"Actual",
               "LaunchIndex":1,
               "IterationIndex":1,
               "Operations":134217728,
               "Nanoseconds":440999000
            },{
               "IterationMode":"Workload",
               "IterationStage":"Actual",
               "LaunchIndex":1,
               "IterationIndex":2,
               "Operations":134217728,
               "Nanoseconds":419223900
            },{
               "IterationMode":"Workload",
               "IterationStage":"Actual",
               "LaunchIndex":1,
               "IterationIndex":3,
               "Operations":134217728,
               "Nanoseconds":434594400
            },{
               "IterationMode":"Workload",
               "IterationStage":"Actual",
               "LaunchIndex":1,
               "IterationIndex":4,
               "Operations":134217728,
               "Nanoseconds":412920900
            },{
               "IterationMode":"Workload",
               "IterationStage":"Actual",
               "LaunchIndex":1,
               "IterationIndex":5,
               "Operations":134217728,
               "Nanoseconds":415565200
            },{
               "IterationMode":"Workload",
               "IterationStage":"Actual",
               "LaunchIndex":1,
               "IterationIndex":6,
               "Operations":134217728,
               "Nanoseconds":414356400
            },{
               "IterationMode":"Workload",
               "IterationStage":"Actual",
               "LaunchIndex":1,
               "IterationIndex":7,
               "Operations":134217728,
               "Nanoseconds":423986700
            },{
               "IterationMode":"Workload",
               "IterationStage":"Actual",
               "LaunchIndex":1,
               "IterationIndex":8,
               "Operations":134217728,
               "Nanoseconds":425410900
            },{
               "IterationMode":"Workload",
               "IterationStage":"Actual",
               "LaunchIndex":1,
               "IterationIndex":9,
               "Operations":134217728,
               "Nanoseconds":423065800
            },{
               "IterationMode":"Workload",
               "IterationStage":"Actual",
               "LaunchIndex":1,
               "IterationIndex":10,
               "Operations":134217728,
               "Nanoseconds":417594000
            },{
               "IterationMode":"Workload",
               "IterationStage":"Actual",
               "LaunchIndex":1,
               "IterationIndex":11,
               "Operations":134217728,
               "Nanoseconds":421973700
            },{
               "IterationMode":"Workload",
               "IterationStage":"Actual",
               "LaunchIndex":1,
               "IterationIndex":12,
               "Operations":134217728,
               "Nanoseconds":432753300
            },{
               "IterationMode":"Workload",
               "IterationStage":"Actual",
               "LaunchIndex":1,
               "IterationIndex":13,
               "Operations":134217728,
               "Nanoseconds":429742000
            },{
               "IterationMode":"Workload",
               "IterationStage":"Actual",
               "LaunchIndex":1,
               "IterationIndex":14,
               "Operations":134217728,
               "Nanoseconds":413956500
            },{
               "IterationMode":"Workload",
               "IterationStage":"Actual",
               "LaunchIndex":1,
               "IterationIndex":15,
               "Operations":134217728,
               "Nanoseconds":419496100
            },{
               "IterationMode":"Workload",
               "IterationStage":"Actual",
               "LaunchIndex":1,
               "IterationIndex":16,
               "Operations":134217728,
               "Nanoseconds":420306700
            },{
               "IterationMode":"Workload",
               "IterationStage":"Result",
               "LaunchIndex":1,
               "IterationIndex":1,
               "Operations":134217728,
               "Nanoseconds":211871000
            },{
               "IterationMode":"Workload",
               "IterationStage":"Result",
               "LaunchIndex":1,
               "IterationIndex":2,
               "Operations":134217728,
               "Nanoseconds":227241500
            },{
               "IterationMode":"Workload",
               "IterationStage":"Result",
               "LaunchIndex":1,
               "IterationIndex":3,
               "Operations":134217728,
               "Nanoseconds":205568000
            },{
               "IterationMode":"Workload",
               "IterationStage":"Result",
               "LaunchIndex":1,
               "IterationIndex":4,
               "Operations":134217728,
               "Nanoseconds":208212300
            },{
               "IterationMode":"Workload",
               "IterationStage":"Result",
               "LaunchIndex":1,
               "IterationIndex":5,
               "Operations":134217728,
               "Nanoseconds":207003500
            },{
               "IterationMode":"Workload",
               "IterationStage":"Result",
               "LaunchIndex":1,
               "IterationIndex":6,
               "Operations":134217728,
               "Nanoseconds":216633800
            },{
               "IterationMode":"Workload",
               "IterationStage":"Result",
               "LaunchIndex":1,
               "IterationIndex":7,
               "Operations":134217728,
               "Nanoseconds":218058000
            },{
               "IterationMode":"Workload",
               "IterationStage":"Result",
               "LaunchIndex":1,
               "IterationIndex":8,
               "Operations":134217728,
               "Nanoseconds":215712900
            },{
               "IterationMode":"Workload",
               "IterationStage":"Result",
               "LaunchIndex":1,
               "IterationIndex":9,
               "Operations":134217728,
               "Nanoseconds":210241100
            },{
               "IterationMode":"Workload",
               "IterationStage":"Result",
               "LaunchIndex":1,
               "IterationIndex":10,
               "Operations":134217728,
               "Nanoseconds":214620800
            },{
               "IterationMode":"Workload",
               "IterationStage":"Result",
               "LaunchIndex":1,
               "IterationIndex":11,
               "Operations":134217728,
               "Nanoseconds":225400400
            },{
               "IterationMode":"Workload",
               "IterationStage":"Result",
               "LaunchIndex":1,
               "IterationIndex":12,
               "Operations":134217728,
               "Nanoseconds":222389100
            },{
               "IterationMode":"Workload",
               "IterationStage":"Result",
               "LaunchIndex":1,
               "IterationIndex":13,
               "Operations":134217728,
               "Nanoseconds":206603600
            },{
               "IterationMode":"Workload",
               "IterationStage":"Result",
               "LaunchIndex":1,
               "IterationIndex":14,
               "Operations":134217728,
               "Nanoseconds":212143200
            },{
               "IterationMode":"Workload",
               "IterationStage":"Result",
               "LaunchIndex":1,
               "IterationIndex":15,
               "Operations":134217728,
               "Nanoseconds":212953800
            }
         ],
         "Metrics":[
            {
               "Value":0,
               "Descriptor":{
                  "Id":"Allocated Memory",
                  "DisplayName":"Allocated",
                  "Legend":"Allocated memory per single operation (managed only, inclusive, 1KB = 1024B)",
                  "NumberFormat":"N0",
                  "UnitType":2,
                  "Unit":"B",
                  "TheGreaterTheBetter":false,
                  "PriorityInCategory":3
               }
            },{
               "Value":90,
               "Descriptor":{
                  "Id":"Native Code Size",
                  "DisplayName":"Code Size",
                  "Legend":"Native code size of the disassembled method(s)",
                  "NumberFormat":"N0",
                  "UnitType":2,
                  "Unit":"B",
                  "TheGreaterTheBetter":false,
                  "PriorityInCategory":0
               }
            }
         ]
      }
   ]
}
