Target,Target_Namespace,Target_Type,Target_Method,Job_Id,Job_AnalyzeLaunchVariance,Job_EvaluateOverhead,Job_MaxAbsoluteError,Job_MaxRelativeError,Job_MinInvokeCount,Job_MinIterationTime,Job_OutlierMode,Job_Affinity,Job_EnvironmentVariables,Job_Jit,Job_Platform,Job_PowerPlanMode,Job_Runtime,Job_AllowVeryLargeObjects,Job_Concurrent,Job_CpuGroups,Job_Force,Job_HeapAffinitizeMask,Job_HeapCount,Job_NoAffinitize,Job_RetainVm,Job_Server,Job_Arguments,Job_BuildConfiguration,Job_Clock,Job_EngineFactory,Job_NuGetReferences,Job_Toolchain,Job_IsMutator,Job_InvocationCount,Job_IterationCount,Job_IterationTime,Job_LaunchCount,Job_MaxIterationCount,Job_MaxWarmupIterationCount,Job_MemoryRandomization,Job_MinIterationCount,Job_MinWarmupIterationCount,Job_RunStrategy,Job_UnrollFactor,Job_WarmupCount,Job_Display,Params,Measurement_LaunchIndex,Measurement_IterationMode,Measurement_IterationStage,Measurement_IterationIndex,Measurement_Nanoseconds,Measurement_Operations,Measurement_Value,Gen_0,Gen_1,Gen_2,Allocated_Bytes
ExceptionExtensionsBenchmark.GetAllMessages,DotNetTips.Spargine.Extensions.BenchmarkTests,ExceptionExtensionsBenchmark,GetAllMessages,Job-TRKAEU,Default,True,Default,Default,Default,Default,Default,Default,Default,Default,Default,Default,.NET 6.0,Default,Default,Default,Default,Default,Default,Default,Default,True,Default,Default,Default,Default,Default,Default,Default,Default,Default,Default,Default,Default,Default,Default,Default,Default,Default,Default,Default,"Job-TRKAEU(EvaluateOverhead=True, Runtime=.NET 6.0, Server=True)",,1,Overhead,Jitting,1,211800,1,211800,62,0,0,272
ExceptionExtensionsBenchmark.GetAllMessages,DotNetTips.Spargine.Extensions.BenchmarkTests,ExceptionExtensionsBenchmark,GetAllMessages,Job-TRKAEU,Default,True,Default,Default,Default,Default,Default,Default,Default,Default,Default,Default,.NET 6.0,Default,Default,Default,Default,Default,Default,Default,Default,True,Default,Default,Default,Default,Default,Default,Default,Default,Default,Default,Default,Default,Default,Default,Default,Default,Default,Default,Default,"Job-TRKAEU(EvaluateOverhead=True, Runtime=.NET 6.0, Server=True)",,1,Workload,Jitting,1,2343200,1,2343200,62,0,0,272
ExceptionExtensionsBenchmark.GetAllMessages,DotNetTips.Spargine.Extensions.BenchmarkTests,ExceptionExtensionsBenchmark,GetAllMessages,Job-TRKAEU,Default,True,Default,Default,Default,Default,Default,Default,Default,Default,Default,Default,.NET 6.0,Default,Default,Default,Default,Default,Default,Default,Default,True,Default,Default,Default,Default,Default,Default,Default,Default,Default,Default,Default,Default,Default,Default,Default,Default,Default,Default,Default,"Job-TRKAEU(EvaluateOverhead=True, Runtime=.NET 6.0, Server=True)",,1,Overhead,Jitting,2,232800,16,14550,62,0,0,272
ExceptionExtensionsBenchmark.GetAllMessages,DotNetTips.Spargine.Extensions.BenchmarkTests,ExceptionExtensionsBenchmark,GetAllMessages,Job-TRKAEU,Default,True,Default,Default,Default,Default,Default,Default,Default,Default,Default,Default,.NET 6.0,Default,Default,Default,Default,Default,Default,Default,Default,True,Default,Default,Default,Default,Default,Default,Default,Default,Default,Default,Default,Default,Default,Default,Default,Default,Default,Default,Default,"Job-TRKAEU(EvaluateOverhead=True, Runtime=.NET 6.0, Server=True)",,1,Workload,Jitting,2,246400,16,15400,62,0,0,272
ExceptionExtensionsBenchmark.GetAllMessages,DotNetTips.Spargine.Extensions.BenchmarkTests,ExceptionExtensionsBenchmark,GetAllMessages,Job-TRKAEU,Default,True,Default,Default,Default,Default,Default,Default,Default,Default,Default,Default,.NET 6.0,Default,Default,Default,Default,Default,Default,Default,Default,True,Default,Default,Default,Default,Default,Default,Default,Default,Default,Default,Default,Default,Default,Default,Default,Default,Default,Default,Default,"Job-TRKAEU(EvaluateOverhead=True, Runtime=.NET 6.0, Server=True)",,1,Workload,Pilot,1,12900,16,806.25,62,0,0,272
ExceptionExtensionsBenchmark.GetAllMessages,DotNetTips.Spargine.Extensions.BenchmarkTests,ExceptionExtensionsBenchmark,GetAllMessages,Job-TRKAEU,Default,True,Default,Default,Default,Default,Default,Default,Default,Default,Default,Default,.NET 6.0,Default,Default,Default,Default,Default,Default,Default,Default,True,Default,Default,Default,Default,Default,Default,Default,Default,Default,Default,Default,Default,Default,Default,Default,Default,Default,Default,Default,"Job-TRKAEU(EvaluateOverhead=True, Runtime=.NET 6.0, Server=True)",,1,Workload,Pilot,2,19800,32,618.75,62,0,0,272
ExceptionExtensionsBenchmark.GetAllMessages,DotNetTips.Spargine.Extensions.BenchmarkTests,ExceptionExtensionsBenchmark,GetAllMessages,Job-TRKAEU,Default,True,Default,Default,Default,Default,Default,Default,Default,Default,Default,Default,.NET 6.0,Default,Default,Default,Default,Default,Default,Default,Default,True,Default,Default,Default,Default,Default,Default,Default,Default,Default,Default,Default,Default,Default,Default,Default,Default,Default,Default,Default,"Job-TRKAEU(EvaluateOverhead=True, Runtime=.NET 6.0, Server=True)",,1,Workload,Pilot,3,57100,64,892.19,62,0,0,272
ExceptionExtensionsBenchmark.GetAllMessages,DotNetTips.Spargine.Extensions.BenchmarkTests,ExceptionExtensionsBenchmark,GetAllMessages,Job-TRKAEU,Default,True,Default,Default,Default,Default,Default,Default,Default,Default,Default,Default,.NET 6.0,Default,Default,Default,Default,Default,Default,Default,Default,True,Default,Default,Default,Default,Default,Default,Default,Default,Default,Default,Default,Default,Default,Default,Default,Default,Default,Default,Default,"Job-TRKAEU(EvaluateOverhead=True, Runtime=.NET 6.0, Server=True)",,1,Workload,Pilot,4,97600,128,762.5,62,0,0,272
ExceptionExtensionsBenchmark.GetAllMessages,DotNetTips.Spargine.Extensions.BenchmarkTests,ExceptionExtensionsBenchmark,GetAllMessages,Job-TRKAEU,Default,True,Default,Default,Default,Default,Default,Default,Default,Default,Default,Default,.NET 6.0,Default,Default,Default,Default,Default,Default,Default,Default,True,Default,Default,Default,Default,Default,Default,Default,Default,Default,Default,Default,Default,Default,Default,Default,Default,Default,Default,Default,"Job-TRKAEU(EvaluateOverhead=True, Runtime=.NET 6.0, Server=True)",,1,Workload,Pilot,5,189800,256,741.41,62,0,0,272
ExceptionExtensionsBenchmark.GetAllMessages,DotNetTips.Spargine.Extensions.BenchmarkTests,ExceptionExtensionsBenchmark,GetAllMessages,Job-TRKAEU,Default,True,Default,Default,Default,Default,Default,Default,Default,Default,Default,Default,.NET 6.0,Default,Default,Default,Default,Default,Default,Default,Default,True,Default,Default,Default,Default,Default,Default,Default,Default,Default,Default,Default,Default,Default,Default,Default,Default,Default,Default,Default,"Job-TRKAEU(EvaluateOverhead=True, Runtime=.NET 6.0, Server=True)",,1,Workload,Pilot,6,419900,512,820.12,62,0,0,272
ExceptionExtensionsBenchmark.GetAllMessages,DotNetTips.Spargine.Extensions.BenchmarkTests,ExceptionExtensionsBenchmark,GetAllMessages,Job-TRKAEU,Default,True,Default,Default,Default,Default,Default,Default,Default,Default,Default,Default,.NET 6.0,Default,Default,Default,Default,Default,Default,Default,Default,True,Default,Default,Default,Default,Default,Default,Default,Default,Default,Default,Default,Default,Default,Default,Default,Default,Default,Default,Default,"Job-TRKAEU(EvaluateOverhead=True, Runtime=.NET 6.0, Server=True)",,1,Workload,Pilot,7,613000,1024,598.63,62,0,0,272
ExceptionExtensionsBenchmark.GetAllMessages,DotNetTips.Spargine.Extensions.BenchmarkTests,ExceptionExtensionsBenchmark,GetAllMessages,Job-TRKAEU,Default,True,Default,Default,Default,Default,Default,Default,Default,Default,Default,Default,.NET 6.0,Default,Default,Default,Default,Default,Default,Default,Default,True,Default,Default,Default,Default,Default,Default,Default,Default,Default,Default,Default,Default,Default,Default,Default,Default,Default,Default,Default,"Job-TRKAEU(EvaluateOverhead=True, Runtime=.NET 6.0, Server=True)",,1,Workload,Pilot,8,1309200,2048,639.26,62,0,0,272
ExceptionExtensionsBenchmark.GetAllMessages,DotNetTips.Spargine.Extensions.BenchmarkTests,ExceptionExtensionsBenchmark,GetAllMessages,Job-TRKAEU,Default,True,Default,Default,Default,Default,Default,Default,Default,Default,Default,Default,.NET 6.0,Default,Default,Default,Default,Default,Default,Default,Default,True,Default,Default,Default,Default,Default,Default,Default,Default,Default,Default,Default,Default,Default,Default,Default,Default,Default,Default,Default,"Job-TRKAEU(EvaluateOverhead=True, Runtime=.NET 6.0, Server=True)",,1,Workload,Pilot,9,3203000,4096,781.98,62,0,0,272
ExceptionExtensionsBenchmark.GetAllMessages,DotNetTips.Spargine.Extensions.BenchmarkTests,ExceptionExtensionsBenchmark,GetAllMessages,Job-TRKAEU,Default,True,Default,Default,Default,Default,Default,Default,Default,Default,Default,Default,.NET 6.0,Default,Default,Default,Default,Default,Default,Default,Default,True,Default,Default,Default,Default,Default,Default,Default,Default,Default,Default,Default,Default,Default,Default,Default,Default,Default,Default,Default,"Job-TRKAEU(EvaluateOverhead=True, Runtime=.NET 6.0, Server=True)",,1,Workload,Pilot,10,3734000,8192,455.81,62,0,0,272
ExceptionExtensionsBenchmark.GetAllMessages,DotNetTips.Spargine.Extensions.BenchmarkTests,ExceptionExtensionsBenchmark,GetAllMessages,Job-TRKAEU,Default,True,Default,Default,Default,Default,Default,Default,Default,Default,Default,Default,.NET 6.0,Default,Default,Default,Default,Default,Default,Default,Default,True,Default,Default,Default,Default,Default,Default,Default,Default,Default,Default,Default,Default,Default,Default,Default,Default,Default,Default,Default,"Job-TRKAEU(EvaluateOverhead=True, Runtime=.NET 6.0, Server=True)",,1,Workload,Pilot,11,6390400,16384,390.04,62,0,0,272
ExceptionExtensionsBenchmark.GetAllMessages,DotNetTips.Spargine.Extensions.BenchmarkTests,ExceptionExtensionsBenchmark,GetAllMessages,Job-TRKAEU,Default,True,Default,Default,Default,Default,Default,Default,Default,Default,Default,Default,.NET 6.0,Default,Default,Default,Default,Default,Default,Default,Default,True,Default,Default,Default,Default,Default,Default,Default,Default,Default,Default,Default,Default,Default,Default,Default,Default,Default,Default,Default,"Job-TRKAEU(EvaluateOverhead=True, Runtime=.NET 6.0, Server=True)",,1,Workload,Pilot,12,13811800,32768,421.5,62,0,0,272
ExceptionExtensionsBenchmark.GetAllMessages,DotNetTips.Spargine.Extensions.BenchmarkTests,ExceptionExtensionsBenchmark,GetAllMessages,Job-TRKAEU,Default,True,Default,Default,Default,Default,Default,Default,Default,Default,Default,Default,.NET 6.0,Default,Default,Default,Default,Default,Default,Default,Default,True,Default,Default,Default,Default,Default,Default,Default,Default,Default,Default,Default,Default,Default,Default,Default,Default,Default,Default,Default,"Job-TRKAEU(EvaluateOverhead=True, Runtime=.NET 6.0, Server=True)",,1,Workload,Pilot,13,21347900,65536,325.74,62,0,0,272
ExceptionExtensionsBenchmark.GetAllMessages,DotNetTips.Spargine.Extensions.BenchmarkTests,ExceptionExtensionsBenchmark,GetAllMessages,Job-TRKAEU,Default,True,Default,Default,Default,Default,Default,Default,Default,Default,Default,Default,.NET 6.0,Default,Default,Default,Default,Default,Default,Default,Default,True,Default,Default,Default,Default,Default,Default,Default,Default,Default,Default,Default,Default,Default,Default,Default,Default,Default,Default,Default,"Job-TRKAEU(EvaluateOverhead=True, Runtime=.NET 6.0, Server=True)",,1,Workload,Pilot,14,39351600,131072,300.23,62,0,0,272
ExceptionExtensionsBenchmark.GetAllMessages,DotNetTips.Spargine.Extensions.BenchmarkTests,ExceptionExtensionsBenchmark,GetAllMessages,Job-TRKAEU,Default,True,Default,Default,Default,Default,Default,Default,Default,Default,Default,Default,.NET 6.0,Default,Default,Default,Default,Default,Default,Default,Default,True,Default,Default,Default,Default,Default,Default,Default,Default,Default,Default,Default,Default,Default,Default,Default,Default,Default,Default,Default,"Job-TRKAEU(EvaluateOverhead=True, Runtime=.NET 6.0, Server=True)",,1,Workload,Pilot,15,69346200,262144,264.53,62,0,0,272
ExceptionExtensionsBenchmark.GetAllMessages,DotNetTips.Spargine.Extensions.BenchmarkTests,ExceptionExtensionsBenchmark,GetAllMessages,Job-TRKAEU,Default,True,Default,Default,Default,Default,Default,Default,Default,Default,Default,Default,.NET 6.0,Default,Default,Default,Default,Default,Default,Default,Default,True,Default,Default,Default,Default,Default,Default,Default,Default,Default,Default,Default,Default,Default,Default,Default,Default,Default,Default,Default,"Job-TRKAEU(EvaluateOverhead=True, Runtime=.NET 6.0, Server=True)",,1,Workload,Pilot,16,105878500,524288,201.95,62,0,0,272
ExceptionExtensionsBenchmark.GetAllMessages,DotNetTips.Spargine.Extensions.BenchmarkTests,ExceptionExtensionsBenchmark,GetAllMessages,Job-TRKAEU,Default,True,Default,Default,Default,Default,Default,Default,Default,Default,Default,Default,.NET 6.0,Default,Default,Default,Default,Default,Default,Default,Default,True,Default,Default,Default,Default,Default,Default,Default,Default,Default,Default,Default,Default,Default,Default,Default,Default,Default,Default,Default,"Job-TRKAEU(EvaluateOverhead=True, Runtime=.NET 6.0, Server=True)",,1,Workload,Pilot,17,193470500,1048576,184.51,62,0,0,272
ExceptionExtensionsBenchmark.GetAllMessages,DotNetTips.Spargine.Extensions.BenchmarkTests,ExceptionExtensionsBenchmark,GetAllMessages,Job-TRKAEU,Default,True,Default,Default,Default,Default,Default,Default,Default,Default,Default,Default,.NET 6.0,Default,Default,Default,Default,Default,Default,Default,Default,True,Default,Default,Default,Default,Default,Default,Default,Default,Default,Default,Default,Default,Default,Default,Default,Default,Default,Default,Default,"Job-TRKAEU(EvaluateOverhead=True, Runtime=.NET 6.0, Server=True)",,1,Workload,Pilot,18,584951800,2097152,278.93,62,0,0,272
ExceptionExtensionsBenchmark.GetAllMessages,DotNetTips.Spargine.Extensions.BenchmarkTests,ExceptionExtensionsBenchmark,GetAllMessages,Job-TRKAEU,Default,True,Default,Default,Default,Default,Default,Default,Default,Default,Default,Default,.NET 6.0,Default,Default,Default,Default,Default,Default,Default,Default,True,Default,Default,Default,Default,Default,Default,Default,Default,Default,Default,Default,Default,Default,Default,Default,Default,Default,Default,Default,"Job-TRKAEU(EvaluateOverhead=True, Runtime=.NET 6.0, Server=True)",,1,Overhead,Warmup,1,5363100,2097152,2.56,62,0,0,272
ExceptionExtensionsBenchmark.GetAllMessages,DotNetTips.Spargine.Extensions.BenchmarkTests,ExceptionExtensionsBenchmark,GetAllMessages,Job-TRKAEU,Default,True,Default,Default,Default,Default,Default,Default,Default,Default,Default,Default,.NET 6.0,Default,Default,Default,Default,Default,Default,Default,Default,True,Default,Default,Default,Default,Default,Default,Default,Default,Default,Default,Default,Default,Default,Default,Default,Default,Default,Default,Default,"Job-TRKAEU(EvaluateOverhead=True, Runtime=.NET 6.0, Server=True)",,1,Overhead,Warmup,2,4949100,2097152,2.36,62,0,0,272
ExceptionExtensionsBenchmark.GetAllMessages,DotNetTips.Spargine.Extensions.BenchmarkTests,ExceptionExtensionsBenchmark,GetAllMessages,Job-TRKAEU,Default,True,Default,Default,Default,Default,Default,Default,Default,Default,Default,Default,.NET 6.0,Default,Default,Default,Default,Default,Default,Default,Default,True,Default,Default,Default,Default,Default,Default,Default,Default,Default,Default,Default,Default,Default,Default,Default,Default,Default,Default,Default,"Job-TRKAEU(EvaluateOverhead=True, Runtime=.NET 6.0, Server=True)",,1,Overhead,Warmup,3,5860100,2097152,2.79,62,0,0,272
ExceptionExtensionsBenchmark.GetAllMessages,DotNetTips.Spargine.Extensions.BenchmarkTests,ExceptionExtensionsBenchmark,GetAllMessages,Job-TRKAEU,Default,True,Default,Default,Default,Default,Default,Default,Default,Default,Default,Default,.NET 6.0,Default,Default,Default,Default,Default,Default,Default,Default,True,Default,Default,Default,Default,Default,Default,Default,Default,Default,Default,Default,Default,Default,Default,Default,Default,Default,Default,Default,"Job-TRKAEU(EvaluateOverhead=True, Runtime=.NET 6.0, Server=True)",,1,Overhead,Warmup,4,4303000,2097152,2.05,62,0,0,272
ExceptionExtensionsBenchmark.GetAllMessages,DotNetTips.Spargine.Extensions.BenchmarkTests,ExceptionExtensionsBenchmark,GetAllMessages,Job-TRKAEU,Default,True,Default,Default,Default,Default,Default,Default,Default,Default,Default,Default,.NET 6.0,Default,Default,Default,Default,Default,Default,Default,Default,True,Default,Default,Default,Default,Default,Default,Default,Default,Default,Default,Default,Default,Default,Default,Default,Default,Default,Default,Default,"Job-TRKAEU(EvaluateOverhead=True, Runtime=.NET 6.0, Server=True)",,1,Overhead,Warmup,5,4894400,2097152,2.33,62,0,0,272
ExceptionExtensionsBenchmark.GetAllMessages,DotNetTips.Spargine.Extensions.BenchmarkTests,ExceptionExtensionsBenchmark,GetAllMessages,Job-TRKAEU,Default,True,Default,Default,Default,Default,Default,Default,Default,Default,Default,Default,.NET 6.0,Default,Default,Default,Default,Default,Default,Default,Default,True,Default,Default,Default,Default,Default,Default,Default,Default,Default,Default,Default,Default,Default,Default,Default,Default,Default,Default,Default,"Job-TRKAEU(EvaluateOverhead=True, Runtime=.NET 6.0, Server=True)",,1,Overhead,Warmup,6,7523700,2097152,3.59,62,0,0,272
ExceptionExtensionsBenchmark.GetAllMessages,DotNetTips.Spargine.Extensions.BenchmarkTests,ExceptionExtensionsBenchmark,GetAllMessages,Job-TRKAEU,Default,True,Default,Default,Default,Default,Default,Default,Default,Default,Default,Default,.NET 6.0,Default,Default,Default,Default,Default,Default,Default,Default,True,Default,Default,Default,Default,Default,Default,Default,Default,Default,Default,Default,Default,Default,Default,Default,Default,Default,Default,Default,"Job-TRKAEU(EvaluateOverhead=True, Runtime=.NET 6.0, Server=True)",,1,Overhead,Warmup,7,4036500,2097152,1.92,62,0,0,272
ExceptionExtensionsBenchmark.GetAllMessages,DotNetTips.Spargine.Extensions.BenchmarkTests,ExceptionExtensionsBenchmark,GetAllMessages,Job-TRKAEU,Default,True,Default,Default,Default,Default,Default,Default,Default,Default,Default,Default,.NET 6.0,Default,Default,Default,Default,Default,Default,Default,Default,True,Default,Default,Default,Default,Default,Default,Default,Default,Default,Default,Default,Default,Default,Default,Default,Default,Default,Default,Default,"Job-TRKAEU(EvaluateOverhead=True, Runtime=.NET 6.0, Server=True)",,1,Overhead,Actual,1,4984500,2097152,2.38,62,0,0,272
ExceptionExtensionsBenchmark.GetAllMessages,DotNetTips.Spargine.Extensions.BenchmarkTests,ExceptionExtensionsBenchmark,GetAllMessages,Job-TRKAEU,Default,True,Default,Default,Default,Default,Default,Default,Default,Default,Default,Default,.NET 6.0,Default,Default,Default,Default,Default,Default,Default,Default,True,Default,Default,Default,Default,Default,Default,Default,Default,Default,Default,Default,Default,Default,Default,Default,Default,Default,Default,Default,"Job-TRKAEU(EvaluateOverhead=True, Runtime=.NET 6.0, Server=True)",,1,Overhead,Actual,2,4163500,2097152,1.99,62,0,0,272
ExceptionExtensionsBenchmark.GetAllMessages,DotNetTips.Spargine.Extensions.BenchmarkTests,ExceptionExtensionsBenchmark,GetAllMessages,Job-TRKAEU,Default,True,Default,Default,Default,Default,Default,Default,Default,Default,Default,Default,.NET 6.0,Default,Default,Default,Default,Default,Default,Default,Default,True,Default,Default,Default,Default,Default,Default,Default,Default,Default,Default,Default,Default,Default,Default,Default,Default,Default,Default,Default,"Job-TRKAEU(EvaluateOverhead=True, Runtime=.NET 6.0, Server=True)",,1,Overhead,Actual,3,4906700,2097152,2.34,62,0,0,272
ExceptionExtensionsBenchmark.GetAllMessages,DotNetTips.Spargine.Extensions.BenchmarkTests,ExceptionExtensionsBenchmark,GetAllMessages,Job-TRKAEU,Default,True,Default,Default,Default,Default,Default,Default,Default,Default,Default,Default,.NET 6.0,Default,Default,Default,Default,Default,Default,Default,Default,True,Default,Default,Default,Default,Default,Default,Default,Default,Default,Default,Default,Default,Default,Default,Default,Default,Default,Default,Default,"Job-TRKAEU(EvaluateOverhead=True, Runtime=.NET 6.0, Server=True)",,1,Overhead,Actual,4,4849700,2097152,2.31,62,0,0,272
ExceptionExtensionsBenchmark.GetAllMessages,DotNetTips.Spargine.Extensions.BenchmarkTests,ExceptionExtensionsBenchmark,GetAllMessages,Job-TRKAEU,Default,True,Default,Default,Default,Default,Default,Default,Default,Default,Default,Default,.NET 6.0,Default,Default,Default,Default,Default,Default,Default,Default,True,Default,Default,Default,Default,Default,Default,Default,Default,Default,Default,Default,Default,Default,Default,Default,Default,Default,Default,Default,"Job-TRKAEU(EvaluateOverhead=True, Runtime=.NET 6.0, Server=True)",,1,Overhead,Actual,5,5451600,2097152,2.6,62,0,0,272
ExceptionExtensionsBenchmark.GetAllMessages,DotNetTips.Spargine.Extensions.BenchmarkTests,ExceptionExtensionsBenchmark,GetAllMessages,Job-TRKAEU,Default,True,Default,Default,Default,Default,Default,Default,Default,Default,Default,Default,.NET 6.0,Default,Default,Default,Default,Default,Default,Default,Default,True,Default,Default,Default,Default,Default,Default,Default,Default,Default,Default,Default,Default,Default,Default,Default,Default,Default,Default,Default,"Job-TRKAEU(EvaluateOverhead=True, Runtime=.NET 6.0, Server=True)",,1,Overhead,Actual,6,4854900,2097152,2.31,62,0,0,272
ExceptionExtensionsBenchmark.GetAllMessages,DotNetTips.Spargine.Extensions.BenchmarkTests,ExceptionExtensionsBenchmark,GetAllMessages,Job-TRKAEU,Default,True,Default,Default,Default,Default,Default,Default,Default,Default,Default,Default,.NET 6.0,Default,Default,Default,Default,Default,Default,Default,Default,True,Default,Default,Default,Default,Default,Default,Default,Default,Default,Default,Default,Default,Default,Default,Default,Default,Default,Default,Default,"Job-TRKAEU(EvaluateOverhead=True, Runtime=.NET 6.0, Server=True)",,1,Overhead,Actual,7,5069800,2097152,2.42,62,0,0,272
ExceptionExtensionsBenchmark.GetAllMessages,DotNetTips.Spargine.Extensions.BenchmarkTests,ExceptionExtensionsBenchmark,GetAllMessages,Job-TRKAEU,Default,True,Default,Default,Default,Default,Default,Default,Default,Default,Default,Default,.NET 6.0,Default,Default,Default,Default,Default,Default,Default,Default,True,Default,Default,Default,Default,Default,Default,Default,Default,Default,Default,Default,Default,Default,Default,Default,Default,Default,Default,Default,"Job-TRKAEU(EvaluateOverhead=True, Runtime=.NET 6.0, Server=True)",,1,Overhead,Actual,8,5180800,2097152,2.47,62,0,0,272
ExceptionExtensionsBenchmark.GetAllMessages,DotNetTips.Spargine.Extensions.BenchmarkTests,ExceptionExtensionsBenchmark,GetAllMessages,Job-TRKAEU,Default,True,Default,Default,Default,Default,Default,Default,Default,Default,Default,Default,.NET 6.0,Default,Default,Default,Default,Default,Default,Default,Default,True,Default,Default,Default,Default,Default,Default,Default,Default,Default,Default,Default,Default,Default,Default,Default,Default,Default,Default,Default,"Job-TRKAEU(EvaluateOverhead=True, Runtime=.NET 6.0, Server=True)",,1,Overhead,Actual,9,4844900,2097152,2.31,62,0,0,272
ExceptionExtensionsBenchmark.GetAllMessages,DotNetTips.Spargine.Extensions.BenchmarkTests,ExceptionExtensionsBenchmark,GetAllMessages,Job-TRKAEU,Default,True,Default,Default,Default,Default,Default,Default,Default,Default,Default,Default,.NET 6.0,Default,Default,Default,Default,Default,Default,Default,Default,True,Default,Default,Default,Default,Default,Default,Default,Default,Default,Default,Default,Default,Default,Default,Default,Default,Default,Default,Default,"Job-TRKAEU(EvaluateOverhead=True, Runtime=.NET 6.0, Server=True)",,1,Overhead,Actual,10,5779300,2097152,2.76,62,0,0,272
ExceptionExtensionsBenchmark.GetAllMessages,DotNetTips.Spargine.Extensions.BenchmarkTests,ExceptionExtensionsBenchmark,GetAllMessages,Job-TRKAEU,Default,True,Default,Default,Default,Default,Default,Default,Default,Default,Default,Default,.NET 6.0,Default,Default,Default,Default,Default,Default,Default,Default,True,Default,Default,Default,Default,Default,Default,Default,Default,Default,Default,Default,Default,Default,Default,Default,Default,Default,Default,Default,"Job-TRKAEU(EvaluateOverhead=True, Runtime=.NET 6.0, Server=True)",,1,Overhead,Actual,11,4843100,2097152,2.31,62,0,0,272
ExceptionExtensionsBenchmark.GetAllMessages,DotNetTips.Spargine.Extensions.BenchmarkTests,ExceptionExtensionsBenchmark,GetAllMessages,Job-TRKAEU,Default,True,Default,Default,Default,Default,Default,Default,Default,Default,Default,Default,.NET 6.0,Default,Default,Default,Default,Default,Default,Default,Default,True,Default,Default,Default,Default,Default,Default,Default,Default,Default,Default,Default,Default,Default,Default,Default,Default,Default,Default,Default,"Job-TRKAEU(EvaluateOverhead=True, Runtime=.NET 6.0, Server=True)",,1,Overhead,Actual,12,5051800,2097152,2.41,62,0,0,272
ExceptionExtensionsBenchmark.GetAllMessages,DotNetTips.Spargine.Extensions.BenchmarkTests,ExceptionExtensionsBenchmark,GetAllMessages,Job-TRKAEU,Default,True,Default,Default,Default,Default,Default,Default,Default,Default,Default,Default,.NET 6.0,Default,Default,Default,Default,Default,Default,Default,Default,True,Default,Default,Default,Default,Default,Default,Default,Default,Default,Default,Default,Default,Default,Default,Default,Default,Default,Default,Default,"Job-TRKAEU(EvaluateOverhead=True, Runtime=.NET 6.0, Server=True)",,1,Overhead,Actual,13,5449300,2097152,2.6,62,0,0,272
ExceptionExtensionsBenchmark.GetAllMessages,DotNetTips.Spargine.Extensions.BenchmarkTests,ExceptionExtensionsBenchmark,GetAllMessages,Job-TRKAEU,Default,True,Default,Default,Default,Default,Default,Default,Default,Default,Default,Default,.NET 6.0,Default,Default,Default,Default,Default,Default,Default,Default,True,Default,Default,Default,Default,Default,Default,Default,Default,Default,Default,Default,Default,Default,Default,Default,Default,Default,Default,Default,"Job-TRKAEU(EvaluateOverhead=True, Runtime=.NET 6.0, Server=True)",,1,Overhead,Actual,14,4861900,2097152,2.32,62,0,0,272
ExceptionExtensionsBenchmark.GetAllMessages,DotNetTips.Spargine.Extensions.BenchmarkTests,ExceptionExtensionsBenchmark,GetAllMessages,Job-TRKAEU,Default,True,Default,Default,Default,Default,Default,Default,Default,Default,Default,Default,.NET 6.0,Default,Default,Default,Default,Default,Default,Default,Default,True,Default,Default,Default,Default,Default,Default,Default,Default,Default,Default,Default,Default,Default,Default,Default,Default,Default,Default,Default,"Job-TRKAEU(EvaluateOverhead=True, Runtime=.NET 6.0, Server=True)",,1,Overhead,Actual,15,4984500,2097152,2.38,62,0,0,272
ExceptionExtensionsBenchmark.GetAllMessages,DotNetTips.Spargine.Extensions.BenchmarkTests,ExceptionExtensionsBenchmark,GetAllMessages,Job-TRKAEU,Default,True,Default,Default,Default,Default,Default,Default,Default,Default,Default,Default,.NET 6.0,Default,Default,Default,Default,Default,Default,Default,Default,True,Default,Default,Default,Default,Default,Default,Default,Default,Default,Default,Default,Default,Default,Default,Default,Default,Default,Default,Default,"Job-TRKAEU(EvaluateOverhead=True, Runtime=.NET 6.0, Server=True)",,1,Overhead,Actual,16,5218900,2097152,2.49,62,0,0,272
ExceptionExtensionsBenchmark.GetAllMessages,DotNetTips.Spargine.Extensions.BenchmarkTests,ExceptionExtensionsBenchmark,GetAllMessages,Job-TRKAEU,Default,True,Default,Default,Default,Default,Default,Default,Default,Default,Default,Default,.NET 6.0,Default,Default,Default,Default,Default,Default,Default,Default,True,Default,Default,Default,Default,Default,Default,Default,Default,Default,Default,Default,Default,Default,Default,Default,Default,Default,Default,Default,"Job-TRKAEU(EvaluateOverhead=True, Runtime=.NET 6.0, Server=True)",,1,Overhead,Actual,17,4907100,2097152,2.34,62,0,0,272
ExceptionExtensionsBenchmark.GetAllMessages,DotNetTips.Spargine.Extensions.BenchmarkTests,ExceptionExtensionsBenchmark,GetAllMessages,Job-TRKAEU,Default,True,Default,Default,Default,Default,Default,Default,Default,Default,Default,Default,.NET 6.0,Default,Default,Default,Default,Default,Default,Default,Default,True,Default,Default,Default,Default,Default,Default,Default,Default,Default,Default,Default,Default,Default,Default,Default,Default,Default,Default,Default,"Job-TRKAEU(EvaluateOverhead=True, Runtime=.NET 6.0, Server=True)",,1,Overhead,Actual,18,5164200,2097152,2.46,62,0,0,272
ExceptionExtensionsBenchmark.GetAllMessages,DotNetTips.Spargine.Extensions.BenchmarkTests,ExceptionExtensionsBenchmark,GetAllMessages,Job-TRKAEU,Default,True,Default,Default,Default,Default,Default,Default,Default,Default,Default,Default,.NET 6.0,Default,Default,Default,Default,Default,Default,Default,Default,True,Default,Default,Default,Default,Default,Default,Default,Default,Default,Default,Default,Default,Default,Default,Default,Default,Default,Default,Default,"Job-TRKAEU(EvaluateOverhead=True, Runtime=.NET 6.0, Server=True)",,1,Overhead,Actual,19,5349800,2097152,2.55,62,0,0,272
ExceptionExtensionsBenchmark.GetAllMessages,DotNetTips.Spargine.Extensions.BenchmarkTests,ExceptionExtensionsBenchmark,GetAllMessages,Job-TRKAEU,Default,True,Default,Default,Default,Default,Default,Default,Default,Default,Default,Default,.NET 6.0,Default,Default,Default,Default,Default,Default,Default,Default,True,Default,Default,Default,Default,Default,Default,Default,Default,Default,Default,Default,Default,Default,Default,Default,Default,Default,Default,Default,"Job-TRKAEU(EvaluateOverhead=True, Runtime=.NET 6.0, Server=True)",,1,Overhead,Actual,20,5197300,2097152,2.48,62,0,0,272
ExceptionExtensionsBenchmark.GetAllMessages,DotNetTips.Spargine.Extensions.BenchmarkTests,ExceptionExtensionsBenchmark,GetAllMessages,Job-TRKAEU,Default,True,Default,Default,Default,Default,Default,Default,Default,Default,Default,Default,.NET 6.0,Default,Default,Default,Default,Default,Default,Default,Default,True,Default,Default,Default,Default,Default,Default,Default,Default,Default,Default,Default,Default,Default,Default,Default,Default,Default,Default,Default,"Job-TRKAEU(EvaluateOverhead=True, Runtime=.NET 6.0, Server=True)",,1,Workload,Warmup,1,434629900,2097152,207.25,62,0,0,272
ExceptionExtensionsBenchmark.GetAllMessages,DotNetTips.Spargine.Extensions.BenchmarkTests,ExceptionExtensionsBenchmark,GetAllMessages,Job-TRKAEU,Default,True,Default,Default,Default,Default,Default,Default,Default,Default,Default,Default,.NET 6.0,Default,Default,Default,Default,Default,Default,Default,Default,True,Default,Default,Default,Default,Default,Default,Default,Default,Default,Default,Default,Default,Default,Default,Default,Default,Default,Default,Default,"Job-TRKAEU(EvaluateOverhead=True, Runtime=.NET 6.0, Server=True)",,1,Workload,Warmup,2,405232200,2097152,193.23,62,0,0,272
ExceptionExtensionsBenchmark.GetAllMessages,DotNetTips.Spargine.Extensions.BenchmarkTests,ExceptionExtensionsBenchmark,GetAllMessages,Job-TRKAEU,Default,True,Default,Default,Default,Default,Default,Default,Default,Default,Default,Default,.NET 6.0,Default,Default,Default,Default,Default,Default,Default,Default,True,Default,Default,Default,Default,Default,Default,Default,Default,Default,Default,Default,Default,Default,Default,Default,Default,Default,Default,Default,"Job-TRKAEU(EvaluateOverhead=True, Runtime=.NET 6.0, Server=True)",,1,Workload,Warmup,3,382420200,2097152,182.35,62,0,0,272
ExceptionExtensionsBenchmark.GetAllMessages,DotNetTips.Spargine.Extensions.BenchmarkTests,ExceptionExtensionsBenchmark,GetAllMessages,Job-TRKAEU,Default,True,Default,Default,Default,Default,Default,Default,Default,Default,Default,Default,.NET 6.0,Default,Default,Default,Default,Default,Default,Default,Default,True,Default,Default,Default,Default,Default,Default,Default,Default,Default,Default,Default,Default,Default,Default,Default,Default,Default,Default,Default,"Job-TRKAEU(EvaluateOverhead=True, Runtime=.NET 6.0, Server=True)",,1,Workload,Warmup,4,416160300,2097152,198.44,62,0,0,272
ExceptionExtensionsBenchmark.GetAllMessages,DotNetTips.Spargine.Extensions.BenchmarkTests,ExceptionExtensionsBenchmark,GetAllMessages,Job-TRKAEU,Default,True,Default,Default,Default,Default,Default,Default,Default,Default,Default,Default,.NET 6.0,Default,Default,Default,Default,Default,Default,Default,Default,True,Default,Default,Default,Default,Default,Default,Default,Default,Default,Default,Default,Default,Default,Default,Default,Default,Default,Default,Default,"Job-TRKAEU(EvaluateOverhead=True, Runtime=.NET 6.0, Server=True)",,1,Workload,Warmup,5,385259300,2097152,183.71,62,0,0,272
ExceptionExtensionsBenchmark.GetAllMessages,DotNetTips.Spargine.Extensions.BenchmarkTests,ExceptionExtensionsBenchmark,GetAllMessages,Job-TRKAEU,Default,True,Default,Default,Default,Default,Default,Default,Default,Default,Default,Default,.NET 6.0,Default,Default,Default,Default,Default,Default,Default,Default,True,Default,Default,Default,Default,Default,Default,Default,Default,Default,Default,Default,Default,Default,Default,Default,Default,Default,Default,Default,"Job-TRKAEU(EvaluateOverhead=True, Runtime=.NET 6.0, Server=True)",,1,Workload,Warmup,6,386311700,2097152,184.21,62,0,0,272
ExceptionExtensionsBenchmark.GetAllMessages,DotNetTips.Spargine.Extensions.BenchmarkTests,ExceptionExtensionsBenchmark,GetAllMessages,Job-TRKAEU,Default,True,Default,Default,Default,Default,Default,Default,Default,Default,Default,Default,.NET 6.0,Default,Default,Default,Default,Default,Default,Default,Default,True,Default,Default,Default,Default,Default,Default,Default,Default,Default,Default,Default,Default,Default,Default,Default,Default,Default,Default,Default,"Job-TRKAEU(EvaluateOverhead=True, Runtime=.NET 6.0, Server=True)",,1,Workload,Warmup,7,381134100,2097152,181.74,62,0,0,272
ExceptionExtensionsBenchmark.GetAllMessages,DotNetTips.Spargine.Extensions.BenchmarkTests,ExceptionExtensionsBenchmark,GetAllMessages,Job-TRKAEU,Default,True,Default,Default,Default,Default,Default,Default,Default,Default,Default,Default,.NET 6.0,Default,Default,Default,Default,Default,Default,Default,Default,True,Default,Default,Default,Default,Default,Default,Default,Default,Default,Default,Default,Default,Default,Default,Default,Default,Default,Default,Default,"Job-TRKAEU(EvaluateOverhead=True, Runtime=.NET 6.0, Server=True)",,1,Workload,Actual,1,440232800,2097152,209.92,62,0,0,272
ExceptionExtensionsBenchmark.GetAllMessages,DotNetTips.Spargine.Extensions.BenchmarkTests,ExceptionExtensionsBenchmark,GetAllMessages,Job-TRKAEU,Default,True,Default,Default,Default,Default,Default,Default,Default,Default,Default,Default,.NET 6.0,Default,Default,Default,Default,Default,Default,Default,Default,True,Default,Default,Default,Default,Default,Default,Default,Default,Default,Default,Default,Default,Default,Default,Default,Default,Default,Default,Default,"Job-TRKAEU(EvaluateOverhead=True, Runtime=.NET 6.0, Server=True)",,1,Workload,Actual,2,381576300,2097152,181.95,62,0,0,272
ExceptionExtensionsBenchmark.GetAllMessages,DotNetTips.Spargine.Extensions.BenchmarkTests,ExceptionExtensionsBenchmark,GetAllMessages,Job-TRKAEU,Default,True,Default,Default,Default,Default,Default,Default,Default,Default,Default,Default,.NET 6.0,Default,Default,Default,Default,Default,Default,Default,Default,True,Default,Default,Default,Default,Default,Default,Default,Default,Default,Default,Default,Default,Default,Default,Default,Default,Default,Default,Default,"Job-TRKAEU(EvaluateOverhead=True, Runtime=.NET 6.0, Server=True)",,1,Workload,Actual,3,404404200,2097152,192.83,62,0,0,272
ExceptionExtensionsBenchmark.GetAllMessages,DotNetTips.Spargine.Extensions.BenchmarkTests,ExceptionExtensionsBenchmark,GetAllMessages,Job-TRKAEU,Default,True,Default,Default,Default,Default,Default,Default,Default,Default,Default,Default,.NET 6.0,Default,Default,Default,Default,Default,Default,Default,Default,True,Default,Default,Default,Default,Default,Default,Default,Default,Default,Default,Default,Default,Default,Default,Default,Default,Default,Default,Default,"Job-TRKAEU(EvaluateOverhead=True, Runtime=.NET 6.0, Server=True)",,1,Workload,Actual,4,382506900,2097152,182.39,62,0,0,272
ExceptionExtensionsBenchmark.GetAllMessages,DotNetTips.Spargine.Extensions.BenchmarkTests,ExceptionExtensionsBenchmark,GetAllMessages,Job-TRKAEU,Default,True,Default,Default,Default,Default,Default,Default,Default,Default,Default,Default,.NET 6.0,Default,Default,Default,Default,Default,Default,Default,Default,True,Default,Default,Default,Default,Default,Default,Default,Default,Default,Default,Default,Default,Default,Default,Default,Default,Default,Default,Default,"Job-TRKAEU(EvaluateOverhead=True, Runtime=.NET 6.0, Server=True)",,1,Workload,Actual,5,388240000,2097152,185.13,62,0,0,272
ExceptionExtensionsBenchmark.GetAllMessages,DotNetTips.Spargine.Extensions.BenchmarkTests,ExceptionExtensionsBenchmark,GetAllMessages,Job-TRKAEU,Default,True,Default,Default,Default,Default,Default,Default,Default,Default,Default,Default,.NET 6.0,Default,Default,Default,Default,Default,Default,Default,Default,True,Default,Default,Default,Default,Default,Default,Default,Default,Default,Default,Default,Default,Default,Default,Default,Default,Default,Default,Default,"Job-TRKAEU(EvaluateOverhead=True, Runtime=.NET 6.0, Server=True)",,1,Workload,Actual,6,397522400,2097152,189.55,62,0,0,272
ExceptionExtensionsBenchmark.GetAllMessages,DotNetTips.Spargine.Extensions.BenchmarkTests,ExceptionExtensionsBenchmark,GetAllMessages,Job-TRKAEU,Default,True,Default,Default,Default,Default,Default,Default,Default,Default,Default,Default,.NET 6.0,Default,Default,Default,Default,Default,Default,Default,Default,True,Default,Default,Default,Default,Default,Default,Default,Default,Default,Default,Default,Default,Default,Default,Default,Default,Default,Default,Default,"Job-TRKAEU(EvaluateOverhead=True, Runtime=.NET 6.0, Server=True)",,1,Workload,Actual,7,386666500,2097152,184.38,62,0,0,272
ExceptionExtensionsBenchmark.GetAllMessages,DotNetTips.Spargine.Extensions.BenchmarkTests,ExceptionExtensionsBenchmark,GetAllMessages,Job-TRKAEU,Default,True,Default,Default,Default,Default,Default,Default,Default,Default,Default,Default,.NET 6.0,Default,Default,Default,Default,Default,Default,Default,Default,True,Default,Default,Default,Default,Default,Default,Default,Default,Default,Default,Default,Default,Default,Default,Default,Default,Default,Default,Default,"Job-TRKAEU(EvaluateOverhead=True, Runtime=.NET 6.0, Server=True)",,1,Workload,Actual,8,403041700,2097152,192.19,62,0,0,272
ExceptionExtensionsBenchmark.GetAllMessages,DotNetTips.Spargine.Extensions.BenchmarkTests,ExceptionExtensionsBenchmark,GetAllMessages,Job-TRKAEU,Default,True,Default,Default,Default,Default,Default,Default,Default,Default,Default,Default,.NET 6.0,Default,Default,Default,Default,Default,Default,Default,Default,True,Default,Default,Default,Default,Default,Default,Default,Default,Default,Default,Default,Default,Default,Default,Default,Default,Default,Default,Default,"Job-TRKAEU(EvaluateOverhead=True, Runtime=.NET 6.0, Server=True)",,1,Workload,Actual,9,385236400,2097152,183.7,62,0,0,272
ExceptionExtensionsBenchmark.GetAllMessages,DotNetTips.Spargine.Extensions.BenchmarkTests,ExceptionExtensionsBenchmark,GetAllMessages,Job-TRKAEU,Default,True,Default,Default,Default,Default,Default,Default,Default,Default,Default,Default,.NET 6.0,Default,Default,Default,Default,Default,Default,Default,Default,True,Default,Default,Default,Default,Default,Default,Default,Default,Default,Default,Default,Default,Default,Default,Default,Default,Default,Default,Default,"Job-TRKAEU(EvaluateOverhead=True, Runtime=.NET 6.0, Server=True)",,1,Workload,Actual,10,400136000,2097152,190.8,62,0,0,272
ExceptionExtensionsBenchmark.GetAllMessages,DotNetTips.Spargine.Extensions.BenchmarkTests,ExceptionExtensionsBenchmark,GetAllMessages,Job-TRKAEU,Default,True,Default,Default,Default,Default,Default,Default,Default,Default,Default,Default,.NET 6.0,Default,Default,Default,Default,Default,Default,Default,Default,True,Default,Default,Default,Default,Default,Default,Default,Default,Default,Default,Default,Default,Default,Default,Default,Default,Default,Default,Default,"Job-TRKAEU(EvaluateOverhead=True, Runtime=.NET 6.0, Server=True)",,1,Workload,Actual,11,385295700,2097152,183.72,62,0,0,272
ExceptionExtensionsBenchmark.GetAllMessages,DotNetTips.Spargine.Extensions.BenchmarkTests,ExceptionExtensionsBenchmark,GetAllMessages,Job-TRKAEU,Default,True,Default,Default,Default,Default,Default,Default,Default,Default,Default,Default,.NET 6.0,Default,Default,Default,Default,Default,Default,Default,Default,True,Default,Default,Default,Default,Default,Default,Default,Default,Default,Default,Default,Default,Default,Default,Default,Default,Default,Default,Default,"Job-TRKAEU(EvaluateOverhead=True, Runtime=.NET 6.0, Server=True)",,1,Workload,Actual,12,427983900,2097152,204.08,62,0,0,272
ExceptionExtensionsBenchmark.GetAllMessages,DotNetTips.Spargine.Extensions.BenchmarkTests,ExceptionExtensionsBenchmark,GetAllMessages,Job-TRKAEU,Default,True,Default,Default,Default,Default,Default,Default,Default,Default,Default,Default,.NET 6.0,Default,Default,Default,Default,Default,Default,Default,Default,True,Default,Default,Default,Default,Default,Default,Default,Default,Default,Default,Default,Default,Default,Default,Default,Default,Default,Default,Default,"Job-TRKAEU(EvaluateOverhead=True, Runtime=.NET 6.0, Server=True)",,1,Workload,Actual,13,397830400,2097152,189.7,62,0,0,272
ExceptionExtensionsBenchmark.GetAllMessages,DotNetTips.Spargine.Extensions.BenchmarkTests,ExceptionExtensionsBenchmark,GetAllMessages,Job-TRKAEU,Default,True,Default,Default,Default,Default,Default,Default,Default,Default,Default,Default,.NET 6.0,Default,Default,Default,Default,Default,Default,Default,Default,True,Default,Default,Default,Default,Default,Default,Default,Default,Default,Default,Default,Default,Default,Default,Default,Default,Default,Default,Default,"Job-TRKAEU(EvaluateOverhead=True, Runtime=.NET 6.0, Server=True)",,1,Workload,Actual,14,393794600,2097152,187.78,62,0,0,272
ExceptionExtensionsBenchmark.GetAllMessages,DotNetTips.Spargine.Extensions.BenchmarkTests,ExceptionExtensionsBenchmark,GetAllMessages,Job-TRKAEU,Default,True,Default,Default,Default,Default,Default,Default,Default,Default,Default,Default,.NET 6.0,Default,Default,Default,Default,Default,Default,Default,Default,True,Default,Default,Default,Default,Default,Default,Default,Default,Default,Default,Default,Default,Default,Default,Default,Default,Default,Default,Default,"Job-TRKAEU(EvaluateOverhead=True, Runtime=.NET 6.0, Server=True)",,1,Workload,Actual,15,396738300,2097152,189.18,62,0,0,272
ExceptionExtensionsBenchmark.GetAllMessages,DotNetTips.Spargine.Extensions.BenchmarkTests,ExceptionExtensionsBenchmark,GetAllMessages,Job-TRKAEU,Default,True,Default,Default,Default,Default,Default,Default,Default,Default,Default,Default,.NET 6.0,Default,Default,Default,Default,Default,Default,Default,Default,True,Default,Default,Default,Default,Default,Default,Default,Default,Default,Default,Default,Default,Default,Default,Default,Default,Default,Default,Default,"Job-TRKAEU(EvaluateOverhead=True, Runtime=.NET 6.0, Server=True)",,1,Workload,Actual,16,398222300,2097152,189.89,62,0,0,272
ExceptionExtensionsBenchmark.GetAllMessages,DotNetTips.Spargine.Extensions.BenchmarkTests,ExceptionExtensionsBenchmark,GetAllMessages,Job-TRKAEU,Default,True,Default,Default,Default,Default,Default,Default,Default,Default,Default,Default,.NET 6.0,Default,Default,Default,Default,Default,Default,Default,Default,True,Default,Default,Default,Default,Default,Default,Default,Default,Default,Default,Default,Default,Default,Default,Default,Default,Default,Default,Default,"Job-TRKAEU(EvaluateOverhead=True, Runtime=.NET 6.0, Server=True)",,1,Workload,Actual,17,385874300,2097152,184,62,0,0,272
ExceptionExtensionsBenchmark.GetAllMessages,DotNetTips.Spargine.Extensions.BenchmarkTests,ExceptionExtensionsBenchmark,GetAllMessages,Job-TRKAEU,Default,True,Default,Default,Default,Default,Default,Default,Default,Default,Default,Default,.NET 6.0,Default,Default,Default,Default,Default,Default,Default,Default,True,Default,Default,Default,Default,Default,Default,Default,Default,Default,Default,Default,Default,Default,Default,Default,Default,Default,Default,Default,"Job-TRKAEU(EvaluateOverhead=True, Runtime=.NET 6.0, Server=True)",,1,Workload,Actual,18,379103600,2097152,180.77,62,0,0,272
ExceptionExtensionsBenchmark.GetAllMessages,DotNetTips.Spargine.Extensions.BenchmarkTests,ExceptionExtensionsBenchmark,GetAllMessages,Job-TRKAEU,Default,True,Default,Default,Default,Default,Default,Default,Default,Default,Default,Default,.NET 6.0,Default,Default,Default,Default,Default,Default,Default,Default,True,Default,Default,Default,Default,Default,Default,Default,Default,Default,Default,Default,Default,Default,Default,Default,Default,Default,Default,Default,"Job-TRKAEU(EvaluateOverhead=True, Runtime=.NET 6.0, Server=True)",,1,Workload,Actual,19,420299700,2097152,200.41,62,0,0,272
ExceptionExtensionsBenchmark.GetAllMessages,DotNetTips.Spargine.Extensions.BenchmarkTests,ExceptionExtensionsBenchmark,GetAllMessages,Job-TRKAEU,Default,True,Default,Default,Default,Default,Default,Default,Default,Default,Default,Default,.NET 6.0,Default,Default,Default,Default,Default,Default,Default,Default,True,Default,Default,Default,Default,Default,Default,Default,Default,Default,Default,Default,Default,Default,Default,Default,Default,Default,Default,Default,"Job-TRKAEU(EvaluateOverhead=True, Runtime=.NET 6.0, Server=True)",,1,Workload,Actual,20,389920700,2097152,185.93,62,0,0,272
ExceptionExtensionsBenchmark.GetAllMessages,DotNetTips.Spargine.Extensions.BenchmarkTests,ExceptionExtensionsBenchmark,GetAllMessages,Job-TRKAEU,Default,True,Default,Default,Default,Default,Default,Default,Default,Default,Default,Default,.NET 6.0,Default,Default,Default,Default,Default,Default,Default,Default,True,Default,Default,Default,Default,Default,Default,Default,Default,Default,Default,Default,Default,Default,Default,Default,Default,Default,Default,Default,"Job-TRKAEU(EvaluateOverhead=True, Runtime=.NET 6.0, Server=True)",,1,Workload,Actual,21,391297900,2097152,186.59,62,0,0,272
ExceptionExtensionsBenchmark.GetAllMessages,DotNetTips.Spargine.Extensions.BenchmarkTests,ExceptionExtensionsBenchmark,GetAllMessages,Job-TRKAEU,Default,True,Default,Default,Default,Default,Default,Default,Default,Default,Default,Default,.NET 6.0,Default,Default,Default,Default,Default,Default,Default,Default,True,Default,Default,Default,Default,Default,Default,Default,Default,Default,Default,Default,Default,Default,Default,Default,Default,Default,Default,Default,"Job-TRKAEU(EvaluateOverhead=True, Runtime=.NET 6.0, Server=True)",,1,Workload,Actual,22,399426400,2097152,190.46,62,0,0,272
ExceptionExtensionsBenchmark.GetAllMessages,DotNetTips.Spargine.Extensions.BenchmarkTests,ExceptionExtensionsBenchmark,GetAllMessages,Job-TRKAEU,Default,True,Default,Default,Default,Default,Default,Default,Default,Default,Default,Default,.NET 6.0,Default,Default,Default,Default,Default,Default,Default,Default,True,Default,Default,Default,Default,Default,Default,Default,Default,Default,Default,Default,Default,Default,Default,Default,Default,Default,Default,Default,"Job-TRKAEU(EvaluateOverhead=True, Runtime=.NET 6.0, Server=True)",,1,Workload,Actual,23,429830000,2097152,204.96,62,0,0,272
ExceptionExtensionsBenchmark.GetAllMessages,DotNetTips.Spargine.Extensions.BenchmarkTests,ExceptionExtensionsBenchmark,GetAllMessages,Job-TRKAEU,Default,True,Default,Default,Default,Default,Default,Default,Default,Default,Default,Default,.NET 6.0,Default,Default,Default,Default,Default,Default,Default,Default,True,Default,Default,Default,Default,Default,Default,Default,Default,Default,Default,Default,Default,Default,Default,Default,Default,Default,Default,Default,"Job-TRKAEU(EvaluateOverhead=True, Runtime=.NET 6.0, Server=True)",,1,Workload,Actual,24,399333800,2097152,190.42,62,0,0,272
ExceptionExtensionsBenchmark.GetAllMessages,DotNetTips.Spargine.Extensions.BenchmarkTests,ExceptionExtensionsBenchmark,GetAllMessages,Job-TRKAEU,Default,True,Default,Default,Default,Default,Default,Default,Default,Default,Default,Default,.NET 6.0,Default,Default,Default,Default,Default,Default,Default,Default,True,Default,Default,Default,Default,Default,Default,Default,Default,Default,Default,Default,Default,Default,Default,Default,Default,Default,Default,Default,"Job-TRKAEU(EvaluateOverhead=True, Runtime=.NET 6.0, Server=True)",,1,Workload,Actual,25,388590300,2097152,185.29,62,0,0,272
ExceptionExtensionsBenchmark.GetAllMessages,DotNetTips.Spargine.Extensions.BenchmarkTests,ExceptionExtensionsBenchmark,GetAllMessages,Job-TRKAEU,Default,True,Default,Default,Default,Default,Default,Default,Default,Default,Default,Default,.NET 6.0,Default,Default,Default,Default,Default,Default,Default,Default,True,Default,Default,Default,Default,Default,Default,Default,Default,Default,Default,Default,Default,Default,Default,Default,Default,Default,Default,Default,"Job-TRKAEU(EvaluateOverhead=True, Runtime=.NET 6.0, Server=True)",,1,Workload,Result,1,376558150,2097152,179.56,62,0,0,272
ExceptionExtensionsBenchmark.GetAllMessages,DotNetTips.Spargine.Extensions.BenchmarkTests,ExceptionExtensionsBenchmark,GetAllMessages,Job-TRKAEU,Default,True,Default,Default,Default,Default,Default,Default,Default,Default,Default,Default,.NET 6.0,Default,Default,Default,Default,Default,Default,Default,Default,True,Default,Default,Default,Default,Default,Default,Default,Default,Default,Default,Default,Default,Default,Default,Default,Default,Default,Default,Default,"Job-TRKAEU(EvaluateOverhead=True, Runtime=.NET 6.0, Server=True)",,1,Workload,Result,2,399386050,2097152,190.44,62,0,0,272
ExceptionExtensionsBenchmark.GetAllMessages,DotNetTips.Spargine.Extensions.BenchmarkTests,ExceptionExtensionsBenchmark,GetAllMessages,Job-TRKAEU,Default,True,Default,Default,Default,Default,Default,Default,Default,Default,Default,Default,.NET 6.0,Default,Default,Default,Default,Default,Default,Default,Default,True,Default,Default,Default,Default,Default,Default,Default,Default,Default,Default,Default,Default,Default,Default,Default,Default,Default,Default,Default,"Job-TRKAEU(EvaluateOverhead=True, Runtime=.NET 6.0, Server=True)",,1,Workload,Result,3,377488750,2097152,180,62,0,0,272
ExceptionExtensionsBenchmark.GetAllMessages,DotNetTips.Spargine.Extensions.BenchmarkTests,ExceptionExtensionsBenchmark,GetAllMessages,Job-TRKAEU,Default,True,Default,Default,Default,Default,Default,Default,Default,Default,Default,Default,.NET 6.0,Default,Default,Default,Default,Default,Default,Default,Default,True,Default,Default,Default,Default,Default,Default,Default,Default,Default,Default,Default,Default,Default,Default,Default,Default,Default,Default,Default,"Job-TRKAEU(EvaluateOverhead=True, Runtime=.NET 6.0, Server=True)",,1,Workload,Result,4,383221850,2097152,182.73,62,0,0,272
ExceptionExtensionsBenchmark.GetAllMessages,DotNetTips.Spargine.Extensions.BenchmarkTests,ExceptionExtensionsBenchmark,GetAllMessages,Job-TRKAEU,Default,True,Default,Default,Default,Default,Default,Default,Default,Default,Default,Default,.NET 6.0,Default,Default,Default,Default,Default,Default,Default,Default,True,Default,Default,Default,Default,Default,Default,Default,Default,Default,Default,Default,Default,Default,Default,Default,Default,Default,Default,Default,"Job-TRKAEU(EvaluateOverhead=True, Runtime=.NET 6.0, Server=True)",,1,Workload,Result,5,392504250,2097152,187.16,62,0,0,272
ExceptionExtensionsBenchmark.GetAllMessages,DotNetTips.Spargine.Extensions.BenchmarkTests,ExceptionExtensionsBenchmark,GetAllMessages,Job-TRKAEU,Default,True,Default,Default,Default,Default,Default,Default,Default,Default,Default,Default,.NET 6.0,Default,Default,Default,Default,Default,Default,Default,Default,True,Default,Default,Default,Default,Default,Default,Default,Default,Default,Default,Default,Default,Default,Default,Default,Default,Default,Default,Default,"Job-TRKAEU(EvaluateOverhead=True, Runtime=.NET 6.0, Server=True)",,1,Workload,Result,6,381648350,2097152,181.98,62,0,0,272
ExceptionExtensionsBenchmark.GetAllMessages,DotNetTips.Spargine.Extensions.BenchmarkTests,ExceptionExtensionsBenchmark,GetAllMessages,Job-TRKAEU,Default,True,Default,Default,Default,Default,Default,Default,Default,Default,Default,Default,.NET 6.0,Default,Default,Default,Default,Default,Default,Default,Default,True,Default,Default,Default,Default,Default,Default,Default,Default,Default,Default,Default,Default,Default,Default,Default,Default,Default,Default,Default,"Job-TRKAEU(EvaluateOverhead=True, Runtime=.NET 6.0, Server=True)",,1,Workload,Result,7,398023550,2097152,189.79,62,0,0,272
ExceptionExtensionsBenchmark.GetAllMessages,DotNetTips.Spargine.Extensions.BenchmarkTests,ExceptionExtensionsBenchmark,GetAllMessages,Job-TRKAEU,Default,True,Default,Default,Default,Default,Default,Default,Default,Default,Default,Default,.NET 6.0,Default,Default,Default,Default,Default,Default,Default,Default,True,Default,Default,Default,Default,Default,Default,Default,Default,Default,Default,Default,Default,Default,Default,Default,Default,Default,Default,Default,"Job-TRKAEU(EvaluateOverhead=True, Runtime=.NET 6.0, Server=True)",,1,Workload,Result,8,380218250,2097152,181.3,62,0,0,272
ExceptionExtensionsBenchmark.GetAllMessages,DotNetTips.Spargine.Extensions.BenchmarkTests,ExceptionExtensionsBenchmark,GetAllMessages,Job-TRKAEU,Default,True,Default,Default,Default,Default,Default,Default,Default,Default,Default,Default,.NET 6.0,Default,Default,Default,Default,Default,Default,Default,Default,True,Default,Default,Default,Default,Default,Default,Default,Default,Default,Default,Default,Default,Default,Default,Default,Default,Default,Default,Default,"Job-TRKAEU(EvaluateOverhead=True, Runtime=.NET 6.0, Server=True)",,1,Workload,Result,9,395117850,2097152,188.41,62,0,0,272
ExceptionExtensionsBenchmark.GetAllMessages,DotNetTips.Spargine.Extensions.BenchmarkTests,ExceptionExtensionsBenchmark,GetAllMessages,Job-TRKAEU,Default,True,Default,Default,Default,Default,Default,Default,Default,Default,Default,Default,.NET 6.0,Default,Default,Default,Default,Default,Default,Default,Default,True,Default,Default,Default,Default,Default,Default,Default,Default,Default,Default,Default,Default,Default,Default,Default,Default,Default,Default,Default,"Job-TRKAEU(EvaluateOverhead=True, Runtime=.NET 6.0, Server=True)",,1,Workload,Result,10,380277550,2097152,181.33,62,0,0,272
ExceptionExtensionsBenchmark.GetAllMessages,DotNetTips.Spargine.Extensions.BenchmarkTests,ExceptionExtensionsBenchmark,GetAllMessages,Job-TRKAEU,Default,True,Default,Default,Default,Default,Default,Default,Default,Default,Default,Default,.NET 6.0,Default,Default,Default,Default,Default,Default,Default,Default,True,Default,Default,Default,Default,Default,Default,Default,Default,Default,Default,Default,Default,Default,Default,Default,Default,Default,Default,Default,"Job-TRKAEU(EvaluateOverhead=True, Runtime=.NET 6.0, Server=True)",,1,Workload,Result,11,392812250,2097152,187.31,62,0,0,272
ExceptionExtensionsBenchmark.GetAllMessages,DotNetTips.Spargine.Extensions.BenchmarkTests,ExceptionExtensionsBenchmark,GetAllMessages,Job-TRKAEU,Default,True,Default,Default,Default,Default,Default,Default,Default,Default,Default,Default,.NET 6.0,Default,Default,Default,Default,Default,Default,Default,Default,True,Default,Default,Default,Default,Default,Default,Default,Default,Default,Default,Default,Default,Default,Default,Default,Default,Default,Default,Default,"Job-TRKAEU(EvaluateOverhead=True, Runtime=.NET 6.0, Server=True)",,1,Workload,Result,12,388776450,2097152,185.38,62,0,0,272
ExceptionExtensionsBenchmark.GetAllMessages,DotNetTips.Spargine.Extensions.BenchmarkTests,ExceptionExtensionsBenchmark,GetAllMessages,Job-TRKAEU,Default,True,Default,Default,Default,Default,Default,Default,Default,Default,Default,Default,.NET 6.0,Default,Default,Default,Default,Default,Default,Default,Default,True,Default,Default,Default,Default,Default,Default,Default,Default,Default,Default,Default,Default,Default,Default,Default,Default,Default,Default,Default,"Job-TRKAEU(EvaluateOverhead=True, Runtime=.NET 6.0, Server=True)",,1,Workload,Result,13,391720150,2097152,186.79,62,0,0,272
ExceptionExtensionsBenchmark.GetAllMessages,DotNetTips.Spargine.Extensions.BenchmarkTests,ExceptionExtensionsBenchmark,GetAllMessages,Job-TRKAEU,Default,True,Default,Default,Default,Default,Default,Default,Default,Default,Default,Default,.NET 6.0,Default,Default,Default,Default,Default,Default,Default,Default,True,Default,Default,Default,Default,Default,Default,Default,Default,Default,Default,Default,Default,Default,Default,Default,Default,Default,Default,Default,"Job-TRKAEU(EvaluateOverhead=True, Runtime=.NET 6.0, Server=True)",,1,Workload,Result,14,393204150,2097152,187.49,62,0,0,272
ExceptionExtensionsBenchmark.GetAllMessages,DotNetTips.Spargine.Extensions.BenchmarkTests,ExceptionExtensionsBenchmark,GetAllMessages,Job-TRKAEU,Default,True,Default,Default,Default,Default,Default,Default,Default,Default,Default,Default,.NET 6.0,Default,Default,Default,Default,Default,Default,Default,Default,True,Default,Default,Default,Default,Default,Default,Default,Default,Default,Default,Default,Default,Default,Default,Default,Default,Default,Default,Default,"Job-TRKAEU(EvaluateOverhead=True, Runtime=.NET 6.0, Server=True)",,1,Workload,Result,15,380856150,2097152,181.61,62,0,0,272
ExceptionExtensionsBenchmark.GetAllMessages,DotNetTips.Spargine.Extensions.BenchmarkTests,ExceptionExtensionsBenchmark,GetAllMessages,Job-TRKAEU,Default,True,Default,Default,Default,Default,Default,Default,Default,Default,Default,Default,.NET 6.0,Default,Default,Default,Default,Default,Default,Default,Default,True,Default,Default,Default,Default,Default,Default,Default,Default,Default,Default,Default,Default,Default,Default,Default,Default,Default,Default,Default,"Job-TRKAEU(EvaluateOverhead=True, Runtime=.NET 6.0, Server=True)",,1,Workload,Result,16,374085450,2097152,178.38,62,0,0,272
ExceptionExtensionsBenchmark.GetAllMessages,DotNetTips.Spargine.Extensions.BenchmarkTests,ExceptionExtensionsBenchmark,GetAllMessages,Job-TRKAEU,Default,True,Default,Default,Default,Default,Default,Default,Default,Default,Default,Default,.NET 6.0,Default,Default,Default,Default,Default,Default,Default,Default,True,Default,Default,Default,Default,Default,Default,Default,Default,Default,Default,Default,Default,Default,Default,Default,Default,Default,Default,Default,"Job-TRKAEU(EvaluateOverhead=True, Runtime=.NET 6.0, Server=True)",,1,Workload,Result,17,415281550,2097152,198.02,62,0,0,272
ExceptionExtensionsBenchmark.GetAllMessages,DotNetTips.Spargine.Extensions.BenchmarkTests,ExceptionExtensionsBenchmark,GetAllMessages,Job-TRKAEU,Default,True,Default,Default,Default,Default,Default,Default,Default,Default,Default,Default,.NET 6.0,Default,Default,Default,Default,Default,Default,Default,Default,True,Default,Default,Default,Default,Default,Default,Default,Default,Default,Default,Default,Default,Default,Default,Default,Default,Default,Default,Default,"Job-TRKAEU(EvaluateOverhead=True, Runtime=.NET 6.0, Server=True)",,1,Workload,Result,18,384902550,2097152,183.54,62,0,0,272
ExceptionExtensionsBenchmark.GetAllMessages,DotNetTips.Spargine.Extensions.BenchmarkTests,ExceptionExtensionsBenchmark,GetAllMessages,Job-TRKAEU,Default,True,Default,Default,Default,Default,Default,Default,Default,Default,Default,Default,.NET 6.0,Default,Default,Default,Default,Default,Default,Default,Default,True,Default,Default,Default,Default,Default,Default,Default,Default,Default,Default,Default,Default,Default,Default,Default,Default,Default,Default,Default,"Job-TRKAEU(EvaluateOverhead=True, Runtime=.NET 6.0, Server=True)",,1,Workload,Result,19,386279750,2097152,184.19,62,0,0,272
ExceptionExtensionsBenchmark.GetAllMessages,DotNetTips.Spargine.Extensions.BenchmarkTests,ExceptionExtensionsBenchmark,GetAllMessages,Job-TRKAEU,Default,True,Default,Default,Default,Default,Default,Default,Default,Default,Default,Default,.NET 6.0,Default,Default,Default,Default,Default,Default,Default,Default,True,Default,Default,Default,Default,Default,Default,Default,Default,Default,Default,Default,Default,Default,Default,Default,Default,Default,Default,Default,"Job-TRKAEU(EvaluateOverhead=True, Runtime=.NET 6.0, Server=True)",,1,Workload,Result,20,394408250,2097152,188.07,62,0,0,272
ExceptionExtensionsBenchmark.GetAllMessages,DotNetTips.Spargine.Extensions.BenchmarkTests,ExceptionExtensionsBenchmark,GetAllMessages,Job-TRKAEU,Default,True,Default,Default,Default,Default,Default,Default,Default,Default,Default,Default,.NET 6.0,Default,Default,Default,Default,Default,Default,Default,Default,True,Default,Default,Default,Default,Default,Default,Default,Default,Default,Default,Default,Default,Default,Default,Default,Default,Default,Default,Default,"Job-TRKAEU(EvaluateOverhead=True, Runtime=.NET 6.0, Server=True)",,1,Workload,Result,21,394315650,2097152,188.02,62,0,0,272
ExceptionExtensionsBenchmark.GetAllMessages,DotNetTips.Spargine.Extensions.BenchmarkTests,ExceptionExtensionsBenchmark,GetAllMessages,Job-TRKAEU,Default,True,Default,Default,Default,Default,Default,Default,Default,Default,Default,Default,.NET 6.0,Default,Default,Default,Default,Default,Default,Default,Default,True,Default,Default,Default,Default,Default,Default,Default,Default,Default,Default,Default,Default,Default,Default,Default,Default,Default,Default,Default,"Job-TRKAEU(EvaluateOverhead=True, Runtime=.NET 6.0, Server=True)",,1,Workload,Result,22,383572150,2097152,182.9,62,0,0,272
