Method,Job,AnalyzeLaunchVariance,EvaluateOverhead,MaxAbsoluteError,MaxRelativeError,MinInvokeCount,MinIterationTime,OutlierMode,Affinity,EnvironmentVariables,Jit,Platform,PowerPlanMode,Runtime,AllowVeryLargeObjects,Concurrent,CpuGroups,Force,HeapAffinitizeMask,HeapCount,NoAffinitize,RetainVm,Server,Arguments,BuildConfiguration,Clock,EngineFactory,NuGetReferences,Toolchain,IsMutator,InvocationCount,IterationCount,IterationTime,LaunchCount,MaxIterationCount,MaxWarmupIterationCount,MemoryRandomization,MinIterationCount,MinWarmupIterationCount,RunStrategy,UnrollFactor,WarmupCount,Namespace,Categories,Count,Mean,Error,StdDev,StdErr,Min,Q1,Median,Q3,Max,Op/s,CI99.9% Margin,Iterations,Kurtosis,MValue,Skewness,Rank,LogicalGroup,Baseline,Gen 0,Code Size,Gen 1,Gen 2,Allocated
'HasItems: With Count',Job-TRKAEU,False,True,Default,Default,Default,Default,Default,1111,Empty,RyuJit,X64,8c5e7fda-e8bf-4a96-9a85-a6e23a8c635c,.NET 6.0,False,True,False,True,Default,Default,False,False,True,Default,Default,Default,Default,Default,Default,Default,1,Default,Default,Default,Default,Default,Default,Default,Default,Default,16,Default,DotNetTips.Spargine.Extensions.BenchmarkTests,Collections,10,88.15 ns,1.781 ns,2.187 ns,0.466 ns,84.39 ns,86.50 ns,88.04 ns,89.27 ns,92.75 ns,"11,344,332.54",1.781 ns,22.00,2.137,2.000,0.3228,1,*,No,0.0043,277 B,-,-,40 B
'HasItems: With Count',Job-TRKAEU,False,True,Default,Default,Default,Default,Default,1111,Empty,RyuJit,X64,8c5e7fda-e8bf-4a96-9a85-a6e23a8c635c,.NET 6.0,False,True,False,True,Default,Default,False,False,True,Default,Default,Default,Default,Default,Default,Default,1,Default,Default,Default,Default,Default,Default,Default,Default,Default,16,Default,DotNetTips.Spargine.Extensions.BenchmarkTests,Collections,25,176.86 ns,2.597 ns,2.302 ns,0.615 ns,173.09 ns,175.85 ns,176.88 ns,178.06 ns,182.05 ns,"5,654,314.69",2.597 ns,14.00,2.720,2.000,0.3584,2,*,No,0.0043,277 B,-,-,40 B
'HasItems: With Count',Job-TRKAEU,False,True,Default,Default,Default,Default,Default,1111,Empty,RyuJit,X64,8c5e7fda-e8bf-4a96-9a85-a6e23a8c635c,.NET 6.0,False,True,False,True,Default,Default,False,False,True,Default,Default,Default,Default,Default,Default,Default,1,Default,Default,Default,Default,Default,Default,Default,Default,Default,16,Default,DotNetTips.Spargine.Extensions.BenchmarkTests,Collections,50,313.21 ns,5.907 ns,5.526 ns,1.427 ns,305.07 ns,309.36 ns,311.64 ns,317.53 ns,323.02 ns,"3,192,775.19",5.907 ns,15.00,1.761,2.000,0.4573,3,*,No,0.0043,277 B,-,-,40 B
'HasItems: With Count',Job-TRKAEU,False,True,Default,Default,Default,Default,Default,1111,Empty,RyuJit,X64,8c5e7fda-e8bf-4a96-9a85-a6e23a8c635c,.NET 6.0,False,True,False,True,Default,Default,False,False,True,Default,Default,Default,Default,Default,Default,Default,1,Default,Default,Default,Default,Default,Default,Default,Default,Default,16,Default,DotNetTips.Spargine.Extensions.BenchmarkTests,Collections,100,592.58 ns,5.876 ns,5.497 ns,1.419 ns,579.55 ns,590.17 ns,591.71 ns,596.08 ns,601.94 ns,"1,687,534.54",5.876 ns,15.00,3.038,2.000,-0.4072,6,*,No,0.0038,277 B,-,-,40 B
'HasItems: With Count',Job-TRKAEU,False,True,Default,Default,Default,Default,Default,1111,Empty,RyuJit,X64,8c5e7fda-e8bf-4a96-9a85-a6e23a8c635c,.NET 6.0,False,True,False,True,Default,Default,False,False,True,Default,Default,Default,Default,Default,Default,Default,1,Default,Default,Default,Default,Default,Default,Default,Default,Default,16,Default,DotNetTips.Spargine.Extensions.BenchmarkTests,Collections,250,"1,424.91 ns",14.869 ns,13.181 ns,3.523 ns,"1,405.85 ns","1,417.13 ns","1,420.57 ns","1,429.27 ns","1,453.02 ns","701,797.74",14.869 ns,14.00,2.497,2.000,0.7796,9,*,No,0.0038,277 B,-,-,40 B
'HasItems: With Count',Job-TRKAEU,False,True,Default,Default,Default,Default,Default,1111,Empty,RyuJit,X64,8c5e7fda-e8bf-4a96-9a85-a6e23a8c635c,.NET 6.0,False,True,False,True,Default,Default,False,False,True,Default,Default,Default,Default,Default,Default,Default,1,Default,Default,Default,Default,Default,Default,Default,Default,Default,16,Default,DotNetTips.Spargine.Extensions.BenchmarkTests,Collections,500,"2,798.33 ns",24.847 ns,22.026 ns,5.887 ns,"2,766.35 ns","2,782.88 ns","2,795.06 ns","2,810.84 ns","2,849.31 ns","357,356.17",24.847 ns,14.00,2.724,2.000,0.6969,11,*,No,0.0038,277 B,-,-,40 B
'HasItems: With Count',Job-TRKAEU,False,True,Default,Default,Default,Default,Default,1111,Empty,RyuJit,X64,8c5e7fda-e8bf-4a96-9a85-a6e23a8c635c,.NET 6.0,False,True,False,True,Default,Default,False,False,True,Default,Default,Default,Default,Default,Default,Default,1,Default,Default,Default,Default,Default,Default,Default,Default,Default,16,Default,DotNetTips.Spargine.Extensions.BenchmarkTests,Collections,1000,"6,059.12 ns",57.109 ns,53.419 ns,13.793 ns,"5,952.57 ns","6,023.83 ns","6,072.83 ns","6,098.31 ns","6,135.35 ns","165,040.44",57.109 ns,15.00,1.838,2.000,-0.3535,14,*,No,-,277 B,-,-,40 B
'HasItems: With Count',Job-TRKAEU,False,True,Default,Default,Default,Default,Default,1111,Empty,RyuJit,X64,8c5e7fda-e8bf-4a96-9a85-a6e23a8c635c,.NET 6.0,False,True,False,True,Default,Default,False,False,True,Default,Default,Default,Default,Default,Default,Default,1,Default,Default,Default,Default,Default,Default,Default,Default,Default,16,Default,DotNetTips.Spargine.Extensions.BenchmarkTests,Collections,2500,"15,177.13 ns",210.190 ns,196.612 ns,50.765 ns,"14,845.47 ns","15,082.75 ns","15,185.23 ns","15,324.03 ns","15,433.27 ns","65,888.60",210.190 ns,15.00,1.799,2.000,-0.3230,16,*,No,-,277 B,-,-,40 B
'HasItems: With Predicate',Job-TRKAEU,False,True,Default,Default,Default,Default,Default,1111,Empty,RyuJit,X64,8c5e7fda-e8bf-4a96-9a85-a6e23a8c635c,.NET 6.0,False,True,False,True,Default,Default,False,False,True,Default,Default,Default,Default,Default,Default,Default,1,Default,Default,Default,Default,Default,Default,Default,Default,Default,16,Default,DotNetTips.Spargine.Extensions.BenchmarkTests,Collections,10,383.80 ns,4.845 ns,4.532 ns,1.170 ns,376.62 ns,379.96 ns,385.17 ns,387.04 ns,390.32 ns,"2,605,522.28",4.845 ns,15.00,1.531,2.000,-0.2432,5,*,No,-,597 B,-,-,0 B
'HasItems: With Predicate',Job-TRKAEU,False,True,Default,Default,Default,Default,Default,1111,Empty,RyuJit,X64,8c5e7fda-e8bf-4a96-9a85-a6e23a8c635c,.NET 6.0,False,True,False,True,Default,Default,False,False,True,Default,Default,Default,Default,Default,Default,Default,1,Default,Default,Default,Default,Default,Default,Default,Default,Default,16,Default,DotNetTips.Spargine.Extensions.BenchmarkTests,Collections,25,949.73 ns,11.295 ns,10.565 ns,2.728 ns,929.77 ns,943.11 ns,953.38 ns,955.71 ns,963.93 ns,"1,052,935.96",11.295 ns,15.00,2.155,2.000,-0.7001,7,*,No,-,597 B,-,-,0 B
'HasItems: With Predicate',Job-TRKAEU,False,True,Default,Default,Default,Default,Default,1111,Empty,RyuJit,X64,8c5e7fda-e8bf-4a96-9a85-a6e23a8c635c,.NET 6.0,False,True,False,True,Default,Default,False,False,True,Default,Default,Default,Default,Default,Default,Default,1,Default,Default,Default,Default,Default,Default,Default,Default,Default,16,Default,DotNetTips.Spargine.Extensions.BenchmarkTests,Collections,50,"1,882.79 ns",30.153 ns,28.206 ns,7.283 ns,"1,848.50 ns","1,852.58 ns","1,889.59 ns","1,907.10 ns","1,925.88 ns","531,127.70",30.153 ns,15.00,1.249,2.000,0.0474,10,*,No,-,597 B,-,-,0 B
'HasItems: With Predicate',Job-TRKAEU,False,True,Default,Default,Default,Default,Default,1111,Empty,RyuJit,X64,8c5e7fda-e8bf-4a96-9a85-a6e23a8c635c,.NET 6.0,False,True,False,True,Default,Default,False,False,True,Default,Default,Default,Default,Default,Default,Default,1,Default,Default,Default,Default,Default,Default,Default,Default,Default,16,Default,DotNetTips.Spargine.Extensions.BenchmarkTests,Collections,100,"3,752.91 ns",19.536 ns,18.274 ns,4.718 ns,"3,712.61 ns","3,745.41 ns","3,757.51 ns","3,764.99 ns","3,776.02 ns","266,460.19",19.536 ns,15.00,2.650,2.000,-0.8170,13,*,No,-,597 B,-,-,0 B
'HasItems: With Predicate',Job-TRKAEU,False,True,Default,Default,Default,Default,Default,1111,Empty,RyuJit,X64,8c5e7fda-e8bf-4a96-9a85-a6e23a8c635c,.NET 6.0,False,True,False,True,Default,Default,False,False,True,Default,Default,Default,Default,Default,Default,Default,1,Default,Default,Default,Default,Default,Default,Default,Default,Default,16,Default,DotNetTips.Spargine.Extensions.BenchmarkTests,Collections,250,"9,478.56 ns",140.109 ns,131.058 ns,33.839 ns,"9,295.15 ns","9,385.43 ns","9,488.04 ns","9,566.07 ns","9,709.19 ns","105,501.29",140.109 ns,15.00,1.748,2.000,0.0610,15,*,No,-,597 B,-,-,0 B
'HasItems: With Predicate',Job-TRKAEU,False,True,Default,Default,Default,Default,Default,1111,Empty,RyuJit,X64,8c5e7fda-e8bf-4a96-9a85-a6e23a8c635c,.NET 6.0,False,True,False,True,Default,Default,False,False,True,Default,Default,Default,Default,Default,Default,Default,1,Default,Default,Default,Default,Default,Default,Default,Default,Default,16,Default,DotNetTips.Spargine.Extensions.BenchmarkTests,Collections,500,"19,002.94 ns",274.981 ns,257.217 ns,66.413 ns,"18,610.13 ns","18,805.91 ns","19,064.72 ns","19,229.81 ns","19,377.85 ns","52,623.42",274.981 ns,15.00,1.441,2.000,-0.0581,17,*,No,-,597 B,-,-,0 B
'HasItems: With Predicate',Job-TRKAEU,False,True,Default,Default,Default,Default,Default,1111,Empty,RyuJit,X64,8c5e7fda-e8bf-4a96-9a85-a6e23a8c635c,.NET 6.0,False,True,False,True,Default,Default,False,False,True,Default,Default,Default,Default,Default,Default,Default,1,Default,Default,Default,Default,Default,Default,Default,Default,Default,16,Default,DotNetTips.Spargine.Extensions.BenchmarkTests,Collections,1000,"38,386.13 ns",504.470 ns,471.882 ns,121.839 ns,"37,789.76 ns","38,108.73 ns","38,225.41 ns","38,745.63 ns","39,411.61 ns","26,051.07",504.470 ns,15.00,2.187,2.000,0.5763,18,*,No,-,597 B,-,-,0 B
'HasItems: With Predicate',Job-TRKAEU,False,True,Default,Default,Default,Default,Default,1111,Empty,RyuJit,X64,8c5e7fda-e8bf-4a96-9a85-a6e23a8c635c,.NET 6.0,False,True,False,True,Default,Default,False,False,True,Default,Default,Default,Default,Default,Default,Default,1,Default,Default,Default,Default,Default,Default,Default,Default,Default,16,Default,DotNetTips.Spargine.Extensions.BenchmarkTests,Collections,2500,"94,866.77 ns","1,041.751 ns",974.455 ns,251.603 ns,"93,218.73 ns","94,378.28 ns","94,548.58 ns","95,555.85 ns","96,757.18 ns","10,541.10","1,041.751 ns",15.00,2.011,2.000,0.0998,20,*,No,-,597 B,-,-,0 B
AddRange,Job-TRKAEU,False,True,Default,Default,Default,Default,Default,1111,Empty,RyuJit,X64,8c5e7fda-e8bf-4a96-9a85-a6e23a8c635c,.NET 6.0,False,True,False,True,Default,Default,False,False,True,Default,Default,Default,Default,Default,Default,Default,1,Default,Default,Default,Default,Default,Default,Default,Default,Default,16,Default,DotNetTips.Spargine.Extensions.BenchmarkTests,Collections,10,"44,081.55 ns",843.648 ns,828.575 ns,207.144 ns,"42,942.46 ns","43,464.31 ns","44,015.69 ns","44,716.15 ns","45,687.16 ns","22,685.23",843.648 ns,16.00,1.822,2.000,0.3214,19,*,No,2.3804,956 B,-,-,"20,689 B"
AddRange,Job-TRKAEU,False,True,Default,Default,Default,Default,Default,1111,Empty,RyuJit,X64,8c5e7fda-e8bf-4a96-9a85-a6e23a8c635c,.NET 6.0,False,True,False,True,Default,Default,False,False,True,Default,Default,Default,Default,Default,Default,Default,1,Default,Default,Default,Default,Default,Default,Default,Default,Default,16,Default,DotNetTips.Spargine.Extensions.BenchmarkTests,Collections,25,"114,320.20 ns","1,777.556 ns","1,662.727 ns",429.314 ns,"111,462.16 ns","113,047.77 ns","114,502.97 ns","115,418.53 ns","117,293.77 ns","8,747.36","1,777.556 ns",15.00,1.908,2.000,-0.0351,21,*,No,5.4932,956 B,-,-,"49,553 B"
AddRange,Job-TRKAEU,False,True,Default,Default,Default,Default,Default,1111,Empty,RyuJit,X64,8c5e7fda-e8bf-4a96-9a85-a6e23a8c635c,.NET 6.0,False,True,False,True,Default,Default,False,False,True,Default,Default,Default,Default,Default,Default,Default,1,Default,Default,Default,Default,Default,Default,Default,Default,Default,16,Default,DotNetTips.Spargine.Extensions.BenchmarkTests,Collections,50,"239,765.85 ns","4,780.387 ns","6,215.853 ns","1,268.806 ns","227,590.09 ns","235,708.80 ns","239,298.66 ns","243,217.07 ns","253,129.25 ns","4,170.74","4,780.387 ns",24.00,2.512,2.000,0.2650,22,*,No,10.7422,956 B,1.9531,-,"97,515 B"
AddRange,Job-TRKAEU,False,True,Default,Default,Default,Default,Default,1111,Empty,RyuJit,X64,8c5e7fda-e8bf-4a96-9a85-a6e23a8c635c,.NET 6.0,False,True,False,True,Default,Default,False,False,True,Default,Default,Default,Default,Default,Default,Default,1,Default,Default,Default,Default,Default,Default,Default,Default,Default,16,Default,DotNetTips.Spargine.Extensions.BenchmarkTests,Collections,100,"652,350.34 ns","12,992.300 ns","36,217.338 ns","3,817.643 ns","571,852.00 ns","624,630.05 ns","655,780.08 ns","676,694.92 ns","731,210.30 ns","1,532.92","12,992.300 ns",90.00,2.316,2.538,-0.1162,23,*,No,20.5078,956 B,15.6250,10.7422,"194,057 B"
AddRange,Job-TRKAEU,False,True,Default,Default,Default,Default,Default,1111,Empty,RyuJit,X64,8c5e7fda-e8bf-4a96-9a85-a6e23a8c635c,.NET 6.0,False,True,False,True,Default,Default,False,False,True,Default,Default,Default,Default,Default,Default,Default,1,Default,Default,Default,Default,Default,Default,Default,Default,Default,16,Default,DotNetTips.Spargine.Extensions.BenchmarkTests,Collections,250,"1,582,075.55 ns","32,648.607 ns","96,265.155 ns","9,626.515 ns","1,367,252.15 ns","1,523,072.17 ns","1,579,109.47 ns","1,649,982.42 ns","1,830,005.66 ns",632.08,"32,648.607 ns",100.00,2.605,2.000,0.1821,24,*,No,29.2969,956 B,27.3438,25.3906,"480,079 B"
AddRange,Job-TRKAEU,False,True,Default,Default,Default,Default,Default,1111,Empty,RyuJit,X64,8c5e7fda-e8bf-4a96-9a85-a6e23a8c635c,.NET 6.0,False,True,False,True,Default,Default,False,False,True,Default,Default,Default,Default,Default,Default,Default,1,Default,Default,Default,Default,Default,Default,Default,Default,Default,16,Default,DotNetTips.Spargine.Extensions.BenchmarkTests,Collections,500,"3,496,330.10 ns","67,975.193 ns","150,628.332 ns","19,610.139 ns","3,128,601.17 ns","3,413,873.63 ns","3,493,333.59 ns","3,573,314.26 ns","3,853,284.77 ns",286.01,"67,975.193 ns",59.00,3.094,2.000,0.1897,25,*,No,54.6875,956 B,46.8750,46.8750,"958,590 B"
AddRange,Job-TRKAEU,False,True,Default,Default,Default,Default,Default,1111,Empty,RyuJit,X64,8c5e7fda-e8bf-4a96-9a85-a6e23a8c635c,.NET 6.0,False,True,False,True,Default,Default,False,False,True,Default,Default,Default,Default,Default,Default,Default,1,Default,Default,Default,Default,Default,Default,Default,Default,Default,16,Default,DotNetTips.Spargine.Extensions.BenchmarkTests,Collections,1000,"7,187,738.82 ns","132,550.627 ns","194,290.990 ns","36,078.931 ns","6,921,917.19 ns","7,043,670.31 ns","7,144,089.84 ns","7,314,721.88 ns","7,581,010.16 ns",139.13,"132,550.627 ns",29.00,1.961,2.000,0.5178,26,*,No,132.8125,956 B,125.0000,109.3750,"2,398,863 B"
AddRange,Job-TRKAEU,False,True,Default,Default,Default,Default,Default,1111,Empty,RyuJit,X64,8c5e7fda-e8bf-4a96-9a85-a6e23a8c635c,.NET 6.0,False,True,False,True,Default,Default,False,False,True,Default,Default,Default,Default,Default,Default,Default,1,Default,Default,Default,Default,Default,Default,Default,Default,Default,16,Default,DotNetTips.Spargine.Extensions.BenchmarkTests,Collections,2500,"25,154,130.47 ns","140,481.269 ns","109,678.534 ns","31,661.466 ns","24,933,812.50 ns","25,093,703.91 ns","25,150,253.12 ns","25,238,449.22 ns","25,326,268.75 ns",39.75,"140,481.269 ns",12.00,2.177,2.000,-0.3310,27,*,No,125.0000,956 B,93.7500,93.7500,"5,997,167 B"
HasItems,Job-TRKAEU,False,True,Default,Default,Default,Default,Default,1111,Empty,RyuJit,X64,8c5e7fda-e8bf-4a96-9a85-a6e23a8c635c,.NET 6.0,False,True,False,True,Default,Default,False,False,True,Default,Default,Default,Default,Default,Default,Default,1,Default,Default,Default,Default,Default,Default,Default,Default,Default,16,Default,DotNetTips.Spargine.Extensions.BenchmarkTests,Collections,10,86.80 ns,1.654 ns,2.032 ns,0.433 ns,83.88 ns,85.58 ns,86.06 ns,87.97 ns,91.14 ns,"11,521,108.90",1.654 ns,22.00,2.213,2.000,0.5994,1,*,No,0.0043,276 B,-,-,40 B
HasItems,Job-TRKAEU,False,True,Default,Default,Default,Default,Default,1111,Empty,RyuJit,X64,8c5e7fda-e8bf-4a96-9a85-a6e23a8c635c,.NET 6.0,False,True,False,True,Default,Default,False,False,True,Default,Default,Default,Default,Default,Default,Default,1,Default,Default,Default,Default,Default,Default,Default,Default,Default,16,Default,DotNetTips.Spargine.Extensions.BenchmarkTests,Collections,25,176.67 ns,2.651 ns,2.480 ns,0.640 ns,172.23 ns,174.96 ns,176.62 ns,178.43 ns,180.96 ns,"5,660,351.59",2.651 ns,15.00,1.975,2.000,-0.2544,2,*,No,0.0043,276 B,-,-,40 B
HasItems,Job-TRKAEU,False,True,Default,Default,Default,Default,Default,1111,Empty,RyuJit,X64,8c5e7fda-e8bf-4a96-9a85-a6e23a8c635c,.NET 6.0,False,True,False,True,Default,Default,False,False,True,Default,Default,Default,Default,Default,Default,Default,1,Default,Default,Default,Default,Default,Default,Default,Default,Default,16,Default,DotNetTips.Spargine.Extensions.BenchmarkTests,Collections,50,321.87 ns,3.943 ns,3.496 ns,0.934 ns,317.33 ns,319.27 ns,321.32 ns,323.95 ns,329.32 ns,"3,106,880.71",3.943 ns,14.00,2.154,2.000,0.5380,4,*,No,0.0043,276 B,-,-,40 B
HasItems,Job-TRKAEU,False,True,Default,Default,Default,Default,Default,1111,Empty,RyuJit,X64,8c5e7fda-e8bf-4a96-9a85-a6e23a8c635c,.NET 6.0,False,True,False,True,Default,Default,False,False,True,Default,Default,Default,Default,Default,Default,Default,1,Default,Default,Default,Default,Default,Default,Default,Default,Default,16,Default,DotNetTips.Spargine.Extensions.BenchmarkTests,Collections,100,587.11 ns,9.713 ns,9.086 ns,2.346 ns,576.45 ns,579.49 ns,584.57 ns,593.43 ns,604.90 ns,"1,703,261.23",9.713 ns,15.00,1.760,2.000,0.4711,6,*,No,0.0038,276 B,-,-,40 B
HasItems,Job-TRKAEU,False,True,Default,Default,Default,Default,Default,1111,Empty,RyuJit,X64,8c5e7fda-e8bf-4a96-9a85-a6e23a8c635c,.NET 6.0,False,True,False,True,Default,Default,False,False,True,Default,Default,Default,Default,Default,Default,Default,1,Default,Default,Default,Default,Default,Default,Default,Default,Default,16,Default,DotNetTips.Spargine.Extensions.BenchmarkTests,Collections,250,"1,374.12 ns",11.301 ns,10.571 ns,2.729 ns,"1,362.59 ns","1,366.24 ns","1,370.22 ns","1,382.40 ns","1,395.03 ns","727,735.85",11.301 ns,15.00,1.839,2.000,0.6113,8,*,No,0.0038,276 B,-,-,40 B
HasItems,Job-TRKAEU,False,True,Default,Default,Default,Default,Default,1111,Empty,RyuJit,X64,8c5e7fda-e8bf-4a96-9a85-a6e23a8c635c,.NET 6.0,False,True,False,True,Default,Default,False,False,True,Default,Default,Default,Default,Default,Default,Default,1,Default,Default,Default,Default,Default,Default,Default,Default,Default,16,Default,DotNetTips.Spargine.Extensions.BenchmarkTests,Collections,500,"2,905.45 ns",29.764 ns,27.841 ns,7.189 ns,"2,870.63 ns","2,880.88 ns","2,901.02 ns","2,927.03 ns","2,954.18 ns","344,180.79",29.764 ns,15.00,1.559,2.000,0.2556,12,*,No,0.0038,276 B,-,-,40 B
HasItems,Job-TRKAEU,False,True,Default,Default,Default,Default,Default,1111,Empty,RyuJit,X64,8c5e7fda-e8bf-4a96-9a85-a6e23a8c635c,.NET 6.0,False,True,False,True,Default,Default,False,False,True,Default,Default,Default,Default,Default,Default,Default,1,Default,Default,Default,Default,Default,Default,Default,Default,Default,16,Default,DotNetTips.Spargine.Extensions.BenchmarkTests,Collections,1000,"6,008.72 ns",68.694 ns,64.256 ns,16.591 ns,"5,903.93 ns","5,957.77 ns","5,995.83 ns","6,079.77 ns","6,092.03 ns","166,424.81",68.694 ns,15.00,1.378,2.000,0.0715,14,*,No,-,276 B,-,-,40 B
HasItems,Job-TRKAEU,False,True,Default,Default,Default,Default,Default,1111,Empty,RyuJit,X64,8c5e7fda-e8bf-4a96-9a85-a6e23a8c635c,.NET 6.0,False,True,False,True,Default,Default,False,False,True,Default,Default,Default,Default,Default,Default,Default,1,Default,Default,Default,Default,Default,Default,Default,Default,Default,16,Default,DotNetTips.Spargine.Extensions.BenchmarkTests,Collections,2500,"15,082.15 ns",194.362 ns,172.297 ns,46.048 ns,"14,835.46 ns","14,949.48 ns","15,124.65 ns","15,177.14 ns","15,338.73 ns","66,303.53",194.362 ns,14.00,1.534,2.000,-0.0102,16,*,No,-,276 B,-,-,40 B
