Method,Job,AnalyzeLaunchVariance,EvaluateOverhead,MaxAbsoluteError,MaxRelativeError,MinInvokeCount,MinIterationTime,OutlierMode,Affinity,EnvironmentVariables,Jit,Platform,PowerPlanMode,Runtime,AllowVeryLargeObjects,Concurrent,CpuGroups,Force,HeapAffinitizeMask,HeapCount,NoAffinitize,RetainVm,Server,Arguments,BuildConfiguration,Clock,EngineFactory,NuGetReferences,Toolchain,IsMutator,InvocationCount,IterationCount,IterationTime,LaunchCount,MaxIterationCount,MaxWarmupIterationCount,MemoryRandomization,MinIterationCount,MinWarmupIterationCount,RunStrategy,UnrollFactor,WarmupCount,Namespace,Categories,Mean,Error,StdDev,StdErr,Median,Min,Q1,Q3,Max,Op/s,CI99.9% Margin,Iterations,Kurtosis,MValue,Skewness,Rank,LogicalGroup,Baseline,Code Size,Gen 0,Allocated
GenerateByteArray,Job-MXIROH,False,True,Default,Default,Default,Default,Default,1111,Empty,RyuJit,X64,8c5e7fda-e8bf-4a96-9a85-a6e23a8c635c,.NET 6.0,False,True,False,True,Default,Default,False,False,True,Default,Default,Default,Default,Default,Default,Default,1,Default,Default,Default,Default,Default,Default,Default,Default,Default,16,Default,DotNetTips.Spargine.Tester.BenchmarkTests,**NEW**,"1,062.4 ns",20.76 ns,22.21 ns,5.24 ns,"1,056.5 ns","1,029.9 ns","1,047.0 ns","1,074.8 ns","1,113.7 ns","941,241.9",20.758 ns,18.00,2.351,2.000,0.4996,6,*,No,499 B,0.2441,"2,192 B"
GenerateCharacter,Job-MXIROH,False,True,Default,Default,Default,Default,Default,1111,Empty,RyuJit,X64,8c5e7fda-e8bf-4a96-9a85-a6e23a8c635c,.NET 6.0,False,True,False,True,Default,Default,False,False,True,Default,Default,Default,Default,Default,Default,Default,1,Default,Default,Default,Default,Default,Default,Default,Default,Default,16,Default,DotNetTips.Spargine.Tester.BenchmarkTests,**NEW**,106.8 ns,1.93 ns,1.80 ns,0.47 ns,106.4 ns,104.7 ns,105.3 ns,108.0 ns,110.1 ns,"9,366,212.5",1.925 ns,15.00,1.674,2.000,0.4804,1,*,No,233 B,-,0 B
GenerateCoordinate,Job-MXIROH,False,True,Default,Default,Default,Default,Default,1111,Empty,RyuJit,X64,8c5e7fda-e8bf-4a96-9a85-a6e23a8c635c,.NET 6.0,False,True,False,True,Default,Default,False,False,True,Default,Default,Default,Default,Default,Default,Default,1,Default,Default,Default,Default,Default,Default,Default,Default,Default,16,Default,DotNetTips.Spargine.Tester.BenchmarkTests,**NEW**,198.1 ns,2.76 ns,2.58 ns,0.67 ns,196.8 ns,195.2 ns,196.2 ns,201.0 ns,202.2 ns,"5,047,581.2",2.760 ns,15.00,1.375,2.000,0.4432,4,*,No,101 B,-,0 B
GenerateDecimal,Job-MXIROH,False,True,Default,Default,Default,Default,Default,1111,Empty,RyuJit,X64,8c5e7fda-e8bf-4a96-9a85-a6e23a8c635c,.NET 6.0,False,True,False,True,Default,Default,False,False,True,Default,Default,Default,Default,Default,Default,Default,1,Default,Default,Default,Default,Default,Default,Default,Default,Default,16,Default,DotNetTips.Spargine.Tester.BenchmarkTests,**NEW**,200.7 ns,2.29 ns,2.15 ns,0.55 ns,199.8 ns,198.4 ns,199.2 ns,201.9 ns,205.3 ns,"4,982,097.5",2.294 ns,15.00,2.284,2.000,0.8437,4,*,No,622 B,-,0 B
GenerateDomainExtension,Job-MXIROH,False,True,Default,Default,Default,Default,Default,1111,Empty,RyuJit,X64,8c5e7fda-e8bf-4a96-9a85-a6e23a8c635c,.NET 6.0,False,True,False,True,Default,Default,False,False,True,Default,Default,Default,Default,Default,Default,Default,1,Default,Default,Default,Default,Default,Default,Default,Default,Default,16,Default,DotNetTips.Spargine.Tester.BenchmarkTests,**NEW**,153.7 ns,2.87 ns,2.68 ns,0.69 ns,153.9 ns,150.6 ns,151.1 ns,155.2 ns,158.9 ns,"6,507,235.5",2.870 ns,15.00,1.752,2.000,0.3677,3,*,No,271 B,-,0 B
GenerateEmailAddress,Job-MXIROH,False,True,Default,Default,Default,Default,Default,1111,Empty,RyuJit,X64,8c5e7fda-e8bf-4a96-9a85-a6e23a8c635c,.NET 6.0,False,True,False,True,Default,Default,False,False,True,Default,Default,Default,Default,Default,Default,Default,1,Default,Default,Default,Default,Default,Default,Default,Default,Default,16,Default,DotNetTips.Spargine.Tester.BenchmarkTests,**NEW**,"4,148.8 ns",39.69 ns,37.13 ns,9.59 ns,"4,138.7 ns","4,091.7 ns","4,128.1 ns","4,170.2 ns","4,225.8 ns","241,031.8",39.693 ns,15.00,2.235,2.000,0.5789,12,*,No,202 B,0.0381,412 B
GenerateFile,Job-MXIROH,False,True,Default,Default,Default,Default,Default,1111,Empty,RyuJit,X64,8c5e7fda-e8bf-4a96-9a85-a6e23a8c635c,.NET 6.0,False,True,False,True,Default,Default,False,False,True,Default,Default,Default,Default,Default,Default,Default,1,Default,Default,Default,Default,Default,Default,Default,Default,Default,16,Default,DotNetTips.Spargine.Tester.BenchmarkTests,**NEW**,"686,946.6 ns","13,673.70 ns","12,790.38 ns","3,302.46 ns","687,451.2 ns","659,068.4 ns","681,990.5 ns","695,058.3 ns","705,329.2 ns","1,455.7","13,673.696 ns",15.00,2.687,2.000,-0.6716,19,*,No,910 B,0.9766,"16,137 B"
GenerateFiles,Job-MXIROH,False,True,Default,Default,Default,Default,Default,1111,Empty,RyuJit,X64,8c5e7fda-e8bf-4a96-9a85-a6e23a8c635c,.NET 6.0,False,True,False,True,Default,Default,False,False,True,Default,Default,Default,Default,Default,Default,Default,1,Default,Default,Default,Default,Default,Default,Default,Default,Default,16,Default,DotNetTips.Spargine.Tester.BenchmarkTests,**NEW**,"1,445,379.5 ns","40,999.35 ns","119,597.03 ns","12,081.12 ns","1,387,549.5 ns","1,304,187.9 ns","1,355,532.9 ns","1,522,202.8 ns","1,782,707.4 ns",691.9,"40,999.349 ns",98.00,2.796,2.167,1.0077,20,*,No,497 B,1.9531,"32,993 B"
GenerateInteger,Job-MXIROH,False,True,Default,Default,Default,Default,Default,1111,Empty,RyuJit,X64,8c5e7fda-e8bf-4a96-9a85-a6e23a8c635c,.NET 6.0,False,True,False,True,Default,Default,False,False,True,Default,Default,Default,Default,Default,Default,Default,1,Default,Default,Default,Default,Default,Default,Default,Default,Default,16,Default,DotNetTips.Spargine.Tester.BenchmarkTests,**NEW**,109.1 ns,2.13 ns,2.00 ns,0.52 ns,109.2 ns,105.5 ns,107.6 ns,110.9 ns,111.9 ns,"9,165,648.4",2.135 ns,15.00,1.694,2.000,-0.2670,2,*,No,219 B,-,0 B
GenerateKey,Job-MXIROH,False,True,Default,Default,Default,Default,Default,1111,Empty,RyuJit,X64,8c5e7fda-e8bf-4a96-9a85-a6e23a8c635c,.NET 6.0,False,True,False,True,Default,Default,False,False,True,Default,Default,Default,Default,Default,Default,Default,1,Default,Default,Default,Default,Default,Default,Default,Default,Default,16,Default,DotNetTips.Spargine.Tester.BenchmarkTests,**NEW**,231.7 ns,5.61 ns,16.55 ns,1.66 ns,232.2 ns,200.8 ns,217.6 ns,246.8 ns,260.8 ns,"4,315,650.3",5.615 ns,100.00,1.711,4.348,-0.0751,5,*,No,106 B,0.0095,88 B
GenerateNumber,Job-MXIROH,False,True,Default,Default,Default,Default,Default,1111,Empty,RyuJit,X64,8c5e7fda-e8bf-4a96-9a85-a6e23a8c635c,.NET 6.0,False,True,False,True,Default,Default,False,False,True,Default,Default,Default,Default,Default,Default,Default,1,Default,Default,Default,Default,Default,Default,Default,Default,Default,16,Default,DotNetTips.Spargine.Tester.BenchmarkTests,**NEW**,"1,822.7 ns",47.40 ns,139.76 ns,13.98 ns,"1,815.2 ns","1,600.2 ns","1,702.2 ns","1,941.1 ns","2,160.6 ns","548,626.0",47.401 ns,100.00,2.101,3.833,0.3230,9,*,No,383 B,0.0191,176 B
GeneratePhoneNumberUSA,Job-MXIROH,False,True,Default,Default,Default,Default,Default,1111,Empty,RyuJit,X64,8c5e7fda-e8bf-4a96-9a85-a6e23a8c635c,.NET 6.0,False,True,False,True,Default,Default,False,False,True,Default,Default,Default,Default,Default,Default,Default,1,Default,Default,Default,Default,Default,Default,Default,Default,Default,16,Default,DotNetTips.Spargine.Tester.BenchmarkTests,**NEW**,"2,076.2 ns",26.21 ns,24.52 ns,6.33 ns,"2,075.8 ns","2,039.3 ns","2,054.9 ns","2,093.7 ns","2,115.8 ns","481,637.7",26.213 ns,15.00,1.614,2.000,0.0426,10,*,No,670 B,0.0515,480 B
GenerateRandomFileName,Job-MXIROH,False,True,Default,Default,Default,Default,Default,1111,Empty,RyuJit,X64,8c5e7fda-e8bf-4a96-9a85-a6e23a8c635c,.NET 6.0,False,True,False,True,Default,Default,False,False,True,Default,Default,Default,Default,Default,Default,Default,1,Default,Default,Default,Default,Default,Default,Default,Default,Default,16,Default,DotNetTips.Spargine.Tester.BenchmarkTests,**NEW**,"1,594.5 ns",31.22 ns,38.34 ns,8.17 ns,"1,617.9 ns","1,533.0 ns","1,556.0 ns","1,624.8 ns","1,647.0 ns","627,174.1",31.220 ns,22.00,1.348,3.000,-0.2839,8,*,No,611 B,0.0420,392 B
GenerateRefPerson,Job-MXIROH,False,True,Default,Default,Default,Default,Default,1111,Empty,RyuJit,X64,8c5e7fda-e8bf-4a96-9a85-a6e23a8c635c,.NET 6.0,False,True,False,True,Default,Default,False,False,True,Default,Default,Default,Default,Default,Default,Default,1,Default,Default,Default,Default,Default,Default,Default,Default,Default,16,Default,DotNetTips.Spargine.Tester.BenchmarkTests,**NEW**,"28,906.1 ns",295.31 ns,261.78 ns,69.96 ns,"28,873.0 ns","28,404.2 ns","28,806.6 ns","29,073.0 ns","29,425.3 ns","34,594.8",295.309 ns,14.00,2.476,2.000,0.0096,17,*,No,932 B,0.3052,"2,988 B"
GenerateRelativeUrl,Job-MXIROH,False,True,Default,Default,Default,Default,Default,1111,Empty,RyuJit,X64,8c5e7fda-e8bf-4a96-9a85-a6e23a8c635c,.NET 6.0,False,True,False,True,Default,Default,False,False,True,Default,Default,Default,Default,Default,Default,Default,1,Default,Default,Default,Default,Default,Default,Default,Default,Default,16,Default,DotNetTips.Spargine.Tester.BenchmarkTests,**NEW**,"7,780.1 ns",82.37 ns,73.01 ns,19.51 ns,"7,791.2 ns","7,607.6 ns","7,735.2 ns","7,822.1 ns","7,873.7 ns","128,533.5",82.366 ns,14.00,2.806,2.000,-0.7966,14,*,No,241 B,0.1221,"1,164 B"
GenerateTempFile,Job-MXIROH,False,True,Default,Default,Default,Default,Default,1111,Empty,RyuJit,X64,8c5e7fda-e8bf-4a96-9a85-a6e23a8c635c,.NET 6.0,False,True,False,True,Default,Default,False,False,True,Default,Default,Default,Default,Default,Default,Default,1,Default,Default,Default,Default,Default,Default,Default,Default,Default,16,Default,DotNetTips.Spargine.Tester.BenchmarkTests,**NEW**,"612,190.9 ns","14,462.75 ns","40,076.22 ns","4,248.07 ns","604,960.9 ns","539,548.7 ns","585,332.2 ns","640,156.3 ns","740,182.9 ns","1,633.5","14,462.752 ns",89.00,3.841,2.261,0.8456,18,*,No,182 B,0.9766,"14,336 B"
GenerateUrl,Job-MXIROH,False,True,Default,Default,Default,Default,Default,1111,Empty,RyuJit,X64,8c5e7fda-e8bf-4a96-9a85-a6e23a8c635c,.NET 6.0,False,True,False,True,Default,Default,False,False,True,Default,Default,Default,Default,Default,Default,Default,1,Default,Default,Default,Default,Default,Default,Default,Default,Default,16,Default,DotNetTips.Spargine.Tester.BenchmarkTests,**NEW**,"11,952.6 ns",239.01 ns,357.74 ns,65.31 ns,"11,989.1 ns","11,062.2 ns","11,726.2 ns","12,157.9 ns","12,632.9 ns","83,664.0",239.013 ns,30.00,2.704,2.000,-0.3078,16,*,No,604 B,0.2136,"1,951 B"
GenerateUrlHostName,Job-MXIROH,False,True,Default,Default,Default,Default,Default,1111,Empty,RyuJit,X64,8c5e7fda-e8bf-4a96-9a85-a6e23a8c635c,.NET 6.0,False,True,False,True,Default,Default,False,False,True,Default,Default,Default,Default,Default,Default,Default,1,Default,Default,Default,Default,Default,Default,Default,Default,Default,16,Default,DotNetTips.Spargine.Tester.BenchmarkTests,**NEW**,"4,405.5 ns",88.06 ns,256.87 ns,25.95 ns,"4,375.3 ns","3,914.9 ns","4,197.3 ns","4,617.2 ns","5,071.4 ns","226,988.7",88.059 ns,98.00,2.034,3.909,0.1052,13,*,No,77 B,0.0610,579 B
GenerateUrlHostNameNoProtocol,Job-MXIROH,False,True,Default,Default,Default,Default,Default,1111,Empty,RyuJit,X64,8c5e7fda-e8bf-4a96-9a85-a6e23a8c635c,.NET 6.0,False,True,False,True,Default,Default,False,False,True,Default,Default,Default,Default,Default,Default,Default,1,Default,Default,Default,Default,Default,Default,Default,Default,Default,16,Default,DotNetTips.Spargine.Tester.BenchmarkTests,**NEW**,"4,460.7 ns",89.04 ns,256.90 ns,26.22 ns,"4,443.3 ns","3,993.5 ns","4,293.6 ns","4,665.4 ns","5,127.5 ns","224,178.7",89.040 ns,96.00,2.260,2.769,0.1697,13,*,No,130 B,0.0458,465 B
GenerateUrlHostNameNoSubDomain,Job-MXIROH,False,True,Default,Default,Default,Default,Default,1111,Empty,RyuJit,X64,8c5e7fda-e8bf-4a96-9a85-a6e23a8c635c,.NET 6.0,False,True,False,True,Default,Default,False,False,True,Default,Default,Default,Default,Default,Default,Default,1,Default,Default,Default,Default,Default,Default,Default,Default,Default,16,Default,DotNetTips.Spargine.Tester.BenchmarkTests,**NEW**,"2,380.5 ns",47.61 ns,109.39 ns,13.78 ns,"2,387.9 ns","2,163.5 ns","2,306.0 ns","2,462.0 ns","2,605.4 ns","420,072.2",47.607 ns,63.00,2.117,2.000,0.0019,11,*,No,144 B,0.0229,217 B
GenerateUrlPart,Job-MXIROH,False,True,Default,Default,Default,Default,Default,1111,Empty,RyuJit,X64,8c5e7fda-e8bf-4a96-9a85-a6e23a8c635c,.NET 6.0,False,True,False,True,Default,Default,False,False,True,Default,Default,Default,Default,Default,Default,Default,1,Default,Default,Default,Default,Default,Default,Default,Default,Default,16,Default,DotNetTips.Spargine.Tester.BenchmarkTests,**NEW**,"2,026.5 ns",40.67 ns,119.92 ns,11.99 ns,"2,040.9 ns","1,774.4 ns","1,951.3 ns","2,109.9 ns","2,332.2 ns","493,463.6",40.672 ns,100.00,2.591,2.000,0.0654,10,*,No,99 B,0.0191,202 B
GenerateValPerson,Job-MXIROH,False,True,Default,Default,Default,Default,Default,1111,Empty,RyuJit,X64,8c5e7fda-e8bf-4a96-9a85-a6e23a8c635c,.NET 6.0,False,True,False,True,Default,Default,False,False,True,Default,Default,Default,Default,Default,Default,Default,1,Default,Default,Default,Default,Default,Default,Default,Default,Default,16,Default,DotNetTips.Spargine.Tester.BenchmarkTests,**NEW**,"30,020.0 ns",664.49 ns,"1,959.27 ns",195.93 ns,"30,055.5 ns","26,162.6 ns","28,492.9 ns","31,586.3 ns","34,612.4 ns","33,311.1",664.491 ns,100.00,1.991,3.350,0.0861,17,*,No,978 B,0.3052,"2,860 B"
GenerateWord,Job-MXIROH,False,True,Default,Default,Default,Default,Default,1111,Empty,RyuJit,X64,8c5e7fda-e8bf-4a96-9a85-a6e23a8c635c,.NET 6.0,False,True,False,True,Default,Default,False,False,True,Default,Default,Default,Default,Default,Default,Default,1,Default,Default,Default,Default,Default,Default,Default,Default,Default,16,Default,DotNetTips.Spargine.Tester.BenchmarkTests,**NEW**,"1,201.3 ns",7.12 ns,8.74 ns,1.86 ns,"1,199.5 ns","1,192.9 ns","1,194.7 ns","1,205.1 ns","1,230.0 ns","832,461.0",7.120 ns,22.00,5.648,2.000,1.5547,7,*,No,135 B,0.0153,144 B
GenerateWords,Job-MXIROH,False,True,Default,Default,Default,Default,Default,1111,Empty,RyuJit,X64,8c5e7fda-e8bf-4a96-9a85-a6e23a8c635c,.NET 6.0,False,True,False,True,Default,Default,False,False,True,Default,Default,Default,Default,Default,Default,Default,1,Default,Default,Default,Default,Default,Default,Default,Default,Default,16,Default,DotNetTips.Spargine.Tester.BenchmarkTests,**NEW**,"10,522.8 ns",101.93 ns,95.35 ns,24.62 ns,"10,542.5 ns","10,379.3 ns","10,449.4 ns","10,573.8 ns","10,740.0 ns","95,031.4",101.930 ns,15.00,2.649,2.000,0.3601,15,*,No,462 B,0.1984,"1,944 B"
