Method,Job,AnalyzeLaunchVariance,EvaluateOverhead,MaxAbsoluteError,MaxRelativeError,MinInvokeCount,MinIterationTime,OutlierMode,Affinity,EnvironmentVariables,Jit,Platform,PowerPlanMode,Runtime,AllowVeryLargeObjects,Concurrent,CpuGroups,Force,HeapAffinitizeMask,HeapCount,NoAffinitize,RetainVm,Server,Arguments,BuildConfiguration,Clock,EngineFactory,NuGetReferences,Toolchain,IsMutator,InvocationCount,IterationCount,IterationTime,LaunchCount,MaxIterationCount,MaxWarmupIterationCount,MemoryRandomization,MinIterationCount,MinWarmupIterationCount,RunStrategy,UnrollFactor,WarmupCount,Namespace,Categories,Mean,Error,StdDev,StdErr,Min,Q1,Median,Q3,Max,Op/s,CI99.9% Margin,Iterations,Kurtosis,MValue,Skewness,Rank,LogicalGroup,Baseline,Code Size,Allocated
EasyLogger.LogCritical,Job-YKIQEX,False,True,Default,Default,Default,Default,Default,1111,Empty,RyuJit,X64,8c5e7fda-e8bf-4a96-9a85-a6e23a8c635c,.NET 6.0,False,True,False,True,Default,Default,False,False,True,Default,Default,Default,Default,Default,Default,Default,1,Default,Default,Default,Default,Default,Default,Default,Default,Default,16,Default,DotNetTips.Spargine.Core.BenchmarkTests.Logging,LOGGING,6.564 ns,0.1720 ns,0.4766 ns,0.0505 ns,5.146 ns,6.325 ns,6.501 ns,6.803 ns,7.830 ns,"152,350,937.5",0.1720 ns,89.00,4.032,3.120,-0.0361,2,*,No,124 B,0 B
EasyLogger.LogDebug,Job-YKIQEX,False,True,Default,Default,Default,Default,Default,1111,Empty,RyuJit,X64,8c5e7fda-e8bf-4a96-9a85-a6e23a8c635c,.NET 6.0,False,True,False,True,Default,Default,False,False,True,Default,Default,Default,Default,Default,Default,Default,1,Default,Default,Default,Default,Default,Default,Default,Default,Default,16,Default,DotNetTips.Spargine.Core.BenchmarkTests.Logging,LOGGING,6.540 ns,0.1694 ns,0.3382 ns,0.0483 ns,5.733 ns,6.346 ns,6.570 ns,6.727 ns,7.317 ns,"152,896,710.3",0.1694 ns,49.00,2.926,2.000,-0.0027,2,*,No,114 B,0 B
EasyLogger.LogError,Job-YKIQEX,False,True,Default,Default,Default,Default,Default,1111,Empty,RyuJit,X64,8c5e7fda-e8bf-4a96-9a85-a6e23a8c635c,.NET 6.0,False,True,False,True,Default,Default,False,False,True,Default,Default,Default,Default,Default,Default,Default,1,Default,Default,Default,Default,Default,Default,Default,Default,Default,16,Default,DotNetTips.Spargine.Core.BenchmarkTests.Logging,LOGGING,6.479 ns,0.1643 ns,0.2745 ns,0.0458 ns,5.932 ns,6.296 ns,6.463 ns,6.628 ns,7.137 ns,"154,334,253.0",0.1643 ns,36.00,2.657,2.000,0.2020,2,*,No,124 B,0 B
EasyLogger.LogInformation,Job-YKIQEX,False,True,Default,Default,Default,Default,Default,1111,Empty,RyuJit,X64,8c5e7fda-e8bf-4a96-9a85-a6e23a8c635c,.NET 6.0,False,True,False,True,Default,Default,False,False,True,Default,Default,Default,Default,Default,Default,Default,1,Default,Default,Default,Default,Default,Default,Default,Default,Default,16,Default,DotNetTips.Spargine.Core.BenchmarkTests.Logging,LOGGING,6.502 ns,0.1651 ns,0.2759 ns,0.0460 ns,6.065 ns,6.267 ns,6.508 ns,6.708 ns,7.039 ns,"153,810,118.1",0.1651 ns,36.00,1.933,2.167,0.1099,2,*,No,114 B,0 B
EasyLogger.LogTrace,Job-YKIQEX,False,True,Default,Default,Default,Default,Default,1111,Empty,RyuJit,X64,8c5e7fda-e8bf-4a96-9a85-a6e23a8c635c,.NET 6.0,False,True,False,True,Default,Default,False,False,True,Default,Default,Default,Default,Default,Default,Default,1,Default,Default,Default,Default,Default,Default,Default,Default,Default,16,Default,DotNetTips.Spargine.Core.BenchmarkTests.Logging,LOGGING,5.817 ns,0.1506 ns,0.2345 ns,0.0414 ns,5.421 ns,5.682 ns,5.795 ns,5.921 ns,6.363 ns,"171,895,508.9",0.1506 ns,32.00,2.829,2.000,0.5606,1,*,No,111 B,0 B
EasyLogger.Warning,Job-YKIQEX,False,True,Default,Default,Default,Default,Default,1111,Empty,RyuJit,X64,8c5e7fda-e8bf-4a96-9a85-a6e23a8c635c,.NET 6.0,False,True,False,True,Default,Default,False,False,True,Default,Default,Default,Default,Default,Default,Default,1,Default,Default,Default,Default,Default,Default,Default,Default,Default,16,Default,DotNetTips.Spargine.Core.BenchmarkTests.Logging,LOGGING,6.402 ns,0.1635 ns,0.3341 ns,0.0468 ns,5.778 ns,6.176 ns,6.338 ns,6.593 ns,7.291 ns,"156,194,293.9",0.1635 ns,51.00,2.856,3.059,0.4391,2,*,No,114 B,0 B
ILogger.LogCritical,Job-YKIQEX,False,True,Default,Default,Default,Default,Default,1111,Empty,RyuJit,X64,8c5e7fda-e8bf-4a96-9a85-a6e23a8c635c,.NET 6.0,False,True,False,True,Default,Default,False,False,True,Default,Default,Default,Default,Default,Default,Default,1,Default,Default,Default,Default,Default,Default,Default,Default,Default,16,Default,DotNetTips.Spargine.Core.BenchmarkTests.Logging,LOGGING,36.800 ns,0.7507 ns,1.3537 ns,0.2114 ns,33.322 ns,35.979 ns,36.726 ns,37.660 ns,39.955 ns,"27,173,568.1",0.7507 ns,41.00,3.156,2.000,-0.1365,4,*,No,351 B,0 B
ILogger.LogDebug,Job-YKIQEX,False,True,Default,Default,Default,Default,Default,1111,Empty,RyuJit,X64,8c5e7fda-e8bf-4a96-9a85-a6e23a8c635c,.NET 6.0,False,True,False,True,Default,Default,False,False,True,Default,Default,Default,Default,Default,Default,Default,1,Default,Default,Default,Default,Default,Default,Default,Default,Default,16,Default,DotNetTips.Spargine.Core.BenchmarkTests.Logging,LOGGING,34.597 ns,0.7311 ns,1.0943 ns,0.1998 ns,32.685 ns,33.918 ns,34.799 ns,35.188 ns,37.059 ns,"28,904,123.3",0.7311 ns,30.00,2.526,2.000,0.0692,3,*,No,351 B,0 B
ILogger.LogError,Job-YKIQEX,False,True,Default,Default,Default,Default,Default,1111,Empty,RyuJit,X64,8c5e7fda-e8bf-4a96-9a85-a6e23a8c635c,.NET 6.0,False,True,False,True,Default,Default,False,False,True,Default,Default,Default,Default,Default,Default,Default,1,Default,Default,Default,Default,Default,Default,Default,Default,Default,16,Default,DotNetTips.Spargine.Core.BenchmarkTests.Logging,LOGGING,36.212 ns,0.7566 ns,1.5283 ns,0.2161 ns,33.706 ns,34.881 ns,36.332 ns,37.404 ns,39.656 ns,"27,615,144.6",0.7566 ns,50.00,2.063,3.200,0.2007,4,*,No,351 B,0 B
ILogger.LogInformation,Job-YKIQEX,False,True,Default,Default,Default,Default,Default,1111,Empty,RyuJit,X64,8c5e7fda-e8bf-4a96-9a85-a6e23a8c635c,.NET 6.0,False,True,False,True,Default,Default,False,False,True,Default,Default,Default,Default,Default,Default,Default,1,Default,Default,Default,Default,Default,Default,Default,Default,Default,16,Default,DotNetTips.Spargine.Core.BenchmarkTests.Logging,LOGGING,34.996 ns,0.7378 ns,1.5563 ns,0.2118 ns,32.381 ns,33.799 ns,34.828 ns,35.813 ns,39.166 ns,"28,574,907.7",0.7378 ns,54.00,3.017,2.000,0.6964,3,*,No,351 B,0 B
ILogger.LogTrace,Job-YKIQEX,False,True,Default,Default,Default,Default,Default,1111,Empty,RyuJit,X64,8c5e7fda-e8bf-4a96-9a85-a6e23a8c635c,.NET 6.0,False,True,False,True,Default,Default,False,False,True,Default,Default,Default,Default,Default,Default,Default,1,Default,Default,Default,Default,Default,Default,Default,Default,Default,16,Default,DotNetTips.Spargine.Core.BenchmarkTests.Logging,LOGGING,36.188 ns,0.7100 ns,1.3679 ns,0.2017 ns,32.512 ns,35.194 ns,36.398 ns,37.100 ns,39.928 ns,"27,633,262.4",0.7100 ns,46.00,3.301,2.125,0.0633,4,*,No,348 B,0 B
ILogger.LogWarning,Job-YKIQEX,False,True,Default,Default,Default,Default,Default,1111,Empty,RyuJit,X64,8c5e7fda-e8bf-4a96-9a85-a6e23a8c635c,.NET 6.0,False,True,False,True,Default,Default,False,False,True,Default,Default,Default,Default,Default,Default,Default,1,Default,Default,Default,Default,Default,Default,Default,Default,Default,16,Default,DotNetTips.Spargine.Core.BenchmarkTests.Logging,LOGGING,34.764 ns,0.6482 ns,1.1353 ns,0.1818 ns,32.613 ns,33.942 ns,34.788 ns,35.133 ns,38.331 ns,"28,764,994.9",0.6482 ns,39.00,4.082,2.000,0.8809,3,*,No,351 B,0 B
