Method,Job,AnalyzeLaunchVariance,EvaluateOverhead,MaxAbsoluteError,MaxRelativeError,MinInvokeCount,MinIterationTime,OutlierMode,Affinity,EnvironmentVariables,Jit,Platform,PowerPlanMode,Runtime,AllowVeryLargeObjects,Concurrent,CpuGroups,Force,HeapAffinitizeMask,HeapCount,NoAffinitize,RetainVm,Server,Arguments,BuildConfiguration,Clock,EngineFactory,NuGetReferences,Toolchain,IsMutator,InvocationCount,IterationCount,IterationTime,LaunchCount,MaxIterationCount,MaxWarmupIterationCount,MemoryRandomization,MinIterationCount,MinWarmupIterationCount,RunStrategy,UnrollFactor,WarmupCount,Namespace,Categories,Count,Mean,Error,StdDev,StdErr,Median,Min,Q1,Q3,Max,Op/s,CI99.9% Margin,Iterations,Kurtosis,MValue,Skewness,Rank,LogicalGroup,Baseline,Gen 0,Code Size,Gen 1,Gen 2,Allocated
'Collection.Create: Count',Job-YKIQEX,False,True,Default,Default,Default,Default,Default,1111,Empty,RyuJit,X64,8c5e7fda-e8bf-4a96-9a85-a6e23a8c635c,.NET 6.0,False,True,False,True,Default,Default,False,False,True,Default,Default,Default,Default,Default,Default,Default,1,Default,Default,Default,Default,Default,Default,Default,Default,Default,16,Default,DotNetTips.Spargine.Core.BenchmarkTests.Collections,Collections,10,23.12 ns,0.454 ns,0.795 ns,0.127 ns,22.93 ns,22.01 ns,22.62 ns,23.44 ns,25.10 ns,"43,245,665.42",0.4540 ns,39.00,3.142,2.000,1.0130,1,*,No,0.0152,431 B,-,-,136 B
'Collection.Create: Count',Job-YKIQEX,False,True,Default,Default,Default,Default,Default,1111,Empty,RyuJit,X64,8c5e7fda-e8bf-4a96-9a85-a6e23a8c635c,.NET 6.0,False,True,False,True,Default,Default,False,False,True,Default,Default,Default,Default,Default,Default,Default,1,Default,Default,Default,Default,Default,Default,Default,Default,Default,16,Default,DotNetTips.Spargine.Core.BenchmarkTests.Collections,Collections,25,30.13 ns,0.587 ns,1.073 ns,0.166 ns,29.73 ns,29.07 ns,29.45 ns,30.52 ns,34.24 ns,"33,192,095.08",0.5867 ns,42.00,8.519,2.000,2.2363,2,*,No,0.0288,431 B,-,-,256 B
'Collection.Create: Count',Job-YKIQEX,False,True,Default,Default,Default,Default,Default,1111,Empty,RyuJit,X64,8c5e7fda-e8bf-4a96-9a85-a6e23a8c635c,.NET 6.0,False,True,False,True,Default,Default,False,False,True,Default,Default,Default,Default,Default,Default,Default,1,Default,Default,Default,Default,Default,Default,Default,Default,Default,16,Default,DotNetTips.Spargine.Core.BenchmarkTests.Collections,Collections,50,46.47 ns,0.963 ns,2.586 ns,0.282 ns,45.84 ns,43.60 ns,44.24 ns,48.03 ns,53.41 ns,"21,519,239.04",0.9628 ns,84.00,3.040,2.611,0.9533,3,*,No,0.0509,431 B,-,-,456 B
'Collection.Create: Count',Job-YKIQEX,False,True,Default,Default,Default,Default,Default,1111,Empty,RyuJit,X64,8c5e7fda-e8bf-4a96-9a85-a6e23a8c635c,.NET 6.0,False,True,False,True,Default,Default,False,False,True,Default,Default,Default,Default,Default,Default,Default,1,Default,Default,Default,Default,Default,Default,Default,Default,Default,16,Default,DotNetTips.Spargine.Core.BenchmarkTests.Collections,Collections,100,72.81 ns,1.448 ns,1.883 ns,0.384 ns,72.17 ns,70.99 ns,71.44 ns,73.85 ns,76.83 ns,"13,734,151.59",1.4482 ns,24.00,2.664,2.000,1.0420,4,*,No,0.0956,431 B,-,-,856 B
'Collection.Create: Count',Job-YKIQEX,False,True,Default,Default,Default,Default,Default,1111,Empty,RyuJit,X64,8c5e7fda-e8bf-4a96-9a85-a6e23a8c635c,.NET 6.0,False,True,False,True,Default,Default,False,False,True,Default,Default,Default,Default,Default,Default,Default,1,Default,Default,Default,Default,Default,Default,Default,Default,Default,16,Default,DotNetTips.Spargine.Core.BenchmarkTests.Collections,Collections,250,166.12 ns,4.448 ns,12.904 ns,1.310 ns,162.25 ns,150.83 ns,155.35 ns,171.59 ns,204.48 ns,"6,019,732.51",4.4479 ns,97.00,3.177,2.545,1.0020,5,*,No,0.2294,431 B,-,-,"2,056 B"
'Collection.Create: Count',Job-YKIQEX,False,True,Default,Default,Default,Default,Default,1111,Empty,RyuJit,X64,8c5e7fda-e8bf-4a96-9a85-a6e23a8c635c,.NET 6.0,False,True,False,True,Default,Default,False,False,True,Default,Default,Default,Default,Default,Default,Default,1,Default,Default,Default,Default,Default,Default,Default,Default,Default,16,Default,DotNetTips.Spargine.Core.BenchmarkTests.Collections,Collections,500,302.09 ns,6.016 ns,8.031 ns,1.606 ns,301.51 ns,288.77 ns,296.80 ns,310.30 ns,315.70 ns,"3,310,269.14",6.0156 ns,25.00,1.684,2.000,-0.1296,6,*,No,0.4492,431 B,-,-,"4,056 B"
'Collection.Create: Count',Job-YKIQEX,False,True,Default,Default,Default,Default,Default,1111,Empty,RyuJit,X64,8c5e7fda-e8bf-4a96-9a85-a6e23a8c635c,.NET 6.0,False,True,False,True,Default,Default,False,False,True,Default,Default,Default,Default,Default,Default,Default,1,Default,Default,Default,Default,Default,Default,Default,Default,Default,16,Default,DotNetTips.Spargine.Core.BenchmarkTests.Collections,Collections,1000,595.11 ns,11.572 ns,17.321 ns,3.162 ns,592.68 ns,573.08 ns,582.40 ns,605.13 ns,650.19 ns,"1,680,374.85",11.5722 ns,30.00,4.420,2.000,1.1916,7,*,No,0.8898,431 B,-,-,"8,056 B"
'Collection.Create: Count',Job-YKIQEX,False,True,Default,Default,Default,Default,Default,1111,Empty,RyuJit,X64,8c5e7fda-e8bf-4a96-9a85-a6e23a8c635c,.NET 6.0,False,True,False,True,Default,Default,False,False,True,Default,Default,Default,Default,Default,Default,Default,1,Default,Default,Default,Default,Default,Default,Default,Default,Default,16,Default,DotNetTips.Spargine.Core.BenchmarkTests.Collections,Collections,2500,"1,337.73 ns",26.464 ns,60.272 ns,7.655 ns,"1,320.14 ns","1,240.97 ns","1,299.79 ns","1,362.74 ns","1,495.98 ns","747,535.97",26.4639 ns,62.00,3.273,2.000,0.9940,8,*,No,2.1820,431 B,0.1163,-,"20,056 B"
'Collection.Create: From List-Ensure Unique',Job-YKIQEX,False,True,Default,Default,Default,Default,Default,1111,Empty,RyuJit,X64,8c5e7fda-e8bf-4a96-9a85-a6e23a8c635c,.NET 6.0,False,True,False,True,Default,Default,False,False,True,Default,Default,Default,Default,Default,Default,Default,1,Default,Default,Default,Default,Default,Default,Default,Default,Default,16,Default,DotNetTips.Spargine.Core.BenchmarkTests.Collections,Collections,10,"43,845.33 ns",862.373 ns,"1,236.790 ns",233.731 ns,"43,459.55 ns","41,973.88 ns","42,920.73 ns","44,632.32 ns","46,853.45 ns","22,807.45",862.3729 ns,28.00,2.566,2.118,0.8108,9,*,No,2.3804,"1,557 B",-,-,"20,361 B"
'Collection.Create: From List-Ensure Unique',Job-YKIQEX,False,True,Default,Default,Default,Default,Default,1111,Empty,RyuJit,X64,8c5e7fda-e8bf-4a96-9a85-a6e23a8c635c,.NET 6.0,False,True,False,True,Default,Default,False,False,True,Default,Default,Default,Default,Default,Default,Default,1,Default,Default,Default,Default,Default,Default,Default,Default,Default,16,Default,DotNetTips.Spargine.Core.BenchmarkTests.Collections,Collections,25,"115,091.98 ns","2,211.938 ns","2,271.498 ns",550.919 ns,"114,412.59 ns","111,545.50 ns","113,558.80 ns","117,145.06 ns","118,913.10 ns","8,688.70","2,211.9385 ns",17.00,1.585,2.000,0.0831,10,*,No,5.3711,"1,557 B",0.4883,-,"48,329 B"
'Collection.Create: From List-Ensure Unique',Job-YKIQEX,False,True,Default,Default,Default,Default,Default,1111,Empty,RyuJit,X64,8c5e7fda-e8bf-4a96-9a85-a6e23a8c635c,.NET 6.0,False,True,False,True,Default,Default,False,False,True,Default,Default,Default,Default,Default,Default,Default,1,Default,Default,Default,Default,Default,Default,Default,Default,Default,16,Default,DotNetTips.Spargine.Core.BenchmarkTests.Collections,Collections,50,"244,728.22 ns","4,809.600 ns","4,723.670 ns","1,180.918 ns","243,842.07 ns","239,761.21 ns","240,971.01 ns","246,959.88 ns","254,654.91 ns","4,086.17","4,809.6000 ns",16.00,2.314,2.000,0.8336,12,*,No,11.2305,"1,557 B",2.4414,-,"96,595 B"
'Collection.Create: From List-Ensure Unique',Job-YKIQEX,False,True,Default,Default,Default,Default,Default,1111,Empty,RyuJit,X64,8c5e7fda-e8bf-4a96-9a85-a6e23a8c635c,.NET 6.0,False,True,False,True,Default,Default,False,False,True,Default,Default,Default,Default,Default,Default,Default,1,Default,Default,Default,Default,Default,Default,Default,Default,Default,16,Default,DotNetTips.Spargine.Core.BenchmarkTests.Collections,Collections,100,"642,361.60 ns","12,739.485 ns","36,756.326 ns","3,751.427 ns","641,086.43 ns","573,248.83 ns","615,435.64 ns","668,848.12 ns","718,010.25 ns","1,556.76","12,739.4846 ns",96.00,2.247,3.116,0.1097,13,*,No,18.5547,"1,557 B",14.6484,10.7422,"191,808 B"
'Collection.Create: From List-Ensure Unique',Job-YKIQEX,False,True,Default,Default,Default,Default,Default,1111,Empty,RyuJit,X64,8c5e7fda-e8bf-4a96-9a85-a6e23a8c635c,.NET 6.0,False,True,False,True,Default,Default,False,False,True,Default,Default,Default,Default,Default,Default,Default,1,Default,Default,Default,Default,Default,Default,Default,Default,Default,16,Default,DotNetTips.Spargine.Core.BenchmarkTests.Collections,Collections,250,"1,583,826.87 ns","31,628.794 ns","76,387.093 ns","9,195.925 ns","1,580,013.48 ns","1,414,259.77 ns","1,533,189.06 ns","1,623,994.14 ns","1,748,149.80 ns",631.38,"31,628.7941 ns",69.00,2.597,2.364,0.3122,14,*,No,25.3906,"1,557 B",25.3906,25.3906,"474,622 B"
'Collection.Create: From List-Ensure Unique',Job-YKIQEX,False,True,Default,Default,Default,Default,Default,1111,Empty,RyuJit,X64,8c5e7fda-e8bf-4a96-9a85-a6e23a8c635c,.NET 6.0,False,True,False,True,Default,Default,False,False,True,Default,Default,Default,Default,Default,Default,Default,1,Default,Default,Default,Default,Default,Default,Default,Default,Default,16,Default,DotNetTips.Spargine.Core.BenchmarkTests.Collections,Collections,500,"3,395,324.81 ns","66,770.883 ns","123,764.113 ns","18,873.850 ns","3,367,158.79 ns","3,169,943.16 ns","3,316,877.93 ns","3,488,976.17 ns","3,640,307.62 ns",294.52,"66,770.8830 ns",43.00,2.129,2.111,0.1828,17,*,No,58.5938,"1,557 B",50.7813,46.8750,"947,585 B"
'Collection.Create: From List-Ensure Unique',Job-YKIQEX,False,True,Default,Default,Default,Default,Default,1111,Empty,RyuJit,X64,8c5e7fda-e8bf-4a96-9a85-a6e23a8c635c,.NET 6.0,False,True,False,True,Default,Default,False,False,True,Default,Default,Default,Default,Default,Default,Default,1,Default,Default,Default,Default,Default,Default,Default,Default,Default,16,Default,DotNetTips.Spargine.Core.BenchmarkTests.Collections,Collections,1000,"6,769,465.10 ns","105,045.484 ns","82,012.604 ns","23,675.000 ns","6,758,842.97 ns","6,649,144.14 ns","6,732,832.62 ns","6,802,708.20 ns","6,964,049.61 ns",147.72,"105,045.4840 ns",12.00,3.240,2.000,0.7518,18,*,No,164.0625,"1,557 B",148.4375,140.6250,"2,378,631 B"
'Collection.Create: From List-Ensure Unique',Job-YKIQEX,False,True,Default,Default,Default,Default,Default,1111,Empty,RyuJit,X64,8c5e7fda-e8bf-4a96-9a85-a6e23a8c635c,.NET 6.0,False,True,False,True,Default,Default,False,False,True,Default,Default,Default,Default,Default,Default,Default,1,Default,Default,Default,Default,Default,Default,Default,Default,Default,16,Default,DotNetTips.Spargine.Core.BenchmarkTests.Collections,Collections,2500,"22,585,036.22 ns","444,080.617 ns","545,370.879 ns","116,273.462 ns","22,408,139.06 ns","21,882,634.38 ns","22,187,891.41 ns","22,842,599.22 ns","23,802,128.12 ns",44.28,"444,080.6171 ns",22.00,2.490,2.000,0.8033,19,*,No,125.0000,"1,557 B",93.7500,93.7500,"5,993,294 B"
'Collection.Create: From List',Job-YKIQEX,False,True,Default,Default,Default,Default,Default,1111,Empty,RyuJit,X64,8c5e7fda-e8bf-4a96-9a85-a6e23a8c635c,.NET 6.0,False,True,False,True,Default,Default,False,False,True,Default,Default,Default,Default,Default,Default,Default,1,Default,Default,Default,Default,Default,Default,Default,Default,Default,16,Default,DotNetTips.Spargine.Core.BenchmarkTests.Collections,Collections,10,"44,265.84 ns",846.661 ns,"1,186.900 ns",228.419 ns,"44,168.15 ns","42,596.66 ns","43,401.60 ns","45,239.23 ns","46,710.37 ns","22,590.78",846.6610 ns,27.00,1.782,2.727,0.2421,9,*,No,2.3193,"1,557 B",-,-,"20,321 B"
'Collection.Create: From List',Job-YKIQEX,False,True,Default,Default,Default,Default,Default,1111,Empty,RyuJit,X64,8c5e7fda-e8bf-4a96-9a85-a6e23a8c635c,.NET 6.0,False,True,False,True,Default,Default,False,False,True,Default,Default,Default,Default,Default,Default,Default,1,Default,Default,Default,Default,Default,Default,Default,Default,Default,16,Default,DotNetTips.Spargine.Core.BenchmarkTests.Collections,Collections,25,"119,040.28 ns","2,327.186 ns","2,285.607 ns",571.402 ns,"118,630.76 ns","114,668.68 ns","117,587.00 ns","120,449.67 ns","122,830.51 ns","8,400.52","2,327.1855 ns",16.00,2.091,2.000,0.1337,11,*,No,5.3711,"1,557 B",0.4883,-,"48,737 B"
'Collection.Create: From List',Job-YKIQEX,False,True,Default,Default,Default,Default,Default,1111,Empty,RyuJit,X64,8c5e7fda-e8bf-4a96-9a85-a6e23a8c635c,.NET 6.0,False,True,False,True,Default,Default,False,False,True,Default,Default,Default,Default,Default,Default,Default,1,Default,Default,Default,Default,Default,Default,Default,Default,Default,16,Default,DotNetTips.Spargine.Core.BenchmarkTests.Collections,Collections,50,"241,836.42 ns","4,697.111 ns","4,393.680 ns","1,134.443 ns","240,756.54 ns","234,020.85 ns","238,860.08 ns","245,621.26 ns","249,326.61 ns","4,135.03","4,697.1106 ns",15.00,1.915,2.000,0.2511,12,*,No,10.2539,"1,557 B",0.4883,-,"96,243 B"
'Collection.Create: From List',Job-YKIQEX,False,True,Default,Default,Default,Default,Default,1111,Empty,RyuJit,X64,8c5e7fda-e8bf-4a96-9a85-a6e23a8c635c,.NET 6.0,False,True,False,True,Default,Default,False,False,True,Default,Default,Default,Default,Default,Default,Default,1,Default,Default,Default,Default,Default,Default,Default,Default,Default,16,Default,DotNetTips.Spargine.Core.BenchmarkTests.Collections,Collections,100,"643,260.85 ns","13,931.032 ns","40,857.305 ns","4,106.314 ns","640,554.30 ns","553,672.66 ns","618,800.49 ns","669,564.11 ns","728,978.52 ns","1,554.58","13,931.0319 ns",99.00,2.437,2.000,-0.0246,13,*,No,17.5781,"1,557 B",14.6484,10.7422,"191,469 B"
'Collection.Create: From List',Job-YKIQEX,False,True,Default,Default,Default,Default,Default,1111,Empty,RyuJit,X64,8c5e7fda-e8bf-4a96-9a85-a6e23a8c635c,.NET 6.0,False,True,False,True,Default,Default,False,False,True,Default,Default,Default,Default,Default,Default,Default,1,Default,Default,Default,Default,Default,Default,Default,Default,Default,16,Default,DotNetTips.Spargine.Core.BenchmarkTests.Collections,Collections,250,"1,689,127.09 ns","34,586.958 ns","101,437.562 ns","10,194.859 ns","1,687,065.04 ns","1,452,604.30 ns","1,610,941.50 ns","1,747,816.70 ns","1,937,991.41 ns",592.02,"34,586.9585 ns",99.00,2.645,2.370,0.1772,15,*,No,33.2031,"1,557 B",31.2500,27.3438,"475,986 B"
'Collection.Create: From List',Job-YKIQEX,False,True,Default,Default,Default,Default,Default,1111,Empty,RyuJit,X64,8c5e7fda-e8bf-4a96-9a85-a6e23a8c635c,.NET 6.0,False,True,False,True,Default,Default,False,False,True,Default,Default,Default,Default,Default,Default,Default,1,Default,Default,Default,Default,Default,Default,Default,Default,Default,16,Default,DotNetTips.Spargine.Core.BenchmarkTests.Collections,Collections,500,"3,241,142.34 ns","64,438.949 ns","134,508.083 ns","18,476.106 ns","3,253,632.42 ns","2,930,312.89 ns","3,166,057.81 ns","3,354,251.95 ns","3,484,331.25 ns",308.53,"64,438.9492 ns",53.00,2.359,2.000,-0.2427,16,*,No,54.6875,"1,557 B",54.6875,46.8750,"948,350 B"
'Collection.Create: From List',Job-YKIQEX,False,True,Default,Default,Default,Default,Default,1111,Empty,RyuJit,X64,8c5e7fda-e8bf-4a96-9a85-a6e23a8c635c,.NET 6.0,False,True,False,True,Default,Default,False,False,True,Default,Default,Default,Default,Default,Default,Default,1,Default,Default,Default,Default,Default,Default,Default,Default,Default,16,Default,DotNetTips.Spargine.Core.BenchmarkTests.Collections,Collections,1000,"6,883,934.47 ns","136,176.972 ns","133,743.995 ns","33,435.999 ns","6,814,287.11 ns","6,784,017.19 ns","6,796,028.32 ns","6,947,622.46 ns","7,262,577.34 ns",145.27,"136,176.9716 ns",16.00,4.321,2.000,1.4802,18,*,No,148.4375,"1,557 B",140.6250,140.6250,"2,378,756 B"
'Collection.Create: From List',Job-YKIQEX,False,True,Default,Default,Default,Default,Default,1111,Empty,RyuJit,X64,8c5e7fda-e8bf-4a96-9a85-a6e23a8c635c,.NET 6.0,False,True,False,True,Default,Default,False,False,True,Default,Default,Default,Default,Default,Default,Default,1,Default,Default,Default,Default,Default,Default,Default,Default,Default,16,Default,DotNetTips.Spargine.Core.BenchmarkTests.Collections,Collections,2500,"22,423,155.26 ns","394,167.332 ns","484,072.883 ns","103,204.685 ns","22,227,771.88 ns","21,826,865.62 ns","22,109,719.53 ns","22,640,444.53 ns","23,623,862.50 ns",44.60,"394,167.3325 ns",22.00,3.088,2.000,1.0456,19,*,No,125.0000,"1,557 B",93.7500,93.7500,"5,987,526 B"
