<?xml version="1.0" encoding="utf-8"?>
<Summary>
  <Title>DotNetTips.Spargine.BenchmarkTests.IO.DirectoryHelperBenchmark-20220802-070733</Title>
  <HostEnvironmentInfo>
    <BenchmarkDotNetCaption>BenchmarkDotNet</BenchmarkDotNetCaption>
    <BenchmarkDotNetVersion>0.13.1</BenchmarkDotNetVersion>
    <OsVersion>Windows 10.0.19044.1826 (21H2)</OsVersion>
    <ProcessorName>Intel Core i7-7660U CPU 2.50GHz (Kaby Lake)</ProcessorName>
    <PhysicalProcessorCount>1</PhysicalProcessorCount>
    <PhysicalCoreCount>2</PhysicalCoreCount>
    <LogicalCoreCount>4</LogicalCoreCount>
    <RuntimeVersion>.NET 6.0.7 (6.0.722.32202)</RuntimeVersion>
    <Architecture>X64</Architecture>
    <HasAttachedDebugger>False</HasAttachedDebugger>
    <HasRyuJit>True</HasRyuJit>
    <Configuration>RELEASE</Configuration>
    <DotNetSdkVersion>7.0.100-preview.6.22352.1</DotNetSdkVersion>
    <ChronometerFrequency>
      <Hertz>10000000</Hertz>
    </ChronometerFrequency>
    <HardwareTimerKind>Unknown</HardwareTimerKind>
  </HostEnvironmentInfo>
  <Benchmarks>
    <BenchmarkCase>
      <DisplayInfo>DirectoryHelperBenchmark.AppDataFolder: Job-WZHGWU(EvaluateOverhead=True, Runtime=.NET 6.0, Server=True)</DisplayInfo>
      <Namespace>DotNetTips.Spargine.BenchmarkTests.IO</Namespace>
      <Type>DirectoryHelperBenchmark</Type>
      <Method>AppDataFolder</Method>
      <MethodTitle>AppDataFolder</MethodTitle>
      <Statistics>
        <OriginalValues>
          <Item>2069.8997497558594</Item>
          <Item>2149.924087524414</Item>
          <Item>2119.2245483398438</Item>
          <Item>2227.297592163086</Item>
          <Item>2121.004867553711</Item>
          <Item>2122.282028198242</Item>
          <Item>2146.1917877197266</Item>
          <Item>2079.060745239258</Item>
          <Item>2135.4957580566406</Item>
          <Item>2094.576644897461</Item>
          <Item>2170.878219604492</Item>
          <Item>2194.036865234375</Item>
          <Item>2104.4708251953125</Item>
          <Item>2084.497833251953</Item>
          <Item>2096.157455444336</Item>
          <Item>2045.9724426269531</Item>
          <Item>2105.788803100586</Item>
          <Item>2272.0264434814453</Item>
          <Item>2131.7413330078125</Item>
          <Item>2091.4573669433594</Item>
          <Item>2231.2400817871094</Item>
          <Item>2068.5009002685547</Item>
          <Item>2107.006072998047</Item>
          <Item>2115.3770446777344</Item>
          <Item>2101.1520385742188</Item>
        </OriginalValues>
        <N>25</N>
        <Min>2045.9724426269531</Min>
        <LowerFence>2017.1539306640625</LowerFence>
        <Q1>2094.576644897461</Q1>
        <Median>2115.3770446777344</Median>
        <Mean>2127.4104614257812</Mean>
        <Q3>2146.1917877197266</Q3>
        <UpperFence>2223.614501953125</UpperFence>
        <Max>2272.0264434814453</Max>
        <InterquartileRange>51.615142822265625</InterquartileRange>
        <UpperOutliers>
          <Item>2227.297592163086</Item>
          <Item>2231.2400817871094</Item>
          <Item>2272.0264434814453</Item>
        </UpperOutliers>
        <AllOutliers>
          <Outlier>2227.297592163086</Outlier>
          <Outlier>2231.2400817871094</Outlier>
          <Outlier>2272.0264434814453</Outlier>
        </AllOutliers>
        <StandardError>10.974164313161227</StandardError>
        <Variance>3010.807059306535</Variance>
        <StandardDeviation>54.87082156580613</StandardDeviation>
        <Skewness>1.0281230430685377</Skewness>
        <Kurtosis>3.3429881603231455</Kurtosis>
        <ConfidenceInterval>
          <N>25</N>
          <Mean>2127.4104614257812</Mean>
          <StandardError>10.974164313161227</StandardError>
          <Level>L999</Level>
          <Margin>41.10262333909021</Margin>
          <Lower>2086.307838086691</Lower>
          <Upper>2168.5130847648716</Upper>
        </ConfidenceInterval>
        <Percentiles>
          <P0>2045.9724426269531</P0>
          <P25>2094.576644897461</P25>
          <P50>2115.3770446777344</P50>
          <P67>2132.0416870117188</P67>
          <P80>2154.1149139404297</P80>
          <P85>2180.1416778564453</P85>
          <P90>2213.9933013916016</P90>
          <P95>2230.4515838623047</P95>
          <P100>2272.0264434814453</P100>
        </Percentiles>
      </Statistics>
      <Memory>
        <Gen0Collections>21</Gen0Collections>
        <Gen1Collections>0</Gen1Collections>
        <Gen2Collections>0</Gen2Collections>
        <TotalOperations>262144</TotalOperations>
      </Memory>
      <Measurements>
        <Measurement>
          <IterationMode>Overhead</IterationMode>
          <IterationStage>Jitting</IterationStage>
          <LaunchIndex>1</LaunchIndex>
          <IterationIndex>1</IterationIndex>
          <Operations>1</Operations>
          <Nanoseconds>253400</Nanoseconds>
        </Measurement>
        <Measurement>
          <IterationMode>Workload</IterationMode>
          <IterationStage>Jitting</IterationStage>
          <LaunchIndex>1</LaunchIndex>
          <IterationIndex>1</IterationIndex>
          <Operations>1</Operations>
          <Nanoseconds>69977700</Nanoseconds>
        </Measurement>
        <Measurement>
          <IterationMode>Workload</IterationMode>
          <IterationStage>Pilot</IterationStage>
          <LaunchIndex>1</LaunchIndex>
          <IterationIndex>1</IterationIndex>
          <Operations>2</Operations>
          <Nanoseconds>44900</Nanoseconds>
        </Measurement>
        <Measurement>
          <IterationMode>Workload</IterationMode>
          <IterationStage>Pilot</IterationStage>
          <LaunchIndex>1</LaunchIndex>
          <IterationIndex>2</IterationIndex>
          <Operations>3</Operations>
          <Nanoseconds>28400</Nanoseconds>
        </Measurement>
        <Measurement>
          <IterationMode>Workload</IterationMode>
          <IterationStage>Pilot</IterationStage>
          <LaunchIndex>1</LaunchIndex>
          <IterationIndex>3</IterationIndex>
          <Operations>4</Operations>
          <Nanoseconds>36100</Nanoseconds>
        </Measurement>
        <Measurement>
          <IterationMode>Workload</IterationMode>
          <IterationStage>Pilot</IterationStage>
          <LaunchIndex>1</LaunchIndex>
          <IterationIndex>4</IterationIndex>
          <Operations>5</Operations>
          <Nanoseconds>34900</Nanoseconds>
        </Measurement>
        <Measurement>
          <IterationMode>Workload</IterationMode>
          <IterationStage>Pilot</IterationStage>
          <LaunchIndex>1</LaunchIndex>
          <IterationIndex>5</IterationIndex>
          <Operations>6</Operations>
          <Nanoseconds>45900</Nanoseconds>
        </Measurement>
        <Measurement>
          <IterationMode>Workload</IterationMode>
          <IterationStage>Pilot</IterationStage>
          <LaunchIndex>1</LaunchIndex>
          <IterationIndex>6</IterationIndex>
          <Operations>7</Operations>
          <Nanoseconds>50000</Nanoseconds>
        </Measurement>
        <Measurement>
          <IterationMode>Workload</IterationMode>
          <IterationStage>Pilot</IterationStage>
          <LaunchIndex>1</LaunchIndex>
          <IterationIndex>7</IterationIndex>
          <Operations>8</Operations>
          <Nanoseconds>45400</Nanoseconds>
        </Measurement>
        <Measurement>
          <IterationMode>Workload</IterationMode>
          <IterationStage>Pilot</IterationStage>
          <LaunchIndex>1</LaunchIndex>
          <IterationIndex>8</IterationIndex>
          <Operations>9</Operations>
          <Nanoseconds>59500</Nanoseconds>
        </Measurement>
        <Measurement>
          <IterationMode>Workload</IterationMode>
          <IterationStage>Pilot</IterationStage>
          <LaunchIndex>1</LaunchIndex>
          <IterationIndex>9</IterationIndex>
          <Operations>10</Operations>
          <Nanoseconds>82800</Nanoseconds>
        </Measurement>
        <Measurement>
          <IterationMode>Workload</IterationMode>
          <IterationStage>Pilot</IterationStage>
          <LaunchIndex>1</LaunchIndex>
          <IterationIndex>10</IterationIndex>
          <Operations>11</Operations>
          <Nanoseconds>73700</Nanoseconds>
        </Measurement>
        <Measurement>
          <IterationMode>Workload</IterationMode>
          <IterationStage>Pilot</IterationStage>
          <LaunchIndex>1</LaunchIndex>
          <IterationIndex>11</IterationIndex>
          <Operations>12</Operations>
          <Nanoseconds>75600</Nanoseconds>
        </Measurement>
        <Measurement>
          <IterationMode>Workload</IterationMode>
          <IterationStage>Pilot</IterationStage>
          <LaunchIndex>1</LaunchIndex>
          <IterationIndex>12</IterationIndex>
          <Operations>13</Operations>
          <Nanoseconds>83100</Nanoseconds>
        </Measurement>
        <Measurement>
          <IterationMode>Workload</IterationMode>
          <IterationStage>Pilot</IterationStage>
          <LaunchIndex>1</LaunchIndex>
          <IterationIndex>13</IterationIndex>
          <Operations>14</Operations>
          <Nanoseconds>86900</Nanoseconds>
        </Measurement>
        <Measurement>
          <IterationMode>Workload</IterationMode>
          <IterationStage>Pilot</IterationStage>
          <LaunchIndex>1</LaunchIndex>
          <IterationIndex>14</IterationIndex>
          <Operations>15</Operations>
          <Nanoseconds>90000</Nanoseconds>
        </Measurement>
        <Measurement>
          <IterationMode>Workload</IterationMode>
          <IterationStage>Pilot</IterationStage>
          <LaunchIndex>1</LaunchIndex>
          <IterationIndex>15</IterationIndex>
          <Operations>16</Operations>
          <Nanoseconds>84800</Nanoseconds>
        </Measurement>
        <Measurement>
          <IterationMode>Workload</IterationMode>
          <IterationStage>Pilot</IterationStage>
          <LaunchIndex>1</LaunchIndex>
          <IterationIndex>16</IterationIndex>
          <Operations>32</Operations>
          <Nanoseconds>173000</Nanoseconds>
        </Measurement>
        <Measurement>
          <IterationMode>Workload</IterationMode>
          <IterationStage>Pilot</IterationStage>
          <LaunchIndex>1</LaunchIndex>
          <IterationIndex>17</IterationIndex>
          <Operations>64</Operations>
          <Nanoseconds>226500</Nanoseconds>
        </Measurement>
        <Measurement>
          <IterationMode>Workload</IterationMode>
          <IterationStage>Pilot</IterationStage>
          <LaunchIndex>1</LaunchIndex>
          <IterationIndex>18</IterationIndex>
          <Operations>128</Operations>
          <Nanoseconds>450200</Nanoseconds>
        </Measurement>
        <Measurement>
          <IterationMode>Workload</IterationMode>
          <IterationStage>Pilot</IterationStage>
          <LaunchIndex>1</LaunchIndex>
          <IterationIndex>19</IterationIndex>
          <Operations>256</Operations>
          <Nanoseconds>994900</Nanoseconds>
        </Measurement>
        <Measurement>
          <IterationMode>Workload</IterationMode>
          <IterationStage>Pilot</IterationStage>
          <LaunchIndex>1</LaunchIndex>
          <IterationIndex>20</IterationIndex>
          <Operations>512</Operations>
          <Nanoseconds>1507300</Nanoseconds>
        </Measurement>
        <Measurement>
          <IterationMode>Workload</IterationMode>
          <IterationStage>Pilot</IterationStage>
          <LaunchIndex>1</LaunchIndex>
          <IterationIndex>21</IterationIndex>
          <Operations>1024</Operations>
          <Nanoseconds>2904000</Nanoseconds>
        </Measurement>
        <Measurement>
          <IterationMode>Workload</IterationMode>
          <IterationStage>Pilot</IterationStage>
          <LaunchIndex>1</LaunchIndex>
          <IterationIndex>22</IterationIndex>
          <Operations>2048</Operations>
          <Nanoseconds>5996200</Nanoseconds>
        </Measurement>
        <Measurement>
          <IterationMode>Workload</IterationMode>
          <IterationStage>Pilot</IterationStage>
          <LaunchIndex>1</LaunchIndex>
          <IterationIndex>23</IterationIndex>
          <Operations>4096</Operations>
          <Nanoseconds>11601000</Nanoseconds>
        </Measurement>
        <Measurement>
          <IterationMode>Workload</IterationMode>
          <IterationStage>Pilot</IterationStage>
          <LaunchIndex>1</LaunchIndex>
          <IterationIndex>24</IterationIndex>
          <Operations>8192</Operations>
          <Nanoseconds>22164500</Nanoseconds>
        </Measurement>
        <Measurement>
          <IterationMode>Workload</IterationMode>
          <IterationStage>Pilot</IterationStage>
          <LaunchIndex>1</LaunchIndex>
          <IterationIndex>25</IterationIndex>
          <Operations>16384</Operations>
          <Nanoseconds>43537100</Nanoseconds>
        </Measurement>
        <Measurement>
          <IterationMode>Workload</IterationMode>
          <IterationStage>Pilot</IterationStage>
          <LaunchIndex>1</LaunchIndex>
          <IterationIndex>26</IterationIndex>
          <Operations>32768</Operations>
          <Nanoseconds>85130400</Nanoseconds>
        </Measurement>
        <Measurement>
          <IterationMode>Workload</IterationMode>
          <IterationStage>Pilot</IterationStage>
          <LaunchIndex>1</LaunchIndex>
          <IterationIndex>27</IterationIndex>
          <Operations>65536</Operations>
          <Nanoseconds>146562500</Nanoseconds>
        </Measurement>
        <Measurement>
          <IterationMode>Workload</IterationMode>
          <IterationStage>Pilot</IterationStage>
          <LaunchIndex>1</LaunchIndex>
          <IterationIndex>28</IterationIndex>
          <Operations>131072</Operations>
          <Nanoseconds>276549000</Nanoseconds>
        </Measurement>
        <Measurement>
          <IterationMode>Workload</IterationMode>
          <IterationStage>Pilot</IterationStage>
          <LaunchIndex>1</LaunchIndex>
          <IterationIndex>29</IterationIndex>
          <Operations>262144</Operations>
          <Nanoseconds>612672600</Nanoseconds>
        </Measurement>
        <Measurement>
          <IterationMode>Workload</IterationMode>
          <IterationStage>Warmup</IterationStage>
          <LaunchIndex>1</LaunchIndex>
          <IterationIndex>1</IterationIndex>
          <Operations>262144</Operations>
          <Nanoseconds>565673000</Nanoseconds>
        </Measurement>
        <Measurement>
          <IterationMode>Workload</IterationMode>
          <IterationStage>Warmup</IterationStage>
          <LaunchIndex>1</LaunchIndex>
          <IterationIndex>2</IterationIndex>
          <Operations>262144</Operations>
          <Nanoseconds>574784600</Nanoseconds>
        </Measurement>
        <Measurement>
          <IterationMode>Workload</IterationMode>
          <IterationStage>Warmup</IterationStage>
          <LaunchIndex>1</LaunchIndex>
          <IterationIndex>3</IterationIndex>
          <Operations>262144</Operations>
          <Nanoseconds>566312300</Nanoseconds>
        </Measurement>
        <Measurement>
          <IterationMode>Workload</IterationMode>
          <IterationStage>Warmup</IterationStage>
          <LaunchIndex>1</LaunchIndex>
          <IterationIndex>4</IterationIndex>
          <Operations>262144</Operations>
          <Nanoseconds>557461100</Nanoseconds>
        </Measurement>
        <Measurement>
          <IterationMode>Workload</IterationMode>
          <IterationStage>Warmup</IterationStage>
          <LaunchIndex>1</LaunchIndex>
          <IterationIndex>5</IterationIndex>
          <Operations>262144</Operations>
          <Nanoseconds>547692300</Nanoseconds>
        </Measurement>
        <Measurement>
          <IterationMode>Workload</IterationMode>
          <IterationStage>Warmup</IterationStage>
          <LaunchIndex>1</LaunchIndex>
          <IterationIndex>6</IterationIndex>
          <Operations>262144</Operations>
          <Nanoseconds>552683600</Nanoseconds>
        </Measurement>
        <Measurement>
          <IterationMode>Workload</IterationMode>
          <IterationStage>Warmup</IterationStage>
          <LaunchIndex>1</LaunchIndex>
          <IterationIndex>7</IterationIndex>
          <Operations>262144</Operations>
          <Nanoseconds>551347800</Nanoseconds>
        </Measurement>
        <Measurement>
          <IterationMode>Workload</IterationMode>
          <IterationStage>Actual</IterationStage>
          <LaunchIndex>1</LaunchIndex>
          <IterationIndex>1</IterationIndex>
          <Operations>262144</Operations>
          <Nanoseconds>542611800</Nanoseconds>
        </Measurement>
        <Measurement>
          <IterationMode>Workload</IterationMode>
          <IterationStage>Actual</IterationStage>
          <LaunchIndex>1</LaunchIndex>
          <IterationIndex>2</IterationIndex>
          <Operations>262144</Operations>
          <Nanoseconds>563589700</Nanoseconds>
        </Measurement>
        <Measurement>
          <IterationMode>Workload</IterationMode>
          <IterationStage>Actual</IterationStage>
          <LaunchIndex>1</LaunchIndex>
          <IterationIndex>3</IterationIndex>
          <Operations>262144</Operations>
          <Nanoseconds>555542000</Nanoseconds>
        </Measurement>
        <Measurement>
          <IterationMode>Workload</IterationMode>
          <IterationStage>Actual</IterationStage>
          <LaunchIndex>1</LaunchIndex>
          <IterationIndex>4</IterationIndex>
          <Operations>262144</Operations>
          <Nanoseconds>583872700</Nanoseconds>
        </Measurement>
        <Measurement>
          <IterationMode>Workload</IterationMode>
          <IterationStage>Actual</IterationStage>
          <LaunchIndex>1</LaunchIndex>
          <IterationIndex>5</IterationIndex>
          <Operations>262144</Operations>
          <Nanoseconds>556008700</Nanoseconds>
        </Measurement>
        <Measurement>
          <IterationMode>Workload</IterationMode>
          <IterationStage>Actual</IterationStage>
          <LaunchIndex>1</LaunchIndex>
          <IterationIndex>6</IterationIndex>
          <Operations>262144</Operations>
          <Nanoseconds>556343500</Nanoseconds>
        </Measurement>
        <Measurement>
          <IterationMode>Workload</IterationMode>
          <IterationStage>Actual</IterationStage>
          <LaunchIndex>1</LaunchIndex>
          <IterationIndex>7</IterationIndex>
          <Operations>262144</Operations>
          <Nanoseconds>562611300</Nanoseconds>
        </Measurement>
        <Measurement>
          <IterationMode>Workload</IterationMode>
          <IterationStage>Actual</IterationStage>
          <LaunchIndex>1</LaunchIndex>
          <IterationIndex>8</IterationIndex>
          <Operations>262144</Operations>
          <Nanoseconds>545013300</Nanoseconds>
        </Measurement>
        <Measurement>
          <IterationMode>Workload</IterationMode>
          <IterationStage>Actual</IterationStage>
          <LaunchIndex>1</LaunchIndex>
          <IterationIndex>9</IterationIndex>
          <Operations>262144</Operations>
          <Nanoseconds>709734000</Nanoseconds>
        </Measurement>
        <Measurement>
          <IterationMode>Workload</IterationMode>
          <IterationStage>Actual</IterationStage>
          <LaunchIndex>1</LaunchIndex>
          <IterationIndex>10</IterationIndex>
          <Operations>262144</Operations>
          <Nanoseconds>559807400</Nanoseconds>
        </Measurement>
        <Measurement>
          <IterationMode>Workload</IterationMode>
          <IterationStage>Actual</IterationStage>
          <LaunchIndex>1</LaunchIndex>
          <IterationIndex>11</IterationIndex>
          <Operations>262144</Operations>
          <Nanoseconds>549080700</Nanoseconds>
        </Measurement>
        <Measurement>
          <IterationMode>Workload</IterationMode>
          <IterationStage>Actual</IterationStage>
          <LaunchIndex>1</LaunchIndex>
          <IterationIndex>12</IterationIndex>
          <Operations>262144</Operations>
          <Nanoseconds>569082700</Nanoseconds>
        </Measurement>
        <Measurement>
          <IterationMode>Workload</IterationMode>
          <IterationStage>Actual</IterationStage>
          <LaunchIndex>1</LaunchIndex>
          <IterationIndex>13</IterationIndex>
          <Operations>262144</Operations>
          <Nanoseconds>650187600</Nanoseconds>
        </Measurement>
        <Measurement>
          <IterationMode>Workload</IterationMode>
          <IterationStage>Actual</IterationStage>
          <LaunchIndex>1</LaunchIndex>
          <IterationIndex>14</IterationIndex>
          <Operations>262144</Operations>
          <Nanoseconds>575153600</Nanoseconds>
        </Measurement>
        <Measurement>
          <IterationMode>Workload</IterationMode>
          <IterationStage>Actual</IterationStage>
          <LaunchIndex>1</LaunchIndex>
          <IterationIndex>15</IterationIndex>
          <Operations>262144</Operations>
          <Nanoseconds>551674400</Nanoseconds>
        </Measurement>
        <Measurement>
          <IterationMode>Workload</IterationMode>
          <IterationStage>Actual</IterationStage>
          <LaunchIndex>1</LaunchIndex>
          <IterationIndex>16</IterationIndex>
          <Operations>262144</Operations>
          <Nanoseconds>546438600</Nanoseconds>
        </Measurement>
        <Measurement>
          <IterationMode>Workload</IterationMode>
          <IterationStage>Actual</IterationStage>
          <LaunchIndex>1</LaunchIndex>
          <IterationIndex>17</IterationIndex>
          <Operations>262144</Operations>
          <Nanoseconds>549495100</Nanoseconds>
        </Measurement>
        <Measurement>
          <IterationMode>Workload</IterationMode>
          <IterationStage>Actual</IterationStage>
          <LaunchIndex>1</LaunchIndex>
          <IterationIndex>18</IterationIndex>
          <Operations>262144</Operations>
          <Nanoseconds>536339400</Nanoseconds>
        </Measurement>
        <Measurement>
          <IterationMode>Workload</IterationMode>
          <IterationStage>Actual</IterationStage>
          <LaunchIndex>1</LaunchIndex>
          <IterationIndex>19</IterationIndex>
          <Operations>262144</Operations>
          <Nanoseconds>552019900</Nanoseconds>
        </Measurement>
        <Measurement>
          <IterationMode>Workload</IterationMode>
          <IterationStage>Actual</IterationStage>
          <LaunchIndex>1</LaunchIndex>
          <IterationIndex>20</IterationIndex>
          <Operations>262144</Operations>
          <Nanoseconds>595598100</Nanoseconds>
        </Measurement>
        <Measurement>
          <IterationMode>Workload</IterationMode>
          <IterationStage>Actual</IterationStage>
          <LaunchIndex>1</LaunchIndex>
          <IterationIndex>21</IterationIndex>
          <Operations>262144</Operations>
          <Nanoseconds>558823200</Nanoseconds>
        </Measurement>
        <Measurement>
          <IterationMode>Workload</IterationMode>
          <IterationStage>Actual</IterationStage>
          <LaunchIndex>1</LaunchIndex>
          <IterationIndex>22</IterationIndex>
          <Operations>262144</Operations>
          <Nanoseconds>609609200</Nanoseconds>
        </Measurement>
        <Measurement>
          <IterationMode>Workload</IterationMode>
          <IterationStage>Actual</IterationStage>
          <LaunchIndex>1</LaunchIndex>
          <IterationIndex>23</IterationIndex>
          <Operations>262144</Operations>
          <Nanoseconds>548263000</Nanoseconds>
        </Measurement>
        <Measurement>
          <IterationMode>Workload</IterationMode>
          <IterationStage>Actual</IterationStage>
          <LaunchIndex>1</LaunchIndex>
          <IterationIndex>24</IterationIndex>
          <Operations>262144</Operations>
          <Nanoseconds>584906200</Nanoseconds>
        </Measurement>
        <Measurement>
          <IterationMode>Workload</IterationMode>
          <IterationStage>Actual</IterationStage>
          <LaunchIndex>1</LaunchIndex>
          <IterationIndex>25</IterationIndex>
          <Operations>262144</Operations>
          <Nanoseconds>542245100</Nanoseconds>
        </Measurement>
        <Measurement>
          <IterationMode>Workload</IterationMode>
          <IterationStage>Actual</IterationStage>
          <LaunchIndex>1</LaunchIndex>
          <IterationIndex>26</IterationIndex>
          <Operations>262144</Operations>
          <Nanoseconds>552339000</Nanoseconds>
        </Measurement>
        <Measurement>
          <IterationMode>Workload</IterationMode>
          <IterationStage>Actual</IterationStage>
          <LaunchIndex>1</LaunchIndex>
          <IterationIndex>27</IterationIndex>
          <Operations>262144</Operations>
          <Nanoseconds>554533400</Nanoseconds>
        </Measurement>
        <Measurement>
          <IterationMode>Workload</IterationMode>
          <IterationStage>Actual</IterationStage>
          <LaunchIndex>1</LaunchIndex>
          <IterationIndex>28</IterationIndex>
          <Operations>262144</Operations>
          <Nanoseconds>550804400</Nanoseconds>
        </Measurement>
        <Measurement>
          <IterationMode>Workload</IterationMode>
          <IterationStage>Result</IterationStage>
          <LaunchIndex>1</LaunchIndex>
          <IterationIndex>1</IterationIndex>
          <Operations>262144</Operations>
          <Nanoseconds>542611800</Nanoseconds>
        </Measurement>
        <Measurement>
          <IterationMode>Workload</IterationMode>
          <IterationStage>Result</IterationStage>
          <LaunchIndex>1</LaunchIndex>
          <IterationIndex>2</IterationIndex>
          <Operations>262144</Operations>
          <Nanoseconds>563589700</Nanoseconds>
        </Measurement>
        <Measurement>
          <IterationMode>Workload</IterationMode>
          <IterationStage>Result</IterationStage>
          <LaunchIndex>1</LaunchIndex>
          <IterationIndex>3</IterationIndex>
          <Operations>262144</Operations>
          <Nanoseconds>555542000</Nanoseconds>
        </Measurement>
        <Measurement>
          <IterationMode>Workload</IterationMode>
          <IterationStage>Result</IterationStage>
          <LaunchIndex>1</LaunchIndex>
          <IterationIndex>4</IterationIndex>
          <Operations>262144</Operations>
          <Nanoseconds>583872700</Nanoseconds>
        </Measurement>
        <Measurement>
          <IterationMode>Workload</IterationMode>
          <IterationStage>Result</IterationStage>
          <LaunchIndex>1</LaunchIndex>
          <IterationIndex>5</IterationIndex>
          <Operations>262144</Operations>
          <Nanoseconds>556008700</Nanoseconds>
        </Measurement>
        <Measurement>
          <IterationMode>Workload</IterationMode>
          <IterationStage>Result</IterationStage>
          <LaunchIndex>1</LaunchIndex>
          <IterationIndex>6</IterationIndex>
          <Operations>262144</Operations>
          <Nanoseconds>556343500</Nanoseconds>
        </Measurement>
        <Measurement>
          <IterationMode>Workload</IterationMode>
          <IterationStage>Result</IterationStage>
          <LaunchIndex>1</LaunchIndex>
          <IterationIndex>7</IterationIndex>
          <Operations>262144</Operations>
          <Nanoseconds>562611300</Nanoseconds>
        </Measurement>
        <Measurement>
          <IterationMode>Workload</IterationMode>
          <IterationStage>Result</IterationStage>
          <LaunchIndex>1</LaunchIndex>
          <IterationIndex>8</IterationIndex>
          <Operations>262144</Operations>
          <Nanoseconds>545013300</Nanoseconds>
        </Measurement>
        <Measurement>
          <IterationMode>Workload</IterationMode>
          <IterationStage>Result</IterationStage>
          <LaunchIndex>1</LaunchIndex>
          <IterationIndex>9</IterationIndex>
          <Operations>262144</Operations>
          <Nanoseconds>559807400</Nanoseconds>
        </Measurement>
        <Measurement>
          <IterationMode>Workload</IterationMode>
          <IterationStage>Result</IterationStage>
          <LaunchIndex>1</LaunchIndex>
          <IterationIndex>10</IterationIndex>
          <Operations>262144</Operations>
          <Nanoseconds>549080700</Nanoseconds>
        </Measurement>
        <Measurement>
          <IterationMode>Workload</IterationMode>
          <IterationStage>Result</IterationStage>
          <LaunchIndex>1</LaunchIndex>
          <IterationIndex>11</IterationIndex>
          <Operations>262144</Operations>
          <Nanoseconds>569082700</Nanoseconds>
        </Measurement>
        <Measurement>
          <IterationMode>Workload</IterationMode>
          <IterationStage>Result</IterationStage>
          <LaunchIndex>1</LaunchIndex>
          <IterationIndex>12</IterationIndex>
          <Operations>262144</Operations>
          <Nanoseconds>575153600</Nanoseconds>
        </Measurement>
        <Measurement>
          <IterationMode>Workload</IterationMode>
          <IterationStage>Result</IterationStage>
          <LaunchIndex>1</LaunchIndex>
          <IterationIndex>13</IterationIndex>
          <Operations>262144</Operations>
          <Nanoseconds>551674400</Nanoseconds>
        </Measurement>
        <Measurement>
          <IterationMode>Workload</IterationMode>
          <IterationStage>Result</IterationStage>
          <LaunchIndex>1</LaunchIndex>
          <IterationIndex>14</IterationIndex>
          <Operations>262144</Operations>
          <Nanoseconds>546438600</Nanoseconds>
        </Measurement>
        <Measurement>
          <IterationMode>Workload</IterationMode>
          <IterationStage>Result</IterationStage>
          <LaunchIndex>1</LaunchIndex>
          <IterationIndex>15</IterationIndex>
          <Operations>262144</Operations>
          <Nanoseconds>549495100</Nanoseconds>
        </Measurement>
        <Measurement>
          <IterationMode>Workload</IterationMode>
          <IterationStage>Result</IterationStage>
          <LaunchIndex>1</LaunchIndex>
          <IterationIndex>16</IterationIndex>
          <Operations>262144</Operations>
          <Nanoseconds>536339400</Nanoseconds>
        </Measurement>
        <Measurement>
          <IterationMode>Workload</IterationMode>
          <IterationStage>Result</IterationStage>
          <LaunchIndex>1</LaunchIndex>
          <IterationIndex>17</IterationIndex>
          <Operations>262144</Operations>
          <Nanoseconds>552019900</Nanoseconds>
        </Measurement>
        <Measurement>
          <IterationMode>Workload</IterationMode>
          <IterationStage>Result</IterationStage>
          <LaunchIndex>1</LaunchIndex>
          <IterationIndex>18</IterationIndex>
          <Operations>262144</Operations>
          <Nanoseconds>595598100</Nanoseconds>
        </Measurement>
        <Measurement>
          <IterationMode>Workload</IterationMode>
          <IterationStage>Result</IterationStage>
          <LaunchIndex>1</LaunchIndex>
          <IterationIndex>19</IterationIndex>
          <Operations>262144</Operations>
          <Nanoseconds>558823200</Nanoseconds>
        </Measurement>
        <Measurement>
          <IterationMode>Workload</IterationMode>
          <IterationStage>Result</IterationStage>
          <LaunchIndex>1</LaunchIndex>
          <IterationIndex>20</IterationIndex>
          <Operations>262144</Operations>
          <Nanoseconds>548263000</Nanoseconds>
        </Measurement>
        <Measurement>
          <IterationMode>Workload</IterationMode>
          <IterationStage>Result</IterationStage>
          <LaunchIndex>1</LaunchIndex>
          <IterationIndex>21</IterationIndex>
          <Operations>262144</Operations>
          <Nanoseconds>584906200</Nanoseconds>
        </Measurement>
        <Measurement>
          <IterationMode>Workload</IterationMode>
          <IterationStage>Result</IterationStage>
          <LaunchIndex>1</LaunchIndex>
          <IterationIndex>22</IterationIndex>
          <Operations>262144</Operations>
          <Nanoseconds>542245100</Nanoseconds>
        </Measurement>
        <Measurement>
          <IterationMode>Workload</IterationMode>
          <IterationStage>Result</IterationStage>
          <LaunchIndex>1</LaunchIndex>
          <IterationIndex>23</IterationIndex>
          <Operations>262144</Operations>
          <Nanoseconds>552339000</Nanoseconds>
        </Measurement>
        <Measurement>
          <IterationMode>Workload</IterationMode>
          <IterationStage>Result</IterationStage>
          <LaunchIndex>1</LaunchIndex>
          <IterationIndex>24</IterationIndex>
          <Operations>262144</Operations>
          <Nanoseconds>554533400</Nanoseconds>
        </Measurement>
        <Measurement>
          <IterationMode>Workload</IterationMode>
          <IterationStage>Result</IterationStage>
          <LaunchIndex>1</LaunchIndex>
          <IterationIndex>25</IterationIndex>
          <Operations>262144</Operations>
          <Nanoseconds>550804400</Nanoseconds>
        </Measurement>
      </Measurements>
    </BenchmarkCase>
    <BenchmarkCase>
      <DisplayInfo>DirectoryHelperBenchmark.SafeDirectorySearch: Job-WZHGWU(EvaluateOverhead=True, Runtime=.NET 6.0, Server=True)</DisplayInfo>
      <Namespace>DotNetTips.Spargine.BenchmarkTests.IO</Namespace>
      <Type>DirectoryHelperBenchmark</Type>
      <Method>SafeDirectorySearch01</Method>
      <MethodTitle>SafeDirectorySearch</MethodTitle>
      <Statistics>
        <OriginalValues>
          <Item>59031.48193359375</Item>
          <Item>61137.615966796875</Item>
          <Item>61151.129150390625</Item>
          <Item>57237.420654296875</Item>
          <Item>59352.0263671875</Item>
          <Item>59488.134765625</Item>
          <Item>60148.71826171875</Item>
          <Item>59158.514404296875</Item>
          <Item>56744.03076171875</Item>
          <Item>57144.049072265625</Item>
          <Item>57617.2607421875</Item>
          <Item>60411.81640625</Item>
          <Item>57637.26806640625</Item>
          <Item>56965.118408203125</Item>
          <Item>57175.677490234375</Item>
          <Item>59314.117431640625</Item>
          <Item>60794.2138671875</Item>
          <Item>59014.70947265625</Item>
          <Item>56838.494873046875</Item>
          <Item>58147.10693359375</Item>
          <Item>58605.560302734375</Item>
          <Item>60318.658447265625</Item>
          <Item>58311.21826171875</Item>
        </OriginalValues>
        <N>23</N>
        <Min>56744.03076171875</Min>
        <LowerFence>53840.711975097656</LowerFence>
        <Q1>57427.34069824219</Q1>
        <Median>59014.70947265625</Median>
        <Mean>58771.49313221807</Mean>
        <Q3>59818.426513671875</Q3>
        <UpperFence>63405.055236816406</UpperFence>
        <Max>61151.129150390625</Max>
        <InterquartileRange>2391.0858154296875</InterquartileRange>
        <StandardError>300.4013206064271</StandardError>
        <Variance>2075541.928707964</Variance>
        <StandardDeviation>1440.6741230090738</StandardDeviation>
        <Skewness>0.14195002223294276</Skewness>
        <Kurtosis>1.6287903316224706</Kurtosis>
        <ConfidenceInterval>
          <N>23</N>
          <Mean>58771.49313221807</Mean>
          <StandardError>300.4013206064271</StandardError>
          <Level>L999</Level>
          <Margin>1139.1611600257431</Margin>
          <Lower>57632.331972192325</Lower>
          <Upper>59910.65429224382</Upper>
        </ConfidenceInterval>
        <Percentiles>
          <P0>56744.03076171875</P0>
          <P25>57427.34069824219</P25>
          <P50>59014.70947265625</P50>
          <P67>59342.17004394531</P67>
          <P80>60250.682373046875</P80>
          <P85>60383.86901855469</P85>
          <P90>60717.734375</P90>
          <P95>61103.27575683594</P95>
          <P100>61151.129150390625</P100>
        </Percentiles>
      </Statistics>
      <Memory>
        <Gen0Collections>0</Gen0Collections>
        <Gen1Collections>0</Gen1Collections>
        <Gen2Collections>0</Gen2Collections>
        <TotalOperations>16384</TotalOperations>
      </Memory>
      <Measurements>
        <Measurement>
          <IterationMode>Overhead</IterationMode>
          <IterationStage>Jitting</IterationStage>
          <LaunchIndex>1</LaunchIndex>
          <IterationIndex>1</IterationIndex>
          <Operations>1</Operations>
          <Nanoseconds>220800</Nanoseconds>
        </Measurement>
        <Measurement>
          <IterationMode>Workload</IterationMode>
          <IterationStage>Jitting</IterationStage>
          <LaunchIndex>1</LaunchIndex>
          <IterationIndex>1</IterationIndex>
          <Operations>1</Operations>
          <Nanoseconds>5452700</Nanoseconds>
        </Measurement>
        <Measurement>
          <IterationMode>Overhead</IterationMode>
          <IterationStage>Jitting</IterationStage>
          <LaunchIndex>1</LaunchIndex>
          <IterationIndex>2</IterationIndex>
          <Operations>16</Operations>
          <Nanoseconds>257800</Nanoseconds>
        </Measurement>
        <Measurement>
          <IterationMode>Workload</IterationMode>
          <IterationStage>Jitting</IterationStage>
          <LaunchIndex>1</LaunchIndex>
          <IterationIndex>2</IterationIndex>
          <Operations>16</Operations>
          <Nanoseconds>2909000</Nanoseconds>
        </Measurement>
        <Measurement>
          <IterationMode>Workload</IterationMode>
          <IterationStage>Pilot</IterationStage>
          <LaunchIndex>1</LaunchIndex>
          <IterationIndex>1</IterationIndex>
          <Operations>16</Operations>
          <Nanoseconds>1230700</Nanoseconds>
        </Measurement>
        <Measurement>
          <IterationMode>Workload</IterationMode>
          <IterationStage>Pilot</IterationStage>
          <LaunchIndex>1</LaunchIndex>
          <IterationIndex>2</IterationIndex>
          <Operations>32</Operations>
          <Nanoseconds>2465400</Nanoseconds>
        </Measurement>
        <Measurement>
          <IterationMode>Workload</IterationMode>
          <IterationStage>Pilot</IterationStage>
          <LaunchIndex>1</LaunchIndex>
          <IterationIndex>3</IterationIndex>
          <Operations>64</Operations>
          <Nanoseconds>4741300</Nanoseconds>
        </Measurement>
        <Measurement>
          <IterationMode>Workload</IterationMode>
          <IterationStage>Pilot</IterationStage>
          <LaunchIndex>1</LaunchIndex>
          <IterationIndex>4</IterationIndex>
          <Operations>128</Operations>
          <Nanoseconds>10555600</Nanoseconds>
        </Measurement>
        <Measurement>
          <IterationMode>Workload</IterationMode>
          <IterationStage>Pilot</IterationStage>
          <LaunchIndex>1</LaunchIndex>
          <IterationIndex>5</IterationIndex>
          <Operations>256</Operations>
          <Nanoseconds>19537400</Nanoseconds>
        </Measurement>
        <Measurement>
          <IterationMode>Workload</IterationMode>
          <IterationStage>Pilot</IterationStage>
          <LaunchIndex>1</LaunchIndex>
          <IterationIndex>6</IterationIndex>
          <Operations>512</Operations>
          <Nanoseconds>36889400</Nanoseconds>
        </Measurement>
        <Measurement>
          <IterationMode>Workload</IterationMode>
          <IterationStage>Pilot</IterationStage>
          <LaunchIndex>1</LaunchIndex>
          <IterationIndex>7</IterationIndex>
          <Operations>1024</Operations>
          <Nanoseconds>68562200</Nanoseconds>
        </Measurement>
        <Measurement>
          <IterationMode>Workload</IterationMode>
          <IterationStage>Pilot</IterationStage>
          <LaunchIndex>1</LaunchIndex>
          <IterationIndex>8</IterationIndex>
          <Operations>2048</Operations>
          <Nanoseconds>154213300</Nanoseconds>
        </Measurement>
        <Measurement>
          <IterationMode>Workload</IterationMode>
          <IterationStage>Pilot</IterationStage>
          <LaunchIndex>1</LaunchIndex>
          <IterationIndex>9</IterationIndex>
          <Operations>4096</Operations>
          <Nanoseconds>253086800</Nanoseconds>
        </Measurement>
        <Measurement>
          <IterationMode>Workload</IterationMode>
          <IterationStage>Pilot</IterationStage>
          <LaunchIndex>1</LaunchIndex>
          <IterationIndex>10</IterationIndex>
          <Operations>8192</Operations>
          <Nanoseconds>494099400</Nanoseconds>
        </Measurement>
        <Measurement>
          <IterationMode>Workload</IterationMode>
          <IterationStage>Pilot</IterationStage>
          <LaunchIndex>1</LaunchIndex>
          <IterationIndex>11</IterationIndex>
          <Operations>16384</Operations>
          <Nanoseconds>973761100</Nanoseconds>
        </Measurement>
        <Measurement>
          <IterationMode>Overhead</IterationMode>
          <IterationStage>Warmup</IterationStage>
          <LaunchIndex>1</LaunchIndex>
          <IterationIndex>1</IterationIndex>
          <Operations>16384</Operations>
          <Nanoseconds>44400</Nanoseconds>
        </Measurement>
        <Measurement>
          <IterationMode>Overhead</IterationMode>
          <IterationStage>Warmup</IterationStage>
          <LaunchIndex>1</LaunchIndex>
          <IterationIndex>2</IterationIndex>
          <Operations>16384</Operations>
          <Nanoseconds>41300</Nanoseconds>
        </Measurement>
        <Measurement>
          <IterationMode>Overhead</IterationMode>
          <IterationStage>Warmup</IterationStage>
          <LaunchIndex>1</LaunchIndex>
          <IterationIndex>3</IterationIndex>
          <Operations>16384</Operations>
          <Nanoseconds>37800</Nanoseconds>
        </Measurement>
        <Measurement>
          <IterationMode>Overhead</IterationMode>
          <IterationStage>Warmup</IterationStage>
          <LaunchIndex>1</LaunchIndex>
          <IterationIndex>4</IterationIndex>
          <Operations>16384</Operations>
          <Nanoseconds>49600</Nanoseconds>
        </Measurement>
        <Measurement>
          <IterationMode>Overhead</IterationMode>
          <IterationStage>Warmup</IterationStage>
          <LaunchIndex>1</LaunchIndex>
          <IterationIndex>5</IterationIndex>
          <Operations>16384</Operations>
          <Nanoseconds>38800</Nanoseconds>
        </Measurement>
        <Measurement>
          <IterationMode>Overhead</IterationMode>
          <IterationStage>Warmup</IterationStage>
          <LaunchIndex>1</LaunchIndex>
          <IterationIndex>6</IterationIndex>
          <Operations>16384</Operations>
          <Nanoseconds>38100</Nanoseconds>
        </Measurement>
        <Measurement>
          <IterationMode>Overhead</IterationMode>
          <IterationStage>Warmup</IterationStage>
          <LaunchIndex>1</LaunchIndex>
          <IterationIndex>7</IterationIndex>
          <Operations>16384</Operations>
          <Nanoseconds>37500</Nanoseconds>
        </Measurement>
        <Measurement>
          <IterationMode>Overhead</IterationMode>
          <IterationStage>Warmup</IterationStage>
          <LaunchIndex>1</LaunchIndex>
          <IterationIndex>8</IterationIndex>
          <Operations>16384</Operations>
          <Nanoseconds>49100</Nanoseconds>
        </Measurement>
        <Measurement>
          <IterationMode>Overhead</IterationMode>
          <IterationStage>Warmup</IterationStage>
          <LaunchIndex>1</LaunchIndex>
          <IterationIndex>9</IterationIndex>
          <Operations>16384</Operations>
          <Nanoseconds>43200</Nanoseconds>
        </Measurement>
        <Measurement>
          <IterationMode>Overhead</IterationMode>
          <IterationStage>Actual</IterationStage>
          <LaunchIndex>1</LaunchIndex>
          <IterationIndex>1</IterationIndex>
          <Operations>16384</Operations>
          <Nanoseconds>87300</Nanoseconds>
        </Measurement>
        <Measurement>
          <IterationMode>Overhead</IterationMode>
          <IterationStage>Actual</IterationStage>
          <LaunchIndex>1</LaunchIndex>
          <IterationIndex>2</IterationIndex>
          <Operations>16384</Operations>
          <Nanoseconds>35000</Nanoseconds>
        </Measurement>
        <Measurement>
          <IterationMode>Overhead</IterationMode>
          <IterationStage>Actual</IterationStage>
          <LaunchIndex>1</LaunchIndex>
          <IterationIndex>3</IterationIndex>
          <Operations>16384</Operations>
          <Nanoseconds>44600</Nanoseconds>
        </Measurement>
        <Measurement>
          <IterationMode>Overhead</IterationMode>
          <IterationStage>Actual</IterationStage>
          <LaunchIndex>1</LaunchIndex>
          <IterationIndex>4</IterationIndex>
          <Operations>16384</Operations>
          <Nanoseconds>43100</Nanoseconds>
        </Measurement>
        <Measurement>
          <IterationMode>Overhead</IterationMode>
          <IterationStage>Actual</IterationStage>
          <LaunchIndex>1</LaunchIndex>
          <IterationIndex>5</IterationIndex>
          <Operations>16384</Operations>
          <Nanoseconds>54200</Nanoseconds>
        </Measurement>
        <Measurement>
          <IterationMode>Overhead</IterationMode>
          <IterationStage>Actual</IterationStage>
          <LaunchIndex>1</LaunchIndex>
          <IterationIndex>6</IterationIndex>
          <Operations>16384</Operations>
          <Nanoseconds>51900</Nanoseconds>
        </Measurement>
        <Measurement>
          <IterationMode>Overhead</IterationMode>
          <IterationStage>Actual</IterationStage>
          <LaunchIndex>1</LaunchIndex>
          <IterationIndex>7</IterationIndex>
          <Operations>16384</Operations>
          <Nanoseconds>60000</Nanoseconds>
        </Measurement>
        <Measurement>
          <IterationMode>Overhead</IterationMode>
          <IterationStage>Actual</IterationStage>
          <LaunchIndex>1</LaunchIndex>
          <IterationIndex>8</IterationIndex>
          <Operations>16384</Operations>
          <Nanoseconds>43800</Nanoseconds>
        </Measurement>
        <Measurement>
          <IterationMode>Overhead</IterationMode>
          <IterationStage>Actual</IterationStage>
          <LaunchIndex>1</LaunchIndex>
          <IterationIndex>9</IterationIndex>
          <Operations>16384</Operations>
          <Nanoseconds>42700</Nanoseconds>
        </Measurement>
        <Measurement>
          <IterationMode>Overhead</IterationMode>
          <IterationStage>Actual</IterationStage>
          <LaunchIndex>1</LaunchIndex>
          <IterationIndex>10</IterationIndex>
          <Operations>16384</Operations>
          <Nanoseconds>69200</Nanoseconds>
        </Measurement>
        <Measurement>
          <IterationMode>Overhead</IterationMode>
          <IterationStage>Actual</IterationStage>
          <LaunchIndex>1</LaunchIndex>
          <IterationIndex>11</IterationIndex>
          <Operations>16384</Operations>
          <Nanoseconds>41500</Nanoseconds>
        </Measurement>
        <Measurement>
          <IterationMode>Overhead</IterationMode>
          <IterationStage>Actual</IterationStage>
          <LaunchIndex>1</LaunchIndex>
          <IterationIndex>12</IterationIndex>
          <Operations>16384</Operations>
          <Nanoseconds>44500</Nanoseconds>
        </Measurement>
        <Measurement>
          <IterationMode>Overhead</IterationMode>
          <IterationStage>Actual</IterationStage>
          <LaunchIndex>1</LaunchIndex>
          <IterationIndex>13</IterationIndex>
          <Operations>16384</Operations>
          <Nanoseconds>45700</Nanoseconds>
        </Measurement>
        <Measurement>
          <IterationMode>Overhead</IterationMode>
          <IterationStage>Actual</IterationStage>
          <LaunchIndex>1</LaunchIndex>
          <IterationIndex>14</IterationIndex>
          <Operations>16384</Operations>
          <Nanoseconds>52900</Nanoseconds>
        </Measurement>
        <Measurement>
          <IterationMode>Overhead</IterationMode>
          <IterationStage>Actual</IterationStage>
          <LaunchIndex>1</LaunchIndex>
          <IterationIndex>15</IterationIndex>
          <Operations>16384</Operations>
          <Nanoseconds>43300</Nanoseconds>
        </Measurement>
        <Measurement>
          <IterationMode>Overhead</IterationMode>
          <IterationStage>Actual</IterationStage>
          <LaunchIndex>1</LaunchIndex>
          <IterationIndex>16</IterationIndex>
          <Operations>16384</Operations>
          <Nanoseconds>52200</Nanoseconds>
        </Measurement>
        <Measurement>
          <IterationMode>Overhead</IterationMode>
          <IterationStage>Actual</IterationStage>
          <LaunchIndex>1</LaunchIndex>
          <IterationIndex>17</IterationIndex>
          <Operations>16384</Operations>
          <Nanoseconds>48500</Nanoseconds>
        </Measurement>
        <Measurement>
          <IterationMode>Overhead</IterationMode>
          <IterationStage>Actual</IterationStage>
          <LaunchIndex>1</LaunchIndex>
          <IterationIndex>18</IterationIndex>
          <Operations>16384</Operations>
          <Nanoseconds>90300</Nanoseconds>
        </Measurement>
        <Measurement>
          <IterationMode>Overhead</IterationMode>
          <IterationStage>Actual</IterationStage>
          <LaunchIndex>1</LaunchIndex>
          <IterationIndex>19</IterationIndex>
          <Operations>16384</Operations>
          <Nanoseconds>56300</Nanoseconds>
        </Measurement>
        <Measurement>
          <IterationMode>Overhead</IterationMode>
          <IterationStage>Actual</IterationStage>
          <LaunchIndex>1</LaunchIndex>
          <IterationIndex>20</IterationIndex>
          <Operations>16384</Operations>
          <Nanoseconds>59200</Nanoseconds>
        </Measurement>
        <Measurement>
          <IterationMode>Workload</IterationMode>
          <IterationStage>Warmup</IterationStage>
          <LaunchIndex>1</LaunchIndex>
          <IterationIndex>1</IterationIndex>
          <Operations>16384</Operations>
          <Nanoseconds>1014255100</Nanoseconds>
        </Measurement>
        <Measurement>
          <IterationMode>Workload</IterationMode>
          <IterationStage>Warmup</IterationStage>
          <LaunchIndex>1</LaunchIndex>
          <IterationIndex>2</IterationIndex>
          <Operations>16384</Operations>
          <Nanoseconds>979585800</Nanoseconds>
        </Measurement>
        <Measurement>
          <IterationMode>Workload</IterationMode>
          <IterationStage>Warmup</IterationStage>
          <LaunchIndex>1</LaunchIndex>
          <IterationIndex>3</IterationIndex>
          <Operations>16384</Operations>
          <Nanoseconds>959192200</Nanoseconds>
        </Measurement>
        <Measurement>
          <IterationMode>Workload</IterationMode>
          <IterationStage>Warmup</IterationStage>
          <LaunchIndex>1</LaunchIndex>
          <IterationIndex>4</IterationIndex>
          <Operations>16384</Operations>
          <Nanoseconds>952778200</Nanoseconds>
        </Measurement>
        <Measurement>
          <IterationMode>Workload</IterationMode>
          <IterationStage>Warmup</IterationStage>
          <LaunchIndex>1</LaunchIndex>
          <IterationIndex>5</IterationIndex>
          <Operations>16384</Operations>
          <Nanoseconds>931713300</Nanoseconds>
        </Measurement>
        <Measurement>
          <IterationMode>Workload</IterationMode>
          <IterationStage>Warmup</IterationStage>
          <LaunchIndex>1</LaunchIndex>
          <IterationIndex>6</IterationIndex>
          <Operations>16384</Operations>
          <Nanoseconds>970719000</Nanoseconds>
        </Measurement>
        <Measurement>
          <IterationMode>Workload</IterationMode>
          <IterationStage>Warmup</IterationStage>
          <LaunchIndex>1</LaunchIndex>
          <IterationIndex>7</IterationIndex>
          <Operations>16384</Operations>
          <Nanoseconds>932923500</Nanoseconds>
        </Measurement>
        <Measurement>
          <IterationMode>Workload</IterationMode>
          <IterationStage>Warmup</IterationStage>
          <LaunchIndex>1</LaunchIndex>
          <IterationIndex>8</IterationIndex>
          <Operations>16384</Operations>
          <Nanoseconds>955662200</Nanoseconds>
        </Measurement>
        <Measurement>
          <IterationMode>Workload</IterationMode>
          <IterationStage>Warmup</IterationStage>
          <LaunchIndex>1</LaunchIndex>
          <IterationIndex>9</IterationIndex>
          <Operations>16384</Operations>
          <Nanoseconds>1064716800</Nanoseconds>
        </Measurement>
        <Measurement>
          <IterationMode>Workload</IterationMode>
          <IterationStage>Warmup</IterationStage>
          <LaunchIndex>1</LaunchIndex>
          <IterationIndex>10</IterationIndex>
          <Operations>16384</Operations>
          <Nanoseconds>950169400</Nanoseconds>
        </Measurement>
        <Measurement>
          <IterationMode>Workload</IterationMode>
          <IterationStage>Actual</IterationStage>
          <LaunchIndex>1</LaunchIndex>
          <IterationIndex>1</IterationIndex>
          <Operations>16384</Operations>
          <Nanoseconds>967222000</Nanoseconds>
        </Measurement>
        <Measurement>
          <IterationMode>Workload</IterationMode>
          <IterationStage>Actual</IterationStage>
          <LaunchIndex>1</LaunchIndex>
          <IterationIndex>2</IterationIndex>
          <Operations>16384</Operations>
          <Nanoseconds>1001728900</Nanoseconds>
        </Measurement>
        <Measurement>
          <IterationMode>Workload</IterationMode>
          <IterationStage>Actual</IterationStage>
          <LaunchIndex>1</LaunchIndex>
          <IterationIndex>3</IterationIndex>
          <Operations>16384</Operations>
          <Nanoseconds>1001950300</Nanoseconds>
        </Measurement>
        <Measurement>
          <IterationMode>Workload</IterationMode>
          <IterationStage>Actual</IterationStage>
          <LaunchIndex>1</LaunchIndex>
          <IterationIndex>4</IterationIndex>
          <Operations>16384</Operations>
          <Nanoseconds>937828100</Nanoseconds>
        </Measurement>
        <Measurement>
          <IterationMode>Workload</IterationMode>
          <IterationStage>Actual</IterationStage>
          <LaunchIndex>1</LaunchIndex>
          <IterationIndex>5</IterationIndex>
          <Operations>16384</Operations>
          <Nanoseconds>972473800</Nanoseconds>
        </Measurement>
        <Measurement>
          <IterationMode>Workload</IterationMode>
          <IterationStage>Actual</IterationStage>
          <LaunchIndex>1</LaunchIndex>
          <IterationIndex>6</IterationIndex>
          <Operations>16384</Operations>
          <Nanoseconds>974703800</Nanoseconds>
        </Measurement>
        <Measurement>
          <IterationMode>Workload</IterationMode>
          <IterationStage>Actual</IterationStage>
          <LaunchIndex>1</LaunchIndex>
          <IterationIndex>7</IterationIndex>
          <Operations>16384</Operations>
          <Nanoseconds>985526800</Nanoseconds>
        </Measurement>
        <Measurement>
          <IterationMode>Workload</IterationMode>
          <IterationStage>Actual</IterationStage>
          <LaunchIndex>1</LaunchIndex>
          <IterationIndex>8</IterationIndex>
          <Operations>16384</Operations>
          <Nanoseconds>969303300</Nanoseconds>
        </Measurement>
        <Measurement>
          <IterationMode>Workload</IterationMode>
          <IterationStage>Actual</IterationStage>
          <LaunchIndex>1</LaunchIndex>
          <IterationIndex>9</IterationIndex>
          <Operations>16384</Operations>
          <Nanoseconds>929744400</Nanoseconds>
        </Measurement>
        <Measurement>
          <IterationMode>Workload</IterationMode>
          <IterationStage>Actual</IterationStage>
          <LaunchIndex>1</LaunchIndex>
          <IterationIndex>10</IterationIndex>
          <Operations>16384</Operations>
          <Nanoseconds>936298300</Nanoseconds>
        </Measurement>
        <Measurement>
          <IterationMode>Workload</IterationMode>
          <IterationStage>Actual</IterationStage>
          <LaunchIndex>1</LaunchIndex>
          <IterationIndex>11</IterationIndex>
          <Operations>16384</Operations>
          <Nanoseconds>944051400</Nanoseconds>
        </Measurement>
        <Measurement>
          <IterationMode>Workload</IterationMode>
          <IterationStage>Actual</IterationStage>
          <LaunchIndex>1</LaunchIndex>
          <IterationIndex>12</IterationIndex>
          <Operations>16384</Operations>
          <Nanoseconds>989837400</Nanoseconds>
        </Measurement>
        <Measurement>
          <IterationMode>Workload</IterationMode>
          <IterationStage>Actual</IterationStage>
          <LaunchIndex>1</LaunchIndex>
          <IterationIndex>13</IterationIndex>
          <Operations>16384</Operations>
          <Nanoseconds>944379200</Nanoseconds>
        </Measurement>
        <Measurement>
          <IterationMode>Workload</IterationMode>
          <IterationStage>Actual</IterationStage>
          <LaunchIndex>1</LaunchIndex>
          <IterationIndex>14</IterationIndex>
          <Operations>16384</Operations>
          <Nanoseconds>933366700</Nanoseconds>
        </Measurement>
        <Measurement>
          <IterationMode>Workload</IterationMode>
          <IterationStage>Actual</IterationStage>
          <LaunchIndex>1</LaunchIndex>
          <IterationIndex>15</IterationIndex>
          <Operations>16384</Operations>
          <Nanoseconds>936816500</Nanoseconds>
        </Measurement>
        <Measurement>
          <IterationMode>Workload</IterationMode>
          <IterationStage>Actual</IterationStage>
          <LaunchIndex>1</LaunchIndex>
          <IterationIndex>16</IterationIndex>
          <Operations>16384</Operations>
          <Nanoseconds>971852700</Nanoseconds>
        </Measurement>
        <Measurement>
          <IterationMode>Workload</IterationMode>
          <IterationStage>Actual</IterationStage>
          <LaunchIndex>1</LaunchIndex>
          <IterationIndex>17</IterationIndex>
          <Operations>16384</Operations>
          <Nanoseconds>996102600</Nanoseconds>
        </Measurement>
        <Measurement>
          <IterationMode>Workload</IterationMode>
          <IterationStage>Actual</IterationStage>
          <LaunchIndex>1</LaunchIndex>
          <IterationIndex>18</IterationIndex>
          <Operations>16384</Operations>
          <Nanoseconds>966947200</Nanoseconds>
        </Measurement>
        <Measurement>
          <IterationMode>Workload</IterationMode>
          <IterationStage>Actual</IterationStage>
          <LaunchIndex>1</LaunchIndex>
          <IterationIndex>19</IterationIndex>
          <Operations>16384</Operations>
          <Nanoseconds>931292100</Nanoseconds>
        </Measurement>
        <Measurement>
          <IterationMode>Workload</IterationMode>
          <IterationStage>Actual</IterationStage>
          <LaunchIndex>1</LaunchIndex>
          <IterationIndex>20</IterationIndex>
          <Operations>16384</Operations>
          <Nanoseconds>952732400</Nanoseconds>
        </Measurement>
        <Measurement>
          <IterationMode>Workload</IterationMode>
          <IterationStage>Actual</IterationStage>
          <LaunchIndex>1</LaunchIndex>
          <IterationIndex>21</IterationIndex>
          <Operations>16384</Operations>
          <Nanoseconds>960243700</Nanoseconds>
        </Measurement>
        <Measurement>
          <IterationMode>Workload</IterationMode>
          <IterationStage>Actual</IterationStage>
          <LaunchIndex>1</LaunchIndex>
          <IterationIndex>22</IterationIndex>
          <Operations>16384</Operations>
          <Nanoseconds>988311100</Nanoseconds>
        </Measurement>
        <Measurement>
          <IterationMode>Workload</IterationMode>
          <IterationStage>Actual</IterationStage>
          <LaunchIndex>1</LaunchIndex>
          <IterationIndex>23</IterationIndex>
          <Operations>16384</Operations>
          <Nanoseconds>955421200</Nanoseconds>
        </Measurement>
        <Measurement>
          <IterationMode>Workload</IterationMode>
          <IterationStage>Result</IterationStage>
          <LaunchIndex>1</LaunchIndex>
          <IterationIndex>1</IterationIndex>
          <Operations>16384</Operations>
          <Nanoseconds>967171800</Nanoseconds>
        </Measurement>
        <Measurement>
          <IterationMode>Workload</IterationMode>
          <IterationStage>Result</IterationStage>
          <LaunchIndex>1</LaunchIndex>
          <IterationIndex>2</IterationIndex>
          <Operations>16384</Operations>
          <Nanoseconds>1001678700</Nanoseconds>
        </Measurement>
        <Measurement>
          <IterationMode>Workload</IterationMode>
          <IterationStage>Result</IterationStage>
          <LaunchIndex>1</LaunchIndex>
          <IterationIndex>3</IterationIndex>
          <Operations>16384</Operations>
          <Nanoseconds>1001900100</Nanoseconds>
        </Measurement>
        <Measurement>
          <IterationMode>Workload</IterationMode>
          <IterationStage>Result</IterationStage>
          <LaunchIndex>1</LaunchIndex>
          <IterationIndex>4</IterationIndex>
          <Operations>16384</Operations>
          <Nanoseconds>937777900</Nanoseconds>
        </Measurement>
        <Measurement>
          <IterationMode>Workload</IterationMode>
          <IterationStage>Result</IterationStage>
          <LaunchIndex>1</LaunchIndex>
          <IterationIndex>5</IterationIndex>
          <Operations>16384</Operations>
          <Nanoseconds>972423600</Nanoseconds>
        </Measurement>
        <Measurement>
          <IterationMode>Workload</IterationMode>
          <IterationStage>Result</IterationStage>
          <LaunchIndex>1</LaunchIndex>
          <IterationIndex>6</IterationIndex>
          <Operations>16384</Operations>
          <Nanoseconds>974653600</Nanoseconds>
        </Measurement>
        <Measurement>
          <IterationMode>Workload</IterationMode>
          <IterationStage>Result</IterationStage>
          <LaunchIndex>1</LaunchIndex>
          <IterationIndex>7</IterationIndex>
          <Operations>16384</Operations>
          <Nanoseconds>985476600</Nanoseconds>
        </Measurement>
        <Measurement>
          <IterationMode>Workload</IterationMode>
          <IterationStage>Result</IterationStage>
          <LaunchIndex>1</LaunchIndex>
          <IterationIndex>8</IterationIndex>
          <Operations>16384</Operations>
          <Nanoseconds>969253100</Nanoseconds>
        </Measurement>
        <Measurement>
          <IterationMode>Workload</IterationMode>
          <IterationStage>Result</IterationStage>
          <LaunchIndex>1</LaunchIndex>
          <IterationIndex>9</IterationIndex>
          <Operations>16384</Operations>
          <Nanoseconds>929694200</Nanoseconds>
        </Measurement>
        <Measurement>
          <IterationMode>Workload</IterationMode>
          <IterationStage>Result</IterationStage>
          <LaunchIndex>1</LaunchIndex>
          <IterationIndex>10</IterationIndex>
          <Operations>16384</Operations>
          <Nanoseconds>936248100</Nanoseconds>
        </Measurement>
        <Measurement>
          <IterationMode>Workload</IterationMode>
          <IterationStage>Result</IterationStage>
          <LaunchIndex>1</LaunchIndex>
          <IterationIndex>11</IterationIndex>
          <Operations>16384</Operations>
          <Nanoseconds>944001200</Nanoseconds>
        </Measurement>
        <Measurement>
          <IterationMode>Workload</IterationMode>
          <IterationStage>Result</IterationStage>
          <LaunchIndex>1</LaunchIndex>
          <IterationIndex>12</IterationIndex>
          <Operations>16384</Operations>
          <Nanoseconds>989787200</Nanoseconds>
        </Measurement>
        <Measurement>
          <IterationMode>Workload</IterationMode>
          <IterationStage>Result</IterationStage>
          <LaunchIndex>1</LaunchIndex>
          <IterationIndex>13</IterationIndex>
          <Operations>16384</Operations>
          <Nanoseconds>944329000</Nanoseconds>
        </Measurement>
        <Measurement>
          <IterationMode>Workload</IterationMode>
          <IterationStage>Result</IterationStage>
          <LaunchIndex>1</LaunchIndex>
          <IterationIndex>14</IterationIndex>
          <Operations>16384</Operations>
          <Nanoseconds>933316500</Nanoseconds>
        </Measurement>
        <Measurement>
          <IterationMode>Workload</IterationMode>
          <IterationStage>Result</IterationStage>
          <LaunchIndex>1</LaunchIndex>
          <IterationIndex>15</IterationIndex>
          <Operations>16384</Operations>
          <Nanoseconds>936766300</Nanoseconds>
        </Measurement>
        <Measurement>
          <IterationMode>Workload</IterationMode>
          <IterationStage>Result</IterationStage>
          <LaunchIndex>1</LaunchIndex>
          <IterationIndex>16</IterationIndex>
          <Operations>16384</Operations>
          <Nanoseconds>971802500</Nanoseconds>
        </Measurement>
        <Measurement>
          <IterationMode>Workload</IterationMode>
          <IterationStage>Result</IterationStage>
          <LaunchIndex>1</LaunchIndex>
          <IterationIndex>17</IterationIndex>
          <Operations>16384</Operations>
          <Nanoseconds>996052400</Nanoseconds>
        </Measurement>
        <Measurement>
          <IterationMode>Workload</IterationMode>
          <IterationStage>Result</IterationStage>
          <LaunchIndex>1</LaunchIndex>
          <IterationIndex>18</IterationIndex>
          <Operations>16384</Operations>
          <Nanoseconds>966897000</Nanoseconds>
        </Measurement>
        <Measurement>
          <IterationMode>Workload</IterationMode>
          <IterationStage>Result</IterationStage>
          <LaunchIndex>1</LaunchIndex>
          <IterationIndex>19</IterationIndex>
          <Operations>16384</Operations>
          <Nanoseconds>931241900</Nanoseconds>
        </Measurement>
        <Measurement>
          <IterationMode>Workload</IterationMode>
          <IterationStage>Result</IterationStage>
          <LaunchIndex>1</LaunchIndex>
          <IterationIndex>20</IterationIndex>
          <Operations>16384</Operations>
          <Nanoseconds>952682200</Nanoseconds>
        </Measurement>
        <Measurement>
          <IterationMode>Workload</IterationMode>
          <IterationStage>Result</IterationStage>
          <LaunchIndex>1</LaunchIndex>
          <IterationIndex>21</IterationIndex>
          <Operations>16384</Operations>
          <Nanoseconds>960193500</Nanoseconds>
        </Measurement>
        <Measurement>
          <IterationMode>Workload</IterationMode>
          <IterationStage>Result</IterationStage>
          <LaunchIndex>1</LaunchIndex>
          <IterationIndex>22</IterationIndex>
          <Operations>16384</Operations>
          <Nanoseconds>988260900</Nanoseconds>
        </Measurement>
        <Measurement>
          <IterationMode>Workload</IterationMode>
          <IterationStage>Result</IterationStage>
          <LaunchIndex>1</LaunchIndex>
          <IterationIndex>23</IterationIndex>
          <Operations>16384</Operations>
          <Nanoseconds>955371000</Nanoseconds>
        </Measurement>
      </Measurements>
    </BenchmarkCase>
    <BenchmarkCase>
      <DisplayInfo>DirectoryHelperBenchmark.SetFileAttributesToNormal: Job-WZHGWU(EvaluateOverhead=True, Runtime=.NET 6.0, Server=True)</DisplayInfo>
      <Namespace>DotNetTips.Spargine.BenchmarkTests.IO</Namespace>
      <Type>DirectoryHelperBenchmark</Type>
      <Method>SetFileAttributesToNormal01</Method>
      <MethodTitle>SetFileAttributesToNormal</MethodTitle>
      <Statistics>
        <OriginalValues>
          <Item>175483.72802734375</Item>
          <Item>170281.72607421875</Item>
          <Item>168012.36572265625</Item>
          <Item>168076.91650390625</Item>
          <Item>170374.91455078125</Item>
          <Item>166264.51416015625</Item>
          <Item>169064.00146484375</Item>
          <Item>171916.78466796875</Item>
          <Item>167293.07861328125</Item>
          <Item>170359.94873046875</Item>
          <Item>170133.45947265625</Item>
          <Item>166317.46826171875</Item>
          <Item>167450.35400390625</Item>
        </OriginalValues>
        <N>13</N>
        <Min>166264.51416015625</Min>
        <LowerFence>163085.9619140625</LowerFence>
        <Q1>167450.35400390625</Q1>
        <Median>169064.00146484375</Median>
        <Mean>169309.9430964543</Mean>
        <Q3>170359.94873046875</Q3>
        <UpperFence>174724.3408203125</UpperFence>
        <Max>175483.72802734375</Max>
        <InterquartileRange>2909.5947265625</InterquartileRange>
        <UpperOutliers>
          <Item>175483.72802734375</Item>
        </UpperOutliers>
        <AllOutliers>
          <Outlier>175483.72802734375</Outlier>
        </AllOutliers>
        <StandardError>706.1559292641675</StandardError>
        <Variance>6482530.553654219</Variance>
        <StandardDeviation>2546.0814114348777</StandardDeviation>
        <Skewness>0.8534587980972748</Skewness>
        <Kurtosis>3.116773859780082</Kurtosis>
        <ConfidenceInterval>
          <N>13</N>
          <Mean>169309.9430964543</Mean>
          <StandardError>706.1559292641675</StandardError>
          <Level>L999</Level>
          <Margin>3049.0339161570346</Margin>
          <Lower>166260.90918029728</Lower>
          <Upper>172358.97701261134</Upper>
        </ConfidenceInterval>
        <Percentiles>
          <P0>166264.51416015625</P0>
          <P25>167450.35400390625</P25>
          <P50>169064.00146484375</P50>
          <P67>170284.85498046875</P67>
          <P80>170368.92822265625</P80>
          <P85>170683.28857421875</P85>
          <P90>171608.41064453125</P90>
          <P95>173343.56201171875</P95>
          <P100>175483.72802734375</P100>
        </Percentiles>
      </Statistics>
      <Memory>
        <Gen0Collections>0</Gen0Collections>
        <Gen1Collections>0</Gen1Collections>
        <Gen2Collections>0</Gen2Collections>
        <TotalOperations>4096</TotalOperations>
      </Memory>
      <Measurements>
        <Measurement>
          <IterationMode>Overhead</IterationMode>
          <IterationStage>Jitting</IterationStage>
          <LaunchIndex>1</LaunchIndex>
          <IterationIndex>1</IterationIndex>
          <Operations>1</Operations>
          <Nanoseconds>319200</Nanoseconds>
        </Measurement>
        <Measurement>
          <IterationMode>Workload</IterationMode>
          <IterationStage>Jitting</IterationStage>
          <LaunchIndex>1</LaunchIndex>
          <IterationIndex>1</IterationIndex>
          <Operations>1</Operations>
          <Nanoseconds>4396800</Nanoseconds>
        </Measurement>
        <Measurement>
          <IterationMode>Overhead</IterationMode>
          <IterationStage>Jitting</IterationStage>
          <LaunchIndex>1</LaunchIndex>
          <IterationIndex>2</IterationIndex>
          <Operations>16</Operations>
          <Nanoseconds>317700</Nanoseconds>
        </Measurement>
        <Measurement>
          <IterationMode>Workload</IterationMode>
          <IterationStage>Jitting</IterationStage>
          <LaunchIndex>1</LaunchIndex>
          <IterationIndex>2</IterationIndex>
          <Operations>16</Operations>
          <Nanoseconds>4305300</Nanoseconds>
        </Measurement>
        <Measurement>
          <IterationMode>Workload</IterationMode>
          <IterationStage>Pilot</IterationStage>
          <LaunchIndex>1</LaunchIndex>
          <IterationIndex>1</IterationIndex>
          <Operations>16</Operations>
          <Nanoseconds>3362400</Nanoseconds>
        </Measurement>
        <Measurement>
          <IterationMode>Workload</IterationMode>
          <IterationStage>Pilot</IterationStage>
          <LaunchIndex>1</LaunchIndex>
          <IterationIndex>2</IterationIndex>
          <Operations>32</Operations>
          <Nanoseconds>8396000</Nanoseconds>
        </Measurement>
        <Measurement>
          <IterationMode>Workload</IterationMode>
          <IterationStage>Pilot</IterationStage>
          <LaunchIndex>1</LaunchIndex>
          <IterationIndex>3</IterationIndex>
          <Operations>64</Operations>
          <Nanoseconds>14447000</Nanoseconds>
        </Measurement>
        <Measurement>
          <IterationMode>Workload</IterationMode>
          <IterationStage>Pilot</IterationStage>
          <LaunchIndex>1</LaunchIndex>
          <IterationIndex>4</IterationIndex>
          <Operations>128</Operations>
          <Nanoseconds>32730400</Nanoseconds>
        </Measurement>
        <Measurement>
          <IterationMode>Workload</IterationMode>
          <IterationStage>Pilot</IterationStage>
          <LaunchIndex>1</LaunchIndex>
          <IterationIndex>5</IterationIndex>
          <Operations>256</Operations>
          <Nanoseconds>53507900</Nanoseconds>
        </Measurement>
        <Measurement>
          <IterationMode>Workload</IterationMode>
          <IterationStage>Pilot</IterationStage>
          <LaunchIndex>1</LaunchIndex>
          <IterationIndex>6</IterationIndex>
          <Operations>512</Operations>
          <Nanoseconds>115872200</Nanoseconds>
        </Measurement>
        <Measurement>
          <IterationMode>Workload</IterationMode>
          <IterationStage>Pilot</IterationStage>
          <LaunchIndex>1</LaunchIndex>
          <IterationIndex>7</IterationIndex>
          <Operations>1024</Operations>
          <Nanoseconds>202713200</Nanoseconds>
        </Measurement>
        <Measurement>
          <IterationMode>Workload</IterationMode>
          <IterationStage>Pilot</IterationStage>
          <LaunchIndex>1</LaunchIndex>
          <IterationIndex>8</IterationIndex>
          <Operations>2048</Operations>
          <Nanoseconds>371303000</Nanoseconds>
        </Measurement>
        <Measurement>
          <IterationMode>Workload</IterationMode>
          <IterationStage>Pilot</IterationStage>
          <LaunchIndex>1</LaunchIndex>
          <IterationIndex>9</IterationIndex>
          <Operations>4096</Operations>
          <Nanoseconds>720534000</Nanoseconds>
        </Measurement>
        <Measurement>
          <IterationMode>Overhead</IterationMode>
          <IterationStage>Warmup</IterationStage>
          <LaunchIndex>1</LaunchIndex>
          <IterationIndex>1</IterationIndex>
          <Operations>4096</Operations>
          <Nanoseconds>16600</Nanoseconds>
        </Measurement>
        <Measurement>
          <IterationMode>Overhead</IterationMode>
          <IterationStage>Warmup</IterationStage>
          <LaunchIndex>1</LaunchIndex>
          <IterationIndex>2</IterationIndex>
          <Operations>4096</Operations>
          <Nanoseconds>14000</Nanoseconds>
        </Measurement>
        <Measurement>
          <IterationMode>Overhead</IterationMode>
          <IterationStage>Warmup</IterationStage>
          <LaunchIndex>1</LaunchIndex>
          <IterationIndex>3</IterationIndex>
          <Operations>4096</Operations>
          <Nanoseconds>13400</Nanoseconds>
        </Measurement>
        <Measurement>
          <IterationMode>Overhead</IterationMode>
          <IterationStage>Warmup</IterationStage>
          <LaunchIndex>1</LaunchIndex>
          <IterationIndex>4</IterationIndex>
          <Operations>4096</Operations>
          <Nanoseconds>12300</Nanoseconds>
        </Measurement>
        <Measurement>
          <IterationMode>Overhead</IterationMode>
          <IterationStage>Warmup</IterationStage>
          <LaunchIndex>1</LaunchIndex>
          <IterationIndex>5</IterationIndex>
          <Operations>4096</Operations>
          <Nanoseconds>13400</Nanoseconds>
        </Measurement>
        <Measurement>
          <IterationMode>Overhead</IterationMode>
          <IterationStage>Warmup</IterationStage>
          <LaunchIndex>1</LaunchIndex>
          <IterationIndex>6</IterationIndex>
          <Operations>4096</Operations>
          <Nanoseconds>13600</Nanoseconds>
        </Measurement>
        <Measurement>
          <IterationMode>Overhead</IterationMode>
          <IterationStage>Warmup</IterationStage>
          <LaunchIndex>1</LaunchIndex>
          <IterationIndex>7</IterationIndex>
          <Operations>4096</Operations>
          <Nanoseconds>11000</Nanoseconds>
        </Measurement>
        <Measurement>
          <IterationMode>Overhead</IterationMode>
          <IterationStage>Warmup</IterationStage>
          <LaunchIndex>1</LaunchIndex>
          <IterationIndex>8</IterationIndex>
          <Operations>4096</Operations>
          <Nanoseconds>14500</Nanoseconds>
        </Measurement>
        <Measurement>
          <IterationMode>Overhead</IterationMode>
          <IterationStage>Warmup</IterationStage>
          <LaunchIndex>1</LaunchIndex>
          <IterationIndex>9</IterationIndex>
          <Operations>4096</Operations>
          <Nanoseconds>11200</Nanoseconds>
        </Measurement>
        <Measurement>
          <IterationMode>Overhead</IterationMode>
          <IterationStage>Actual</IterationStage>
          <LaunchIndex>1</LaunchIndex>
          <IterationIndex>1</IterationIndex>
          <Operations>4096</Operations>
          <Nanoseconds>10900</Nanoseconds>
        </Measurement>
        <Measurement>
          <IterationMode>Overhead</IterationMode>
          <IterationStage>Actual</IterationStage>
          <LaunchIndex>1</LaunchIndex>
          <IterationIndex>2</IterationIndex>
          <Operations>4096</Operations>
          <Nanoseconds>15100</Nanoseconds>
        </Measurement>
        <Measurement>
          <IterationMode>Overhead</IterationMode>
          <IterationStage>Actual</IterationStage>
          <LaunchIndex>1</LaunchIndex>
          <IterationIndex>3</IterationIndex>
          <Operations>4096</Operations>
          <Nanoseconds>10100</Nanoseconds>
        </Measurement>
        <Measurement>
          <IterationMode>Overhead</IterationMode>
          <IterationStage>Actual</IterationStage>
          <LaunchIndex>1</LaunchIndex>
          <IterationIndex>4</IterationIndex>
          <Operations>4096</Operations>
          <Nanoseconds>9500</Nanoseconds>
        </Measurement>
        <Measurement>
          <IterationMode>Overhead</IterationMode>
          <IterationStage>Actual</IterationStage>
          <LaunchIndex>1</LaunchIndex>
          <IterationIndex>5</IterationIndex>
          <Operations>4096</Operations>
          <Nanoseconds>14600</Nanoseconds>
        </Measurement>
        <Measurement>
          <IterationMode>Overhead</IterationMode>
          <IterationStage>Actual</IterationStage>
          <LaunchIndex>1</LaunchIndex>
          <IterationIndex>6</IterationIndex>
          <Operations>4096</Operations>
          <Nanoseconds>17200</Nanoseconds>
        </Measurement>
        <Measurement>
          <IterationMode>Overhead</IterationMode>
          <IterationStage>Actual</IterationStage>
          <LaunchIndex>1</LaunchIndex>
          <IterationIndex>7</IterationIndex>
          <Operations>4096</Operations>
          <Nanoseconds>13200</Nanoseconds>
        </Measurement>
        <Measurement>
          <IterationMode>Overhead</IterationMode>
          <IterationStage>Actual</IterationStage>
          <LaunchIndex>1</LaunchIndex>
          <IterationIndex>8</IterationIndex>
          <Operations>4096</Operations>
          <Nanoseconds>16100</Nanoseconds>
        </Measurement>
        <Measurement>
          <IterationMode>Overhead</IterationMode>
          <IterationStage>Actual</IterationStage>
          <LaunchIndex>1</LaunchIndex>
          <IterationIndex>9</IterationIndex>
          <Operations>4096</Operations>
          <Nanoseconds>13700</Nanoseconds>
        </Measurement>
        <Measurement>
          <IterationMode>Overhead</IterationMode>
          <IterationStage>Actual</IterationStage>
          <LaunchIndex>1</LaunchIndex>
          <IterationIndex>10</IterationIndex>
          <Operations>4096</Operations>
          <Nanoseconds>13500</Nanoseconds>
        </Measurement>
        <Measurement>
          <IterationMode>Overhead</IterationMode>
          <IterationStage>Actual</IterationStage>
          <LaunchIndex>1</LaunchIndex>
          <IterationIndex>11</IterationIndex>
          <Operations>4096</Operations>
          <Nanoseconds>13600</Nanoseconds>
        </Measurement>
        <Measurement>
          <IterationMode>Overhead</IterationMode>
          <IterationStage>Actual</IterationStage>
          <LaunchIndex>1</LaunchIndex>
          <IterationIndex>12</IterationIndex>
          <Operations>4096</Operations>
          <Nanoseconds>16400</Nanoseconds>
        </Measurement>
        <Measurement>
          <IterationMode>Overhead</IterationMode>
          <IterationStage>Actual</IterationStage>
          <LaunchIndex>1</LaunchIndex>
          <IterationIndex>13</IterationIndex>
          <Operations>4096</Operations>
          <Nanoseconds>12600</Nanoseconds>
        </Measurement>
        <Measurement>
          <IterationMode>Overhead</IterationMode>
          <IterationStage>Actual</IterationStage>
          <LaunchIndex>1</LaunchIndex>
          <IterationIndex>14</IterationIndex>
          <Operations>4096</Operations>
          <Nanoseconds>12900</Nanoseconds>
        </Measurement>
        <Measurement>
          <IterationMode>Overhead</IterationMode>
          <IterationStage>Actual</IterationStage>
          <LaunchIndex>1</LaunchIndex>
          <IterationIndex>15</IterationIndex>
          <Operations>4096</Operations>
          <Nanoseconds>18600</Nanoseconds>
        </Measurement>
        <Measurement>
          <IterationMode>Overhead</IterationMode>
          <IterationStage>Actual</IterationStage>
          <LaunchIndex>1</LaunchIndex>
          <IterationIndex>16</IterationIndex>
          <Operations>4096</Operations>
          <Nanoseconds>15300</Nanoseconds>
        </Measurement>
        <Measurement>
          <IterationMode>Overhead</IterationMode>
          <IterationStage>Actual</IterationStage>
          <LaunchIndex>1</LaunchIndex>
          <IterationIndex>17</IterationIndex>
          <Operations>4096</Operations>
          <Nanoseconds>17600</Nanoseconds>
        </Measurement>
        <Measurement>
          <IterationMode>Overhead</IterationMode>
          <IterationStage>Actual</IterationStage>
          <LaunchIndex>1</LaunchIndex>
          <IterationIndex>18</IterationIndex>
          <Operations>4096</Operations>
          <Nanoseconds>12300</Nanoseconds>
        </Measurement>
        <Measurement>
          <IterationMode>Overhead</IterationMode>
          <IterationStage>Actual</IterationStage>
          <LaunchIndex>1</LaunchIndex>
          <IterationIndex>19</IterationIndex>
          <Operations>4096</Operations>
          <Nanoseconds>12700</Nanoseconds>
        </Measurement>
        <Measurement>
          <IterationMode>Overhead</IterationMode>
          <IterationStage>Actual</IterationStage>
          <LaunchIndex>1</LaunchIndex>
          <IterationIndex>20</IterationIndex>
          <Operations>4096</Operations>
          <Nanoseconds>15900</Nanoseconds>
        </Measurement>
        <Measurement>
          <IterationMode>Workload</IterationMode>
          <IterationStage>Warmup</IterationStage>
          <LaunchIndex>1</LaunchIndex>
          <IterationIndex>1</IterationIndex>
          <Operations>4096</Operations>
          <Nanoseconds>717617700</Nanoseconds>
        </Measurement>
        <Measurement>
          <IterationMode>Workload</IterationMode>
          <IterationStage>Warmup</IterationStage>
          <LaunchIndex>1</LaunchIndex>
          <IterationIndex>2</IterationIndex>
          <Operations>4096</Operations>
          <Nanoseconds>711318100</Nanoseconds>
        </Measurement>
        <Measurement>
          <IterationMode>Workload</IterationMode>
          <IterationStage>Warmup</IterationStage>
          <LaunchIndex>1</LaunchIndex>
          <IterationIndex>3</IterationIndex>
          <Operations>4096</Operations>
          <Nanoseconds>696760000</Nanoseconds>
        </Measurement>
        <Measurement>
          <IterationMode>Workload</IterationMode>
          <IterationStage>Warmup</IterationStage>
          <LaunchIndex>1</LaunchIndex>
          <IterationIndex>4</IterationIndex>
          <Operations>4096</Operations>
          <Nanoseconds>703830800</Nanoseconds>
        </Measurement>
        <Measurement>
          <IterationMode>Workload</IterationMode>
          <IterationStage>Warmup</IterationStage>
          <LaunchIndex>1</LaunchIndex>
          <IterationIndex>5</IterationIndex>
          <Operations>4096</Operations>
          <Nanoseconds>701916500</Nanoseconds>
        </Measurement>
        <Measurement>
          <IterationMode>Workload</IterationMode>
          <IterationStage>Warmup</IterationStage>
          <LaunchIndex>1</LaunchIndex>
          <IterationIndex>6</IterationIndex>
          <Operations>4096</Operations>
          <Nanoseconds>728147900</Nanoseconds>
        </Measurement>
        <Measurement>
          <IterationMode>Workload</IterationMode>
          <IterationStage>Warmup</IterationStage>
          <LaunchIndex>1</LaunchIndex>
          <IterationIndex>7</IterationIndex>
          <Operations>4096</Operations>
          <Nanoseconds>700401300</Nanoseconds>
        </Measurement>
        <Measurement>
          <IterationMode>Workload</IterationMode>
          <IterationStage>Actual</IterationStage>
          <LaunchIndex>1</LaunchIndex>
          <IterationIndex>1</IterationIndex>
          <Operations>4096</Operations>
          <Nanoseconds>718795000</Nanoseconds>
        </Measurement>
        <Measurement>
          <IterationMode>Workload</IterationMode>
          <IterationStage>Actual</IterationStage>
          <LaunchIndex>1</LaunchIndex>
          <IterationIndex>2</IterationIndex>
          <Operations>4096</Operations>
          <Nanoseconds>697487600</Nanoseconds>
        </Measurement>
        <Measurement>
          <IterationMode>Workload</IterationMode>
          <IterationStage>Actual</IterationStage>
          <LaunchIndex>1</LaunchIndex>
          <IterationIndex>3</IterationIndex>
          <Operations>4096</Operations>
          <Nanoseconds>688192300</Nanoseconds>
        </Measurement>
        <Measurement>
          <IterationMode>Workload</IterationMode>
          <IterationStage>Actual</IterationStage>
          <LaunchIndex>1</LaunchIndex>
          <IterationIndex>4</IterationIndex>
          <Operations>4096</Operations>
          <Nanoseconds>688456700</Nanoseconds>
        </Measurement>
        <Measurement>
          <IterationMode>Workload</IterationMode>
          <IterationStage>Actual</IterationStage>
          <LaunchIndex>1</LaunchIndex>
          <IterationIndex>5</IterationIndex>
          <Operations>4096</Operations>
          <Nanoseconds>697869300</Nanoseconds>
        </Measurement>
        <Measurement>
          <IterationMode>Workload</IterationMode>
          <IterationStage>Actual</IterationStage>
          <LaunchIndex>1</LaunchIndex>
          <IterationIndex>6</IterationIndex>
          <Operations>4096</Operations>
          <Nanoseconds>738804000</Nanoseconds>
        </Measurement>
        <Measurement>
          <IterationMode>Workload</IterationMode>
          <IterationStage>Actual</IterationStage>
          <LaunchIndex>1</LaunchIndex>
          <IterationIndex>7</IterationIndex>
          <Operations>4096</Operations>
          <Nanoseconds>681033100</Nanoseconds>
        </Measurement>
        <Measurement>
          <IterationMode>Workload</IterationMode>
          <IterationStage>Actual</IterationStage>
          <LaunchIndex>1</LaunchIndex>
          <IterationIndex>8</IterationIndex>
          <Operations>4096</Operations>
          <Nanoseconds>692499800</Nanoseconds>
        </Measurement>
        <Measurement>
          <IterationMode>Workload</IterationMode>
          <IterationStage>Actual</IterationStage>
          <LaunchIndex>1</LaunchIndex>
          <IterationIndex>9</IterationIndex>
          <Operations>4096</Operations>
          <Nanoseconds>704184800</Nanoseconds>
        </Measurement>
        <Measurement>
          <IterationMode>Workload</IterationMode>
          <IterationStage>Actual</IterationStage>
          <LaunchIndex>1</LaunchIndex>
          <IterationIndex>10</IterationIndex>
          <Operations>4096</Operations>
          <Nanoseconds>685246100</Nanoseconds>
        </Measurement>
        <Measurement>
          <IterationMode>Workload</IterationMode>
          <IterationStage>Actual</IterationStage>
          <LaunchIndex>1</LaunchIndex>
          <IterationIndex>11</IterationIndex>
          <Operations>4096</Operations>
          <Nanoseconds>697808000</Nanoseconds>
        </Measurement>
        <Measurement>
          <IterationMode>Workload</IterationMode>
          <IterationStage>Actual</IterationStage>
          <LaunchIndex>1</LaunchIndex>
          <IterationIndex>12</IterationIndex>
          <Operations>4096</Operations>
          <Nanoseconds>696880300</Nanoseconds>
        </Measurement>
        <Measurement>
          <IterationMode>Workload</IterationMode>
          <IterationStage>Actual</IterationStage>
          <LaunchIndex>1</LaunchIndex>
          <IterationIndex>13</IterationIndex>
          <Operations>4096</Operations>
          <Nanoseconds>732084200</Nanoseconds>
        </Measurement>
        <Measurement>
          <IterationMode>Workload</IterationMode>
          <IterationStage>Actual</IterationStage>
          <LaunchIndex>1</LaunchIndex>
          <IterationIndex>14</IterationIndex>
          <Operations>4096</Operations>
          <Nanoseconds>681250000</Nanoseconds>
        </Measurement>
        <Measurement>
          <IterationMode>Workload</IterationMode>
          <IterationStage>Actual</IterationStage>
          <LaunchIndex>1</LaunchIndex>
          <IterationIndex>15</IterationIndex>
          <Operations>4096</Operations>
          <Nanoseconds>685890300</Nanoseconds>
        </Measurement>
        <Measurement>
          <IterationMode>Workload</IterationMode>
          <IterationStage>Result</IterationStage>
          <LaunchIndex>1</LaunchIndex>
          <IterationIndex>1</IterationIndex>
          <Operations>4096</Operations>
          <Nanoseconds>718781350</Nanoseconds>
        </Measurement>
        <Measurement>
          <IterationMode>Workload</IterationMode>
          <IterationStage>Result</IterationStage>
          <LaunchIndex>1</LaunchIndex>
          <IterationIndex>2</IterationIndex>
          <Operations>4096</Operations>
          <Nanoseconds>697473950</Nanoseconds>
        </Measurement>
        <Measurement>
          <IterationMode>Workload</IterationMode>
          <IterationStage>Result</IterationStage>
          <LaunchIndex>1</LaunchIndex>
          <IterationIndex>3</IterationIndex>
          <Operations>4096</Operations>
          <Nanoseconds>688178650</Nanoseconds>
        </Measurement>
        <Measurement>
          <IterationMode>Workload</IterationMode>
          <IterationStage>Result</IterationStage>
          <LaunchIndex>1</LaunchIndex>
          <IterationIndex>4</IterationIndex>
          <Operations>4096</Operations>
          <Nanoseconds>688443050</Nanoseconds>
        </Measurement>
        <Measurement>
          <IterationMode>Workload</IterationMode>
          <IterationStage>Result</IterationStage>
          <LaunchIndex>1</LaunchIndex>
          <IterationIndex>5</IterationIndex>
          <Operations>4096</Operations>
          <Nanoseconds>697855650</Nanoseconds>
        </Measurement>
        <Measurement>
          <IterationMode>Workload</IterationMode>
          <IterationStage>Result</IterationStage>
          <LaunchIndex>1</LaunchIndex>
          <IterationIndex>6</IterationIndex>
          <Operations>4096</Operations>
          <Nanoseconds>681019450</Nanoseconds>
        </Measurement>
        <Measurement>
          <IterationMode>Workload</IterationMode>
          <IterationStage>Result</IterationStage>
          <LaunchIndex>1</LaunchIndex>
          <IterationIndex>7</IterationIndex>
          <Operations>4096</Operations>
          <Nanoseconds>692486150</Nanoseconds>
        </Measurement>
        <Measurement>
          <IterationMode>Workload</IterationMode>
          <IterationStage>Result</IterationStage>
          <LaunchIndex>1</LaunchIndex>
          <IterationIndex>8</IterationIndex>
          <Operations>4096</Operations>
          <Nanoseconds>704171150</Nanoseconds>
        </Measurement>
        <Measurement>
          <IterationMode>Workload</IterationMode>
          <IterationStage>Result</IterationStage>
          <LaunchIndex>1</LaunchIndex>
          <IterationIndex>9</IterationIndex>
          <Operations>4096</Operations>
          <Nanoseconds>685232450</Nanoseconds>
        </Measurement>
        <Measurement>
          <IterationMode>Workload</IterationMode>
          <IterationStage>Result</IterationStage>
          <LaunchIndex>1</LaunchIndex>
          <IterationIndex>10</IterationIndex>
          <Operations>4096</Operations>
          <Nanoseconds>697794350</Nanoseconds>
        </Measurement>
        <Measurement>
          <IterationMode>Workload</IterationMode>
          <IterationStage>Result</IterationStage>
          <LaunchIndex>1</LaunchIndex>
          <IterationIndex>11</IterationIndex>
          <Operations>4096</Operations>
          <Nanoseconds>696866650</Nanoseconds>
        </Measurement>
        <Measurement>
          <IterationMode>Workload</IterationMode>
          <IterationStage>Result</IterationStage>
          <LaunchIndex>1</LaunchIndex>
          <IterationIndex>12</IterationIndex>
          <Operations>4096</Operations>
          <Nanoseconds>681236350</Nanoseconds>
        </Measurement>
        <Measurement>
          <IterationMode>Workload</IterationMode>
          <IterationStage>Result</IterationStage>
          <LaunchIndex>1</LaunchIndex>
          <IterationIndex>13</IterationIndex>
          <Operations>4096</Operations>
          <Nanoseconds>685876650</Nanoseconds>
        </Measurement>
      </Measurements>
    </BenchmarkCase>
  </Benchmarks>
</Summary>
