Method,Job,AnalyzeLaunchVariance,EvaluateOverhead,MaxAbsoluteError,MaxRelativeError,MinInvokeCount,MinIterationTime,OutlierMode,Affinity,EnvironmentVariables,Jit,Platform,PowerPlanMode,Runtime,AllowVeryLargeObjects,Concurrent,CpuGroups,Force,HeapAffinitizeMask,HeapCount,NoAffinitize,RetainVm,Server,Arguments,BuildConfiguration,Clock,EngineFactory,NuGetReferences,Toolchain,IsMutator,InvocationCount,IterationCount,IterationTime,LaunchCount,MaxIterationCount,MaxWarmupIterationCount,MemoryRandomization,MinIterationCount,MinWarmupIterationCount,RunStrategy,UnrollFactor,WarmupCount,Namespace,Categories,Count,Mean,Error,StdDev,StdErr,Min,Q1,Median,Q3,Max,Op/s,CI99.9% Margin,Iterations,Kurtosis,MValue,Skewness,Rank,LogicalGroup,Baseline,Gen 0,Code Size,Gen 1,Allocated
'GenerateCoordinateCollection: Coordinate',Job-MXIROH,False,True,Default,Default,Default,Default,Default,1111,Empty,RyuJit,X64,8c5e7fda-e8bf-4a96-9a85-a6e23a8c635c,.NET 6.0,False,True,False,True,Default,Default,False,False,True,Default,Default,Default,Default,Default,Default,Default,1,Default,Default,Default,Default,Default,Default,Default,Default,Default,16,Default,DotNetTips.Spargine.Tester.BenchmarkTests,**NEW**,10,2.122 μs,0.0122 μs,0.0109 μs,0.0029 μs,2.105 μs,2.114 μs,2.121 μs,2.128 μs,2.145 μs,"471,251.855",0.0122 μs,14.00,2.277,2.000,0.4519,1,*,No,0.0114,303 B,-,136 B
'GenerateCoordinateCollection: Coordinate',Job-MXIROH,False,True,Default,Default,Default,Default,Default,1111,Empty,RyuJit,X64,8c5e7fda-e8bf-4a96-9a85-a6e23a8c635c,.NET 6.0,False,True,False,True,Default,Default,False,False,True,Default,Default,Default,Default,Default,Default,Default,1,Default,Default,Default,Default,Default,Default,Default,Default,Default,16,Default,DotNetTips.Spargine.Tester.BenchmarkTests,**NEW**,25,5.252 μs,0.0498 μs,0.0442 μs,0.0118 μs,5.191 μs,5.213 μs,5.246 μs,5.278 μs,5.342 μs,"190,391.827",0.0498 μs,14.00,2.030,2.000,0.4203,3,*,No,0.0229,303 B,-,256 B
'GenerateCoordinateCollection: Coordinate',Job-MXIROH,False,True,Default,Default,Default,Default,Default,1111,Empty,RyuJit,X64,8c5e7fda-e8bf-4a96-9a85-a6e23a8c635c,.NET 6.0,False,True,False,True,Default,Default,False,False,True,Default,Default,Default,Default,Default,Default,Default,1,Default,Default,Default,Default,Default,Default,Default,Default,Default,16,Default,DotNetTips.Spargine.Tester.BenchmarkTests,**NEW**,50,10.406 μs,0.1689 μs,0.1498 μs,0.0400 μs,10.190 μs,10.307 μs,10.429 μs,10.481 μs,10.673 μs,"96,094.107",0.1689 μs,14.00,1.962,2.000,0.2301,4,*,No,0.0458,303 B,-,456 B
'GenerateCoordinateCollection: Coordinate',Job-MXIROH,False,True,Default,Default,Default,Default,Default,1111,Empty,RyuJit,X64,8c5e7fda-e8bf-4a96-9a85-a6e23a8c635c,.NET 6.0,False,True,False,True,Default,Default,False,False,True,Default,Default,Default,Default,Default,Default,Default,1,Default,Default,Default,Default,Default,Default,Default,Default,Default,16,Default,DotNetTips.Spargine.Tester.BenchmarkTests,**NEW**,100,20.536 μs,0.2158 μs,0.2019 μs,0.0521 μs,20.232 μs,20.393 μs,20.549 μs,20.691 μs,20.840 μs,"48,694.626",0.2158 μs,15.00,1.439,2.000,0.0332,5,*,No,0.0610,303 B,-,856 B
'GenerateCoordinateCollection: Coordinate',Job-MXIROH,False,True,Default,Default,Default,Default,Default,1111,Empty,RyuJit,X64,8c5e7fda-e8bf-4a96-9a85-a6e23a8c635c,.NET 6.0,False,True,False,True,Default,Default,False,False,True,Default,Default,Default,Default,Default,Default,Default,1,Default,Default,Default,Default,Default,Default,Default,Default,Default,16,Default,DotNetTips.Spargine.Tester.BenchmarkTests,**NEW**,250,51.528 μs,0.4101 μs,0.3836 μs,0.0990 μs,51.039 μs,51.256 μs,51.454 μs,51.740 μs,52.454 μs,"19,406.753",0.4101 μs,15.00,2.866,2.000,0.6120,7,*,No,0.0610,303 B,-,"2,056 B"
'GenerateCoordinateCollection: Coordinate',Job-MXIROH,False,True,Default,Default,Default,Default,Default,1111,Empty,RyuJit,X64,8c5e7fda-e8bf-4a96-9a85-a6e23a8c635c,.NET 6.0,False,True,False,True,Default,Default,False,False,True,Default,Default,Default,Default,Default,Default,Default,1,Default,Default,Default,Default,Default,Default,Default,Default,Default,16,Default,DotNetTips.Spargine.Tester.BenchmarkTests,**NEW**,500,102.695 μs,1.3652 μs,1.2770 μs,0.3297 μs,100.973 μs,101.690 μs,102.519 μs,103.651 μs,105.466 μs,"9,737.559",1.3652 μs,15.00,2.190,2.000,0.4727,8,*,No,0.3662,303 B,-,"4,056 B"
'GenerateCoordinateCollection: Coordinate',Job-MXIROH,False,True,Default,Default,Default,Default,Default,1111,Empty,RyuJit,X64,8c5e7fda-e8bf-4a96-9a85-a6e23a8c635c,.NET 6.0,False,True,False,True,Default,Default,False,False,True,Default,Default,Default,Default,Default,Default,Default,1,Default,Default,Default,Default,Default,Default,Default,Default,Default,16,Default,DotNetTips.Spargine.Tester.BenchmarkTests,**NEW**,1000,204.809 μs,2.8181 μs,2.4982 μs,0.6677 μs,202.059 μs,202.717 μs,203.573 μs,207.376 μs,208.980 μs,"4,882.604",2.8181 μs,14.00,1.389,2.000,0.4491,10,*,No,-,303 B,-,"8,056 B"
'GenerateCoordinateCollection: Coordinate',Job-MXIROH,False,True,Default,Default,Default,Default,Default,1111,Empty,RyuJit,X64,8c5e7fda-e8bf-4a96-9a85-a6e23a8c635c,.NET 6.0,False,True,False,True,Default,Default,False,False,True,Default,Default,Default,Default,Default,Default,Default,1,Default,Default,Default,Default,Default,Default,Default,Default,Default,16,Default,DotNetTips.Spargine.Tester.BenchmarkTests,**NEW**,2500,518.255 μs,5.9832 μs,5.5967 μs,1.4451 μs,508.939 μs,514.722 μs,518.278 μs,523.172 μs,526.730 μs,"1,929.552",5.9832 μs,15.00,1.588,2.000,0.0523,13,*,No,1.9531,303 B,-,"20,057 B"
'GenerateCoordinateCollection: CoordinateProper',Job-MXIROH,False,True,Default,Default,Default,Default,Default,1111,Empty,RyuJit,X64,8c5e7fda-e8bf-4a96-9a85-a6e23a8c635c,.NET 6.0,False,True,False,True,Default,Default,False,False,True,Default,Default,Default,Default,Default,Default,Default,1,Default,Default,Default,Default,Default,Default,Default,Default,Default,16,Default,DotNetTips.Spargine.Tester.BenchmarkTests,**NEW**,10,2.128 μs,0.0181 μs,0.0161 μs,0.0043 μs,2.101 μs,2.118 μs,2.132 μs,2.137 μs,2.164 μs,"469,877.194",0.0181 μs,14.00,2.658,2.000,0.2973,1,*,No,0.0114,303 B,-,136 B
'GenerateCoordinateCollection: CoordinateProper',Job-MXIROH,False,True,Default,Default,Default,Default,Default,1111,Empty,RyuJit,X64,8c5e7fda-e8bf-4a96-9a85-a6e23a8c635c,.NET 6.0,False,True,False,True,Default,Default,False,False,True,Default,Default,Default,Default,Default,Default,Default,1,Default,Default,Default,Default,Default,Default,Default,Default,Default,16,Default,DotNetTips.Spargine.Tester.BenchmarkTests,**NEW**,25,5.157 μs,0.0539 μs,0.0478 μs,0.0128 μs,5.073 μs,5.124 μs,5.157 μs,5.186 μs,5.253 μs,"193,895.573",0.0539 μs,14.00,2.148,2.000,0.1740,2,*,No,0.0229,303 B,-,256 B
'GenerateCoordinateCollection: CoordinateProper',Job-MXIROH,False,True,Default,Default,Default,Default,Default,1111,Empty,RyuJit,X64,8c5e7fda-e8bf-4a96-9a85-a6e23a8c635c,.NET 6.0,False,True,False,True,Default,Default,False,False,True,Default,Default,Default,Default,Default,Default,Default,1,Default,Default,Default,Default,Default,Default,Default,Default,Default,16,Default,DotNetTips.Spargine.Tester.BenchmarkTests,**NEW**,50,10.350 μs,0.1305 μs,0.1221 μs,0.0315 μs,10.143 μs,10.280 μs,10.318 μs,10.450 μs,10.576 μs,"96,618.643",0.1305 μs,15.00,1.893,2.000,0.1874,4,*,No,0.0458,303 B,-,456 B
'GenerateCoordinateCollection: CoordinateProper',Job-MXIROH,False,True,Default,Default,Default,Default,Default,1111,Empty,RyuJit,X64,8c5e7fda-e8bf-4a96-9a85-a6e23a8c635c,.NET 6.0,False,True,False,True,Default,Default,False,False,True,Default,Default,Default,Default,Default,Default,Default,1,Default,Default,Default,Default,Default,Default,Default,Default,Default,16,Default,DotNetTips.Spargine.Tester.BenchmarkTests,**NEW**,100,20.749 μs,0.2422 μs,0.2265 μs,0.0585 μs,20.422 μs,20.580 μs,20.739 μs,20.832 μs,21.205 μs,"48,194.411",0.2422 μs,15.00,2.182,2.000,0.4610,5,*,No,0.0916,303 B,-,856 B
'GenerateCoordinateCollection: CoordinateProper',Job-MXIROH,False,True,Default,Default,Default,Default,Default,1111,Empty,RyuJit,X64,8c5e7fda-e8bf-4a96-9a85-a6e23a8c635c,.NET 6.0,False,True,False,True,Default,Default,False,False,True,Default,Default,Default,Default,Default,Default,Default,1,Default,Default,Default,Default,Default,Default,Default,Default,Default,16,Default,DotNetTips.Spargine.Tester.BenchmarkTests,**NEW**,250,51.384 μs,0.6800 μs,0.6360 μs,0.1642 μs,50.244 μs,51.031 μs,51.559 μs,51.800 μs,52.221 μs,"19,461.434",0.6800 μs,15.00,1.871,2.000,-0.5114,7,*,No,0.1831,303 B,-,"2,056 B"
'GenerateCoordinateCollection: CoordinateProper',Job-MXIROH,False,True,Default,Default,Default,Default,Default,1111,Empty,RyuJit,X64,8c5e7fda-e8bf-4a96-9a85-a6e23a8c635c,.NET 6.0,False,True,False,True,Default,Default,False,False,True,Default,Default,Default,Default,Default,Default,Default,1,Default,Default,Default,Default,Default,Default,Default,Default,Default,16,Default,DotNetTips.Spargine.Tester.BenchmarkTests,**NEW**,500,102.405 μs,1.6606 μs,1.5533 μs,0.4011 μs,100.348 μs,100.720 μs,102.688 μs,103.487 μs,104.587 μs,"9,765.130",1.6606 μs,15.00,1.370,2.000,-0.0495,8,*,No,-,303 B,-,"4,056 B"
'GenerateCoordinateCollection: CoordinateProper',Job-MXIROH,False,True,Default,Default,Default,Default,Default,1111,Empty,RyuJit,X64,8c5e7fda-e8bf-4a96-9a85-a6e23a8c635c,.NET 6.0,False,True,False,True,Default,Default,False,False,True,Default,Default,Default,Default,Default,Default,Default,1,Default,Default,Default,Default,Default,Default,Default,Default,Default,16,Default,DotNetTips.Spargine.Tester.BenchmarkTests,**NEW**,1000,206.917 μs,2.5635 μs,2.2725 μs,0.6074 μs,202.706 μs,205.379 μs,207.544 μs,208.002 μs,210.117 μs,"4,832.853",2.5635 μs,14.00,1.897,2.000,-0.5088,10,*,No,-,303 B,-,"8,056 B"
'GenerateCoordinateCollection: CoordinateProper',Job-MXIROH,False,True,Default,Default,Default,Default,Default,1111,Empty,RyuJit,X64,8c5e7fda-e8bf-4a96-9a85-a6e23a8c635c,.NET 6.0,False,True,False,True,Default,Default,False,False,True,Default,Default,Default,Default,Default,Default,Default,1,Default,Default,Default,Default,Default,Default,Default,Default,Default,16,Default,DotNetTips.Spargine.Tester.BenchmarkTests,**NEW**,2500,518.084 μs,3.5514 μs,3.3220 μs,0.8577 μs,511.134 μs,516.808 μs,518.849 μs,520.523 μs,522.122 μs,"1,930.190",3.5514 μs,15.00,2.265,2.000,-0.8004,13,*,No,1.9531,303 B,-,"20,057 B"
'GeneratePersonRefCollection: Person',Job-MXIROH,False,True,Default,Default,Default,Default,Default,1111,Empty,RyuJit,X64,8c5e7fda-e8bf-4a96-9a85-a6e23a8c635c,.NET 6.0,False,True,False,True,Default,Default,False,False,True,Default,Default,Default,Default,Default,Default,Default,1,Default,Default,Default,Default,Default,Default,Default,Default,Default,16,Default,DotNetTips.Spargine.Tester.BenchmarkTests,**NEW**,10,254.560 μs,1.9703 μs,1.7467 μs,0.4668 μs,251.528 μs,253.510 μs,254.360 μs,255.595 μs,257.367 μs,"3,928.353",1.9703 μs,14.00,1.835,2.000,-0.0163,11,*,No,2.9297,336 B,-,"30,235 B"
'GeneratePersonRefCollection: Person',Job-MXIROH,False,True,Default,Default,Default,Default,Default,1111,Empty,RyuJit,X64,8c5e7fda-e8bf-4a96-9a85-a6e23a8c635c,.NET 6.0,False,True,False,True,Default,Default,False,False,True,Default,Default,Default,Default,Default,Default,Default,1,Default,Default,Default,Default,Default,Default,Default,Default,Default,16,Default,DotNetTips.Spargine.Tester.BenchmarkTests,**NEW**,25,631.205 μs,7.2990 μs,6.8275 μs,1.7628 μs,621.560 μs,625.932 μs,632.509 μs,635.554 μs,646.454 μs,"1,584.271",7.2990 μs,15.00,2.318,2.000,0.4045,14,*,No,7.8125,336 B,-,"75,333 B"
'GeneratePersonRefCollection: Person',Job-MXIROH,False,True,Default,Default,Default,Default,Default,1111,Empty,RyuJit,X64,8c5e7fda-e8bf-4a96-9a85-a6e23a8c635c,.NET 6.0,False,True,False,True,Default,Default,False,False,True,Default,Default,Default,Default,Default,Default,Default,1,Default,Default,Default,Default,Default,Default,Default,Default,Default,16,Default,DotNetTips.Spargine.Tester.BenchmarkTests,**NEW**,50,"1,253.211 μs",15.2161 μs,14.2331 μs,3.6750 μs,"1,231.844 μs","1,243.064 μs","1,252.439 μs","1,262.185 μs","1,289.643 μs",797.950,15.2161 μs,15.00,3.458,2.000,0.7723,16,*,No,15.6250,336 B,-,"150,549 B"
'GeneratePersonRefCollection: Person',Job-MXIROH,False,True,Default,Default,Default,Default,Default,1111,Empty,RyuJit,X64,8c5e7fda-e8bf-4a96-9a85-a6e23a8c635c,.NET 6.0,False,True,False,True,Default,Default,False,False,True,Default,Default,Default,Default,Default,Default,Default,1,Default,Default,Default,Default,Default,Default,Default,Default,Default,16,Default,DotNetTips.Spargine.Tester.BenchmarkTests,**NEW**,100,"2,496.301 μs",26.8472 μs,23.7994 μs,6.3607 μs,"2,455.669 μs","2,482.498 μs","2,493.813 μs","2,503.648 μs","2,543.523 μs",400.593,26.8472 μs,14.00,2.478,2.000,0.4813,19,*,No,31.2500,336 B,-,"301,033 B"
'GeneratePersonRefCollection: Person',Job-MXIROH,False,True,Default,Default,Default,Default,Default,1111,Empty,RyuJit,X64,8c5e7fda-e8bf-4a96-9a85-a6e23a8c635c,.NET 6.0,False,True,False,True,Default,Default,False,False,True,Default,Default,Default,Default,Default,Default,Default,1,Default,Default,Default,Default,Default,Default,Default,Default,Default,16,Default,DotNetTips.Spargine.Tester.BenchmarkTests,**NEW**,250,"6,335.411 μs",100.5083 μs,94.0155 μs,24.2747 μs,"6,175.047 μs","6,293.441 μs","6,336.863 μs","6,377.251 μs","6,526.598 μs",157.843,100.5083 μs,15.00,2.369,2.000,0.1379,21,*,No,78.1250,336 B,23.4375,"751,328 B"
'GeneratePersonRefCollection: Person',Job-MXIROH,False,True,Default,Default,Default,Default,Default,1111,Empty,RyuJit,X64,8c5e7fda-e8bf-4a96-9a85-a6e23a8c635c,.NET 6.0,False,True,False,True,Default,Default,False,False,True,Default,Default,Default,Default,Default,Default,Default,1,Default,Default,Default,Default,Default,Default,Default,Default,Default,16,Default,DotNetTips.Spargine.Tester.BenchmarkTests,**NEW**,500,"12,619.997 μs",61.5312 μs,57.5563 μs,14.8610 μs,"12,522.013 μs","12,593.073 μs","12,626.077 μs","12,658.253 μs","12,721.922 μs",79.239,61.5312 μs,15.00,2.026,2.000,-0.2629,22,*,No,78.1250,336 B,31.2500,"1,502,435 B"
'GeneratePersonRefCollection: Person',Job-MXIROH,False,True,Default,Default,Default,Default,Default,1111,Empty,RyuJit,X64,8c5e7fda-e8bf-4a96-9a85-a6e23a8c635c,.NET 6.0,False,True,False,True,Default,Default,False,False,True,Default,Default,Default,Default,Default,Default,Default,1,Default,Default,Default,Default,Default,Default,Default,Default,Default,16,Default,DotNetTips.Spargine.Tester.BenchmarkTests,**NEW**,1000,"24,911.122 μs",215.3023 μs,201.3939 μs,51.9997 μs,"24,669.539 μs","24,746.800 μs","24,931.289 μs","25,009.464 μs","25,326.861 μs",40.143,215.3023 μs,15.00,2.188,2.000,0.5545,23,*,No,62.5000,336 B,31.2500,"3,004,242 B"
'GeneratePersonRefCollection: Person',Job-MXIROH,False,True,Default,Default,Default,Default,Default,1111,Empty,RyuJit,X64,8c5e7fda-e8bf-4a96-9a85-a6e23a8c635c,.NET 6.0,False,True,False,True,Default,Default,False,False,True,Default,Default,Default,Default,Default,Default,Default,1,Default,Default,Default,Default,Default,Default,Default,Default,Default,16,Default,DotNetTips.Spargine.Tester.BenchmarkTests,**NEW**,2500,"63,269.667 μs",642.3979 μs,600.8994 μs,155.1516 μs,"62,031.613 μs","62,889.175 μs","63,140.988 μs","63,685.481 μs","64,503.775 μs",15.805,642.3979 μs,15.00,2.630,2.000,0.0507,26,*,No,125.0000,336 B,-,"7,537,153 B"
'GeneratePersonRefCollection: PersonProper',Job-MXIROH,False,True,Default,Default,Default,Default,Default,1111,Empty,RyuJit,X64,8c5e7fda-e8bf-4a96-9a85-a6e23a8c635c,.NET 6.0,False,True,False,True,Default,Default,False,False,True,Default,Default,Default,Default,Default,Default,Default,1,Default,Default,Default,Default,Default,Default,Default,Default,Default,16,Default,DotNetTips.Spargine.Tester.BenchmarkTests,**NEW**,10,260.253 μs,3.2699 μs,2.8987 μs,0.7747 μs,255.708 μs,258.746 μs,259.048 μs,262.762 μs,265.176 μs,"3,842.418",3.2699 μs,14.00,1.703,2.000,0.3479,11,*,No,2.9297,336 B,-,"30,235 B"
'GeneratePersonRefCollection: PersonProper',Job-MXIROH,False,True,Default,Default,Default,Default,Default,1111,Empty,RyuJit,X64,8c5e7fda-e8bf-4a96-9a85-a6e23a8c635c,.NET 6.0,False,True,False,True,Default,Default,False,False,True,Default,Default,Default,Default,Default,Default,Default,1,Default,Default,Default,Default,Default,Default,Default,Default,Default,16,Default,DotNetTips.Spargine.Tester.BenchmarkTests,**NEW**,25,645.184 μs,5.3481 μs,4.4659 μs,1.2386 μs,637.713 μs,642.829 μs,645.566 μs,647.401 μs,653.981 μs,"1,549.945",5.3481 μs,13.00,2.269,2.000,0.1028,14,*,No,7.8125,336 B,-,"75,337 B"
'GeneratePersonRefCollection: PersonProper',Job-MXIROH,False,True,Default,Default,Default,Default,Default,1111,Empty,RyuJit,X64,8c5e7fda-e8bf-4a96-9a85-a6e23a8c635c,.NET 6.0,False,True,False,True,Default,Default,False,False,True,Default,Default,Default,Default,Default,Default,Default,1,Default,Default,Default,Default,Default,Default,Default,Default,Default,16,Default,DotNetTips.Spargine.Tester.BenchmarkTests,**NEW**,50,"1,269.998 μs",22.1636 μs,20.7319 μs,5.3529 μs,"1,247.429 μs","1,253.747 μs","1,265.312 μs","1,287.013 μs","1,306.907 μs",787.403,22.1636 μs,15.00,1.650,2.000,0.5577,16,*,No,15.6250,336 B,-,"150,591 B"
'GeneratePersonRefCollection: PersonProper',Job-MXIROH,False,True,Default,Default,Default,Default,Default,1111,Empty,RyuJit,X64,8c5e7fda-e8bf-4a96-9a85-a6e23a8c635c,.NET 6.0,False,True,False,True,Default,Default,False,False,True,Default,Default,Default,Default,Default,Default,Default,1,Default,Default,Default,Default,Default,Default,Default,Default,Default,16,Default,DotNetTips.Spargine.Tester.BenchmarkTests,**NEW**,100,"2,560.721 μs",20.7260 μs,17.3071 μs,4.8001 μs,"2,527.743 μs","2,546.896 μs","2,562.873 μs","2,577.386 μs","2,579.853 μs",390.515,20.7260 μs,13.00,1.697,2.000,-0.3951,19,*,No,31.2500,336 B,-,"300,993 B"
'GeneratePersonRefCollection: PersonProper',Job-MXIROH,False,True,Default,Default,Default,Default,Default,1111,Empty,RyuJit,X64,8c5e7fda-e8bf-4a96-9a85-a6e23a8c635c,.NET 6.0,False,True,False,True,Default,Default,False,False,True,Default,Default,Default,Default,Default,Default,Default,1,Default,Default,Default,Default,Default,Default,Default,Default,Default,16,Default,DotNetTips.Spargine.Tester.BenchmarkTests,**NEW**,250,"6,335.480 μs",31.8883 μs,29.8283 μs,7.7016 μs,"6,301.563 μs","6,314.620 μs","6,322.422 μs","6,359.793 μs","6,390.322 μs",157.841,31.8883 μs,15.00,1.875,2.000,0.7014,21,*,No,78.1250,336 B,23.4375,"751,370 B"
'GeneratePersonRefCollection: PersonProper',Job-MXIROH,False,True,Default,Default,Default,Default,Default,1111,Empty,RyuJit,X64,8c5e7fda-e8bf-4a96-9a85-a6e23a8c635c,.NET 6.0,False,True,False,True,Default,Default,False,False,True,Default,Default,Default,Default,Default,Default,Default,1,Default,Default,Default,Default,Default,Default,Default,Default,Default,16,Default,DotNetTips.Spargine.Tester.BenchmarkTests,**NEW**,500,"12,550.558 μs",127.1567 μs,118.9425 μs,30.7108 μs,"12,313.530 μs","12,464.555 μs","12,527.664 μs","12,615.314 μs","12,765.948 μs",79.678,127.1567 μs,15.00,2.282,2.000,-0.0097,22,*,No,78.1250,336 B,31.2500,"1,502,318 B"
'GeneratePersonRefCollection: PersonProper',Job-MXIROH,False,True,Default,Default,Default,Default,Default,1111,Empty,RyuJit,X64,8c5e7fda-e8bf-4a96-9a85-a6e23a8c635c,.NET 6.0,False,True,False,True,Default,Default,False,False,True,Default,Default,Default,Default,Default,Default,Default,1,Default,Default,Default,Default,Default,Default,Default,Default,Default,16,Default,DotNetTips.Spargine.Tester.BenchmarkTests,**NEW**,1000,"25,035.012 μs",349.1472 μs,326.5925 μs,84.3258 μs,"24,478.236 μs","24,832.034 μs","24,999.083 μs","25,246.391 μs","25,633.355 μs",39.944,349.1472 μs,15.00,1.971,2.000,0.1964,23,*,No,62.5000,336 B,31.2500,"3,004,812 B"
'GeneratePersonRefCollection: PersonProper',Job-MXIROH,False,True,Default,Default,Default,Default,Default,1111,Empty,RyuJit,X64,8c5e7fda-e8bf-4a96-9a85-a6e23a8c635c,.NET 6.0,False,True,False,True,Default,Default,False,False,True,Default,Default,Default,Default,Default,Default,Default,1,Default,Default,Default,Default,Default,Default,Default,Default,Default,16,Default,DotNetTips.Spargine.Tester.BenchmarkTests,**NEW**,2500,"64,136.626 μs",710.8369 μs,664.9173 μs,171.6809 μs,"62,910.537 μs","63,601.975 μs","64,306.950 μs","64,649.262 μs","65,089.300 μs",15.592,710.8369 μs,15.00,1.668,2.000,-0.3017,26,*,No,125.0000,336 B,-,"7,537,865 B"
GenerateAddressRecordCollection,Job-MXIROH,False,True,Default,Default,Default,Default,Default,1111,Empty,RyuJit,X64,8c5e7fda-e8bf-4a96-9a85-a6e23a8c635c,.NET 6.0,False,True,False,True,Default,Default,False,False,True,Default,Default,Default,Default,Default,Default,Default,1,Default,Default,Default,Default,Default,Default,Default,Default,Default,16,Default,DotNetTips.Spargine.Tester.BenchmarkTests,**NEW**,10,189.338 μs,1.9895 μs,1.7636 μs,0.4713 μs,186.814 μs,187.769 μs,189.482 μs,190.527 μs,192.158 μs,"5,281.562",1.9895 μs,14.00,1.587,2.000,-0.0138,9,*,No,1.9531,669 B,-,"19,680 B"
GenerateAddressRecordCollection,Job-MXIROH,False,True,Default,Default,Default,Default,Default,1111,Empty,RyuJit,X64,8c5e7fda-e8bf-4a96-9a85-a6e23a8c635c,.NET 6.0,False,True,False,True,Default,Default,False,False,True,Default,Default,Default,Default,Default,Default,Default,1,Default,Default,Default,Default,Default,Default,Default,Default,Default,16,Default,DotNetTips.Spargine.Tester.BenchmarkTests,**NEW**,25,466.875 μs,5.3718 μs,5.0248 μs,1.2974 μs,460.732 μs,462.738 μs,465.513 μs,470.516 μs,476.423 μs,"2,141.902",5.3718 μs,15.00,1.696,2.000,0.4331,12,*,No,4.8828,669 B,-,"49,081 B"
GenerateAddressRecordCollection,Job-MXIROH,False,True,Default,Default,Default,Default,Default,1111,Empty,RyuJit,X64,8c5e7fda-e8bf-4a96-9a85-a6e23a8c635c,.NET 6.0,False,True,False,True,Default,Default,False,False,True,Default,Default,Default,Default,Default,Default,Default,1,Default,Default,Default,Default,Default,Default,Default,Default,Default,16,Default,DotNetTips.Spargine.Tester.BenchmarkTests,**NEW**,50,926.000 μs,8.8626 μs,7.8565 μs,2.0997 μs,915.743 μs,920.941 μs,923.062 μs,930.422 μs,942.872 μs,"1,079.913",8.8626 μs,14.00,2.331,2.000,0.7924,15,*,No,9.7656,669 B,-,"98,081 B"
GenerateAddressRecordCollection,Job-MXIROH,False,True,Default,Default,Default,Default,Default,1111,Empty,RyuJit,X64,8c5e7fda-e8bf-4a96-9a85-a6e23a8c635c,.NET 6.0,False,True,False,True,Default,Default,False,False,True,Default,Default,Default,Default,Default,Default,Default,1,Default,Default,Default,Default,Default,Default,Default,Default,Default,16,Default,DotNetTips.Spargine.Tester.BenchmarkTests,**NEW**,100,"1,864.516 μs",16.3467 μs,15.2907 μs,3.9480 μs,"1,842.788 μs","1,855.428 μs","1,862.799 μs","1,872.032 μs","1,895.112 μs",536.332,16.3467 μs,15.00,2.079,2.000,0.2997,18,*,No,19.5313,669 B,3.9063,"196,082 B"
GenerateAddressRecordCollection,Job-MXIROH,False,True,Default,Default,Default,Default,Default,1111,Empty,RyuJit,X64,8c5e7fda-e8bf-4a96-9a85-a6e23a8c635c,.NET 6.0,False,True,False,True,Default,Default,False,False,True,Default,Default,Default,Default,Default,Default,Default,1,Default,Default,Default,Default,Default,Default,Default,Default,Default,16,Default,DotNetTips.Spargine.Tester.BenchmarkTests,**NEW**,250,37.287 μs,0.3343 μs,0.3127 μs,0.0807 μs,36.789 μs,37.025 μs,37.348 μs,37.464 μs,37.855 μs,"26,819.167",0.3343 μs,15.00,1.782,2.000,0.0358,6,*,No,0.1831,669 B,-,"4,000 B"
GenerateAddressRecordCollection,Job-MXIROH,False,True,Default,Default,Default,Default,Default,1111,Empty,RyuJit,X64,8c5e7fda-e8bf-4a96-9a85-a6e23a8c635c,.NET 6.0,False,True,False,True,Default,Default,False,False,True,Default,Default,Default,Default,Default,Default,Default,1,Default,Default,Default,Default,Default,Default,Default,Default,Default,16,Default,DotNetTips.Spargine.Tester.BenchmarkTests,**NEW**,500,37.610 μs,0.4373 μs,0.4090 μs,0.1056 μs,37.120 μs,37.301 μs,37.493 μs,37.870 μs,38.601 μs,"26,588.684",0.4373 μs,15.00,2.838,2.000,0.8449,6,*,No,0.4272,669 B,-,"4,000 B"
GenerateAddressRecordCollection,Job-MXIROH,False,True,Default,Default,Default,Default,Default,1111,Empty,RyuJit,X64,8c5e7fda-e8bf-4a96-9a85-a6e23a8c635c,.NET 6.0,False,True,False,True,Default,Default,False,False,True,Default,Default,Default,Default,Default,Default,Default,1,Default,Default,Default,Default,Default,Default,Default,Default,Default,16,Default,DotNetTips.Spargine.Tester.BenchmarkTests,**NEW**,1000,37.404 μs,0.5482 μs,0.5128 μs,0.1324 μs,36.477 μs,37.043 μs,37.504 μs,37.700 μs,38.293 μs,"26,735.209",0.5482 μs,15.00,2.056,2.000,-0.2147,6,*,No,0.1221,669 B,-,"4,000 B"
GenerateAddressRecordCollection,Job-MXIROH,False,True,Default,Default,Default,Default,Default,1111,Empty,RyuJit,X64,8c5e7fda-e8bf-4a96-9a85-a6e23a8c635c,.NET 6.0,False,True,False,True,Default,Default,False,False,True,Default,Default,Default,Default,Default,Default,Default,1,Default,Default,Default,Default,Default,Default,Default,Default,Default,16,Default,DotNetTips.Spargine.Tester.BenchmarkTests,**NEW**,2500,37.562 μs,0.2817 μs,0.2635 μs,0.0680 μs,37.155 μs,37.392 μs,37.510 μs,37.720 μs,37.998 μs,"26,622.326",0.2817 μs,15.00,1.803,2.000,0.1779,6,*,No,0.3662,669 B,-,"4,000 B"
GeneratePersonRecordCollection,Job-MXIROH,False,True,Default,Default,Default,Default,Default,1111,Empty,RyuJit,X64,8c5e7fda-e8bf-4a96-9a85-a6e23a8c635c,.NET 6.0,False,True,False,True,Default,Default,False,False,True,Default,Default,Default,Default,Default,Default,Default,1,Default,Default,Default,Default,Default,Default,Default,Default,Default,16,Default,DotNetTips.Spargine.Tester.BenchmarkTests,**NEW**,10,512.449 μs,4.0710 μs,3.6088 μs,0.9645 μs,506.471 μs,509.121 μs,512.969 μs,514.622 μs,518.974 μs,"1,951.415",4.0710 μs,14.00,1.781,2.000,0.0021,13,*,No,5.8594,"1,272 B",-,"59,432 B"
GeneratePersonRecordCollection,Job-MXIROH,False,True,Default,Default,Default,Default,Default,1111,Empty,RyuJit,X64,8c5e7fda-e8bf-4a96-9a85-a6e23a8c635c,.NET 6.0,False,True,False,True,Default,Default,False,False,True,Default,Default,Default,Default,Default,Default,Default,1,Default,Default,Default,Default,Default,Default,Default,Default,Default,16,Default,DotNetTips.Spargine.Tester.BenchmarkTests,**NEW**,25,"1,263.422 μs",14.8467 μs,13.8876 μs,3.5858 μs,"1,246.479 μs","1,250.973 μs","1,261.428 μs","1,272.411 μs","1,289.758 μs",791.501,14.8467 μs,15.00,1.705,2.000,0.3802,16,*,No,15.6250,"1,272 B",-,"148,315 B"
GeneratePersonRecordCollection,Job-MXIROH,False,True,Default,Default,Default,Default,Default,1111,Empty,RyuJit,X64,8c5e7fda-e8bf-4a96-9a85-a6e23a8c635c,.NET 6.0,False,True,False,True,Default,Default,False,False,True,Default,Default,Default,Default,Default,Default,Default,1,Default,Default,Default,Default,Default,Default,Default,Default,Default,16,Default,DotNetTips.Spargine.Tester.BenchmarkTests,**NEW**,50,"2,524.155 μs",29.4884 μs,27.5835 μs,7.1220 μs,"2,485.947 μs","2,504.175 μs","2,514.473 μs","2,545.241 μs","2,581.036 μs",396.172,29.4884 μs,15.00,1.996,2.000,0.4931,19,*,No,31.2500,"1,272 B",3.9063,"296,599 B"
GeneratePersonRecordCollection,Job-MXIROH,False,True,Default,Default,Default,Default,Default,1111,Empty,RyuJit,X64,8c5e7fda-e8bf-4a96-9a85-a6e23a8c635c,.NET 6.0,False,True,False,True,Default,Default,False,False,True,Default,Default,Default,Default,Default,Default,Default,1,Default,Default,Default,Default,Default,Default,Default,Default,Default,16,Default,DotNetTips.Spargine.Tester.BenchmarkTests,**NEW**,100,"5,063.359 μs",27.1140 μs,24.0359 μs,6.4239 μs,"5,009.008 μs","5,047.715 μs","5,065.443 μs","5,079.090 μs","5,095.787 μs",197.497,27.1140 μs,14.00,2.501,2.000,-0.4994,20,*,No,54.6875,"1,272 B",-,"593,008 B"
GeneratePersonRecordCollection,Job-MXIROH,False,True,Default,Default,Default,Default,Default,1111,Empty,RyuJit,X64,8c5e7fda-e8bf-4a96-9a85-a6e23a8c635c,.NET 6.0,False,True,False,True,Default,Default,False,False,True,Default,Default,Default,Default,Default,Default,Default,1,Default,Default,Default,Default,Default,Default,Default,Default,Default,16,Default,DotNetTips.Spargine.Tester.BenchmarkTests,**NEW**,250,"12,640.119 μs",111.7173 μs,104.5005 μs,26.9819 μs,"12,487.530 μs","12,569.937 μs","12,608.648 μs","12,721.110 μs","12,801.060 μs",79.113,111.7173 μs,15.00,1.516,2.000,0.1083,22,*,No,46.8750,"1,272 B",15.6250,"1,481,344 B"
GeneratePersonRecordCollection,Job-MXIROH,False,True,Default,Default,Default,Default,Default,1111,Empty,RyuJit,X64,8c5e7fda-e8bf-4a96-9a85-a6e23a8c635c,.NET 6.0,False,True,False,True,Default,Default,False,False,True,Default,Default,Default,Default,Default,Default,Default,1,Default,Default,Default,Default,Default,Default,Default,Default,Default,16,Default,DotNetTips.Spargine.Tester.BenchmarkTests,**NEW**,500,"25,331.347 μs",194.8854 μs,182.2959 μs,47.0686 μs,"25,070.672 μs","25,182.002 μs","25,318.603 μs","25,452.914 μs","25,658.503 μs",39.477,194.8854 μs,15.00,1.728,2.000,0.3652,23,*,No,62.5000,"1,272 B",31.2500,"2,962,227 B"
GeneratePersonRecordCollection,Job-MXIROH,False,True,Default,Default,Default,Default,Default,1111,Empty,RyuJit,X64,8c5e7fda-e8bf-4a96-9a85-a6e23a8c635c,.NET 6.0,False,True,False,True,Default,Default,False,False,True,Default,Default,Default,Default,Default,Default,Default,1,Default,Default,Default,Default,Default,Default,Default,Default,Default,16,Default,DotNetTips.Spargine.Tester.BenchmarkTests,**NEW**,1000,"51,797.777 μs",729.3795 μs,682.2620 μs,176.1593 μs,"50,824.670 μs","51,399.975 μs","51,767.550 μs","52,381.100 μs","52,931.300 μs",19.306,729.3795 μs,15.00,1.634,2.000,0.0426,25,*,No,100.0000,"1,272 B",-,"5,924,026 B"
GeneratePersonRecordCollection,Job-MXIROH,False,True,Default,Default,Default,Default,Default,1111,Empty,RyuJit,X64,8c5e7fda-e8bf-4a96-9a85-a6e23a8c635c,.NET 6.0,False,True,False,True,Default,Default,False,False,True,Default,Default,Default,Default,Default,Default,Default,1,Default,Default,Default,Default,Default,Default,Default,Default,Default,16,Default,DotNetTips.Spargine.Tester.BenchmarkTests,**NEW**,2500,"126,502.288 μs","2,495.2088 μs","2,773.4180 μs",636.2657 μs,"122,434.750 μs","124,249.125 μs","126,474.625 μs","128,621.087 μs","132,221.025 μs",7.905,"2,495.2088 μs",19.00,1.971,2.000,0.0736,27,*,No,-,"1,272 B",-,"14,839,318 B"
GeneratePersonValCollection,Job-MXIROH,False,True,Default,Default,Default,Default,Default,1111,Empty,RyuJit,X64,8c5e7fda-e8bf-4a96-9a85-a6e23a8c635c,.NET 6.0,False,True,False,True,Default,Default,False,False,True,Default,Default,Default,Default,Default,Default,Default,1,Default,Default,Default,Default,Default,Default,Default,Default,Default,16,Default,DotNetTips.Spargine.Tester.BenchmarkTests,**NEW**,10,256.012 μs,3.2867 μs,2.9135 μs,0.7787 μs,252.186 μs,253.769 μs,255.746 μs,257.442 μs,261.274 μs,"3,906.073",3.2867 μs,14.00,1.801,2.000,0.4493,11,*,No,3.4180,534 B,-,"31,863 B"
GeneratePersonValCollection,Job-MXIROH,False,True,Default,Default,Default,Default,Default,1111,Empty,RyuJit,X64,8c5e7fda-e8bf-4a96-9a85-a6e23a8c635c,.NET 6.0,False,True,False,True,Default,Default,False,False,True,Default,Default,Default,Default,Default,Default,Default,1,Default,Default,Default,Default,Default,Default,Default,Default,Default,16,Default,DotNetTips.Spargine.Tester.BenchmarkTests,**NEW**,25,640.921 μs,6.0487 μs,5.3620 μs,1.4331 μs,633.011 μs,636.989 μs,641.105 μs,644.997 μs,649.949 μs,"1,560.256",6.0487 μs,14.00,1.664,2.000,0.0890,14,*,No,7.8125,534 B,-,"78,356 B"
GeneratePersonValCollection,Job-MXIROH,False,True,Default,Default,Default,Default,Default,1111,Empty,RyuJit,X64,8c5e7fda-e8bf-4a96-9a85-a6e23a8c635c,.NET 6.0,False,True,False,True,Default,Default,False,False,True,Default,Default,Default,Default,Default,Default,Default,1,Default,Default,Default,Default,Default,Default,Default,Default,Default,16,Default,DotNetTips.Spargine.Tester.BenchmarkTests,**NEW**,50,"1,321.971 μs",16.6928 μs,13.9392 μs,3.8660 μs,"1,306.942 μs","1,309.266 μs","1,319.285 μs","1,331.044 μs","1,346.013 μs",756.446,16.6928 μs,13.00,1.475,2.000,0.3620,17,*,No,15.6250,534 B,-,"157,093 B"
GeneratePersonValCollection,Job-MXIROH,False,True,Default,Default,Default,Default,Default,1111,Empty,RyuJit,X64,8c5e7fda-e8bf-4a96-9a85-a6e23a8c635c,.NET 6.0,False,True,False,True,Default,Default,False,False,True,Default,Default,Default,Default,Default,Default,Default,1,Default,Default,Default,Default,Default,Default,Default,Default,Default,16,Default,DotNetTips.Spargine.Tester.BenchmarkTests,**NEW**,100,"2,595.709 μs",25.4766 μs,23.8308 μs,6.1531 μs,"2,561.864 μs","2,582.475 μs","2,596.802 μs","2,609.874 μs","2,647.969 μs",385.251,25.4766 μs,15.00,2.405,2.000,0.3465,19,*,No,31.2500,534 B,3.9063,"314,398 B"
GeneratePersonValCollection,Job-MXIROH,False,True,Default,Default,Default,Default,Default,1111,Empty,RyuJit,X64,8c5e7fda-e8bf-4a96-9a85-a6e23a8c635c,.NET 6.0,False,True,False,True,Default,Default,False,False,True,Default,Default,Default,Default,Default,Default,Default,1,Default,Default,Default,Default,Default,Default,Default,Default,Default,16,Default,DotNetTips.Spargine.Tester.BenchmarkTests,**NEW**,250,"6,357.128 μs",63.6127 μs,59.5034 μs,15.3637 μs,"6,294.445 μs","6,318.239 μs","6,333.587 μs","6,401.491 μs","6,510.496 μs",157.304,63.6127 μs,15.00,3.335,2.000,1.0563,21,*,No,78.1250,534 B,23.4375,"772,043 B"
GeneratePersonValCollection,Job-MXIROH,False,True,Default,Default,Default,Default,Default,1111,Empty,RyuJit,X64,8c5e7fda-e8bf-4a96-9a85-a6e23a8c635c,.NET 6.0,False,True,False,True,Default,Default,False,False,True,Default,Default,Default,Default,Default,Default,Default,1,Default,Default,Default,Default,Default,Default,Default,Default,Default,16,Default,DotNetTips.Spargine.Tester.BenchmarkTests,**NEW**,500,"12,760.190 μs",138.9348 μs,129.9597 μs,33.5554 μs,"12,574.647 μs","12,653.560 μs","12,778.595 μs","12,830.171 μs","13,044.980 μs",78.369,138.9348 μs,15.00,2.350,2.000,0.3094,22,*,No,78.1250,534 B,31.2500,"1,544,536 B"
GeneratePersonValCollection,Job-MXIROH,False,True,Default,Default,Default,Default,Default,1111,Empty,RyuJit,X64,8c5e7fda-e8bf-4a96-9a85-a6e23a8c635c,.NET 6.0,False,True,False,True,Default,Default,False,False,True,Default,Default,Default,Default,Default,Default,Default,1,Default,Default,Default,Default,Default,Default,Default,Default,Default,16,Default,DotNetTips.Spargine.Tester.BenchmarkTests,**NEW**,1000,"25,776.683 μs",511.0084 μs,795.5785 μs,140.6397 μs,"24,523.588 μs","24,915.495 μs","25,943.487 μs","26,324.334 μs","27,030.134 μs",38.795,511.0084 μs,32.00,1.691,2.923,-0.3329,24,*,No,31.2500,534 B,-,"3,089,096 B"
GeneratePersonValCollection,Job-MXIROH,False,True,Default,Default,Default,Default,Default,1111,Empty,RyuJit,X64,8c5e7fda-e8bf-4a96-9a85-a6e23a8c635c,.NET 6.0,False,True,False,True,Default,Default,False,False,True,Default,Default,Default,Default,Default,Default,Default,1,Default,Default,Default,Default,Default,Default,Default,Default,Default,16,Default,DotNetTips.Spargine.Tester.BenchmarkTests,**NEW**,2500,"65,408.634 μs","1,307.5539 μs","2,111.4558 μs",362.1117 μs,"61,933.287 μs","63,641.697 μs","65,310.794 μs","67,270.066 μs","69,336.575 μs",15.289,"1,307.5539 μs",34.00,1.640,3.286,0.0917,26,*,No,-,534 B,-,"8,067,328 B"
