Method,Job,AnalyzeLaunchVariance,EvaluateOverhead,MaxAbsoluteError,MaxRelativeError,MinInvokeCount,MinIterationTime,OutlierMode,Affinity,EnvironmentVariables,Jit,Platform,PowerPlanMode,Runtime,AllowVeryLargeObjects,Concurrent,CpuGroups,Force,HeapAffinitizeMask,HeapCount,NoAffinitize,RetainVm,Server,Arguments,BuildConfiguration,Clock,EngineFactory,NuGetReferences,Toolchain,IsMutator,InvocationCount,IterationCount,IterationTime,LaunchCount,MaxIterationCount,MaxWarmupIterationCount,MemoryRandomization,MinIterationCount,MinWarmupIterationCount,RunStrategy,UnrollFactor,WarmupCount,Namespace,Categories,Count,Mean,Error,StdDev,StdErr,Min,Q1,Median,Q3,Max,Op/s,CI99.9% Margin,Iterations,Kurtosis,MValue,Skewness,Rank,LogicalGroup,Baseline,Code Size,Gen 0,Gen 1,Allocated
'HasItems:With Predicate',Job-TRKAEU,False,True,Default,Default,Default,Default,Default,1111,Empty,RyuJit,X64,8c5e7fda-e8bf-4a96-9a85-a6e23a8c635c,.NET 6.0,False,True,False,True,Default,Default,False,False,True,Default,Default,Default,Default,Default,Default,Default,1,Default,Default,Default,Default,Default,Default,Default,Default,Default,16,Default,DotNetTips.Spargine.Extensions.BenchmarkTests,Collections,10,118.6 ns,2.37 ns,4.33 ns,0.67 ns,111.2 ns,115.3 ns,117.3 ns,120.9 ns,130.6 ns,"8,433,980.2",2.370 ns,42.00,3.224,2.000,0.8510,1,*,No,693 B,0.0186,-,168 B
'HasItems:With Predicate',Job-TRKAEU,False,True,Default,Default,Default,Default,Default,1111,Empty,RyuJit,X64,8c5e7fda-e8bf-4a96-9a85-a6e23a8c635c,.NET 6.0,False,True,False,True,Default,Default,False,False,True,Default,Default,Default,Default,Default,Default,Default,1,Default,Default,Default,Default,Default,Default,Default,Default,Default,16,Default,DotNetTips.Spargine.Extensions.BenchmarkTests,Collections,25,131.5 ns,2.67 ns,5.39 ns,0.76 ns,123.7 ns,127.5 ns,129.5 ns,134.8 ns,144.2 ns,"7,604,976.8",2.670 ns,50.00,2.364,2.000,0.7384,2,*,No,693 B,0.0203,-,184 B
'HasItems:With Predicate',Job-TRKAEU,False,True,Default,Default,Default,Default,Default,1111,Empty,RyuJit,X64,8c5e7fda-e8bf-4a96-9a85-a6e23a8c635c,.NET 6.0,False,True,False,True,Default,Default,False,False,True,Default,Default,Default,Default,Default,Default,Default,1,Default,Default,Default,Default,Default,Default,Default,Default,Default,16,Default,DotNetTips.Spargine.Extensions.BenchmarkTests,Collections,50,136.1 ns,2.29 ns,2.03 ns,0.54 ns,133.3 ns,135.0 ns,135.8 ns,137.8 ns,139.6 ns,"7,348,512.1",2.290 ns,14.00,1.698,2.000,0.2602,3,*,No,693 B,0.0222,-,200 B
'HasItems:With Predicate',Job-TRKAEU,False,True,Default,Default,Default,Default,Default,1111,Empty,RyuJit,X64,8c5e7fda-e8bf-4a96-9a85-a6e23a8c635c,.NET 6.0,False,True,False,True,Default,Default,False,False,True,Default,Default,Default,Default,Default,Default,Default,1,Default,Default,Default,Default,Default,Default,Default,Default,Default,16,Default,DotNetTips.Spargine.Extensions.BenchmarkTests,Collections,100,143.9 ns,2.86 ns,5.30 ns,0.81 ns,136.2 ns,139.5 ns,143.9 ns,146.6 ns,157.8 ns,"6,947,725.0",2.857 ns,43.00,3.550,2.000,0.9151,4,*,No,693 B,0.0241,-,216 B
'HasItems:With Predicate',Job-TRKAEU,False,True,Default,Default,Default,Default,Default,1111,Empty,RyuJit,X64,8c5e7fda-e8bf-4a96-9a85-a6e23a8c635c,.NET 6.0,False,True,False,True,Default,Default,False,False,True,Default,Default,Default,Default,Default,Default,Default,1,Default,Default,Default,Default,Default,Default,Default,Default,Default,16,Default,DotNetTips.Spargine.Extensions.BenchmarkTests,Collections,250,150.4 ns,2.95 ns,3.51 ns,0.77 ns,145.0 ns,148.1 ns,149.4 ns,153.6 ns,156.6 ns,"6,647,347.0",2.950 ns,21.00,1.899,2.727,0.4370,5,*,No,693 B,0.0257,-,232 B
'HasItems:With Predicate',Job-TRKAEU,False,True,Default,Default,Default,Default,Default,1111,Empty,RyuJit,X64,8c5e7fda-e8bf-4a96-9a85-a6e23a8c635c,.NET 6.0,False,True,False,True,Default,Default,False,False,True,Default,Default,Default,Default,Default,Default,Default,1,Default,Default,Default,Default,Default,Default,Default,Default,Default,16,Default,DotNetTips.Spargine.Extensions.BenchmarkTests,Collections,500,152.7 ns,3.09 ns,5.41 ns,0.87 ns,145.2 ns,148.2 ns,151.0 ns,156.1 ns,166.8 ns,"6,547,786.3",3.091 ns,39.00,2.434,2.000,0.6454,5,*,No,693 B,0.0274,-,248 B
'HasItems:With Predicate',Job-TRKAEU,False,True,Default,Default,Default,Default,Default,1111,Empty,RyuJit,X64,8c5e7fda-e8bf-4a96-9a85-a6e23a8c635c,.NET 6.0,False,True,False,True,Default,Default,False,False,True,Default,Default,Default,Default,Default,Default,Default,1,Default,Default,Default,Default,Default,Default,Default,Default,Default,16,Default,DotNetTips.Spargine.Extensions.BenchmarkTests,Collections,1000,158.3 ns,3.13 ns,3.48 ns,0.80 ns,153.5 ns,156.2 ns,157.3 ns,160.5 ns,167.8 ns,"6,316,885.7",3.133 ns,19.00,3.575,2.000,0.8448,6,*,No,693 B,0.0296,-,264 B
'HasItems:With Predicate',Job-TRKAEU,False,True,Default,Default,Default,Default,Default,1111,Empty,RyuJit,X64,8c5e7fda-e8bf-4a96-9a85-a6e23a8c635c,.NET 6.0,False,True,False,True,Default,Default,False,False,True,Default,Default,Default,Default,Default,Default,Default,1,Default,Default,Default,Default,Default,Default,Default,Default,Default,16,Default,DotNetTips.Spargine.Extensions.BenchmarkTests,Collections,2500,166.0 ns,3.33 ns,4.99 ns,0.91 ns,158.6 ns,162.6 ns,165.0 ns,169.0 ns,175.5 ns,"6,024,142.0",3.335 ns,30.00,2.073,2.500,0.4935,7,*,No,693 B,0.0327,-,296 B
DoesNotHaveItems,Job-TRKAEU,False,True,Default,Default,Default,Default,Default,1111,Empty,RyuJit,X64,8c5e7fda-e8bf-4a96-9a85-a6e23a8c635c,.NET 6.0,False,True,False,True,Default,Default,False,False,True,Default,Default,Default,Default,Default,Default,Default,1,Default,Default,Default,Default,Default,Default,Default,Default,Default,16,Default,DotNetTips.Spargine.Extensions.BenchmarkTests,Collections,10,534.1 ns,10.40 ns,16.50 ns,2.87 ns,506.2 ns,522.5 ns,528.9 ns,544.6 ns,575.3 ns,"1,872,429.1",10.402 ns,33.00,2.573,2.000,0.6684,10,*,No,"1,277 B",0.1068,-,968 B
DoesNotHaveItems,Job-TRKAEU,False,True,Default,Default,Default,Default,Default,1111,Empty,RyuJit,X64,8c5e7fda-e8bf-4a96-9a85-a6e23a8c635c,.NET 6.0,False,True,False,True,Default,Default,False,False,True,Default,Default,Default,Default,Default,Default,Default,1,Default,Default,Default,Default,Default,Default,Default,Default,Default,16,Default,DotNetTips.Spargine.Extensions.BenchmarkTests,Collections,25,"1,179.0 ns",23.48 ns,34.41 ns,6.39 ns,"1,118.7 ns","1,152.4 ns","1,170.7 ns","1,204.0 ns","1,240.3 ns","848,191.4",23.477 ns,29.00,1.832,2.000,0.3874,12,*,No,"1,277 B",0.1926,-,"1,736 B"
DoesNotHaveItems,Job-TRKAEU,False,True,Default,Default,Default,Default,Default,1111,Empty,RyuJit,X64,8c5e7fda-e8bf-4a96-9a85-a6e23a8c635c,.NET 6.0,False,True,False,True,Default,Default,False,False,True,Default,Default,Default,Default,Default,Default,Default,1,Default,Default,Default,Default,Default,Default,Default,Default,Default,16,Default,DotNetTips.Spargine.Extensions.BenchmarkTests,Collections,50,"2,306.2 ns",45.11 ns,68.89 ns,12.37 ns,"2,196.4 ns","2,253.7 ns","2,286.5 ns","2,361.2 ns","2,443.8 ns","433,618.5",45.112 ns,31.00,1.887,2.267,0.4591,14,*,No,"1,277 B",0.3281,-,"2,984 B"
DoesNotHaveItems,Job-TRKAEU,False,True,Default,Default,Default,Default,Default,1111,Empty,RyuJit,X64,8c5e7fda-e8bf-4a96-9a85-a6e23a8c635c,.NET 6.0,False,True,False,True,Default,Default,False,False,True,Default,Default,Default,Default,Default,Default,Default,1,Default,Default,Default,Default,Default,Default,Default,Default,Default,16,Default,DotNetTips.Spargine.Extensions.BenchmarkTests,Collections,100,"4,363.4 ns",86.77 ns,112.83 ns,23.03 ns,"4,223.0 ns","4,278.0 ns","4,329.1 ns","4,425.7 ns","4,673.2 ns","229,180.0",86.772 ns,24.00,3.260,2.000,1.0125,15,*,No,"1,277 B",0.5951,-,"5,432 B"
DoesNotHaveItems,Job-TRKAEU,False,True,Default,Default,Default,Default,Default,1111,Empty,RyuJit,X64,8c5e7fda-e8bf-4a96-9a85-a6e23a8c635c,.NET 6.0,False,True,False,True,Default,Default,False,False,True,Default,Default,Default,Default,Default,Default,Default,1,Default,Default,Default,Default,Default,Default,Default,Default,Default,16,Default,DotNetTips.Spargine.Extensions.BenchmarkTests,Collections,250,"10,924.1 ns",170.89 ns,151.49 ns,40.49 ns,"10,633.0 ns","10,848.1 ns","10,934.9 ns","10,998.5 ns","11,201.7 ns","91,541.1",170.891 ns,14.00,2.415,2.000,-0.1567,17,*,No,"1,271 B",1.4191,0.0153,"12,680 B"
DoesNotHaveItems,Job-TRKAEU,False,True,Default,Default,Default,Default,Default,1111,Empty,RyuJit,X64,8c5e7fda-e8bf-4a96-9a85-a6e23a8c635c,.NET 6.0,False,True,False,True,Default,Default,False,False,True,Default,Default,Default,Default,Default,Default,Default,1,Default,Default,Default,Default,Default,Default,Default,Default,Default,16,Default,DotNetTips.Spargine.Extensions.BenchmarkTests,Collections,500,"22,245.6 ns",431.68 ns,382.68 ns,102.27 ns,"21,649.9 ns","21,912.4 ns","22,265.9 ns","22,471.4 ns","22,952.9 ns","44,952.7",431.685 ns,14.00,1.918,2.000,0.2141,19,*,No,"1,277 B",2.7161,0.0610,"24,728 B"
DoesNotHaveItems,Job-TRKAEU,False,True,Default,Default,Default,Default,Default,1111,Empty,RyuJit,X64,8c5e7fda-e8bf-4a96-9a85-a6e23a8c635c,.NET 6.0,False,True,False,True,Default,Default,False,False,True,Default,Default,Default,Default,Default,Default,Default,1,Default,Default,Default,Default,Default,Default,Default,Default,Default,16,Default,DotNetTips.Spargine.Extensions.BenchmarkTests,Collections,1000,"42,793.3 ns",842.51 ns,788.08 ns,203.48 ns,"41,792.0 ns","42,294.1 ns","42,822.3 ns","42,931.3 ns","44,716.0 ns","23,368.1",842.507 ns,15.00,3.148,2.000,0.9080,21,*,No,"1,271 B",5.3101,0.3052,"48,776 B"
DoesNotHaveItems,Job-TRKAEU,False,True,Default,Default,Default,Default,Default,1111,Empty,RyuJit,X64,8c5e7fda-e8bf-4a96-9a85-a6e23a8c635c,.NET 6.0,False,True,False,True,Default,Default,False,False,True,Default,Default,Default,Default,Default,Default,Default,1,Default,Default,Default,Default,Default,Default,Default,Default,Default,16,Default,DotNetTips.Spargine.Extensions.BenchmarkTests,Collections,2500,"109,749.3 ns","2,182.97 ns","4,100.15 ns",618.12 ns,"104,635.6 ns","106,632.8 ns","108,528.6 ns","113,143.9 ns","118,373.5 ns","9,111.7","2,182.972 ns",44.00,2.361,2.000,0.7711,22,*,No,"1,271 B",13.3057,2.0752,"120,872 B"
HasItems,Job-TRKAEU,False,True,Default,Default,Default,Default,Default,1111,Empty,RyuJit,X64,8c5e7fda-e8bf-4a96-9a85-a6e23a8c635c,.NET 6.0,False,True,False,True,Default,Default,False,False,True,Default,Default,Default,Default,Default,Default,Default,1,Default,Default,Default,Default,Default,Default,Default,Default,Default,16,Default,DotNetTips.Spargine.Extensions.BenchmarkTests,Collections,10,211.7 ns,4.07 ns,4.36 ns,1.03 ns,204.9 ns,208.0 ns,211.5 ns,215.5 ns,219.9 ns,"4,723,489.1",4.073 ns,18.00,1.708,2.000,0.0925,8,*,No,159 B,0.0184,-,168 B
HasItems,Job-TRKAEU,False,True,Default,Default,Default,Default,Default,1111,Empty,RyuJit,X64,8c5e7fda-e8bf-4a96-9a85-a6e23a8c635c,.NET 6.0,False,True,False,True,Default,Default,False,False,True,Default,Default,Default,Default,Default,Default,Default,1,Default,Default,Default,Default,Default,Default,Default,Default,Default,16,Default,DotNetTips.Spargine.Extensions.BenchmarkTests,Collections,25,462.2 ns,8.38 ns,7.43 ns,1.99 ns,450.4 ns,459.5 ns,462.1 ns,466.5 ns,477.9 ns,"2,163,599.2",8.385 ns,14.00,2.449,2.000,0.1385,9,*,No,159 B,0.0200,-,184 B
HasItems,Job-TRKAEU,False,True,Default,Default,Default,Default,Default,1111,Empty,RyuJit,X64,8c5e7fda-e8bf-4a96-9a85-a6e23a8c635c,.NET 6.0,False,True,False,True,Default,Default,False,False,True,Default,Default,Default,Default,Default,Default,Default,1,Default,Default,Default,Default,Default,Default,Default,Default,Default,16,Default,DotNetTips.Spargine.Extensions.BenchmarkTests,Collections,50,866.5 ns,13.06 ns,12.22 ns,3.16 ns,850.0 ns,859.0 ns,861.5 ns,877.6 ns,886.6 ns,"1,154,055.5",13.063 ns,15.00,1.541,2.000,0.3105,11,*,No,159 B,0.0210,-,200 B
HasItems,Job-TRKAEU,False,True,Default,Default,Default,Default,Default,1111,Empty,RyuJit,X64,8c5e7fda-e8bf-4a96-9a85-a6e23a8c635c,.NET 6.0,False,True,False,True,Default,Default,False,False,True,Default,Default,Default,Default,Default,Default,Default,1,Default,Default,Default,Default,Default,Default,Default,Default,Default,16,Default,DotNetTips.Spargine.Extensions.BenchmarkTests,Collections,100,"1,731.8 ns",19.59 ns,18.32 ns,4.73 ns,"1,699.0 ns","1,721.2 ns","1,737.4 ns","1,747.7 ns","1,754.0 ns","577,418.3",19.588 ns,15.00,1.680,2.000,-0.3726,13,*,No,159 B,0.0229,-,216 B
HasItems,Job-TRKAEU,False,True,Default,Default,Default,Default,Default,1111,Empty,RyuJit,X64,8c5e7fda-e8bf-4a96-9a85-a6e23a8c635c,.NET 6.0,False,True,False,True,Default,Default,False,False,True,Default,Default,Default,Default,Default,Default,Default,1,Default,Default,Default,Default,Default,Default,Default,Default,Default,16,Default,DotNetTips.Spargine.Extensions.BenchmarkTests,Collections,250,"4,379.5 ns",63.27 ns,59.18 ns,15.28 ns,"4,300.5 ns","4,346.2 ns","4,367.3 ns","4,412.5 ns","4,499.7 ns","228,334.3",63.268 ns,15.00,2.109,2.000,0.4089,15,*,No,159 B,0.0229,-,232 B
HasItems,Job-TRKAEU,False,True,Default,Default,Default,Default,Default,1111,Empty,RyuJit,X64,8c5e7fda-e8bf-4a96-9a85-a6e23a8c635c,.NET 6.0,False,True,False,True,Default,Default,False,False,True,Default,Default,Default,Default,Default,Default,Default,1,Default,Default,Default,Default,Default,Default,Default,Default,Default,16,Default,DotNetTips.Spargine.Extensions.BenchmarkTests,Collections,500,"8,377.3 ns",81.87 ns,76.58 ns,19.77 ns,"8,269.2 ns","8,322.7 ns","8,371.4 ns","8,420.1 ns","8,524.1 ns","119,370.5",81.869 ns,15.00,2.261,2.000,0.5394,16,*,No,159 B,0.0153,-,248 B
HasItems,Job-TRKAEU,False,True,Default,Default,Default,Default,Default,1111,Empty,RyuJit,X64,8c5e7fda-e8bf-4a96-9a85-a6e23a8c635c,.NET 6.0,False,True,False,True,Default,Default,False,False,True,Default,Default,Default,Default,Default,Default,Default,1,Default,Default,Default,Default,Default,Default,Default,Default,Default,16,Default,DotNetTips.Spargine.Extensions.BenchmarkTests,Collections,1000,"16,904.2 ns",187.29 ns,175.19 ns,45.23 ns,"16,537.1 ns","16,804.8 ns","16,927.4 ns","17,062.0 ns","17,090.2 ns","59,156.8",187.287 ns,15.00,2.318,2.000,-0.7407,18,*,No,159 B,-,-,264 B
HasItems,Job-TRKAEU,False,True,Default,Default,Default,Default,Default,1111,Empty,RyuJit,X64,8c5e7fda-e8bf-4a96-9a85-a6e23a8c635c,.NET 6.0,False,True,False,True,Default,Default,False,False,True,Default,Default,Default,Default,Default,Default,Default,1,Default,Default,Default,Default,Default,Default,Default,Default,Default,16,Default,DotNetTips.Spargine.Extensions.BenchmarkTests,Collections,2500,"40,916.1 ns",486.03 ns,430.85 ns,115.15 ns,"40,315.6 ns","40,565.5 ns","40,923.2 ns","41,298.9 ns","41,629.5 ns","24,440.3",486.027 ns,14.00,1.578,2.000,-0.0044,20,*,No,159 B,-,-,296 B
