Method,Job,AnalyzeLaunchVariance,EvaluateOverhead,MaxAbsoluteError,MaxRelativeError,MinInvokeCount,MinIterationTime,OutlierMode,Affinity,EnvironmentVariables,Jit,Platform,PowerPlanMode,Runtime,AllowVeryLargeObjects,Concurrent,CpuGroups,Force,HeapAffinitizeMask,HeapCount,NoAffinitize,RetainVm,Server,Arguments,BuildConfiguration,Clock,EngineFactory,NuGetReferences,Toolchain,IsMutator,InvocationCount,IterationCount,IterationTime,LaunchCount,MaxIterationCount,MaxWarmupIterationCount,MemoryRandomization,MinIterationCount,MinWarmupIterationCount,RunStrategy,UnrollFactor,WarmupCount,Namespace,Categories,Count,Mean,Error,StdDev,StdErr,Min,Q1,Median,Q3,Max,Op/s,CI99.9% Margin,Iterations,Kurtosis,MValue,Skewness,Rank,LogicalGroup,Baseline,Code Size,Gen 0,Gen 1,Gen 2,Allocated
'GetOrAdd: Dictionary',Job-LAXWQE,False,True,Default,Default,Default,Default,Default,1111,Empty,RyuJit,X64,8c5e7fda-e8bf-4a96-9a85-a6e23a8c635c,.NET 5.0,False,True,False,True,Default,Default,False,False,True,Default,Default,Default,Default,Default,.NET 5.0,Default,1,Default,Default,Default,Default,Default,Default,Default,Default,Default,16,Default,dotNetTips.Spargine.Extensions.BenchmarkTests,"**NEW**,Collections",10,28.95 ns,0.104 ns,0.097 ns,0.025 ns,28.83 ns,28.88 ns,28.92 ns,29.02 ns,29.16 ns,"34,547,067.4",0.1037 ns,15.00,2.191,2.000,0.5155,2,*,No,306 B,-,-,-,0 B
'GetOrAdd: Dictionary',Job-LAXWQE,False,True,Default,Default,Default,Default,Default,1111,Empty,RyuJit,X64,8c5e7fda-e8bf-4a96-9a85-a6e23a8c635c,.NET 5.0,False,True,False,True,Default,Default,False,False,True,Default,Default,Default,Default,Default,.NET 5.0,Default,1,Default,Default,Default,Default,Default,Default,Default,Default,Default,16,Default,dotNetTips.Spargine.Extensions.BenchmarkTests,"**NEW**,Collections",25,27.86 ns,0.125 ns,0.110 ns,0.030 ns,27.57 ns,27.86 ns,27.89 ns,27.92 ns,27.96 ns,"35,899,194.3",0.1245 ns,14.00,3.931,2.000,-1.4417,1,*,No,306 B,-,-,-,0 B
'GetOrAdd: Dictionary',Job-LAXWQE,False,True,Default,Default,Default,Default,Default,1111,Empty,RyuJit,X64,8c5e7fda-e8bf-4a96-9a85-a6e23a8c635c,.NET 5.0,False,True,False,True,Default,Default,False,False,True,Default,Default,Default,Default,Default,.NET 5.0,Default,1,Default,Default,Default,Default,Default,Default,Default,Default,Default,16,Default,dotNetTips.Spargine.Extensions.BenchmarkTests,"**NEW**,Collections",50,27.78 ns,0.128 ns,0.120 ns,0.031 ns,27.64 ns,27.68 ns,27.77 ns,27.86 ns,27.99 ns,"35,991,086.6",0.1283 ns,15.00,1.455,2.000,0.2584,1,*,No,306 B,-,-,-,0 B
'GetOrAdd: Dictionary',Job-LAXWQE,False,True,Default,Default,Default,Default,Default,1111,Empty,RyuJit,X64,8c5e7fda-e8bf-4a96-9a85-a6e23a8c635c,.NET 5.0,False,True,False,True,Default,Default,False,False,True,Default,Default,Default,Default,Default,.NET 5.0,Default,1,Default,Default,Default,Default,Default,Default,Default,Default,Default,16,Default,dotNetTips.Spargine.Extensions.BenchmarkTests,"**NEW**,Collections",100,29.21 ns,0.197 ns,0.174 ns,0.047 ns,28.83 ns,29.19 ns,29.23 ns,29.31 ns,29.47 ns,"34,238,849.0",0.1968 ns,14.00,3.303,2.000,-1.0349,2,*,No,306 B,-,-,-,0 B
'GetOrAdd: Dictionary',Job-LAXWQE,False,True,Default,Default,Default,Default,Default,1111,Empty,RyuJit,X64,8c5e7fda-e8bf-4a96-9a85-a6e23a8c635c,.NET 5.0,False,True,False,True,Default,Default,False,False,True,Default,Default,Default,Default,Default,.NET 5.0,Default,1,Default,Default,Default,Default,Default,Default,Default,Default,Default,16,Default,dotNetTips.Spargine.Extensions.BenchmarkTests,"**NEW**,Collections",250,27.88 ns,0.408 ns,0.361 ns,0.097 ns,27.47 ns,27.67 ns,27.77 ns,27.97 ns,28.65 ns,"35,864,019.0",0.4076 ns,14.00,2.838,2.000,1.0972,1,*,No,306 B,-,-,-,0 B
'GetOrAdd: Dictionary',Job-LAXWQE,False,True,Default,Default,Default,Default,Default,1111,Empty,RyuJit,X64,8c5e7fda-e8bf-4a96-9a85-a6e23a8c635c,.NET 5.0,False,True,False,True,Default,Default,False,False,True,Default,Default,Default,Default,Default,.NET 5.0,Default,1,Default,Default,Default,Default,Default,Default,Default,Default,Default,16,Default,dotNetTips.Spargine.Extensions.BenchmarkTests,"**NEW**,Collections",500,27.80 ns,0.177 ns,0.157 ns,0.042 ns,27.49 ns,27.71 ns,27.78 ns,27.89 ns,28.07 ns,"35,970,889.6",0.1768 ns,14.00,2.289,2.000,-0.0329,1,*,No,306 B,-,-,-,0 B
'GetOrAdd: Dictionary',Job-LAXWQE,False,True,Default,Default,Default,Default,Default,1111,Empty,RyuJit,X64,8c5e7fda-e8bf-4a96-9a85-a6e23a8c635c,.NET 5.0,False,True,False,True,Default,Default,False,False,True,Default,Default,Default,Default,Default,.NET 5.0,Default,1,Default,Default,Default,Default,Default,Default,Default,Default,Default,16,Default,dotNetTips.Spargine.Extensions.BenchmarkTests,"**NEW**,Collections",1000,28.17 ns,0.101 ns,0.095 ns,0.024 ns,28.03 ns,28.09 ns,28.18 ns,28.23 ns,28.35 ns,"35,499,534.6",0.1012 ns,15.00,1.834,2.000,0.0967,1,*,No,306 B,-,-,-,0 B
'ToDelimitedString: *POOL',Job-LAXWQE,False,True,Default,Default,Default,Default,Default,1111,Empty,RyuJit,X64,8c5e7fda-e8bf-4a96-9a85-a6e23a8c635c,.NET 5.0,False,True,False,True,Default,Default,False,False,True,Default,Default,Default,Default,Default,.NET 5.0,Default,1,Default,Default,Default,Default,Default,Default,Default,Default,Default,16,Default,dotNetTips.Spargine.Extensions.BenchmarkTests,"Strings,Collections",10,"2,179.50 ns",11.806 ns,11.043 ns,2.851 ns,"2,149.17 ns","2,175.15 ns","2,181.75 ns","2,185.47 ns","2,199.53 ns","458,821.3",11.8060 ns,15.00,4.582,2.000,-0.9572,13,*,No,565 B,0.6294,-,-,"5,736 B"
'ToDelimitedString: *POOL',Job-LAXWQE,False,True,Default,Default,Default,Default,Default,1111,Empty,RyuJit,X64,8c5e7fda-e8bf-4a96-9a85-a6e23a8c635c,.NET 5.0,False,True,False,True,Default,Default,False,False,True,Default,Default,Default,Default,Default,.NET 5.0,Default,1,Default,Default,Default,Default,Default,Default,Default,Default,Default,16,Default,dotNetTips.Spargine.Extensions.BenchmarkTests,"Strings,Collections",25,"5,094.69 ns",12.274 ns,10.249 ns,2.843 ns,"5,083.04 ns","5,086.07 ns","5,090.61 ns","5,102.05 ns","5,112.86 ns","196,282.9",12.2735 ns,13.00,1.593,2.000,0.4937,15,*,No,565 B,1.4954,0.0076,-,"12,656 B"
'ToDelimitedString: *POOL',Job-LAXWQE,False,True,Default,Default,Default,Default,Default,1111,Empty,RyuJit,X64,8c5e7fda-e8bf-4a96-9a85-a6e23a8c635c,.NET 5.0,False,True,False,True,Default,Default,False,False,True,Default,Default,Default,Default,Default,.NET 5.0,Default,1,Default,Default,Default,Default,Default,Default,Default,Default,Default,16,Default,dotNetTips.Spargine.Extensions.BenchmarkTests,"Strings,Collections",50,"9,754.57 ns",9.803 ns,9.169 ns,2.368 ns,"9,732.07 ns","9,752.55 ns","9,757.77 ns","9,760.07 ns","9,765.78 ns","102,516.0",9.8027 ns,15.00,3.117,2.000,-1.0876,17,*,No,565 B,2.7161,0.0305,-,"24,856 B"
'ToDelimitedString: *POOL',Job-LAXWQE,False,True,Default,Default,Default,Default,Default,1111,Empty,RyuJit,X64,8c5e7fda-e8bf-4a96-9a85-a6e23a8c635c,.NET 5.0,False,True,False,True,Default,Default,False,False,True,Default,Default,Default,Default,Default,.NET 5.0,Default,1,Default,Default,Default,Default,Default,Default,Default,Default,Default,16,Default,dotNetTips.Spargine.Extensions.BenchmarkTests,"Strings,Collections",100,"18,650.39 ns",94.625 ns,83.883 ns,22.419 ns,"18,463.07 ns","18,637.52 ns","18,672.18 ns","18,696.14 ns","18,775.82 ns","53,618.2",94.6255 ns,14.00,3.314,2.000,-1.0661,19,*,No,565 B,5.3406,0.2136,-,"49,176 B"
'ToDelimitedString: *POOL',Job-LAXWQE,False,True,Default,Default,Default,Default,Default,1111,Empty,RyuJit,X64,8c5e7fda-e8bf-4a96-9a85-a6e23a8c635c,.NET 5.0,False,True,False,True,Default,Default,False,False,True,Default,Default,Default,Default,Default,.NET 5.0,Default,1,Default,Default,Default,Default,Default,Default,Default,Default,Default,16,Default,dotNetTips.Spargine.Extensions.BenchmarkTests,"Strings,Collections",250,"44,775.59 ns",102.686 ns,91.028 ns,24.328 ns,"44,564.85 ns","44,726.76 ns","44,776.29 ns","44,827.19 ns","44,940.68 ns","22,333.6",102.6856 ns,14.00,3.089,2.000,-0.3375,20,*,No,565 B,13.9771,1.7700,-,"128,720 B"
'ToDelimitedString: *POOL',Job-LAXWQE,False,True,Default,Default,Default,Default,Default,1111,Empty,RyuJit,X64,8c5e7fda-e8bf-4a96-9a85-a6e23a8c635c,.NET 5.0,False,True,False,True,Default,Default,False,False,True,Default,Default,Default,Default,Default,.NET 5.0,Default,1,Default,Default,Default,Default,Default,Default,Default,Default,Default,16,Default,dotNetTips.Spargine.Extensions.BenchmarkTests,"Strings,Collections",500,"88,554.77 ns",153.957 ns,136.479 ns,36.476 ns,"88,251.07 ns","88,471.09 ns","88,553.55 ns","88,646.22 ns","88,744.03 ns","11,292.4",153.9571 ns,14.00,2.459,2.000,-0.4805,21,*,No,565 B,26.4893,-,-,"239,864 B"
'ToDelimitedString: *POOL',Job-LAXWQE,False,True,Default,Default,Default,Default,Default,1111,Empty,RyuJit,X64,8c5e7fda-e8bf-4a96-9a85-a6e23a8c635c,.NET 5.0,False,True,False,True,Default,Default,False,False,True,Default,Default,Default,Default,Default,.NET 5.0,Default,1,Default,Default,Default,Default,Default,Default,Default,Default,Default,16,Default,dotNetTips.Spargine.Extensions.BenchmarkTests,"Strings,Collections",1000,"369,947.05 ns","7,294.764 ns","17,336.779 ns","2,118.025 ns","328,446.39 ns","357,430.30 ns","367,888.13 ns","384,418.55 ns","416,102.15 ns","2,703.1","7,294.7642 ns",67.00,2.681,3.000,-0.0290,22,*,No,565 B,48.3398,22.4609,13.1836,"461,852 B"
'Upsert: New Person',Job-LAXWQE,False,True,Default,Default,Default,Default,Default,1111,Empty,RyuJit,X64,8c5e7fda-e8bf-4a96-9a85-a6e23a8c635c,.NET 5.0,False,True,False,True,Default,Default,False,False,True,Default,Default,Default,Default,Default,.NET 5.0,Default,1,Default,Default,Default,Default,Default,Default,Default,Default,Default,16,Default,dotNetTips.Spargine.Extensions.BenchmarkTests,Collections,10,45.04 ns,0.231 ns,0.193 ns,0.054 ns,44.50 ns,45.02 ns,45.08 ns,45.13 ns,45.31 ns,"22,200,041.7",0.2313 ns,13.00,5.390,2.000,-1.5337,7,*,No,"1,783 B",-,-,-,0 B
'Upsert: New Person',Job-LAXWQE,False,True,Default,Default,Default,Default,Default,1111,Empty,RyuJit,X64,8c5e7fda-e8bf-4a96-9a85-a6e23a8c635c,.NET 5.0,False,True,False,True,Default,Default,False,False,True,Default,Default,Default,Default,Default,.NET 5.0,Default,1,Default,Default,Default,Default,Default,Default,Default,Default,Default,16,Default,dotNetTips.Spargine.Extensions.BenchmarkTests,Collections,25,41.40 ns,0.137 ns,0.121 ns,0.032 ns,41.12 ns,41.34 ns,41.44 ns,41.48 ns,41.55 ns,"24,153,197.2",0.1366 ns,14.00,2.785,2.000,-0.8417,5,*,No,"1,783 B",-,-,-,0 B
'Upsert: New Person',Job-LAXWQE,False,True,Default,Default,Default,Default,Default,1111,Empty,RyuJit,X64,8c5e7fda-e8bf-4a96-9a85-a6e23a8c635c,.NET 5.0,False,True,False,True,Default,Default,False,False,True,Default,Default,Default,Default,Default,.NET 5.0,Default,1,Default,Default,Default,Default,Default,Default,Default,Default,Default,16,Default,dotNetTips.Spargine.Extensions.BenchmarkTests,Collections,50,39.89 ns,0.204 ns,0.159 ns,0.046 ns,39.57 ns,39.84 ns,39.95 ns,39.98 ns,40.11 ns,"25,067,318.5",0.2037 ns,12.00,2.188,2.000,-0.6929,4,*,No,"1,783 B",-,-,-,0 B
'Upsert: New Person',Job-LAXWQE,False,True,Default,Default,Default,Default,Default,1111,Empty,RyuJit,X64,8c5e7fda-e8bf-4a96-9a85-a6e23a8c635c,.NET 5.0,False,True,False,True,Default,Default,False,False,True,Default,Default,Default,Default,Default,.NET 5.0,Default,1,Default,Default,Default,Default,Default,Default,Default,Default,Default,16,Default,dotNetTips.Spargine.Extensions.BenchmarkTests,Collections,100,41.41 ns,0.132 ns,0.124 ns,0.032 ns,41.28 ns,41.33 ns,41.37 ns,41.50 ns,41.70 ns,"24,146,767.7",0.1321 ns,15.00,2.361,2.000,0.7674,5,*,No,"1,783 B",-,-,-,0 B
'Upsert: New Person',Job-LAXWQE,False,True,Default,Default,Default,Default,Default,1111,Empty,RyuJit,X64,8c5e7fda-e8bf-4a96-9a85-a6e23a8c635c,.NET 5.0,False,True,False,True,Default,Default,False,False,True,Default,Default,Default,Default,Default,.NET 5.0,Default,1,Default,Default,Default,Default,Default,Default,Default,Default,Default,16,Default,dotNetTips.Spargine.Extensions.BenchmarkTests,Collections,250,47.05 ns,0.466 ns,0.436 ns,0.113 ns,45.80 ns,46.95 ns,47.13 ns,47.24 ns,47.66 ns,"21,252,030.6",0.4661 ns,15.00,5.070,2.000,-1.3975,8,*,No,"1,783 B",-,-,-,0 B
'Upsert: New Person',Job-LAXWQE,False,True,Default,Default,Default,Default,Default,1111,Empty,RyuJit,X64,8c5e7fda-e8bf-4a96-9a85-a6e23a8c635c,.NET 5.0,False,True,False,True,Default,Default,False,False,True,Default,Default,Default,Default,Default,.NET 5.0,Default,1,Default,Default,Default,Default,Default,Default,Default,Default,Default,16,Default,dotNetTips.Spargine.Extensions.BenchmarkTests,Collections,500,43.76 ns,0.276 ns,0.245 ns,0.065 ns,43.12 ns,43.73 ns,43.82 ns,43.91 ns,44.03 ns,"22,853,521.8",0.2759 ns,14.00,3.794,2.000,-1.2764,6,*,No,"1,783 B",-,-,-,0 B
'Upsert: New Person',Job-LAXWQE,False,True,Default,Default,Default,Default,Default,1111,Empty,RyuJit,X64,8c5e7fda-e8bf-4a96-9a85-a6e23a8c635c,.NET 5.0,False,True,False,True,Default,Default,False,False,True,Default,Default,Default,Default,Default,.NET 5.0,Default,1,Default,Default,Default,Default,Default,Default,Default,Default,Default,16,Default,dotNetTips.Spargine.Extensions.BenchmarkTests,Collections,1000,38.49 ns,0.492 ns,0.436 ns,0.117 ns,37.47 ns,38.37 ns,38.58 ns,38.82 ns,38.96 ns,"25,977,558.3",0.4921 ns,14.00,2.876,2.000,-0.9132,3,*,No,"1,783 B",-,-,-,0 B
Upsert,Job-LAXWQE,False,True,Default,Default,Default,Default,Default,1111,Empty,RyuJit,X64,8c5e7fda-e8bf-4a96-9a85-a6e23a8c635c,.NET 5.0,False,True,False,True,Default,Default,False,False,True,Default,Default,Default,Default,Default,.NET 5.0,Default,1,Default,Default,Default,Default,Default,Default,Default,Default,Default,16,Default,dotNetTips.Spargine.Extensions.BenchmarkTests,Collections,10,251.10 ns,1.660 ns,1.471 ns,0.393 ns,247.09 ns,250.61 ns,251.72 ns,252.03 ns,252.80 ns,"3,982,519.9",1.6595 ns,14.00,4.269,2.000,-1.3562,9,*,No,"1,962 B",0.0057,-,-,56 B
Upsert,Job-LAXWQE,False,True,Default,Default,Default,Default,Default,1111,Empty,RyuJit,X64,8c5e7fda-e8bf-4a96-9a85-a6e23a8c635c,.NET 5.0,False,True,False,True,Default,Default,False,False,True,Default,Default,Default,Default,Default,.NET 5.0,Default,1,Default,Default,Default,Default,Default,Default,Default,Default,Default,16,Default,dotNetTips.Spargine.Extensions.BenchmarkTests,Collections,25,475.89 ns,3.706 ns,3.467 ns,0.895 ns,469.69 ns,473.50 ns,477.23 ns,478.66 ns,479.92 ns,"2,101,307.4",3.7063 ns,15.00,1.654,2.000,-0.5691,10,*,No,"1,962 B",0.0057,-,-,56 B
Upsert,Job-LAXWQE,False,True,Default,Default,Default,Default,Default,1111,Empty,RyuJit,X64,8c5e7fda-e8bf-4a96-9a85-a6e23a8c635c,.NET 5.0,False,True,False,True,Default,Default,False,False,True,Default,Default,Default,Default,Default,.NET 5.0,Default,1,Default,Default,Default,Default,Default,Default,Default,Default,Default,16,Default,dotNetTips.Spargine.Extensions.BenchmarkTests,Collections,50,836.80 ns,4.784 ns,4.475 ns,1.155 ns,828.03 ns,834.28 ns,838.26 ns,839.88 ns,843.36 ns,"1,195,027.0",4.7842 ns,15.00,1.942,2.000,-0.4660,11,*,No,"1,962 B",0.0057,-,-,56 B
Upsert,Job-LAXWQE,False,True,Default,Default,Default,Default,Default,1111,Empty,RyuJit,X64,8c5e7fda-e8bf-4a96-9a85-a6e23a8c635c,.NET 5.0,False,True,False,True,Default,Default,False,False,True,Default,Default,Default,Default,Default,.NET 5.0,Default,1,Default,Default,Default,Default,Default,Default,Default,Default,Default,16,Default,dotNetTips.Spargine.Extensions.BenchmarkTests,Collections,100,"1,551.47 ns",13.481 ns,11.951 ns,3.194 ns,"1,520.94 ns","1,551.82 ns","1,555.83 ns","1,557.68 ns","1,562.95 ns","644,548.5",13.4811 ns,14.00,3.860,2.000,-1.4624,12,*,No,"1,962 B",0.0057,-,-,56 B
Upsert,Job-LAXWQE,False,True,Default,Default,Default,Default,Default,1111,Empty,RyuJit,X64,8c5e7fda-e8bf-4a96-9a85-a6e23a8c635c,.NET 5.0,False,True,False,True,Default,Default,False,False,True,Default,Default,Default,Default,Default,.NET 5.0,Default,1,Default,Default,Default,Default,Default,Default,Default,Default,Default,16,Default,dotNetTips.Spargine.Extensions.BenchmarkTests,Collections,250,"3,693.45 ns",18.685 ns,16.564 ns,4.427 ns,"3,667.22 ns","3,684.94 ns","3,690.82 ns","3,703.35 ns","3,728.62 ns","270,749.5",18.6855 ns,14.00,2.448,2.000,0.3172,14,*,No,"1,962 B",0.0038,-,-,56 B
Upsert,Job-LAXWQE,False,True,Default,Default,Default,Default,Default,1111,Empty,RyuJit,X64,8c5e7fda-e8bf-4a96-9a85-a6e23a8c635c,.NET 5.0,False,True,False,True,Default,Default,False,False,True,Default,Default,Default,Default,Default,.NET 5.0,Default,1,Default,Default,Default,Default,Default,Default,Default,Default,Default,16,Default,dotNetTips.Spargine.Extensions.BenchmarkTests,Collections,500,"7,103.94 ns",24.610 ns,20.551 ns,5.700 ns,"7,080.51 ns","7,085.89 ns","7,104.97 ns","7,122.19 ns","7,139.62 ns","140,767.0",24.6102 ns,13.00,1.603,2.000,0.3926,16,*,No,"1,962 B",-,-,-,56 B
Upsert,Job-LAXWQE,False,True,Default,Default,Default,Default,Default,1111,Empty,RyuJit,X64,8c5e7fda-e8bf-4a96-9a85-a6e23a8c635c,.NET 5.0,False,True,False,True,Default,Default,False,False,True,Default,Default,Default,Default,Default,.NET 5.0,Default,1,Default,Default,Default,Default,Default,Default,Default,Default,Default,16,Default,dotNetTips.Spargine.Extensions.BenchmarkTests,Collections,1000,"13,695.08 ns",258.025 ns,297.142 ns,66.443 ns,"13,218.33 ns","13,427.57 ns","13,812.52 ns","13,877.44 ns","14,096.30 ns","73,018.9",258.0250 ns,20.00,1.675,2.667,-0.5085,18,*,No,"1,962 B",-,-,-,56 B
