Method,Job,AnalyzeLaunchVariance,EvaluateOverhead,MaxAbsoluteError,MaxRelativeError,MinInvokeCount,MinIterationTime,OutlierMode,Affinity,EnvironmentVariables,Jit,Platform,PowerPlanMode,Runtime,AllowVeryLargeObjects,Concurrent,CpuGroups,Force,HeapAffinitizeMask,HeapCount,NoAffinitize,RetainVm,Server,Arguments,BuildConfiguration,Clock,EngineFactory,NuGetReferences,Toolchain,IsMutator,InvocationCount,IterationCount,IterationTime,LaunchCount,MaxIterationCount,MaxWarmupIterationCount,MemoryRandomization,MinIterationCount,MinWarmupIterationCount,RunStrategy,UnrollFactor,WarmupCount,Namespace,Categories,Count,Mean,Error,StdDev,StdErr,Min,Q1,Median,Q3,Max,Op/s,CI99.9% Margin,Iterations,Kurtosis,MValue,Skewness,Rank,LogicalGroup,Baseline,Gen 0,Code Size,Gen 1,Gen 2,Allocated
AppendBytes:01*,Job-LAXWQE,False,True,Default,Default,Default,Default,Default,1111,Empty,RyuJit,X64,8c5e7fda-e8bf-4a96-9a85-a6e23a8c635c,.NET 5.0,False,True,False,True,Default,Default,False,False,True,Default,Default,Default,Default,Default,.NET 5.0,Default,1,Default,Default,Default,Default,Default,Default,Default,Default,Default,16,Default,dotNetTips.Spargine.Extensions.BenchmarkTests,Strings,10,"150,133.1 ns",523.06 ns,489.27 ns,126.33 ns,"149,351.4 ns","149,625.3 ns","150,235.1 ns","150,543.4 ns","150,853.5 ns","6,660.76",523.056 ns,15.00,1.488,2.000,-0.2830,14,*,No,23.9258,1 KB,-,-,212 KB
AppendBytes:01*,Job-LAXWQE,False,True,Default,Default,Default,Default,Default,1111,Empty,RyuJit,X64,8c5e7fda-e8bf-4a96-9a85-a6e23a8c635c,.NET 5.0,False,True,False,True,Default,Default,False,False,True,Default,Default,Default,Default,Default,.NET 5.0,Default,1,Default,Default,Default,Default,Default,Default,Default,Default,Default,16,Default,dotNetTips.Spargine.Extensions.BenchmarkTests,Strings,25,"350,293.7 ns",686.18 ns,641.85 ns,165.73 ns,"349,387.4 ns","349,675.9 ns","350,243.0 ns","350,682.9 ns","351,316.4 ns","2,854.75",686.182 ns,15.00,1.558,2.000,0.0944,15,*,No,57.6172,1 KB,7.8125,-,496 KB
AppendBytes:01*,Job-LAXWQE,False,True,Default,Default,Default,Default,Default,1111,Empty,RyuJit,X64,8c5e7fda-e8bf-4a96-9a85-a6e23a8c635c,.NET 5.0,False,True,False,True,Default,Default,False,False,True,Default,Default,Default,Default,Default,.NET 5.0,Default,1,Default,Default,Default,Default,Default,Default,Default,Default,Default,16,Default,dotNetTips.Spargine.Extensions.BenchmarkTests,Strings,50,"799,763.1 ns","13,203.25 ns","11,025.31 ns","3,057.87 ns","773,897.3 ns","797,111.2 ns","803,602.9 ns","806,115.8 ns","815,108.3 ns","1,250.37","13,203.249 ns",13.00,2.951,2.000,-0.8879,16,*,No,108.3984,1 KB,23.4375,9.7656,"1,011 KB"
AppendBytes:01*,Job-LAXWQE,False,True,Default,Default,Default,Default,Default,1111,Empty,RyuJit,X64,8c5e7fda-e8bf-4a96-9a85-a6e23a8c635c,.NET 5.0,False,True,False,True,Default,Default,False,False,True,Default,Default,Default,Default,Default,.NET 5.0,Default,1,Default,Default,Default,Default,Default,Default,Default,Default,Default,16,Default,dotNetTips.Spargine.Extensions.BenchmarkTests,Strings,100,"1,535,074.1 ns","17,901.49 ns","15,869.21 ns","4,241.22 ns","1,502,665.8 ns","1,526,481.5 ns","1,532,481.4 ns","1,546,378.1 ns","1,564,799.8 ns",651.43,"17,901.491 ns",14.00,2.448,2.000,-0.0136,17,*,No,220.7031,1 KB,58.5938,19.5313,"2,005 KB"
AppendBytes:01*,Job-LAXWQE,False,True,Default,Default,Default,Default,Default,1111,Empty,RyuJit,X64,8c5e7fda-e8bf-4a96-9a85-a6e23a8c635c,.NET 5.0,False,True,False,True,Default,Default,False,False,True,Default,Default,Default,Default,Default,.NET 5.0,Default,1,Default,Default,Default,Default,Default,Default,Default,Default,Default,16,Default,dotNetTips.Spargine.Extensions.BenchmarkTests,Strings,250,"3,885,616.2 ns","77,038.56 ns","72,061.92 ns","18,606.31 ns","3,779,888.7 ns","3,825,244.1 ns","3,892,006.6 ns","3,948,440.6 ns","3,995,443.4 ns",257.36,"77,038.562 ns",15.00,1.382,2.000,-0.0361,18,*,No,445.3125,1 KB,164.0625,46.8750,"5,003 KB"
AppendBytes:01*,Job-LAXWQE,False,True,Default,Default,Default,Default,Default,1111,Empty,RyuJit,X64,8c5e7fda-e8bf-4a96-9a85-a6e23a8c635c,.NET 5.0,False,True,False,True,Default,Default,False,False,True,Default,Default,Default,Default,Default,.NET 5.0,Default,1,Default,Default,Default,Default,Default,Default,Default,Default,Default,16,Default,dotNetTips.Spargine.Extensions.BenchmarkTests,Strings,500,"7,771,659.6 ns","92,303.71 ns","81,824.83 ns","21,868.61 ns","7,652,344.5 ns","7,712,712.1 ns","7,749,678.9 ns","7,828,098.4 ns","7,914,313.3 ns",128.67,"92,303.706 ns",14.00,1.710,2.000,0.4018,21,*,No,445.3125,1 KB,210.9375,78.1250,"10,006 KB"
AppendBytes:01*,Job-LAXWQE,False,True,Default,Default,Default,Default,Default,1111,Empty,RyuJit,X64,8c5e7fda-e8bf-4a96-9a85-a6e23a8c635c,.NET 5.0,False,True,False,True,Default,Default,False,False,True,Default,Default,Default,Default,Default,.NET 5.0,Default,1,Default,Default,Default,Default,Default,Default,Default,Default,Default,16,Default,dotNetTips.Spargine.Extensions.BenchmarkTests,Strings,1000,"16,446,865.8 ns","320,112.70 ns","404,840.07 ns","84,414.99 ns","15,754,746.9 ns","16,224,318.8 ns","16,392,296.9 ns","16,678,759.4 ns","17,406,243.8 ns",60.80,"320,112.704 ns",23.00,2.537,2.000,0.2782,23,*,No,500.0000,1 KB,250.0000,156.2500,"20,010 KB"
AppendKeyValue,Job-LAXWQE,False,True,Default,Default,Default,Default,Default,1111,Empty,RyuJit,X64,8c5e7fda-e8bf-4a96-9a85-a6e23a8c635c,.NET 5.0,False,True,False,True,Default,Default,False,False,True,Default,Default,Default,Default,Default,.NET 5.0,Default,1,Default,Default,Default,Default,Default,Default,Default,Default,Default,16,Default,dotNetTips.Spargine.Extensions.BenchmarkTests,Strings,10,914.3 ns,2.80 ns,2.48 ns,0.66 ns,910.4 ns,912.5 ns,913.5 ns,916.6 ns,917.8 ns,"1,093,760.63",2.800 ns,14.00,1.515,2.000,0.1678,2,*,No,0.2403,1 KB,-,-,2 KB
AppendKeyValue,Job-LAXWQE,False,True,Default,Default,Default,Default,Default,1111,Empty,RyuJit,X64,8c5e7fda-e8bf-4a96-9a85-a6e23a8c635c,.NET 5.0,False,True,False,True,Default,Default,False,False,True,Default,Default,Default,Default,Default,.NET 5.0,Default,1,Default,Default,Default,Default,Default,Default,Default,Default,Default,16,Default,dotNetTips.Spargine.Extensions.BenchmarkTests,Strings,25,"1,792.7 ns",3.85 ns,3.60 ns,0.93 ns,"1,787.7 ns","1,790.1 ns","1,791.4 ns","1,795.4 ns","1,799.9 ns","557,810.73",3.852 ns,15.00,1.873,2.000,0.3197,4,*,No,0.4768,1 KB,0.0019,-,4 KB
AppendKeyValue,Job-LAXWQE,False,True,Default,Default,Default,Default,Default,1111,Empty,RyuJit,X64,8c5e7fda-e8bf-4a96-9a85-a6e23a8c635c,.NET 5.0,False,True,False,True,Default,Default,False,False,True,Default,Default,Default,Default,Default,.NET 5.0,Default,1,Default,Default,Default,Default,Default,Default,Default,Default,Default,16,Default,dotNetTips.Spargine.Extensions.BenchmarkTests,Strings,50,"3,610.6 ns",9.94 ns,9.30 ns,2.40 ns,"3,600.0 ns","3,603.5 ns","3,609.8 ns","3,615.8 ns","3,634.1 ns","276,965.55",9.940 ns,15.00,3.222,2.000,0.9276,6,*,No,0.9079,1 KB,0.0076,-,8 KB
AppendKeyValue,Job-LAXWQE,False,True,Default,Default,Default,Default,Default,1111,Empty,RyuJit,X64,8c5e7fda-e8bf-4a96-9a85-a6e23a8c635c,.NET 5.0,False,True,False,True,Default,Default,False,False,True,Default,Default,Default,Default,Default,.NET 5.0,Default,1,Default,Default,Default,Default,Default,Default,Default,Default,Default,16,Default,dotNetTips.Spargine.Extensions.BenchmarkTests,Strings,100,"7,106.2 ns",10.80 ns,10.10 ns,2.61 ns,"7,090.5 ns","7,101.6 ns","7,106.0 ns","7,112.9 ns","7,127.0 ns","140,721.59",10.801 ns,15.00,2.246,2.000,0.2226,7,*,No,1.7471,1 KB,-,-,16 KB
AppendKeyValue,Job-LAXWQE,False,True,Default,Default,Default,Default,Default,1111,Empty,RyuJit,X64,8c5e7fda-e8bf-4a96-9a85-a6e23a8c635c,.NET 5.0,False,True,False,True,Default,Default,False,False,True,Default,Default,Default,Default,Default,.NET 5.0,Default,1,Default,Default,Default,Default,Default,Default,Default,Default,Default,16,Default,dotNetTips.Spargine.Extensions.BenchmarkTests,Strings,250,"17,860.8 ns",33.58 ns,31.41 ns,8.11 ns,"17,815.0 ns","17,839.6 ns","17,858.2 ns","17,883.2 ns","17,923.5 ns","55,988.56",33.579 ns,15.00,2.013,2.000,0.1458,9,*,No,5.6763,1 KB,-,-,50 KB
AppendKeyValue,Job-LAXWQE,False,True,Default,Default,Default,Default,Default,1111,Empty,RyuJit,X64,8c5e7fda-e8bf-4a96-9a85-a6e23a8c635c,.NET 5.0,False,True,False,True,Default,Default,False,False,True,Default,Default,Default,Default,Default,.NET 5.0,Default,1,Default,Default,Default,Default,Default,Default,Default,Default,Default,16,Default,dotNetTips.Spargine.Extensions.BenchmarkTests,Strings,500,"34,097.4 ns",79.34 ns,74.22 ns,19.16 ns,"33,981.7 ns","34,049.2 ns","34,111.9 ns","34,166.6 ns","34,188.7 ns","29,327.76",79.344 ns,15.00,1.476,2.000,-0.2546,11,*,No,9.6436,1 KB,0.9766,-,83 KB
AppendKeyValue,Job-LAXWQE,False,True,Default,Default,Default,Default,Default,1111,Empty,RyuJit,X64,8c5e7fda-e8bf-4a96-9a85-a6e23a8c635c,.NET 5.0,False,True,False,True,Default,Default,False,False,True,Default,Default,Default,Default,Default,.NET 5.0,Default,1,Default,Default,Default,Default,Default,Default,Default,Default,Default,16,Default,dotNetTips.Spargine.Extensions.BenchmarkTests,Strings,1000,"68,020.0 ns",96.63 ns,80.69 ns,22.38 ns,"67,864.2 ns","67,976.3 ns","68,010.1 ns","68,075.2 ns","68,141.8 ns","14,701.55",96.630 ns,13.00,2.049,2.000,-0.1525,12,*,No,16.7236,1 KB,3.1738,-,148 KB
AppendValues,Job-LAXWQE,False,True,Default,Default,Default,Default,Default,1111,Empty,RyuJit,X64,8c5e7fda-e8bf-4a96-9a85-a6e23a8c635c,.NET 5.0,False,True,False,True,Default,Default,False,False,True,Default,Default,Default,Default,Default,.NET 5.0,Default,1,Default,Default,Default,Default,Default,Default,Default,Default,Default,16,Default,dotNetTips.Spargine.Extensions.BenchmarkTests,Strings,10,503.1 ns,1.60 ns,1.50 ns,0.39 ns,500.9 ns,501.7 ns,503.7 ns,504.4 ns,505.0 ns,"1,987,665.12",1.600 ns,15.00,1.188,2.000,-0.1924,1,*,No,0.1526,1 KB,-,-,1 KB
AppendValues,Job-LAXWQE,False,True,Default,Default,Default,Default,Default,1111,Empty,RyuJit,X64,8c5e7fda-e8bf-4a96-9a85-a6e23a8c635c,.NET 5.0,False,True,False,True,Default,Default,False,False,True,Default,Default,Default,Default,Default,.NET 5.0,Default,1,Default,Default,Default,Default,Default,Default,Default,Default,Default,16,Default,dotNetTips.Spargine.Extensions.BenchmarkTests,Strings,25,917.4 ns,1.73 ns,1.53 ns,0.41 ns,913.6 ns,917.0 ns,917.4 ns,918.2 ns,920.0 ns,"1,090,007.58",1.726 ns,14.00,3.573,2.000,-0.7502,2,*,No,0.2699,1 KB,-,-,2 KB
AppendValues,Job-LAXWQE,False,True,Default,Default,Default,Default,Default,1111,Empty,RyuJit,X64,8c5e7fda-e8bf-4a96-9a85-a6e23a8c635c,.NET 5.0,False,True,False,True,Default,Default,False,False,True,Default,Default,Default,Default,Default,.NET 5.0,Default,1,Default,Default,Default,Default,Default,Default,Default,Default,Default,16,Default,dotNetTips.Spargine.Extensions.BenchmarkTests,Strings,50,"1,556.5 ns",4.09 ns,3.82 ns,0.99 ns,"1,548.2 ns","1,554.6 ns","1,555.8 ns","1,559.4 ns","1,562.4 ns","642,457.74",4.086 ns,15.00,2.508,2.000,-0.2525,3,*,No,0.4883,1 KB,-,-,4 KB
AppendValues,Job-LAXWQE,False,True,Default,Default,Default,Default,Default,1111,Empty,RyuJit,X64,8c5e7fda-e8bf-4a96-9a85-a6e23a8c635c,.NET 5.0,False,True,False,True,Default,Default,False,False,True,Default,Default,Default,Default,Default,.NET 5.0,Default,1,Default,Default,Default,Default,Default,Default,Default,Default,Default,16,Default,dotNetTips.Spargine.Extensions.BenchmarkTests,Strings,100,"2,948.3 ns",11.85 ns,10.51 ns,2.81 ns,"2,934.4 ns","2,940.9 ns","2,944.6 ns","2,955.5 ns","2,969.0 ns","339,174.30",11.851 ns,14.00,1.935,2.000,0.6289,5,*,No,0.9041,1 KB,0.0076,-,8 KB
AppendValues,Job-LAXWQE,False,True,Default,Default,Default,Default,Default,1111,Empty,RyuJit,X64,8c5e7fda-e8bf-4a96-9a85-a6e23a8c635c,.NET 5.0,False,True,False,True,Default,Default,False,False,True,Default,Default,Default,Default,Default,.NET 5.0,Default,1,Default,Default,Default,Default,Default,Default,Default,Default,Default,16,Default,dotNetTips.Spargine.Extensions.BenchmarkTests,Strings,250,"7,179.9 ns",14.93 ns,12.47 ns,3.46 ns,"7,162.2 ns","7,167.4 ns","7,182.8 ns","7,186.5 ns","7,203.2 ns","139,276.93",14.932 ns,13.00,1.824,2.000,0.0780,7,*,No,2.8687,1 KB,-,-,25 KB
AppendValues,Job-LAXWQE,False,True,Default,Default,Default,Default,Default,1111,Empty,RyuJit,X64,8c5e7fda-e8bf-4a96-9a85-a6e23a8c635c,.NET 5.0,False,True,False,True,Default,Default,False,False,True,Default,Default,Default,Default,Default,.NET 5.0,Default,1,Default,Default,Default,Default,Default,Default,Default,Default,Default,16,Default,dotNetTips.Spargine.Extensions.BenchmarkTests,Strings,500,"12,951.6 ns",29.73 ns,26.35 ns,7.04 ns,"12,905.5 ns","12,940.0 ns","12,947.0 ns","12,960.8 ns","13,007.5 ns","77,210.49",29.728 ns,14.00,2.522,2.000,0.3084,8,*,No,5.6000,1 KB,0.3815,-,49 KB
AppendValues,Job-LAXWQE,False,True,Default,Default,Default,Default,Default,1111,Empty,RyuJit,X64,8c5e7fda-e8bf-4a96-9a85-a6e23a8c635c,.NET 5.0,False,True,False,True,Default,Default,False,False,True,Default,Default,Default,Default,Default,.NET 5.0,Default,1,Default,Default,Default,Default,Default,Default,Default,Default,Default,16,Default,dotNetTips.Spargine.Extensions.BenchmarkTests,Strings,1000,"24,153.5 ns",75.25 ns,66.70 ns,17.83 ns,"23,992.6 ns","24,131.6 ns","24,179.1 ns","24,189.6 ns","24,238.2 ns","41,401.80",75.247 ns,14.00,3.106,2.000,-0.9681,10,*,No,9.3079,1 KB,-,-,81 KB
BytesToString:01**,Job-LAXWQE,False,True,Default,Default,Default,Default,Default,1111,Empty,RyuJit,X64,8c5e7fda-e8bf-4a96-9a85-a6e23a8c635c,.NET 5.0,False,True,False,True,Default,Default,False,False,True,Default,Default,Default,Default,Default,.NET 5.0,Default,1,Default,Default,Default,Default,Default,Default,Default,Default,Default,16,Default,dotNetTips.Spargine.Extensions.BenchmarkTests,Strings,10,"144,790.7 ns",611.63 ns,542.19 ns,144.91 ns,"143,497.4 ns","144,782.6 ns","145,016.5 ns","145,149.1 ns","145,186.6 ns","6,906.52",611.631 ns,14.00,3.054,2.000,-1.2592,13,*,No,23.6816,0 KB,-,-,212 KB
BytesToString:01**,Job-LAXWQE,False,True,Default,Default,Default,Default,Default,1111,Empty,RyuJit,X64,8c5e7fda-e8bf-4a96-9a85-a6e23a8c635c,.NET 5.0,False,True,False,True,Default,Default,False,False,True,Default,Default,Default,Default,Default,.NET 5.0,Default,1,Default,Default,Default,Default,Default,Default,Default,Default,Default,16,Default,dotNetTips.Spargine.Extensions.BenchmarkTests,Strings,25,"352,900.2 ns","3,697.67 ns","3,087.72 ns",856.38 ns,"343,391.3 ns","352,736.5 ns","353,569.1 ns","354,297.4 ns","356,195.4 ns","2,833.66","3,697.666 ns",13.00,7.045,2.000,-2.1135,15,*,No,57.6172,0 KB,7.8125,-,496 KB
BytesToString:01**,Job-LAXWQE,False,True,Default,Default,Default,Default,Default,1111,Empty,RyuJit,X64,8c5e7fda-e8bf-4a96-9a85-a6e23a8c635c,.NET 5.0,False,True,False,True,Default,Default,False,False,True,Default,Default,Default,Default,Default,.NET 5.0,Default,1,Default,Default,Default,Default,Default,Default,Default,Default,Default,16,Default,dotNetTips.Spargine.Extensions.BenchmarkTests,Strings,50,"785,331.2 ns","15,614.72 ns","16,035.17 ns","3,889.10 ns","750,730.7 ns","775,032.4 ns","786,041.4 ns","794,821.5 ns","813,410.3 ns","1,273.35","15,614.720 ns",17.00,2.591,2.000,-0.1102,16,*,No,108.3984,0 KB,22.4609,9.7656,"1,011 KB"
BytesToString:01**,Job-LAXWQE,False,True,Default,Default,Default,Default,Default,1111,Empty,RyuJit,X64,8c5e7fda-e8bf-4a96-9a85-a6e23a8c635c,.NET 5.0,False,True,False,True,Default,Default,False,False,True,Default,Default,Default,Default,Default,.NET 5.0,Default,1,Default,Default,Default,Default,Default,Default,Default,Default,Default,16,Default,dotNetTips.Spargine.Extensions.BenchmarkTests,Strings,100,"1,557,337.2 ns","27,989.46 ns","26,181.36 ns","6,760.00 ns","1,527,218.0 ns","1,534,139.5 ns","1,551,220.5 ns","1,575,827.1 ns","1,607,196.1 ns",642.12,"27,989.457 ns",15.00,1.748,2.000,0.5286,17,*,No,218.7500,0 KB,58.5938,19.5313,"2,005 KB"
BytesToString:01**,Job-LAXWQE,False,True,Default,Default,Default,Default,Default,1111,Empty,RyuJit,X64,8c5e7fda-e8bf-4a96-9a85-a6e23a8c635c,.NET 5.0,False,True,False,True,Default,Default,False,False,True,Default,Default,Default,Default,Default,.NET 5.0,Default,1,Default,Default,Default,Default,Default,Default,Default,Default,Default,16,Default,dotNetTips.Spargine.Extensions.BenchmarkTests,Strings,250,"4,135,816.7 ns","76,491.47 ns","99,460.51 ns","20,302.29 ns","3,967,316.0 ns","4,053,979.1 ns","4,142,727.7 ns","4,187,764.8 ns","4,316,320.7 ns",241.79,"76,491.466 ns",24.00,1.942,2.000,0.0797,19,*,No,523.4375,0 KB,195.3125,46.8750,"5,003 KB"
BytesToString:01**,Job-LAXWQE,False,True,Default,Default,Default,Default,Default,1111,Empty,RyuJit,X64,8c5e7fda-e8bf-4a96-9a85-a6e23a8c635c,.NET 5.0,False,True,False,True,Default,Default,False,False,True,Default,Default,Default,Default,Default,.NET 5.0,Default,1,Default,Default,Default,Default,Default,Default,Default,Default,Default,16,Default,dotNetTips.Spargine.Extensions.BenchmarkTests,Strings,500,"7,609,885.8 ns","111,527.26 ns","104,322.67 ns","26,936.00 ns","7,489,176.6 ns","7,521,227.3 ns","7,582,628.1 ns","7,724,908.6 ns","7,748,867.2 ns",131.41,"111,527.264 ns",15.00,1.159,2.000,0.2357,20,*,No,390.6250,0 KB,187.5000,78.1250,"10,006 KB"
BytesToString:01**,Job-LAXWQE,False,True,Default,Default,Default,Default,Default,1111,Empty,RyuJit,X64,8c5e7fda-e8bf-4a96-9a85-a6e23a8c635c,.NET 5.0,False,True,False,True,Default,Default,False,False,True,Default,Default,Default,Default,Default,.NET 5.0,Default,1,Default,Default,Default,Default,Default,Default,Default,Default,Default,16,Default,dotNetTips.Spargine.Extensions.BenchmarkTests,Strings,1000,"16,044,753.6 ns","175,568.75 ns","155,637.13 ns","41,595.77 ns","15,647,004.7 ns","15,974,169.5 ns","16,025,537.5 ns","16,154,430.5 ns","16,273,485.9 ns",62.33,"175,568.755 ns",14.00,3.593,2.000,-0.8134,22,*,No,500.0000,0 KB,281.2500,125.0000,"20,010 KB"
