Method,Job,AnalyzeLaunchVariance,EvaluateOverhead,MaxAbsoluteError,MaxRelativeError,MinInvokeCount,MinIterationTime,OutlierMode,Affinity,EnvironmentVariables,Jit,Platform,PowerPlanMode,Runtime,AllowVeryLargeObjects,Concurrent,CpuGroups,Force,HeapAffinitizeMask,HeapCount,NoAffinitize,RetainVm,Server,Arguments,BuildConfiguration,Clock,EngineFactory,NuGetReferences,Toolchain,IsMutator,InvocationCount,IterationCount,IterationTime,LaunchCount,MaxIterationCount,MaxWarmupIterationCount,MemoryRandomization,MinIterationCount,MinWarmupIterationCount,RunStrategy,UnrollFactor,WarmupCount,Namespace,Categories,Count,Mean,Error,StdDev,StdErr,Min,Q1,Median,Q3,Max,Op/s,CI99.9% Margin,Iterations,Kurtosis,MValue,Skewness,Rank,LogicalGroup,Baseline,Code Size,Gen 0,Gen 1,Gen 2,Allocated
'AddIfNotExists: Params with dups',Job-LAXWQE,False,True,Default,Default,Default,Default,Default,1111,Empty,RyuJit,X64,8c5e7fda-e8bf-4a96-9a85-a6e23a8c635c,.NET 5.0,False,True,False,True,Default,Default,False,False,True,Default,Default,Default,Default,Default,.NET 5.0,Default,1,Default,Default,Default,Default,Default,Default,Default,Default,Default,16,Default,dotNetTips.Spargine.Extensions.BenchmarkTests,Collections,10,"43,296.35 ns",94.836 ns,84.070 ns,22.469 ns,"43,085.14 ns","43,249.85 ns","43,307.25 ns","43,348.64 ns","43,405.93 ns","23,096.64",94.8360 ns,14.00,3.310,2.000,-0.9518,40,*,No,"1,157 B",0.1221,-,-,"1,280 B"
'AddIfNotExists: Params with dups',Job-LAXWQE,False,True,Default,Default,Default,Default,Default,1111,Empty,RyuJit,X64,8c5e7fda-e8bf-4a96-9a85-a6e23a8c635c,.NET 5.0,False,True,False,True,Default,Default,False,False,True,Default,Default,Default,Default,Default,.NET 5.0,Default,1,Default,Default,Default,Default,Default,Default,Default,Default,Default,16,Default,dotNetTips.Spargine.Extensions.BenchmarkTests,Collections,25,"44,918.93 ns",411.573 ns,364.849 ns,97.510 ns,"44,245.25 ns","44,787.07 ns","44,953.88 ns","45,100.89 ns","45,545.31 ns","22,262.33",411.5729 ns,14.00,2.409,2.000,-0.4025,41,*,No,"1,157 B",0.1221,-,-,"1,400 B"
'AddIfNotExists: Params with dups',Job-LAXWQE,False,True,Default,Default,Default,Default,Default,1111,Empty,RyuJit,X64,8c5e7fda-e8bf-4a96-9a85-a6e23a8c635c,.NET 5.0,False,True,False,True,Default,Default,False,False,True,Default,Default,Default,Default,Default,.NET 5.0,Default,1,Default,Default,Default,Default,Default,Default,Default,Default,Default,16,Default,dotNetTips.Spargine.Extensions.BenchmarkTests,Collections,50,"47,084.37 ns",443.250 ns,392.929 ns,105.015 ns,"46,227.80 ns","47,132.21 ns","47,247.76 ns","47,289.69 ns","47,506.52 ns","21,238.47",443.2498 ns,14.00,2.756,2.000,-1.1514,42,*,No,"1,157 B",0.1221,-,-,"1,600 B"
'AddIfNotExists: Params with dups',Job-LAXWQE,False,True,Default,Default,Default,Default,Default,1111,Empty,RyuJit,X64,8c5e7fda-e8bf-4a96-9a85-a6e23a8c635c,.NET 5.0,False,True,False,True,Default,Default,False,False,True,Default,Default,Default,Default,Default,.NET 5.0,Default,1,Default,Default,Default,Default,Default,Default,Default,Default,Default,16,Default,dotNetTips.Spargine.Extensions.BenchmarkTests,Collections,100,"47,392.61 ns",284.067 ns,265.716 ns,68.608 ns,"46,923.79 ns","47,253.09 ns","47,422.34 ns","47,589.67 ns","47,709.76 ns","21,100.33",284.0670 ns,15.00,1.823,2.000,-0.4983,42,*,No,"1,157 B",0.1831,-,-,"2,000 B"
'AddIfNotExists: Params with dups',Job-LAXWQE,False,True,Default,Default,Default,Default,Default,1111,Empty,RyuJit,X64,8c5e7fda-e8bf-4a96-9a85-a6e23a8c635c,.NET 5.0,False,True,False,True,Default,Default,False,False,True,Default,Default,Default,Default,Default,.NET 5.0,Default,1,Default,Default,Default,Default,Default,Default,Default,Default,Default,16,Default,dotNetTips.Spargine.Extensions.BenchmarkTests,Collections,250,"49,831.62 ns",380.792 ns,317.979 ns,88.191 ns,"49,190.01 ns","49,611.39 ns","49,866.56 ns","50,052.22 ns","50,361.95 ns","20,067.58",380.7922 ns,13.00,2.221,2.000,-0.4152,43,*,No,"1,157 B",0.3052,-,-,"3,200 B"
'AddIfNotExists: Params with dups',Job-LAXWQE,False,True,Default,Default,Default,Default,Default,1111,Empty,RyuJit,X64,8c5e7fda-e8bf-4a96-9a85-a6e23a8c635c,.NET 5.0,False,True,False,True,Default,Default,False,False,True,Default,Default,Default,Default,Default,.NET 5.0,Default,1,Default,Default,Default,Default,Default,Default,Default,Default,Default,16,Default,dotNetTips.Spargine.Extensions.BenchmarkTests,Collections,500,"52,330.35 ns",243.348 ns,227.628 ns,58.773 ns,"51,851.09 ns","52,191.87 ns","52,335.11 ns","52,486.16 ns","52,754.46 ns","19,109.37",243.3485 ns,15.00,2.432,2.000,-0.2150,44,*,No,"1,157 B",0.5493,-,-,"5,200 B"
'AddIfNotExists: Params with dups',Job-LAXWQE,False,True,Default,Default,Default,Default,Default,1111,Empty,RyuJit,X64,8c5e7fda-e8bf-4a96-9a85-a6e23a8c635c,.NET 5.0,False,True,False,True,Default,Default,False,False,True,Default,Default,Default,Default,Default,.NET 5.0,Default,1,Default,Default,Default,Default,Default,Default,Default,Default,Default,16,Default,dotNetTips.Spargine.Extensions.BenchmarkTests,Collections,1000,"63,421.18 ns",291.317 ns,272.498 ns,70.359 ns,"63,187.92 ns","63,229.10 ns","63,309.48 ns","63,590.34 ns","63,949.94 ns","15,767.60",291.3168 ns,15.00,2.166,2.000,0.9090,45,*,No,"1,157 B",0.9766,-,-,"9,200 B"
'AddIfNotExists: Params',Job-LAXWQE,False,True,Default,Default,Default,Default,Default,1111,Empty,RyuJit,X64,8c5e7fda-e8bf-4a96-9a85-a6e23a8c635c,.NET 5.0,False,True,False,True,Default,Default,False,False,True,Default,Default,Default,Default,Default,.NET 5.0,Default,1,Default,Default,Default,Default,Default,Default,Default,Default,Default,16,Default,dotNetTips.Spargine.Extensions.BenchmarkTests,Collections,10,"43,089.39 ns",148.510 ns,138.916 ns,35.868 ns,"42,914.14 ns","42,974.07 ns","43,073.10 ns","43,142.38 ns","43,386.01 ns","23,207.57",148.5097 ns,15.00,2.366,2.000,0.6687,40,*,No,"1,157 B",0.1221,-,-,"1,280 B"
'AddIfNotExists: Params',Job-LAXWQE,False,True,Default,Default,Default,Default,Default,1111,Empty,RyuJit,X64,8c5e7fda-e8bf-4a96-9a85-a6e23a8c635c,.NET 5.0,False,True,False,True,Default,Default,False,False,True,Default,Default,Default,Default,Default,.NET 5.0,Default,1,Default,Default,Default,Default,Default,Default,Default,Default,Default,16,Default,dotNetTips.Spargine.Extensions.BenchmarkTests,Collections,25,"44,678.49 ns",415.146 ns,388.328 ns,100.266 ns,"43,776.68 ns","44,452.84 ns","44,887.48 ns","44,938.67 ns","45,049.85 ns","22,382.14",415.1464 ns,15.00,2.734,2.000,-1.0157,41,*,No,"1,157 B",0.1221,-,-,"1,400 B"
'AddIfNotExists: Params',Job-LAXWQE,False,True,Default,Default,Default,Default,Default,1111,Empty,RyuJit,X64,8c5e7fda-e8bf-4a96-9a85-a6e23a8c635c,.NET 5.0,False,True,False,True,Default,Default,False,False,True,Default,Default,Default,Default,Default,.NET 5.0,Default,1,Default,Default,Default,Default,Default,Default,Default,Default,Default,16,Default,dotNetTips.Spargine.Extensions.BenchmarkTests,Collections,50,"47,739.85 ns",312.381 ns,276.918 ns,74.009 ns,"47,149.87 ns","47,711.40 ns","47,787.60 ns","47,893.83 ns","48,153.31 ns","20,946.86",312.3813 ns,14.00,3.261,2.000,-1.0263,42,*,No,"1,157 B",0.1221,-,-,"1,600 B"
'AddIfNotExists: Params',Job-LAXWQE,False,True,Default,Default,Default,Default,Default,1111,Empty,RyuJit,X64,8c5e7fda-e8bf-4a96-9a85-a6e23a8c635c,.NET 5.0,False,True,False,True,Default,Default,False,False,True,Default,Default,Default,Default,Default,.NET 5.0,Default,1,Default,Default,Default,Default,Default,Default,Default,Default,Default,16,Default,dotNetTips.Spargine.Extensions.BenchmarkTests,Collections,100,"47,698.74 ns",425.703 ns,398.202 ns,102.815 ns,"46,517.38 ns","47,755.56 ns","47,860.55 ns","47,918.91 ns","47,981.76 ns","20,964.91",425.7025 ns,15.00,5.656,2.000,-1.9250,42,*,No,"1,157 B",0.1831,-,-,"2,000 B"
'AddIfNotExists: Params',Job-LAXWQE,False,True,Default,Default,Default,Default,Default,1111,Empty,RyuJit,X64,8c5e7fda-e8bf-4a96-9a85-a6e23a8c635c,.NET 5.0,False,True,False,True,Default,Default,False,False,True,Default,Default,Default,Default,Default,.NET 5.0,Default,1,Default,Default,Default,Default,Default,Default,Default,Default,Default,16,Default,dotNetTips.Spargine.Extensions.BenchmarkTests,Collections,250,"49,817.99 ns",254.111 ns,237.696 ns,61.373 ns,"49,399.93 ns","49,713.09 ns","49,779.79 ns","50,026.66 ns","50,222.96 ns","20,073.07",254.1110 ns,15.00,1.872,2.000,0.0359,43,*,No,"1,157 B",0.3052,-,-,"3,200 B"
'AddIfNotExists: Params',Job-LAXWQE,False,True,Default,Default,Default,Default,Default,1111,Empty,RyuJit,X64,8c5e7fda-e8bf-4a96-9a85-a6e23a8c635c,.NET 5.0,False,True,False,True,Default,Default,False,False,True,Default,Default,Default,Default,Default,.NET 5.0,Default,1,Default,Default,Default,Default,Default,Default,Default,Default,Default,16,Default,dotNetTips.Spargine.Extensions.BenchmarkTests,Collections,500,"52,684.87 ns",247.673 ns,219.556 ns,58.679 ns,"52,145.89 ns","52,595.88 ns","52,662.41 ns","52,780.35 ns","53,114.70 ns","18,980.78",247.6729 ns,14.00,3.824,2.000,-0.3922,44,*,No,"1,157 B",0.5493,-,-,"5,200 B"
'AddIfNotExists: Params',Job-LAXWQE,False,True,Default,Default,Default,Default,Default,1111,Empty,RyuJit,X64,8c5e7fda-e8bf-4a96-9a85-a6e23a8c635c,.NET 5.0,False,True,False,True,Default,Default,False,False,True,Default,Default,Default,Default,Default,.NET 5.0,Default,1,Default,Default,Default,Default,Default,Default,Default,Default,Default,16,Default,dotNetTips.Spargine.Extensions.BenchmarkTests,Collections,1000,"67,101.37 ns",294.171 ns,245.646 ns,68.130 ns,"66,700.45 ns","66,986.16 ns","67,042.66 ns","67,268.16 ns","67,610.29 ns","14,902.83",294.1711 ns,13.00,2.351,2.000,0.2424,46,*,No,"1,157 B",0.9766,-,-,"9,200 B"
'BytesToString ReadOnlySpan<>',Job-LAXWQE,False,True,Default,Default,Default,Default,Default,1111,Empty,RyuJit,X64,8c5e7fda-e8bf-4a96-9a85-a6e23a8c635c,.NET 5.0,False,True,False,True,Default,Default,False,False,True,Default,Default,Default,Default,Default,.NET 5.0,Default,1,Default,Default,Default,Default,Default,Default,Default,Default,Default,16,Default,dotNetTips.Spargine.Extensions.BenchmarkTests,"**NEW**,Strings,Collections",10,"142,327.72 ns",579.458 ns,513.674 ns,137.285 ns,"141,229.75 ns","142,071.12 ns","142,206.37 ns","142,840.04 ns","143,023.55 ns","7,026.04",579.4579 ns,14.00,2.204,2.000,-0.2729,50,*,No,324 B,23.9258,1.4648,-,"217,520 B"
'BytesToString ReadOnlySpan<>',Job-LAXWQE,False,True,Default,Default,Default,Default,Default,1111,Empty,RyuJit,X64,8c5e7fda-e8bf-4a96-9a85-a6e23a8c635c,.NET 5.0,False,True,False,True,Default,Default,False,False,True,Default,Default,Default,Default,Default,.NET 5.0,Default,1,Default,Default,Default,Default,Default,Default,Default,Default,Default,16,Default,dotNetTips.Spargine.Extensions.BenchmarkTests,"**NEW**,Strings,Collections",25,"343,035.91 ns","1,167.010 ns",974.506 ns,270.279 ns,"340,670.36 ns","342,736.72 ns","342,988.28 ns","343,476.03 ns","344,899.17 ns","2,915.15","1,167.0096 ns",13.00,3.784,2.000,-0.5081,52,*,No,324 B,57.6172,8.7891,-,"507,712 B"
'BytesToString ReadOnlySpan<>',Job-LAXWQE,False,True,Default,Default,Default,Default,Default,1111,Empty,RyuJit,X64,8c5e7fda-e8bf-4a96-9a85-a6e23a8c635c,.NET 5.0,False,True,False,True,Default,Default,False,False,True,Default,Default,Default,Default,Default,.NET 5.0,Default,1,Default,Default,Default,Default,Default,Default,Default,Default,Default,16,Default,dotNetTips.Spargine.Extensions.BenchmarkTests,"**NEW**,Strings,Collections",50,"791,992.44 ns","15,092.728 ns","16,149.049 ns","3,806.367 ns","759,695.90 ns","782,094.17 ns","793,138.82 ns","804,860.52 ns","816,568.16 ns","1,262.64","15,092.7275 ns",18.00,2.072,2.000,-0.2941,55,*,No,324 B,109.3750,22.4609,9.7656,"1,035,167 B"
'BytesToString ReadOnlySpan<>',Job-LAXWQE,False,True,Default,Default,Default,Default,Default,1111,Empty,RyuJit,X64,8c5e7fda-e8bf-4a96-9a85-a6e23a8c635c,.NET 5.0,False,True,False,True,Default,Default,False,False,True,Default,Default,Default,Default,Default,.NET 5.0,Default,1,Default,Default,Default,Default,Default,Default,Default,Default,Default,16,Default,dotNetTips.Spargine.Extensions.BenchmarkTests,"**NEW**,Strings,Collections",100,"1,538,256.17 ns","23,796.281 ns","22,259.056 ns","5,747.263 ns","1,506,124.80 ns","1,519,237.70 ns","1,538,469.34 ns","1,547,041.50 ns","1,577,903.71 ns",650.09,"23,796.2808 ns",15.00,1.915,2.000,0.4022,58,*,No,324 B,218.7500,58.5938,19.5313,"2,053,232 B"
'BytesToString ReadOnlySpan<>',Job-LAXWQE,False,True,Default,Default,Default,Default,Default,1111,Empty,RyuJit,X64,8c5e7fda-e8bf-4a96-9a85-a6e23a8c635c,.NET 5.0,False,True,False,True,Default,Default,False,False,True,Default,Default,Default,Default,Default,.NET 5.0,Default,1,Default,Default,Default,Default,Default,Default,Default,Default,Default,16,Default,dotNetTips.Spargine.Extensions.BenchmarkTests,"**NEW**,Strings,Collections",250,"3,966,320.91 ns","77,986.557 ns","92,837.448 ns","20,258.792 ns","3,816,147.66 ns","3,905,153.12 ns","3,963,889.84 ns","4,015,132.03 ns","4,203,005.47 ns",252.12,"77,986.5568 ns",21.00,2.985,2.000,0.5702,60,*,No,324 B,523.4375,195.3125,46.8750,"5,123,360 B"
'BytesToString ReadOnlySpan<>',Job-LAXWQE,False,True,Default,Default,Default,Default,Default,1111,Empty,RyuJit,X64,8c5e7fda-e8bf-4a96-9a85-a6e23a8c635c,.NET 5.0,False,True,False,True,Default,Default,False,False,True,Default,Default,Default,Default,Default,.NET 5.0,Default,1,Default,Default,Default,Default,Default,Default,Default,Default,Default,16,Default,dotNetTips.Spargine.Extensions.BenchmarkTests,"**NEW**,Strings,Collections",500,"7,493,614.79 ns","61,358.554 ns","54,392.760 ns","14,537.077 ns","7,397,480.47 ns","7,456,242.38 ns","7,472,799.22 ns","7,551,920.90 ns","7,562,177.34 ns",133.45,"61,358.5539 ns",14.00,1.521,2.000,-0.0051,62,*,No,324 B,406.2500,203.1250,85.9375,"10,245,801 B"
'BytesToString ReadOnlySpan<>',Job-LAXWQE,False,True,Default,Default,Default,Default,Default,1111,Empty,RyuJit,X64,8c5e7fda-e8bf-4a96-9a85-a6e23a8c635c,.NET 5.0,False,True,False,True,Default,Default,False,False,True,Default,Default,Default,Default,Default,.NET 5.0,Default,1,Default,Default,Default,Default,Default,Default,Default,Default,Default,16,Default,dotNetTips.Spargine.Extensions.BenchmarkTests,"**NEW**,Strings,Collections",1000,"15,768,568.08 ns","223,074.063 ns","197,749.346 ns","52,850.736 ns","15,552,082.81 ns","15,612,142.97 ns","15,705,212.50 ns","15,885,128.91 ns","16,130,092.19 ns",63.42,"223,074.0626 ns",14.00,1.903,2.000,0.6514,65,*,No,324 B,531.2500,312.5000,156.2500,"20,490,535 B"
'Clone: Array-CoordinateProper',Job-LAXWQE,False,True,Default,Default,Default,Default,Default,1111,Empty,RyuJit,X64,8c5e7fda-e8bf-4a96-9a85-a6e23a8c635c,.NET 5.0,False,True,False,True,Default,Default,False,False,True,Default,Default,Default,Default,Default,.NET 5.0,Default,1,Default,Default,Default,Default,Default,Default,Default,Default,Default,16,Default,dotNetTips.Spargine.Extensions.BenchmarkTests,Collections,10,101.31 ns,0.125 ns,0.117 ns,0.030 ns,101.16 ns,101.21 ns,101.27 ns,101.39 ns,101.51 ns,"9,870,551.51",0.1249 ns,15.00,1.634,2.000,0.4174,6,*,No,167 B,0.0122,-,-,104 B
'Clone: Array-CoordinateProper',Job-LAXWQE,False,True,Default,Default,Default,Default,Default,1111,Empty,RyuJit,X64,8c5e7fda-e8bf-4a96-9a85-a6e23a8c635c,.NET 5.0,False,True,False,True,Default,Default,False,False,True,Default,Default,Default,Default,Default,.NET 5.0,Default,1,Default,Default,Default,Default,Default,Default,Default,Default,Default,16,Default,dotNetTips.Spargine.Extensions.BenchmarkTests,Collections,25,106.03 ns,1.244 ns,1.163 ns,0.300 ns,105.22 ns,105.30 ns,105.34 ns,106.75 ns,108.11 ns,"9,431,079.62",1.2436 ns,15.00,1.870,2.000,0.9196,7,*,No,167 B,0.0261,-,-,224 B
'Clone: Array-CoordinateProper',Job-LAXWQE,False,True,Default,Default,Default,Default,Default,1111,Empty,RyuJit,X64,8c5e7fda-e8bf-4a96-9a85-a6e23a8c635c,.NET 5.0,False,True,False,True,Default,Default,False,False,True,Default,Default,Default,Default,Default,.NET 5.0,Default,1,Default,Default,Default,Default,Default,Default,Default,Default,Default,16,Default,dotNetTips.Spargine.Extensions.BenchmarkTests,Collections,50,117.88 ns,0.391 ns,0.347 ns,0.093 ns,117.01 ns,117.79 ns,117.92 ns,118.14 ns,118.28 ns,"8,483,361.57",0.3912 ns,14.00,3.343,2.000,-0.9154,9,*,No,167 B,0.0494,-,-,424 B
'Clone: Array-CoordinateProper',Job-LAXWQE,False,True,Default,Default,Default,Default,Default,1111,Empty,RyuJit,X64,8c5e7fda-e8bf-4a96-9a85-a6e23a8c635c,.NET 5.0,False,True,False,True,Default,Default,False,False,True,Default,Default,Default,Default,Default,.NET 5.0,Default,1,Default,Default,Default,Default,Default,Default,Default,Default,Default,16,Default,dotNetTips.Spargine.Extensions.BenchmarkTests,Collections,100,147.85 ns,0.489 ns,0.458 ns,0.118 ns,146.94 ns,147.56 ns,147.76 ns,148.10 ns,148.69 ns,"6,763,758.94",0.4892 ns,15.00,2.291,2.000,0.0045,13,*,No,167 B,0.0949,-,-,824 B
'Clone: Array-CoordinateProper',Job-LAXWQE,False,True,Default,Default,Default,Default,Default,1111,Empty,RyuJit,X64,8c5e7fda-e8bf-4a96-9a85-a6e23a8c635c,.NET 5.0,False,True,False,True,Default,Default,False,False,True,Default,Default,Default,Default,Default,.NET 5.0,Default,1,Default,Default,Default,Default,Default,Default,Default,Default,Default,16,Default,dotNetTips.Spargine.Extensions.BenchmarkTests,Collections,250,224.40 ns,2.548 ns,2.128 ns,0.590 ns,222.02 ns,222.76 ns,223.19 ns,226.24 ns,227.88 ns,"4,456,267.17",2.5479 ns,13.00,1.222,2.000,0.2389,18,*,No,167 B,0.2260,-,-,"2,024 B"
'Clone: Array-CoordinateProper',Job-LAXWQE,False,True,Default,Default,Default,Default,Default,1111,Empty,RyuJit,X64,8c5e7fda-e8bf-4a96-9a85-a6e23a8c635c,.NET 5.0,False,True,False,True,Default,Default,False,False,True,Default,Default,Default,Default,Default,.NET 5.0,Default,1,Default,Default,Default,Default,Default,Default,Default,Default,Default,16,Default,dotNetTips.Spargine.Extensions.BenchmarkTests,Collections,500,380.59 ns,1.370 ns,1.281 ns,0.331 ns,378.18 ns,379.42 ns,380.79 ns,381.37 ns,382.70 ns,"2,627,481.02",1.3695 ns,15.00,1.861,2.000,-0.2012,21,*,No,167 B,0.4282,-,-,"4,024 B"
'Clone: Array-CoordinateProper',Job-LAXWQE,False,True,Default,Default,Default,Default,Default,1111,Empty,RyuJit,X64,8c5e7fda-e8bf-4a96-9a85-a6e23a8c635c,.NET 5.0,False,True,False,True,Default,Default,False,False,True,Default,Default,Default,Default,Default,.NET 5.0,Default,1,Default,Default,Default,Default,Default,Default,Default,Default,Default,16,Default,dotNetTips.Spargine.Extensions.BenchmarkTests,Collections,1000,658.19 ns,5.381 ns,5.033 ns,1.300 ns,650.84 ns,653.61 ns,660.40 ns,662.47 ns,664.85 ns,"1,519,313.60",5.3809 ns,15.00,1.178,2.000,-0.1450,26,*,No,167 B,0.8736,0.0105,-,"8,024 B"
'Clone: Array-PersonProper',Job-LAXWQE,False,True,Default,Default,Default,Default,Default,1111,Empty,RyuJit,X64,8c5e7fda-e8bf-4a96-9a85-a6e23a8c635c,.NET 5.0,False,True,False,True,Default,Default,False,False,True,Default,Default,Default,Default,Default,.NET 5.0,Default,1,Default,Default,Default,Default,Default,Default,Default,Default,Default,16,Default,dotNetTips.Spargine.Extensions.BenchmarkTests,Collections,10,59.20 ns,0.251 ns,0.235 ns,0.061 ns,58.69 ns,59.05 ns,59.16 ns,59.39 ns,59.50 ns,"16,892,967.17",0.2509 ns,15.00,2.119,2.000,-0.3250,1,*,No,167 B,0.0114,-,-,104 B
'Clone: Array-PersonProper',Job-LAXWQE,False,True,Default,Default,Default,Default,Default,1111,Empty,RyuJit,X64,8c5e7fda-e8bf-4a96-9a85-a6e23a8c635c,.NET 5.0,False,True,False,True,Default,Default,False,False,True,Default,Default,Default,Default,Default,.NET 5.0,Default,1,Default,Default,Default,Default,Default,Default,Default,Default,Default,16,Default,dotNetTips.Spargine.Extensions.BenchmarkTests,Collections,25,71.55 ns,0.740 ns,0.692 ns,0.179 ns,70.70 ns,70.81 ns,71.53 ns,72.31 ns,72.43 ns,"13,975,723.75",0.7399 ns,15.00,1.229,2.000,0.0720,2,*,No,167 B,0.0244,-,-,224 B
'Clone: Array-PersonProper',Job-LAXWQE,False,True,Default,Default,Default,Default,Default,1111,Empty,RyuJit,X64,8c5e7fda-e8bf-4a96-9a85-a6e23a8c635c,.NET 5.0,False,True,False,True,Default,Default,False,False,True,Default,Default,Default,Default,Default,.NET 5.0,Default,1,Default,Default,Default,Default,Default,Default,Default,Default,Default,16,Default,dotNetTips.Spargine.Extensions.BenchmarkTests,Collections,50,87.30 ns,0.768 ns,0.718 ns,0.185 ns,85.80 ns,87.00 ns,87.27 ns,87.72 ns,88.55 ns,"11,455,062.68",0.7678 ns,15.00,2.512,2.000,-0.1699,4,*,No,167 B,0.0461,-,-,424 B
'Clone: Array-PersonProper',Job-LAXWQE,False,True,Default,Default,Default,Default,Default,1111,Empty,RyuJit,X64,8c5e7fda-e8bf-4a96-9a85-a6e23a8c635c,.NET 5.0,False,True,False,True,Default,Default,False,False,True,Default,Default,Default,Default,Default,.NET 5.0,Default,1,Default,Default,Default,Default,Default,Default,Default,Default,Default,16,Default,dotNetTips.Spargine.Extensions.BenchmarkTests,Collections,100,128.79 ns,0.460 ns,0.430 ns,0.111 ns,128.14 ns,128.46 ns,128.85 ns,128.98 ns,129.71 ns,"7,764,725.65",0.4600 ns,15.00,2.425,2.000,0.5594,12,*,No,167 B,0.0899,-,-,824 B
'Clone: Array-PersonProper',Job-LAXWQE,False,True,Default,Default,Default,Default,Default,1111,Empty,RyuJit,X64,8c5e7fda-e8bf-4a96-9a85-a6e23a8c635c,.NET 5.0,False,True,False,True,Default,Default,False,False,True,Default,Default,Default,Default,Default,.NET 5.0,Default,1,Default,Default,Default,Default,Default,Default,Default,Default,Default,16,Default,dotNetTips.Spargine.Extensions.BenchmarkTests,Collections,250,239.15 ns,0.993 ns,0.881 ns,0.235 ns,236.23 ns,239.19 ns,239.36 ns,239.57 ns,239.71 ns,"4,181,560.28",0.9933 ns,14.00,8.672,2.000,-2.5453,19,*,No,167 B,0.2213,0.0005,-,"2,024 B"
'Clone: Array-PersonProper',Job-LAXWQE,False,True,Default,Default,Default,Default,Default,1111,Empty,RyuJit,X64,8c5e7fda-e8bf-4a96-9a85-a6e23a8c635c,.NET 5.0,False,True,False,True,Default,Default,False,False,True,Default,Default,Default,Default,Default,.NET 5.0,Default,1,Default,Default,Default,Default,Default,Default,Default,Default,Default,16,Default,dotNetTips.Spargine.Extensions.BenchmarkTests,Collections,500,447.98 ns,1.928 ns,1.709 ns,0.457 ns,446.18 ns,446.90 ns,447.25 ns,449.11 ns,452.37 ns,"2,232,257.62",1.9280 ns,14.00,3.415,2.000,1.1139,24,*,No,167 B,0.4406,-,-,"4,024 B"
'Clone: Array-PersonProper',Job-LAXWQE,False,True,Default,Default,Default,Default,Default,1111,Empty,RyuJit,X64,8c5e7fda-e8bf-4a96-9a85-a6e23a8c635c,.NET 5.0,False,True,False,True,Default,Default,False,False,True,Default,Default,Default,Default,Default,.NET 5.0,Default,1,Default,Default,Default,Default,Default,Default,Default,Default,Default,16,Default,dotNetTips.Spargine.Extensions.BenchmarkTests,Collections,1000,862.62 ns,5.924 ns,5.251 ns,1.403 ns,849.93 ns,862.29 ns,863.76 ns,866.21 ns,868.78 ns,"1,159,253.18",5.9239 ns,14.00,3.180,2.000,-1.1282,29,*,No,167 B,0.8783,-,-,"8,024 B"
'Clone: Array-PersonRecord',Job-LAXWQE,False,True,Default,Default,Default,Default,Default,1111,Empty,RyuJit,X64,8c5e7fda-e8bf-4a96-9a85-a6e23a8c635c,.NET 5.0,False,True,False,True,Default,Default,False,False,True,Default,Default,Default,Default,Default,.NET 5.0,Default,1,Default,Default,Default,Default,Default,Default,Default,Default,Default,16,Default,dotNetTips.Spargine.Extensions.BenchmarkTests,Collections,10,58.49 ns,0.086 ns,0.067 ns,0.019 ns,58.42 ns,58.44 ns,58.47 ns,58.51 ns,58.61 ns,"17,097,516.02",0.0856 ns,12.00,2.230,2.000,0.8891,1,*,No,167 B,0.0112,-,-,104 B
'Clone: Array-PersonRecord',Job-LAXWQE,False,True,Default,Default,Default,Default,Default,1111,Empty,RyuJit,X64,8c5e7fda-e8bf-4a96-9a85-a6e23a8c635c,.NET 5.0,False,True,False,True,Default,Default,False,False,True,Default,Default,Default,Default,Default,.NET 5.0,Default,1,Default,Default,Default,Default,Default,Default,Default,Default,Default,16,Default,dotNetTips.Spargine.Extensions.BenchmarkTests,Collections,25,70.71 ns,0.172 ns,0.161 ns,0.041 ns,70.34 ns,70.60 ns,70.68 ns,70.82 ns,70.99 ns,"14,143,161.54",0.1717 ns,15.00,2.705,2.000,-0.2951,2,*,No,167 B,0.0244,-,-,224 B
'Clone: Array-PersonRecord',Job-LAXWQE,False,True,Default,Default,Default,Default,Default,1111,Empty,RyuJit,X64,8c5e7fda-e8bf-4a96-9a85-a6e23a8c635c,.NET 5.0,False,True,False,True,Default,Default,False,False,True,Default,Default,Default,Default,Default,.NET 5.0,Default,1,Default,Default,Default,Default,Default,Default,Default,Default,Default,16,Default,dotNetTips.Spargine.Extensions.BenchmarkTests,Collections,50,88.26 ns,0.786 ns,0.735 ns,0.190 ns,86.84 ns,87.92 ns,88.41 ns,88.88 ns,89.19 ns,"11,329,585.50",0.7862 ns,15.00,2.247,2.000,-0.6696,4,*,No,167 B,0.0460,-,-,424 B
'Clone: Array-PersonRecord',Job-LAXWQE,False,True,Default,Default,Default,Default,Default,1111,Empty,RyuJit,X64,8c5e7fda-e8bf-4a96-9a85-a6e23a8c635c,.NET 5.0,False,True,False,True,Default,Default,False,False,True,Default,Default,Default,Default,Default,.NET 5.0,Default,1,Default,Default,Default,Default,Default,Default,Default,Default,Default,16,Default,dotNetTips.Spargine.Extensions.BenchmarkTests,Collections,100,129.24 ns,0.401 ns,0.375 ns,0.097 ns,128.49 ns,129.06 ns,129.24 ns,129.47 ns,129.95 ns,"7,737,600.92",0.4010 ns,15.00,2.533,2.000,-0.1729,12,*,No,167 B,0.0896,-,-,824 B
'Clone: Array-PersonRecord',Job-LAXWQE,False,True,Default,Default,Default,Default,Default,1111,Empty,RyuJit,X64,8c5e7fda-e8bf-4a96-9a85-a6e23a8c635c,.NET 5.0,False,True,False,True,Default,Default,False,False,True,Default,Default,Default,Default,Default,.NET 5.0,Default,1,Default,Default,Default,Default,Default,Default,Default,Default,Default,16,Default,dotNetTips.Spargine.Extensions.BenchmarkTests,Collections,250,240.89 ns,2.259 ns,2.113 ns,0.546 ns,238.45 ns,239.11 ns,240.06 ns,242.92 ns,244.73 ns,"4,151,293.99",2.2586 ns,15.00,1.414,2.000,0.3244,19,*,No,167 B,0.2203,-,-,"2,024 B"
'Clone: Array-PersonRecord',Job-LAXWQE,False,True,Default,Default,Default,Default,Default,1111,Empty,RyuJit,X64,8c5e7fda-e8bf-4a96-9a85-a6e23a8c635c,.NET 5.0,False,True,False,True,Default,Default,False,False,True,Default,Default,Default,Default,Default,.NET 5.0,Default,1,Default,Default,Default,Default,Default,Default,Default,Default,Default,16,Default,dotNetTips.Spargine.Extensions.BenchmarkTests,Collections,500,449.40 ns,2.246 ns,2.101 ns,0.542 ns,446.32 ns,447.52 ns,449.31 ns,450.75 ns,452.97 ns,"2,225,196.75",2.2461 ns,15.00,1.649,2.000,0.2593,24,*,No,167 B,0.4392,-,-,"4,024 B"
'Clone: Array-PersonRecord',Job-LAXWQE,False,True,Default,Default,Default,Default,Default,1111,Empty,RyuJit,X64,8c5e7fda-e8bf-4a96-9a85-a6e23a8c635c,.NET 5.0,False,True,False,True,Default,Default,False,False,True,Default,Default,Default,Default,Default,.NET 5.0,Default,1,Default,Default,Default,Default,Default,Default,Default,Default,Default,16,Default,dotNetTips.Spargine.Extensions.BenchmarkTests,Collections,1000,860.69 ns,3.976 ns,3.719 ns,0.960 ns,855.69 ns,858.04 ns,860.39 ns,863.01 ns,869.11 ns,"1,161,856.19",3.9760 ns,15.00,2.460,2.000,0.5272,29,*,No,167 B,0.8802,0.0086,-,"8,024 B"
AddFirst,Job-LAXWQE,False,True,Default,Default,Default,Default,Default,1111,Empty,RyuJit,X64,8c5e7fda-e8bf-4a96-9a85-a6e23a8c635c,.NET 5.0,False,True,False,True,Default,Default,False,False,True,Default,Default,Default,Default,Default,.NET 5.0,Default,1,Default,Default,Default,Default,Default,Default,Default,Default,Default,16,Default,dotNetTips.Spargine.Extensions.BenchmarkTests,Collections,10,"76,540.38 ns",392.357 ns,347.814 ns,92.957 ns,"76,172.08 ns","76,224.66 ns","76,430.10 ns","76,723.58 ns","77,192.83 ns","13,065.00",392.3569 ns,14.00,1.859,2.000,0.5734,47,*,No,736 B,2.5635,-,-,"24,821 B"
AddFirst,Job-LAXWQE,False,True,Default,Default,Default,Default,Default,1111,Empty,RyuJit,X64,8c5e7fda-e8bf-4a96-9a85-a6e23a8c635c,.NET 5.0,False,True,False,True,Default,Default,False,False,True,Default,Default,Default,Default,Default,.NET 5.0,Default,1,Default,Default,Default,Default,Default,Default,Default,Default,Default,16,Default,dotNetTips.Spargine.Extensions.BenchmarkTests,Collections,25,"205,393.26 ns",326.489 ns,305.398 ns,78.854 ns,"204,960.28 ns","205,129.85 ns","205,428.56 ns","205,565.41 ns","206,009.03 ns","4,868.71",326.4893 ns,15.00,2.030,2.000,0.2065,51,*,No,736 B,6.5918,0.4883,-,"60,548 B"
AddFirst,Job-LAXWQE,False,True,Default,Default,Default,Default,Default,1111,Empty,RyuJit,X64,8c5e7fda-e8bf-4a96-9a85-a6e23a8c635c,.NET 5.0,False,True,False,True,Default,Default,False,False,True,Default,Default,Default,Default,Default,.NET 5.0,Default,1,Default,Default,Default,Default,Default,Default,Default,Default,Default,16,Default,dotNetTips.Spargine.Extensions.BenchmarkTests,Collections,50,"426,936.46 ns",773.948 ns,723.952 ns,186.924 ns,"425,801.81 ns","426,253.44 ns","427,077.98 ns","427,335.47 ns","428,563.57 ns","2,342.27",773.9482 ns,15.00,2.487,2.000,0.2998,54,*,No,736 B,13.6719,0.4883,-,"120,191 B"
AddFirst,Job-LAXWQE,False,True,Default,Default,Default,Default,Default,1111,Empty,RyuJit,X64,8c5e7fda-e8bf-4a96-9a85-a6e23a8c635c,.NET 5.0,False,True,False,True,Default,Default,False,False,True,Default,Default,Default,Default,Default,.NET 5.0,Default,1,Default,Default,Default,Default,Default,Default,Default,Default,Default,16,Default,dotNetTips.Spargine.Extensions.BenchmarkTests,Collections,100,"897,809.00 ns","15,918.355 ns","14,890.039 ns","3,844.591 ns","878,687.70 ns","885,302.00 ns","896,145.12 ns","905,030.22 ns","928,982.42 ns","1,113.82","15,918.3546 ns",15.00,2.162,2.000,0.4810,57,*,No,736 B,25.3906,23.4375,15.6250,"239,020 B"
AddFirst,Job-LAXWQE,False,True,Default,Default,Default,Default,Default,1111,Empty,RyuJit,X64,8c5e7fda-e8bf-4a96-9a85-a6e23a8c635c,.NET 5.0,False,True,False,True,Default,Default,False,False,True,Default,Default,Default,Default,Default,.NET 5.0,Default,1,Default,Default,Default,Default,Default,Default,Default,Default,Default,16,Default,dotNetTips.Spargine.Extensions.BenchmarkTests,Collections,250,"2,222,406.88 ns","37,928.176 ns","35,478.039 ns","9,160.390 ns","2,149,869.92 ns","2,207,601.56 ns","2,227,557.42 ns","2,249,248.05 ns","2,270,366.80 ns",449.96,"37,928.1761 ns",15.00,2.269,2.000,-0.6175,59,*,No,736 B,62.5000,54.6875,35.1563,"595,571 B"
AddFirst,Job-LAXWQE,False,True,Default,Default,Default,Default,Default,1111,Empty,RyuJit,X64,8c5e7fda-e8bf-4a96-9a85-a6e23a8c635c,.NET 5.0,False,True,False,True,Default,Default,False,False,True,Default,Default,Default,Default,Default,.NET 5.0,Default,1,Default,Default,Default,Default,Default,Default,Default,Default,Default,16,Default,dotNetTips.Spargine.Extensions.BenchmarkTests,Collections,500,"4,536,345.83 ns","76,988.997 ns","72,015.555 ns","18,594.336 ns","4,390,143.75 ns","4,512,732.42 ns","4,548,083.59 ns","4,589,080.86 ns","4,607,136.72 ns",220.44,"76,988.9967 ns",15.00,2.546,2.000,-0.9171,61,*,No,736 B,117.1875,101.5625,93.7500,"1,550,069 B"
AddFirst,Job-LAXWQE,False,True,Default,Default,Default,Default,Default,1111,Empty,RyuJit,X64,8c5e7fda-e8bf-4a96-9a85-a6e23a8c635c,.NET 5.0,False,True,False,True,Default,Default,False,False,True,Default,Default,Default,Default,Default,.NET 5.0,Default,1,Default,Default,Default,Default,Default,Default,Default,Default,Default,16,Default,dotNetTips.Spargine.Extensions.BenchmarkTests,Collections,1000,"9,090,889.06 ns","132,953.705 ns","117,859.996 ns","31,499.409 ns","8,877,295.31 ns","9,042,730.86 ns","9,135,101.56 ns","9,179,501.17 ns","9,207,390.62 ns",110.00,"132,953.7050 ns",14.00,1.996,2.000,-0.7555,64,*,No,736 B,187.5000,171.8750,156.2500,"3,098,891 B"
AddLast,Job-LAXWQE,False,True,Default,Default,Default,Default,Default,1111,Empty,RyuJit,X64,8c5e7fda-e8bf-4a96-9a85-a6e23a8c635c,.NET 5.0,False,True,False,True,Default,Default,False,False,True,Default,Default,Default,Default,Default,.NET 5.0,Default,1,Default,Default,Default,Default,Default,Default,Default,Default,Default,16,Default,dotNetTips.Spargine.Extensions.BenchmarkTests,Collections,10,58.03 ns,0.078 ns,0.069 ns,0.018 ns,57.94 ns,58.00 ns,58.02 ns,58.10 ns,58.13 ns,"17,231,110.78",0.0776 ns,14.00,1.488,2.000,0.0878,1,*,No,439 B,0.0234,-,-,216 B
AddLast,Job-LAXWQE,False,True,Default,Default,Default,Default,Default,1111,Empty,RyuJit,X64,8c5e7fda-e8bf-4a96-9a85-a6e23a8c635c,.NET 5.0,False,True,False,True,Default,Default,False,False,True,Default,Default,Default,Default,Default,.NET 5.0,Default,1,Default,Default,Default,Default,Default,Default,Default,Default,Default,16,Default,dotNetTips.Spargine.Extensions.BenchmarkTests,Collections,25,84.18 ns,0.319 ns,0.283 ns,0.076 ns,83.54 ns,84.11 ns,84.28 ns,84.32 ns,84.57 ns,"11,879,765.40",0.3192 ns,14.00,2.818,2.000,-0.8929,3,*,No,439 B,0.0496,-,-,456 B
AddLast,Job-LAXWQE,False,True,Default,Default,Default,Default,Default,1111,Empty,RyuJit,X64,8c5e7fda-e8bf-4a96-9a85-a6e23a8c635c,.NET 5.0,False,True,False,True,Default,Default,False,False,True,Default,Default,Default,Default,Default,.NET 5.0,Default,1,Default,Default,Default,Default,Default,Default,Default,Default,Default,16,Default,dotNetTips.Spargine.Extensions.BenchmarkTests,Collections,50,129.57 ns,0.256 ns,0.227 ns,0.061 ns,129.11 ns,129.48 ns,129.53 ns,129.66 ns,130.01 ns,"7,717,990.59",0.2556 ns,14.00,2.830,2.000,0.2171,12,*,No,439 B,0.0932,-,-,856 B
AddLast,Job-LAXWQE,False,True,Default,Default,Default,Default,Default,1111,Empty,RyuJit,X64,8c5e7fda-e8bf-4a96-9a85-a6e23a8c635c,.NET 5.0,False,True,False,True,Default,Default,False,False,True,Default,Default,Default,Default,Default,.NET 5.0,Default,1,Default,Default,Default,Default,Default,Default,Default,Default,Default,16,Default,dotNetTips.Spargine.Extensions.BenchmarkTests,Collections,100,202.83 ns,0.662 ns,0.619 ns,0.160 ns,201.35 ns,202.61 ns,202.99 ns,203.26 ns,203.47 ns,"4,930,275.20",0.6620 ns,15.00,3.312,2.000,-1.1782,16,*,No,439 B,0.1807,-,-,"1,656 B"
AddLast,Job-LAXWQE,False,True,Default,Default,Default,Default,Default,1111,Empty,RyuJit,X64,8c5e7fda-e8bf-4a96-9a85-a6e23a8c635c,.NET 5.0,False,True,False,True,Default,Default,False,False,True,Default,Default,Default,Default,Default,.NET 5.0,Default,1,Default,Default,Default,Default,Default,Default,Default,Default,Default,16,Default,dotNetTips.Spargine.Extensions.BenchmarkTests,Collections,250,447.98 ns,0.789 ns,0.738 ns,0.190 ns,446.56 ns,447.44 ns,448.12 ns,448.44 ns,449.47 ns,"2,232,248.62",0.7886 ns,15.00,2.390,2.000,-0.0076,24,*,No,439 B,0.4420,0.0010,-,"4,056 B"
AddLast,Job-LAXWQE,False,True,Default,Default,Default,Default,Default,1111,Empty,RyuJit,X64,8c5e7fda-e8bf-4a96-9a85-a6e23a8c635c,.NET 5.0,False,True,False,True,Default,Default,False,False,True,Default,Default,Default,Default,Default,.NET 5.0,Default,1,Default,Default,Default,Default,Default,Default,Default,Default,Default,16,Default,dotNetTips.Spargine.Extensions.BenchmarkTests,Collections,500,873.22 ns,1.097 ns,0.973 ns,0.260 ns,872.17 ns,872.41 ns,873.01 ns,873.70 ns,875.11 ns,"1,145,187.56",1.0971 ns,14.00,1.901,2.000,0.5996,29,*,No,439 B,0.8783,-,-,"8,056 B"
AddLast,Job-LAXWQE,False,True,Default,Default,Default,Default,Default,1111,Empty,RyuJit,X64,8c5e7fda-e8bf-4a96-9a85-a6e23a8c635c,.NET 5.0,False,True,False,True,Default,Default,False,False,True,Default,Default,Default,Default,Default,.NET 5.0,Default,1,Default,Default,Default,Default,Default,Default,Default,Default,Default,16,Default,dotNetTips.Spargine.Extensions.BenchmarkTests,Collections,1000,"1,780.34 ns",12.860 ns,12.030 ns,3.106 ns,"1,764.66 ns","1,772.47 ns","1,780.39 ns","1,788.70 ns","1,809.35 ns","561,691.94",12.8604 ns,15.00,2.797,2.000,0.6836,31,*,No,439 B,1.7509,0.0248,-,"16,056 B"
AreEqual,Job-LAXWQE,False,True,Default,Default,Default,Default,Default,1111,Empty,RyuJit,X64,8c5e7fda-e8bf-4a96-9a85-a6e23a8c635c,.NET 5.0,False,True,False,True,Default,Default,False,False,True,Default,Default,Default,Default,Default,.NET 5.0,Default,1,Default,Default,Default,Default,Default,Default,Default,Default,Default,16,Default,dotNetTips.Spargine.Extensions.BenchmarkTests,Collections,10,104.72 ns,0.317 ns,0.297 ns,0.077 ns,104.22 ns,104.62 ns,104.68 ns,104.89 ns,105.25 ns,"9,548,834.67",0.3174 ns,15.00,2.023,2.000,0.1309,7,*,No,737 B,0.0226,-,-,208 B
AreEqual,Job-LAXWQE,False,True,Default,Default,Default,Default,Default,1111,Empty,RyuJit,X64,8c5e7fda-e8bf-4a96-9a85-a6e23a8c635c,.NET 5.0,False,True,False,True,Default,Default,False,False,True,Default,Default,Default,Default,Default,.NET 5.0,Default,1,Default,Default,Default,Default,Default,Default,Default,Default,Default,16,Default,dotNetTips.Spargine.Extensions.BenchmarkTests,Collections,25,192.82 ns,0.747 ns,0.699 ns,0.180 ns,191.11 ns,192.50 ns,192.86 ns,193.13 ns,193.93 ns,"5,186,227.72",0.7473 ns,15.00,3.207,2.000,-0.5074,15,*,No,737 B,0.0489,-,-,448 B
AreEqual,Job-LAXWQE,False,True,Default,Default,Default,Default,Default,1111,Empty,RyuJit,X64,8c5e7fda-e8bf-4a96-9a85-a6e23a8c635c,.NET 5.0,False,True,False,True,Default,Default,False,False,True,Default,Default,Default,Default,Default,.NET 5.0,Default,1,Default,Default,Default,Default,Default,Default,Default,Default,Default,16,Default,dotNetTips.Spargine.Extensions.BenchmarkTests,Collections,50,349.74 ns,0.984 ns,0.921 ns,0.238 ns,348.47 ns,348.93 ns,349.78 ns,350.25 ns,351.48 ns,"2,859,283.28",0.9842 ns,15.00,1.935,2.000,0.3557,20,*,No,737 B,0.0935,-,-,848 B
AreEqual,Job-LAXWQE,False,True,Default,Default,Default,Default,Default,1111,Empty,RyuJit,X64,8c5e7fda-e8bf-4a96-9a85-a6e23a8c635c,.NET 5.0,False,True,False,True,Default,Default,False,False,True,Default,Default,Default,Default,Default,.NET 5.0,Default,1,Default,Default,Default,Default,Default,Default,Default,Default,Default,16,Default,dotNetTips.Spargine.Extensions.BenchmarkTests,Collections,100,620.64 ns,3.537 ns,3.309 ns,0.854 ns,615.24 ns,618.08 ns,621.44 ns,623.08 ns,625.47 ns,"1,611,236.55",3.5372 ns,15.00,1.597,2.000,-0.2833,25,*,No,737 B,0.1783,-,-,"1,648 B"
AreEqual,Job-LAXWQE,False,True,Default,Default,Default,Default,Default,1111,Empty,RyuJit,X64,8c5e7fda-e8bf-4a96-9a85-a6e23a8c635c,.NET 5.0,False,True,False,True,Default,Default,False,False,True,Default,Default,Default,Default,Default,.NET 5.0,Default,1,Default,Default,Default,Default,Default,Default,Default,Default,Default,16,Default,dotNetTips.Spargine.Extensions.BenchmarkTests,Collections,250,"1,532.65 ns",4.073 ns,3.810 ns,0.984 ns,"1,522.28 ns","1,532.38 ns","1,532.72 ns","1,535.06 ns","1,536.97 ns","652,463.18",4.0729 ns,15.00,4.348,2.000,-1.4420,30,*,No,737 B,0.4406,-,-,"4,048 B"
AreEqual,Job-LAXWQE,False,True,Default,Default,Default,Default,Default,1111,Empty,RyuJit,X64,8c5e7fda-e8bf-4a96-9a85-a6e23a8c635c,.NET 5.0,False,True,False,True,Default,Default,False,False,True,Default,Default,Default,Default,Default,.NET 5.0,Default,1,Default,Default,Default,Default,Default,Default,Default,Default,Default,16,Default,dotNetTips.Spargine.Extensions.BenchmarkTests,Collections,500,"3,140.32 ns",8.547 ns,7.994 ns,2.064 ns,"3,123.86 ns","3,136.48 ns","3,142.60 ns","3,145.45 ns","3,154.03 ns","318,438.45",8.5466 ns,15.00,2.406,2.000,-0.5090,32,*,No,737 B,0.8850,-,-,"8,048 B"
AreEqual,Job-LAXWQE,False,True,Default,Default,Default,Default,Default,1111,Empty,RyuJit,X64,8c5e7fda-e8bf-4a96-9a85-a6e23a8c635c,.NET 5.0,False,True,False,True,Default,Default,False,False,True,Default,Default,Default,Default,Default,.NET 5.0,Default,1,Default,Default,Default,Default,Default,Default,Default,Default,Default,16,Default,dotNetTips.Spargine.Extensions.BenchmarkTests,Collections,1000,"6,395.46 ns",67.937 ns,63.548 ns,16.408 ns,"6,269.19 ns","6,355.55 ns","6,406.74 ns","6,440.04 ns","6,482.23 ns","156,360.97",67.9368 ns,15.00,1.917,2.000,-0.4181,34,*,No,737 B,1.7700,-,-,"16,048 B"
ArrayHashCode,Job-LAXWQE,False,True,Default,Default,Default,Default,Default,1111,Empty,RyuJit,X64,8c5e7fda-e8bf-4a96-9a85-a6e23a8c635c,.NET 5.0,False,True,False,True,Default,Default,False,False,True,Default,Default,Default,Default,Default,.NET 5.0,Default,1,Default,Default,Default,Default,Default,Default,Default,Default,Default,16,Default,dotNetTips.Spargine.Extensions.BenchmarkTests,Collections,10,736.38 ns,2.372 ns,2.219 ns,0.573 ns,734.11 ns,734.61 ns,735.17 ns,738.65 ns,740.25 ns,"1,357,996.85",2.3719 ns,15.00,1.454,2.000,0.4829,27,*,No,892 B,0.0162,-,-,152 B
ArrayHashCode,Job-LAXWQE,False,True,Default,Default,Default,Default,Default,1111,Empty,RyuJit,X64,8c5e7fda-e8bf-4a96-9a85-a6e23a8c635c,.NET 5.0,False,True,False,True,Default,Default,False,False,True,Default,Default,Default,Default,Default,.NET 5.0,Default,1,Default,Default,Default,Default,Default,Default,Default,Default,Default,16,Default,dotNetTips.Spargine.Extensions.BenchmarkTests,Collections,25,"1,734.22 ns",20.134 ns,17.848 ns,4.770 ns,"1,713.58 ns","1,718.09 ns","1,732.01 ns","1,751.99 ns","1,760.33 ns","576,628.12",20.1337 ns,14.00,1.217,2.000,0.2082,31,*,No,892 B,0.0286,-,-,272 B
ArrayHashCode,Job-LAXWQE,False,True,Default,Default,Default,Default,Default,1111,Empty,RyuJit,X64,8c5e7fda-e8bf-4a96-9a85-a6e23a8c635c,.NET 5.0,False,True,False,True,Default,Default,False,False,True,Default,Default,Default,Default,Default,.NET 5.0,Default,1,Default,Default,Default,Default,Default,Default,Default,Default,Default,16,Default,dotNetTips.Spargine.Extensions.BenchmarkTests,Collections,50,"3,605.08 ns",68.065 ns,95.418 ns,18.363 ns,"3,452.07 ns","3,566.59 ns","3,607.66 ns","3,639.08 ns","3,819.39 ns","277,386.28",68.0652 ns,27.00,2.917,2.000,0.3435,33,*,No,892 B,0.0496,-,-,472 B
ArrayHashCode,Job-LAXWQE,False,True,Default,Default,Default,Default,Default,1111,Empty,RyuJit,X64,8c5e7fda-e8bf-4a96-9a85-a6e23a8c635c,.NET 5.0,False,True,False,True,Default,Default,False,False,True,Default,Default,Default,Default,Default,.NET 5.0,Default,1,Default,Default,Default,Default,Default,Default,Default,Default,Default,16,Default,dotNetTips.Spargine.Extensions.BenchmarkTests,Collections,100,"7,332.87 ns",58.861 ns,55.059 ns,14.216 ns,"7,202.77 ns","7,300.99 ns","7,349.06 ns","7,360.47 ns","7,430.44 ns","136,372.17",58.8609 ns,15.00,3.041,2.000,-0.4276,36,*,No,892 B,0.0916,-,-,872 B
ArrayHashCode,Job-LAXWQE,False,True,Default,Default,Default,Default,Default,1111,Empty,RyuJit,X64,8c5e7fda-e8bf-4a96-9a85-a6e23a8c635c,.NET 5.0,False,True,False,True,Default,Default,False,False,True,Default,Default,Default,Default,Default,.NET 5.0,Default,1,Default,Default,Default,Default,Default,Default,Default,Default,Default,16,Default,dotNetTips.Spargine.Extensions.BenchmarkTests,Collections,250,"19,297.30 ns",55.158 ns,48.896 ns,13.068 ns,"19,231.11 ns","19,259.69 ns","19,298.60 ns","19,317.51 ns","19,417.13 ns","51,820.73",55.1583 ns,14.00,3.119,2.000,0.7438,38,*,No,892 B,0.2136,-,-,"2,072 B"
ArrayHashCode,Job-LAXWQE,False,True,Default,Default,Default,Default,Default,1111,Empty,RyuJit,X64,8c5e7fda-e8bf-4a96-9a85-a6e23a8c635c,.NET 5.0,False,True,False,True,Default,Default,False,False,True,Default,Default,Default,Default,Default,.NET 5.0,Default,1,Default,Default,Default,Default,Default,Default,Default,Default,Default,16,Default,dotNetTips.Spargine.Extensions.BenchmarkTests,Collections,500,"39,458.80 ns",317.680 ns,297.158 ns,76.726 ns,"38,924.05 ns","39,279.10 ns","39,516.71 ns","39,612.80 ns","40,022.66 ns","25,342.89",317.6805 ns,15.00,2.267,2.000,-0.1084,39,*,No,892 B,0.4272,-,-,"4,072 B"
ArrayHashCode,Job-LAXWQE,False,True,Default,Default,Default,Default,Default,1111,Empty,RyuJit,X64,8c5e7fda-e8bf-4a96-9a85-a6e23a8c635c,.NET 5.0,False,True,False,True,Default,Default,False,False,True,Default,Default,Default,Default,Default,.NET 5.0,Default,1,Default,Default,Default,Default,Default,Default,Default,Default,Default,16,Default,dotNetTips.Spargine.Extensions.BenchmarkTests,Collections,1000,"78,148.33 ns",864.819 ns,808.953 ns,208.871 ns,"76,506.32 ns","77,823.68 ns","78,217.07 ns","78,717.50 ns","79,596.97 ns","12,796.18",864.8194 ns,15.00,2.509,2.000,-0.3186,48,*,No,892 B,0.8545,-,-,"8,064 B"
BytesToString,Job-LAXWQE,False,True,Default,Default,Default,Default,Default,1111,Empty,RyuJit,X64,8c5e7fda-e8bf-4a96-9a85-a6e23a8c635c,.NET 5.0,False,True,False,True,Default,Default,False,False,True,Default,Default,Default,Default,Default,.NET 5.0,Default,1,Default,Default,Default,Default,Default,Default,Default,Default,Default,16,Default,dotNetTips.Spargine.Extensions.BenchmarkTests,"Strings,Collections",10,"131,983.09 ns",138.974 ns,108.502 ns,31.322 ns,"131,831.69 ns","131,920.39 ns","131,986.57 ns","132,037.24 ns","132,178.05 ns","7,576.73",138.9739 ns,12.00,1.845,2.000,0.0826,49,*,No,293 B,23.9258,-,-,"217,520 B"
BytesToString,Job-LAXWQE,False,True,Default,Default,Default,Default,Default,1111,Empty,RyuJit,X64,8c5e7fda-e8bf-4a96-9a85-a6e23a8c635c,.NET 5.0,False,True,False,True,Default,Default,False,False,True,Default,Default,Default,Default,Default,.NET 5.0,Default,1,Default,Default,Default,Default,Default,Default,Default,Default,Default,16,Default,dotNetTips.Spargine.Extensions.BenchmarkTests,"Strings,Collections",25,"375,349.07 ns","1,669.030 ns","1,479.552 ns",395.427 ns,"370,917.24 ns","374,800.44 ns","375,704.76 ns","376,382.39 ns","376,537.55 ns","2,664.19","1,669.0300 ns",14.00,5.889,2.000,-1.8000,53,*,No,293 B,57.1289,7.8125,-,"507,712 B"
BytesToString,Job-LAXWQE,False,True,Default,Default,Default,Default,Default,1111,Empty,RyuJit,X64,8c5e7fda-e8bf-4a96-9a85-a6e23a8c635c,.NET 5.0,False,True,False,True,Default,Default,False,False,True,Default,Default,Default,Default,Default,.NET 5.0,Default,1,Default,Default,Default,Default,Default,Default,Default,Default,Default,16,Default,dotNetTips.Spargine.Extensions.BenchmarkTests,"Strings,Collections",50,"857,300.38 ns","17,081.559 ns","16,776.375 ns","4,194.094 ns","821,818.07 ns","849,571.66 ns","851,831.40 ns","864,671.22 ns","886,765.72 ns","1,166.45","17,081.5590 ns",16.00,2.605,2.000,0.1182,56,*,No,293 B,109.3750,24.4141,9.7656,"1,035,163 B"
BytesToString,Job-LAXWQE,False,True,Default,Default,Default,Default,Default,1111,Empty,RyuJit,X64,8c5e7fda-e8bf-4a96-9a85-a6e23a8c635c,.NET 5.0,False,True,False,True,Default,Default,False,False,True,Default,Default,Default,Default,Default,.NET 5.0,Default,1,Default,Default,Default,Default,Default,Default,Default,Default,Default,16,Default,dotNetTips.Spargine.Extensions.BenchmarkTests,"Strings,Collections",100,"1,513,467.40 ns","14,185.898 ns","12,575.429 ns","3,360.925 ns","1,495,730.66 ns","1,502,666.02 ns","1,517,992.48 ns","1,521,698.39 ns","1,540,245.70 ns",660.73,"14,185.8976 ns",14.00,2.095,2.000,0.2991,58,*,No,293 B,218.7500,56.6406,19.5313,"2,053,196 B"
BytesToString,Job-LAXWQE,False,True,Default,Default,Default,Default,Default,1111,Empty,RyuJit,X64,8c5e7fda-e8bf-4a96-9a85-a6e23a8c635c,.NET 5.0,False,True,False,True,Default,Default,False,False,True,Default,Default,Default,Default,Default,.NET 5.0,Default,1,Default,Default,Default,Default,Default,Default,Default,Default,Default,16,Default,dotNetTips.Spargine.Extensions.BenchmarkTests,"Strings,Collections",250,"4,015,870.97 ns","71,988.846 ns","80,015.412 ns","18,356.794 ns","3,868,727.34 ns","3,958,316.02 ns","4,013,003.12 ns","4,044,248.83 ns","4,191,282.03 ns",249.01,"71,988.8464 ns",19.00,2.841,2.000,0.5148,60,*,No,293 B,539.0625,210.9375,46.8750,"5,123,405 B"
BytesToString,Job-LAXWQE,False,True,Default,Default,Default,Default,Default,1111,Empty,RyuJit,X64,8c5e7fda-e8bf-4a96-9a85-a6e23a8c635c,.NET 5.0,False,True,False,True,Default,Default,False,False,True,Default,Default,Default,Default,Default,.NET 5.0,Default,1,Default,Default,Default,Default,Default,Default,Default,Default,Default,16,Default,dotNetTips.Spargine.Extensions.BenchmarkTests,"Strings,Collections",500,"7,640,791.56 ns","85,662.116 ns","80,128.396 ns","20,689.063 ns","7,529,088.28 ns","7,587,121.48 ns","7,624,360.94 ns","7,691,550.39 ns","7,784,525.78 ns",130.88,"85,662.1156 ns",15.00,1.701,2.000,0.1912,63,*,No,293 B,390.6250,171.8750,78.1250,"10,245,734 B"
BytesToString,Job-LAXWQE,False,True,Default,Default,Default,Default,Default,1111,Empty,RyuJit,X64,8c5e7fda-e8bf-4a96-9a85-a6e23a8c635c,.NET 5.0,False,True,False,True,Default,Default,False,False,True,Default,Default,Default,Default,Default,.NET 5.0,Default,1,Default,Default,Default,Default,Default,Default,Default,Default,Default,16,Default,dotNetTips.Spargine.Extensions.BenchmarkTests,"Strings,Collections",1000,"15,517,096.43 ns","270,202.678 ns","239,527.636 ns","64,016.454 ns","15,059,300.00 ns","15,383,248.44 ns","15,567,390.62 ns","15,627,565.62 ns","15,952,137.50 ns",64.45,"270,202.6782 ns",14.00,2.484,2.000,-0.3773,65,*,No,293 B,593.7500,375.0000,156.2500,"20,490,724 B"
ContainsAny,Job-LAXWQE,False,True,Default,Default,Default,Default,Default,1111,Empty,RyuJit,X64,8c5e7fda-e8bf-4a96-9a85-a6e23a8c635c,.NET 5.0,False,True,False,True,Default,Default,False,False,True,Default,Default,Default,Default,Default,.NET 5.0,Default,1,Default,Default,Default,Default,Default,Default,Default,Default,Default,16,Default,dotNetTips.Spargine.Extensions.BenchmarkTests,Collections,10,93.51 ns,0.373 ns,0.349 ns,0.090 ns,92.96 ns,93.29 ns,93.56 ns,93.68 ns,94.22 ns,"10,693,702.07",0.3733 ns,15.00,2.226,2.000,0.1832,5,*,No,416 B,0.0182,-,-,168 B
ContainsAny,Job-LAXWQE,False,True,Default,Default,Default,Default,Default,1111,Empty,RyuJit,X64,8c5e7fda-e8bf-4a96-9a85-a6e23a8c635c,.NET 5.0,False,True,False,True,Default,Default,False,False,True,Default,Default,Default,Default,Default,.NET 5.0,Default,1,Default,Default,Default,Default,Default,Default,Default,Default,Default,16,Default,dotNetTips.Spargine.Extensions.BenchmarkTests,Collections,25,187.84 ns,0.423 ns,0.375 ns,0.100 ns,187.02 ns,187.73 ns,187.89 ns,188.10 ns,188.35 ns,"5,323,662.10",0.4231 ns,14.00,2.627,2.000,-0.8040,14,*,No,416 B,0.0184,-,-,168 B
ContainsAny,Job-LAXWQE,False,True,Default,Default,Default,Default,Default,1111,Empty,RyuJit,X64,8c5e7fda-e8bf-4a96-9a85-a6e23a8c635c,.NET 5.0,False,True,False,True,Default,Default,False,False,True,Default,Default,Default,Default,Default,.NET 5.0,Default,1,Default,Default,Default,Default,Default,Default,Default,Default,Default,16,Default,dotNetTips.Spargine.Extensions.BenchmarkTests,Collections,50,107.38 ns,0.501 ns,0.469 ns,0.121 ns,106.40 ns,107.16 ns,107.45 ns,107.71 ns,107.99 ns,"9,312,871.37",0.5013 ns,15.00,2.448,2.000,-0.6881,8,*,No,416 B,0.0182,-,-,168 B
ContainsAny,Job-LAXWQE,False,True,Default,Default,Default,Default,Default,1111,Empty,RyuJit,X64,8c5e7fda-e8bf-4a96-9a85-a6e23a8c635c,.NET 5.0,False,True,False,True,Default,Default,False,False,True,Default,Default,Default,Default,Default,.NET 5.0,Default,1,Default,Default,Default,Default,Default,Default,Default,Default,Default,16,Default,dotNetTips.Spargine.Extensions.BenchmarkTests,Collections,100,849.72 ns,6.111 ns,5.716 ns,1.476 ns,842.71 ns,845.11 ns,849.94 ns,851.94 ns,860.80 ns,"1,176,855.22",6.1111 ns,15.00,1.984,2.000,0.4231,29,*,No,416 B,0.0181,-,-,168 B
ContainsAny,Job-LAXWQE,False,True,Default,Default,Default,Default,Default,1111,Empty,RyuJit,X64,8c5e7fda-e8bf-4a96-9a85-a6e23a8c635c,.NET 5.0,False,True,False,True,Default,Default,False,False,True,Default,Default,Default,Default,Default,.NET 5.0,Default,1,Default,Default,Default,Default,Default,Default,Default,Default,Default,16,Default,dotNetTips.Spargine.Extensions.BenchmarkTests,Collections,250,807.52 ns,3.754 ns,3.512 ns,0.907 ns,797.86 ns,806.79 ns,807.91 ns,810.19 ns,811.46 ns,"1,238,364.80",3.7542 ns,15.00,4.303,2.000,-1.3242,28,*,No,416 B,0.0181,-,-,168 B
ContainsAny,Job-LAXWQE,False,True,Default,Default,Default,Default,Default,1111,Empty,RyuJit,X64,8c5e7fda-e8bf-4a96-9a85-a6e23a8c635c,.NET 5.0,False,True,False,True,Default,Default,False,False,True,Default,Default,Default,Default,Default,.NET 5.0,Default,1,Default,Default,Default,Default,Default,Default,Default,Default,Default,16,Default,dotNetTips.Spargine.Extensions.BenchmarkTests,Collections,500,"8,048.53 ns",73.901 ns,65.511 ns,17.509 ns,"7,921.71 ns","8,032.22 ns","8,063.17 ns","8,086.54 ns","8,135.03 ns","124,246.29",73.9008 ns,14.00,2.344,2.000,-0.7667,37,*,No,416 B,0.0153,-,-,168 B
ContainsAny,Job-LAXWQE,False,True,Default,Default,Default,Default,Default,1111,Empty,RyuJit,X64,8c5e7fda-e8bf-4a96-9a85-a6e23a8c635c,.NET 5.0,False,True,False,True,Default,Default,False,False,True,Default,Default,Default,Default,Default,.NET 5.0,Default,1,Default,Default,Default,Default,Default,Default,Default,Default,Default,16,Default,dotNetTips.Spargine.Extensions.BenchmarkTests,Collections,1000,"6,531.46 ns",41.645 ns,38.955 ns,10.058 ns,"6,480.77 ns","6,498.45 ns","6,525.97 ns","6,559.68 ns","6,607.64 ns","153,105.06",41.6455 ns,15.00,1.822,2.000,0.2703,35,*,No,416 B,0.0153,-,-,168 B
RemoveFirst,Job-LAXWQE,False,True,Default,Default,Default,Default,Default,1111,Empty,RyuJit,X64,8c5e7fda-e8bf-4a96-9a85-a6e23a8c635c,.NET 5.0,False,True,False,True,Default,Default,False,False,True,Default,Default,Default,Default,Default,.NET 5.0,Default,1,Default,Default,Default,Default,Default,Default,Default,Default,Default,16,Default,dotNetTips.Spargine.Extensions.BenchmarkTests,Collections,10,59.30 ns,0.859 ns,0.804 ns,0.207 ns,57.14 ns,58.95 ns,59.15 ns,59.90 ns,60.39 ns,"16,864,455.38",0.8591 ns,15.00,3.945,2.000,-0.9567,1,*,No,432 B,0.0219,-,-,200 B
RemoveFirst,Job-LAXWQE,False,True,Default,Default,Default,Default,Default,1111,Empty,RyuJit,X64,8c5e7fda-e8bf-4a96-9a85-a6e23a8c635c,.NET 5.0,False,True,False,True,Default,Default,False,False,True,Default,Default,Default,Default,Default,.NET 5.0,Default,1,Default,Default,Default,Default,Default,Default,Default,Default,Default,16,Default,dotNetTips.Spargine.Extensions.BenchmarkTests,Collections,25,83.42 ns,0.318 ns,0.298 ns,0.077 ns,83.03 ns,83.22 ns,83.33 ns,83.69 ns,84.01 ns,"11,987,483.50",0.3183 ns,15.00,1.827,2.000,0.4837,3,*,No,432 B,0.0483,-,-,440 B
RemoveFirst,Job-LAXWQE,False,True,Default,Default,Default,Default,Default,1111,Empty,RyuJit,X64,8c5e7fda-e8bf-4a96-9a85-a6e23a8c635c,.NET 5.0,False,True,False,True,Default,Default,False,False,True,Default,Default,Default,Default,Default,.NET 5.0,Default,1,Default,Default,Default,Default,Default,Default,Default,Default,Default,16,Default,dotNetTips.Spargine.Extensions.BenchmarkTests,Collections,50,125.12 ns,0.328 ns,0.306 ns,0.079 ns,124.48 ns,124.99 ns,125.20 ns,125.36 ns,125.42 ns,"7,992,434.02",0.3277 ns,15.00,2.217,2.000,-0.8454,11,*,No,432 B,0.0913,-,-,840 B
RemoveFirst,Job-LAXWQE,False,True,Default,Default,Default,Default,Default,1111,Empty,RyuJit,X64,8c5e7fda-e8bf-4a96-9a85-a6e23a8c635c,.NET 5.0,False,True,False,True,Default,Default,False,False,True,Default,Default,Default,Default,Default,.NET 5.0,Default,1,Default,Default,Default,Default,Default,Default,Default,Default,Default,16,Default,dotNetTips.Spargine.Extensions.BenchmarkTests,Collections,100,205.53 ns,0.215 ns,0.201 ns,0.052 ns,205.13 ns,205.38 ns,205.52 ns,205.68 ns,205.89 ns,"4,865,577.78",0.2147 ns,15.00,2.118,2.000,-0.0397,17,*,No,432 B,0.1793,-,-,"1,640 B"
RemoveFirst,Job-LAXWQE,False,True,Default,Default,Default,Default,Default,1111,Empty,RyuJit,X64,8c5e7fda-e8bf-4a96-9a85-a6e23a8c635c,.NET 5.0,False,True,False,True,Default,Default,False,False,True,Default,Default,Default,Default,Default,.NET 5.0,Default,1,Default,Default,Default,Default,Default,Default,Default,Default,Default,16,Default,dotNetTips.Spargine.Extensions.BenchmarkTests,Collections,250,436.63 ns,1.352 ns,1.199 ns,0.320 ns,434.36 ns,435.79 ns,436.65 ns,437.18 ns,439.03 ns,"2,290,261.18",1.3520 ns,14.00,2.407,2.000,0.0719,23,*,No,432 B,0.4401,-,-,"4,040 B"
RemoveFirst,Job-LAXWQE,False,True,Default,Default,Default,Default,Default,1111,Empty,RyuJit,X64,8c5e7fda-e8bf-4a96-9a85-a6e23a8c635c,.NET 5.0,False,True,False,True,Default,Default,False,False,True,Default,Default,Default,Default,Default,.NET 5.0,Default,1,Default,Default,Default,Default,Default,Default,Default,Default,Default,16,Default,dotNetTips.Spargine.Extensions.BenchmarkTests,Collections,500,870.16 ns,3.658 ns,3.422 ns,0.884 ns,858.28 ns,870.03 ns,871.12 ns,871.65 ns,872.49 ns,"1,149,217.66",3.6584 ns,15.00,9.705,2.000,-2.7189,29,*,No,432 B,0.8745,-,-,"8,040 B"
RemoveFirst,Job-LAXWQE,False,True,Default,Default,Default,Default,Default,1111,Empty,RyuJit,X64,8c5e7fda-e8bf-4a96-9a85-a6e23a8c635c,.NET 5.0,False,True,False,True,Default,Default,False,False,True,Default,Default,Default,Default,Default,.NET 5.0,Default,1,Default,Default,Default,Default,Default,Default,Default,Default,Default,16,Default,dotNetTips.Spargine.Extensions.BenchmarkTests,Collections,1000,"1,764.01 ns",8.019 ns,7.501 ns,1.937 ns,"1,749.86 ns","1,758.78 ns","1,765.92 ns","1,768.52 ns","1,774.34 ns","566,889.63",8.0194 ns,15.00,1.841,2.000,-0.4298,31,*,No,432 B,1.7529,-,-,"16,040 B"
RemoveLast,Job-LAXWQE,False,True,Default,Default,Default,Default,Default,1111,Empty,RyuJit,X64,8c5e7fda-e8bf-4a96-9a85-a6e23a8c635c,.NET 5.0,False,True,False,True,Default,Default,False,False,True,Default,Default,Default,Default,Default,.NET 5.0,Default,1,Default,Default,Default,Default,Default,Default,Default,Default,Default,16,Default,dotNetTips.Spargine.Extensions.BenchmarkTests,Collections,10,59.04 ns,0.328 ns,0.274 ns,0.076 ns,58.81 ns,58.89 ns,58.98 ns,59.01 ns,59.68 ns,"16,937,750.17",0.3283 ns,13.00,3.664,2.000,1.4967,1,*,No,421 B,0.0217,-,-,200 B
RemoveLast,Job-LAXWQE,False,True,Default,Default,Default,Default,Default,1111,Empty,RyuJit,X64,8c5e7fda-e8bf-4a96-9a85-a6e23a8c635c,.NET 5.0,False,True,False,True,Default,Default,False,False,True,Default,Default,Default,Default,Default,.NET 5.0,Default,1,Default,Default,Default,Default,Default,Default,Default,Default,Default,16,Default,dotNetTips.Spargine.Extensions.BenchmarkTests,Collections,25,82.98 ns,0.524 ns,0.465 ns,0.124 ns,82.40 ns,82.63 ns,82.85 ns,83.36 ns,83.73 ns,"12,050,463.89",0.5241 ns,14.00,1.464,2.000,0.3030,3,*,No,421 B,0.0480,-,-,440 B
RemoveLast,Job-LAXWQE,False,True,Default,Default,Default,Default,Default,1111,Empty,RyuJit,X64,8c5e7fda-e8bf-4a96-9a85-a6e23a8c635c,.NET 5.0,False,True,False,True,Default,Default,False,False,True,Default,Default,Default,Default,Default,.NET 5.0,Default,1,Default,Default,Default,Default,Default,Default,Default,Default,Default,16,Default,dotNetTips.Spargine.Extensions.BenchmarkTests,Collections,50,122.87 ns,0.587 ns,0.490 ns,0.136 ns,122.50 ns,122.56 ns,122.68 ns,123.04 ns,124.23 ns,"8,138,691.93",0.5870 ns,13.00,4.794,2.000,1.6297,10,*,No,421 B,0.0916,-,-,840 B
RemoveLast,Job-LAXWQE,False,True,Default,Default,Default,Default,Default,1111,Empty,RyuJit,X64,8c5e7fda-e8bf-4a96-9a85-a6e23a8c635c,.NET 5.0,False,True,False,True,Default,Default,False,False,True,Default,Default,Default,Default,Default,.NET 5.0,Default,1,Default,Default,Default,Default,Default,Default,Default,Default,Default,16,Default,dotNetTips.Spargine.Extensions.BenchmarkTests,Collections,100,201.83 ns,0.220 ns,0.195 ns,0.052 ns,201.52 ns,201.69 ns,201.81 ns,201.93 ns,202.16 ns,"4,954,565.64",0.2199 ns,14.00,1.809,2.000,0.3297,16,*,No,421 B,0.1781,-,-,"1,640 B"
RemoveLast,Job-LAXWQE,False,True,Default,Default,Default,Default,Default,1111,Empty,RyuJit,X64,8c5e7fda-e8bf-4a96-9a85-a6e23a8c635c,.NET 5.0,False,True,False,True,Default,Default,False,False,True,Default,Default,Default,Default,Default,.NET 5.0,Default,1,Default,Default,Default,Default,Default,Default,Default,Default,Default,16,Default,dotNetTips.Spargine.Extensions.BenchmarkTests,Collections,250,429.12 ns,2.306 ns,2.044 ns,0.546 ns,425.67 ns,428.27 ns,428.68 ns,429.81 ns,432.90 ns,"2,330,353.71",2.3059 ns,14.00,2.217,2.000,0.3039,22,*,No,421 B,0.4501,-,-,"4,040 B"
RemoveLast,Job-LAXWQE,False,True,Default,Default,Default,Default,Default,1111,Empty,RyuJit,X64,8c5e7fda-e8bf-4a96-9a85-a6e23a8c635c,.NET 5.0,False,True,False,True,Default,Default,False,False,True,Default,Default,Default,Default,Default,.NET 5.0,Default,1,Default,Default,Default,Default,Default,Default,Default,Default,Default,16,Default,dotNetTips.Spargine.Extensions.BenchmarkTests,Collections,500,863.15 ns,1.561 ns,1.460 ns,0.377 ns,860.60 ns,862.03 ns,863.00 ns,864.12 ns,865.62 ns,"1,158,551.42",1.5609 ns,15.00,1.743,2.000,0.0362,29,*,No,421 B,0.8783,-,-,"8,040 B"
RemoveLast,Job-LAXWQE,False,True,Default,Default,Default,Default,Default,1111,Empty,RyuJit,X64,8c5e7fda-e8bf-4a96-9a85-a6e23a8c635c,.NET 5.0,False,True,False,True,Default,Default,False,False,True,Default,Default,Default,Default,Default,.NET 5.0,Default,1,Default,Default,Default,Default,Default,Default,Default,Default,Default,16,Default,dotNetTips.Spargine.Extensions.BenchmarkTests,Collections,1000,"1,764.61 ns",8.868 ns,8.295 ns,2.142 ns,"1,751.57 ns","1,756.95 ns","1,765.22 ns","1,771.85 ns","1,776.08 ns","566,695.87",8.8683 ns,15.00,1.437,2.000,-0.1455,31,*,No,421 B,1.7490,-,-,"16,040 B"
