Method,Job,AnalyzeLaunchVariance,EvaluateOverhead,MaxAbsoluteError,MaxRelativeError,MinInvokeCount,MinIterationTime,OutlierMode,Affinity,EnvironmentVariables,Jit,Platform,PowerPlanMode,Runtime,AllowVeryLargeObjects,Concurrent,CpuGroups,Force,HeapAffinitizeMask,HeapCount,NoAffinitize,RetainVm,Server,Arguments,BuildConfiguration,Clock,EngineFactory,NuGetReferences,Toolchain,IsMutator,InvocationCount,IterationCount,IterationTime,LaunchCount,MaxIterationCount,MaxWarmupIterationCount,MemoryRandomization,MinIterationCount,MinWarmupIterationCount,RunStrategy,UnrollFactor,WarmupCount,Namespace,Mean,Error,StdDev,StdErr,Min,Q1,Median,Q3,Max,Op/s,CI99.9% Margin,Iterations,Kurtosis,MValue,Skewness,Rank,LogicalGroup,Baseline,Gen 0,Code Size,Allocated
'Creating: Person',Job-LAXWQE,False,True,Default,Default,Default,Default,Default,1111,Empty,RyuJit,X64,8c5e7fda-e8bf-4a96-9a85-a6e23a8c635c,.NET 5.0,False,True,False,True,Default,Default,False,False,True,Default,Default,Default,Default,Default,.NET 5.0,Default,1,Default,Default,Default,Default,Default,Default,Default,Default,Default,16,Default,dotNetTips.Spargine.Extensions.BenchmarkTests.Tester,6.786 μs,0.0185 μs,0.0164 μs,0.0044 μs,6.740 μs,6.783 μs,6.786 μs,6.792 μs,6.812 μs,"147,362.6",0.0185 μs,14.00,5.144,2.000,-1.2211,1,*,No,0.3128,1 KB,3 KB
'Creating: PersonFixed',Job-LAXWQE,False,True,Default,Default,Default,Default,Default,1111,Empty,RyuJit,X64,8c5e7fda-e8bf-4a96-9a85-a6e23a8c635c,.NET 5.0,False,True,False,True,Default,Default,False,False,True,Default,Default,Default,Default,Default,.NET 5.0,Default,1,Default,Default,Default,Default,Default,Default,Default,Default,Default,16,Default,dotNetTips.Spargine.Extensions.BenchmarkTests.Tester,6.765 μs,0.0063 μs,0.0059 μs,0.0015 μs,6.756 μs,6.761 μs,6.765 μs,6.770 μs,6.776 μs,"147,809.0",0.0063 μs,15.00,1.726,2.000,0.1314,1,*,No,0.3128,1 KB,3 KB
'Creating: PersonPlus',Job-LAXWQE,False,True,Default,Default,Default,Default,Default,1111,Empty,RyuJit,X64,8c5e7fda-e8bf-4a96-9a85-a6e23a8c635c,.NET 5.0,False,True,False,True,Default,Default,False,False,True,Default,Default,Default,Default,Default,.NET 5.0,Default,1,Default,Default,Default,Default,Default,Default,Default,Default,Default,16,Default,dotNetTips.Spargine.Extensions.BenchmarkTests.Tester,6.871 μs,0.0084 μs,0.0078 μs,0.0020 μs,6.862 μs,6.865 μs,6.870 μs,6.876 μs,6.889 μs,"145,534.2",0.0084 μs,15.00,2.427,2.000,0.6600,2,*,No,0.3128,1 KB,3 KB
'Creating: PersonProper',Job-LAXWQE,False,True,Default,Default,Default,Default,Default,1111,Empty,RyuJit,X64,8c5e7fda-e8bf-4a96-9a85-a6e23a8c635c,.NET 5.0,False,True,False,True,Default,Default,False,False,True,Default,Default,Default,Default,Default,.NET 5.0,Default,1,Default,Default,Default,Default,Default,Default,Default,Default,Default,16,Default,dotNetTips.Spargine.Extensions.BenchmarkTests.Tester,7.009 μs,0.0075 μs,0.0067 μs,0.0018 μs,6.998 μs,7.005 μs,7.007 μs,7.013 μs,7.022 μs,"142,681.2",0.0075 μs,14.00,2.202,2.000,0.2938,3,*,No,0.3128,1 KB,3 KB
'Creating: PersonRecord',Job-LAXWQE,False,True,Default,Default,Default,Default,Default,1111,Empty,RyuJit,X64,8c5e7fda-e8bf-4a96-9a85-a6e23a8c635c,.NET 5.0,False,True,False,True,Default,Default,False,False,True,Default,Default,Default,Default,Default,.NET 5.0,Default,1,Default,Default,Default,Default,Default,Default,Default,Default,Default,16,Default,dotNetTips.Spargine.Extensions.BenchmarkTests.Tester,9.257 μs,0.0412 μs,0.0344 μs,0.0095 μs,9.149 μs,9.258 μs,9.261 μs,9.269 μs,9.294 μs,"108,028.7",0.0412 μs,13.00,7.594,2.000,-2.2475,4,*,No,0.4120,1 KB,4 KB
'PropertiesToString(): PersonProper',Job-LAXWQE,False,True,Default,Default,Default,Default,Default,1111,Empty,RyuJit,X64,8c5e7fda-e8bf-4a96-9a85-a6e23a8c635c,.NET 5.0,False,True,False,True,Default,Default,False,False,True,Default,Default,Default,Default,Default,.NET 5.0,Default,1,Default,Default,Default,Default,Default,Default,Default,Default,Default,16,Default,dotNetTips.Spargine.Extensions.BenchmarkTests.Tester,29.037 μs,0.0339 μs,0.0264 μs,0.0076 μs,28.981 μs,29.027 μs,29.047 μs,29.055 μs,29.061 μs,"34,439.2",0.0339 μs,12.00,2.408,2.000,-0.9514,5,*,No,3.5095,1 KB,31 KB
'PropertiesToString(): PersonRecord',Job-LAXWQE,False,True,Default,Default,Default,Default,Default,1111,Empty,RyuJit,X64,8c5e7fda-e8bf-4a96-9a85-a6e23a8c635c,.NET 5.0,False,True,False,True,Default,Default,False,False,True,Default,Default,Default,Default,Default,.NET 5.0,Default,1,Default,Default,Default,Default,Default,Default,Default,Default,Default,16,Default,dotNetTips.Spargine.Extensions.BenchmarkTests.Tester,38.583 μs,0.0647 μs,0.0574 μs,0.0153 μs,38.466 μs,38.547 μs,38.589 μs,38.615 μs,38.692 μs,"25,918.0",0.0647 μs,14.00,2.460,2.000,-0.1032,6,*,No,5.0049,1 KB,45 KB
