Target,Target_Namespace,Target_Type,Target_Method,Job_Id,Job_AnalyzeLaunchVariance,Job_EvaluateOverhead,Job_MaxAbsoluteError,Job_MaxRelativeError,Job_MinInvokeCount,Job_MinIterationTime,Job_OutlierMode,Job_Affinity,Job_EnvironmentVariables,Job_Jit,Job_Platform,Job_PowerPlanMode,Job_Runtime,Job_AllowVeryLargeObjects,Job_Concurrent,Job_CpuGroups,Job_Force,Job_HeapAffinitizeMask,Job_HeapCount,Job_NoAffinitize,Job_RetainVm,Job_Server,Job_Arguments,Job_BuildConfiguration,Job_Clock,Job_EngineFactory,Job_NuGetReferences,Job_Toolchain,Job_IsMutator,Job_InvocationCount,Job_IterationCount,Job_IterationTime,Job_LaunchCount,Job_MaxIterationCount,Job_MaxWarmupIterationCount,Job_MemoryRandomization,Job_MinIterationCount,Job_MinWarmupIterationCount,Job_RunStrategy,Job_UnrollFactor,Job_WarmupCount,Job_Display,Params,Measurement_LaunchIndex,Measurement_IterationMode,Measurement_IterationStage,Measurement_IterationIndex,Measurement_Nanoseconds,Measurement_Operations,Measurement_Value,Gen_0,Gen_1,Gen_2,Allocated_Bytes
EnumExtensionsBenchmark.GetDescription,dotNetTips.Spargine.Extensions.BenchmarkTests,EnumExtensionsBenchmark,GetDescription,Job-LAXWQE,Default,True,Default,Default,Default,Default,Default,Default,Default,Default,Default,Default,Default,Default,Default,Default,Default,Default,Default,Default,Default,True,Default,Default,Default,Default,Default,.NET 5.0,Default,Default,Default,Default,Default,Default,Default,Default,Default,Default,Default,Default,Default,"Job-LAXWQE(EvaluateOverhead=True, Server=True, Toolchain=.NET 5.0)",,1,Overhead,Jitting,1,243700,1,243700,5,0,0,24
EnumExtensionsBenchmark.GetDescription,dotNetTips.Spargine.Extensions.BenchmarkTests,EnumExtensionsBenchmark,GetDescription,Job-LAXWQE,Default,True,Default,Default,Default,Default,Default,Default,Default,Default,Default,Default,Default,Default,Default,Default,Default,Default,Default,Default,Default,True,Default,Default,Default,Default,Default,.NET 5.0,Default,Default,Default,Default,Default,Default,Default,Default,Default,Default,Default,Default,Default,"Job-LAXWQE(EvaluateOverhead=True, Server=True, Toolchain=.NET 5.0)",,1,Workload,Jitting,1,1350100,1,1350100,5,0,0,24
EnumExtensionsBenchmark.GetDescription,dotNetTips.Spargine.Extensions.BenchmarkTests,EnumExtensionsBenchmark,GetDescription,Job-LAXWQE,Default,True,Default,Default,Default,Default,Default,Default,Default,Default,Default,Default,Default,Default,Default,Default,Default,Default,Default,Default,Default,True,Default,Default,Default,Default,Default,.NET 5.0,Default,Default,Default,Default,Default,Default,Default,Default,Default,Default,Default,Default,Default,"Job-LAXWQE(EvaluateOverhead=True, Server=True, Toolchain=.NET 5.0)",,1,Overhead,Jitting,2,210700,16,13168.75,5,0,0,24
EnumExtensionsBenchmark.GetDescription,dotNetTips.Spargine.Extensions.BenchmarkTests,EnumExtensionsBenchmark,GetDescription,Job-LAXWQE,Default,True,Default,Default,Default,Default,Default,Default,Default,Default,Default,Default,Default,Default,Default,Default,Default,Default,Default,Default,Default,True,Default,Default,Default,Default,Default,.NET 5.0,Default,Default,Default,Default,Default,Default,Default,Default,Default,Default,Default,Default,Default,"Job-LAXWQE(EvaluateOverhead=True, Server=True, Toolchain=.NET 5.0)",,1,Workload,Jitting,2,322500,16,20156.25,5,0,0,24
EnumExtensionsBenchmark.GetDescription,dotNetTips.Spargine.Extensions.BenchmarkTests,EnumExtensionsBenchmark,GetDescription,Job-LAXWQE,Default,True,Default,Default,Default,Default,Default,Default,Default,Default,Default,Default,Default,Default,Default,Default,Default,Default,Default,Default,Default,True,Default,Default,Default,Default,Default,.NET 5.0,Default,Default,Default,Default,Default,Default,Default,Default,Default,Default,Default,Default,Default,"Job-LAXWQE(EvaluateOverhead=True, Server=True, Toolchain=.NET 5.0)",,1,Workload,Pilot,1,56300,16,3518.75,5,0,0,24
EnumExtensionsBenchmark.GetDescription,dotNetTips.Spargine.Extensions.BenchmarkTests,EnumExtensionsBenchmark,GetDescription,Job-LAXWQE,Default,True,Default,Default,Default,Default,Default,Default,Default,Default,Default,Default,Default,Default,Default,Default,Default,Default,Default,Default,Default,True,Default,Default,Default,Default,Default,.NET 5.0,Default,Default,Default,Default,Default,Default,Default,Default,Default,Default,Default,Default,Default,"Job-LAXWQE(EvaluateOverhead=True, Server=True, Toolchain=.NET 5.0)",,1,Workload,Pilot,2,40100,32,1253.13,5,0,0,24
EnumExtensionsBenchmark.GetDescription,dotNetTips.Spargine.Extensions.BenchmarkTests,EnumExtensionsBenchmark,GetDescription,Job-LAXWQE,Default,True,Default,Default,Default,Default,Default,Default,Default,Default,Default,Default,Default,Default,Default,Default,Default,Default,Default,Default,Default,True,Default,Default,Default,Default,Default,.NET 5.0,Default,Default,Default,Default,Default,Default,Default,Default,Default,Default,Default,Default,Default,"Job-LAXWQE(EvaluateOverhead=True, Server=True, Toolchain=.NET 5.0)",,1,Workload,Pilot,3,51100,64,798.44,5,0,0,24
EnumExtensionsBenchmark.GetDescription,dotNetTips.Spargine.Extensions.BenchmarkTests,EnumExtensionsBenchmark,GetDescription,Job-LAXWQE,Default,True,Default,Default,Default,Default,Default,Default,Default,Default,Default,Default,Default,Default,Default,Default,Default,Default,Default,Default,Default,True,Default,Default,Default,Default,Default,.NET 5.0,Default,Default,Default,Default,Default,Default,Default,Default,Default,Default,Default,Default,Default,"Job-LAXWQE(EvaluateOverhead=True, Server=True, Toolchain=.NET 5.0)",,1,Workload,Pilot,4,87600,128,684.38,5,0,0,24
EnumExtensionsBenchmark.GetDescription,dotNetTips.Spargine.Extensions.BenchmarkTests,EnumExtensionsBenchmark,GetDescription,Job-LAXWQE,Default,True,Default,Default,Default,Default,Default,Default,Default,Default,Default,Default,Default,Default,Default,Default,Default,Default,Default,Default,Default,True,Default,Default,Default,Default,Default,.NET 5.0,Default,Default,Default,Default,Default,Default,Default,Default,Default,Default,Default,Default,Default,"Job-LAXWQE(EvaluateOverhead=True, Server=True, Toolchain=.NET 5.0)",,1,Workload,Pilot,5,155800,256,608.59,5,0,0,24
EnumExtensionsBenchmark.GetDescription,dotNetTips.Spargine.Extensions.BenchmarkTests,EnumExtensionsBenchmark,GetDescription,Job-LAXWQE,Default,True,Default,Default,Default,Default,Default,Default,Default,Default,Default,Default,Default,Default,Default,Default,Default,Default,Default,Default,Default,True,Default,Default,Default,Default,Default,.NET 5.0,Default,Default,Default,Default,Default,Default,Default,Default,Default,Default,Default,Default,Default,"Job-LAXWQE(EvaluateOverhead=True, Server=True, Toolchain=.NET 5.0)",,1,Workload,Pilot,6,297000,512,580.08,5,0,0,24
EnumExtensionsBenchmark.GetDescription,dotNetTips.Spargine.Extensions.BenchmarkTests,EnumExtensionsBenchmark,GetDescription,Job-LAXWQE,Default,True,Default,Default,Default,Default,Default,Default,Default,Default,Default,Default,Default,Default,Default,Default,Default,Default,Default,Default,Default,True,Default,Default,Default,Default,Default,.NET 5.0,Default,Default,Default,Default,Default,Default,Default,Default,Default,Default,Default,Default,Default,"Job-LAXWQE(EvaluateOverhead=True, Server=True, Toolchain=.NET 5.0)",,1,Workload,Pilot,7,596700,1024,582.71,5,0,0,24
EnumExtensionsBenchmark.GetDescription,dotNetTips.Spargine.Extensions.BenchmarkTests,EnumExtensionsBenchmark,GetDescription,Job-LAXWQE,Default,True,Default,Default,Default,Default,Default,Default,Default,Default,Default,Default,Default,Default,Default,Default,Default,Default,Default,Default,Default,True,Default,Default,Default,Default,Default,.NET 5.0,Default,Default,Default,Default,Default,Default,Default,Default,Default,Default,Default,Default,Default,"Job-LAXWQE(EvaluateOverhead=True, Server=True, Toolchain=.NET 5.0)",,1,Workload,Pilot,8,1137100,2048,555.22,5,0,0,24
EnumExtensionsBenchmark.GetDescription,dotNetTips.Spargine.Extensions.BenchmarkTests,EnumExtensionsBenchmark,GetDescription,Job-LAXWQE,Default,True,Default,Default,Default,Default,Default,Default,Default,Default,Default,Default,Default,Default,Default,Default,Default,Default,Default,Default,Default,True,Default,Default,Default,Default,Default,.NET 5.0,Default,Default,Default,Default,Default,Default,Default,Default,Default,Default,Default,Default,Default,"Job-LAXWQE(EvaluateOverhead=True, Server=True, Toolchain=.NET 5.0)",,1,Workload,Pilot,9,2247300,4096,548.66,5,0,0,24
EnumExtensionsBenchmark.GetDescription,dotNetTips.Spargine.Extensions.BenchmarkTests,EnumExtensionsBenchmark,GetDescription,Job-LAXWQE,Default,True,Default,Default,Default,Default,Default,Default,Default,Default,Default,Default,Default,Default,Default,Default,Default,Default,Default,Default,Default,True,Default,Default,Default,Default,Default,.NET 5.0,Default,Default,Default,Default,Default,Default,Default,Default,Default,Default,Default,Default,Default,"Job-LAXWQE(EvaluateOverhead=True, Server=True, Toolchain=.NET 5.0)",,1,Workload,Pilot,10,5544000,8192,676.76,5,0,0,24
EnumExtensionsBenchmark.GetDescription,dotNetTips.Spargine.Extensions.BenchmarkTests,EnumExtensionsBenchmark,GetDescription,Job-LAXWQE,Default,True,Default,Default,Default,Default,Default,Default,Default,Default,Default,Default,Default,Default,Default,Default,Default,Default,Default,Default,Default,True,Default,Default,Default,Default,Default,.NET 5.0,Default,Default,Default,Default,Default,Default,Default,Default,Default,Default,Default,Default,Default,"Job-LAXWQE(EvaluateOverhead=True, Server=True, Toolchain=.NET 5.0)",,1,Workload,Pilot,11,9004500,16384,549.59,5,0,0,24
EnumExtensionsBenchmark.GetDescription,dotNetTips.Spargine.Extensions.BenchmarkTests,EnumExtensionsBenchmark,GetDescription,Job-LAXWQE,Default,True,Default,Default,Default,Default,Default,Default,Default,Default,Default,Default,Default,Default,Default,Default,Default,Default,Default,Default,Default,True,Default,Default,Default,Default,Default,.NET 5.0,Default,Default,Default,Default,Default,Default,Default,Default,Default,Default,Default,Default,Default,"Job-LAXWQE(EvaluateOverhead=True, Server=True, Toolchain=.NET 5.0)",,1,Workload,Pilot,12,18715100,32768,571.14,5,0,0,24
EnumExtensionsBenchmark.GetDescription,dotNetTips.Spargine.Extensions.BenchmarkTests,EnumExtensionsBenchmark,GetDescription,Job-LAXWQE,Default,True,Default,Default,Default,Default,Default,Default,Default,Default,Default,Default,Default,Default,Default,Default,Default,Default,Default,Default,Default,True,Default,Default,Default,Default,Default,.NET 5.0,Default,Default,Default,Default,Default,Default,Default,Default,Default,Default,Default,Default,Default,"Job-LAXWQE(EvaluateOverhead=True, Server=True, Toolchain=.NET 5.0)",,1,Workload,Pilot,13,36146200,65536,551.55,5,0,0,24
EnumExtensionsBenchmark.GetDescription,dotNetTips.Spargine.Extensions.BenchmarkTests,EnumExtensionsBenchmark,GetDescription,Job-LAXWQE,Default,True,Default,Default,Default,Default,Default,Default,Default,Default,Default,Default,Default,Default,Default,Default,Default,Default,Default,Default,Default,True,Default,Default,Default,Default,Default,.NET 5.0,Default,Default,Default,Default,Default,Default,Default,Default,Default,Default,Default,Default,Default,"Job-LAXWQE(EvaluateOverhead=True, Server=True, Toolchain=.NET 5.0)",,1,Workload,Pilot,14,73458300,131072,560.44,5,0,0,24
EnumExtensionsBenchmark.GetDescription,dotNetTips.Spargine.Extensions.BenchmarkTests,EnumExtensionsBenchmark,GetDescription,Job-LAXWQE,Default,True,Default,Default,Default,Default,Default,Default,Default,Default,Default,Default,Default,Default,Default,Default,Default,Default,Default,Default,Default,True,Default,Default,Default,Default,Default,.NET 5.0,Default,Default,Default,Default,Default,Default,Default,Default,Default,Default,Default,Default,Default,"Job-LAXWQE(EvaluateOverhead=True, Server=True, Toolchain=.NET 5.0)",,1,Workload,Pilot,15,128596500,262144,490.56,5,0,0,24
EnumExtensionsBenchmark.GetDescription,dotNetTips.Spargine.Extensions.BenchmarkTests,EnumExtensionsBenchmark,GetDescription,Job-LAXWQE,Default,True,Default,Default,Default,Default,Default,Default,Default,Default,Default,Default,Default,Default,Default,Default,Default,Default,Default,Default,Default,True,Default,Default,Default,Default,Default,.NET 5.0,Default,Default,Default,Default,Default,Default,Default,Default,Default,Default,Default,Default,Default,"Job-LAXWQE(EvaluateOverhead=True, Server=True, Toolchain=.NET 5.0)",,1,Workload,Pilot,16,236723900,524288,451.52,5,0,0,24
EnumExtensionsBenchmark.GetDescription,dotNetTips.Spargine.Extensions.BenchmarkTests,EnumExtensionsBenchmark,GetDescription,Job-LAXWQE,Default,True,Default,Default,Default,Default,Default,Default,Default,Default,Default,Default,Default,Default,Default,Default,Default,Default,Default,Default,Default,True,Default,Default,Default,Default,Default,.NET 5.0,Default,Default,Default,Default,Default,Default,Default,Default,Default,Default,Default,Default,Default,"Job-LAXWQE(EvaluateOverhead=True, Server=True, Toolchain=.NET 5.0)",,1,Workload,Pilot,17,465379600,1048576,443.82,5,0,0,24
EnumExtensionsBenchmark.GetDescription,dotNetTips.Spargine.Extensions.BenchmarkTests,EnumExtensionsBenchmark,GetDescription,Job-LAXWQE,Default,True,Default,Default,Default,Default,Default,Default,Default,Default,Default,Default,Default,Default,Default,Default,Default,Default,Default,Default,Default,True,Default,Default,Default,Default,Default,.NET 5.0,Default,Default,Default,Default,Default,Default,Default,Default,Default,Default,Default,Default,Default,"Job-LAXWQE(EvaluateOverhead=True, Server=True, Toolchain=.NET 5.0)",,1,Workload,Pilot,18,923799500,2097152,440.5,5,0,0,24
EnumExtensionsBenchmark.GetDescription,dotNetTips.Spargine.Extensions.BenchmarkTests,EnumExtensionsBenchmark,GetDescription,Job-LAXWQE,Default,True,Default,Default,Default,Default,Default,Default,Default,Default,Default,Default,Default,Default,Default,Default,Default,Default,Default,Default,Default,True,Default,Default,Default,Default,Default,.NET 5.0,Default,Default,Default,Default,Default,Default,Default,Default,Default,Default,Default,Default,Default,"Job-LAXWQE(EvaluateOverhead=True, Server=True, Toolchain=.NET 5.0)",,1,Overhead,Warmup,1,4513000,2097152,2.15,5,0,0,24
EnumExtensionsBenchmark.GetDescription,dotNetTips.Spargine.Extensions.BenchmarkTests,EnumExtensionsBenchmark,GetDescription,Job-LAXWQE,Default,True,Default,Default,Default,Default,Default,Default,Default,Default,Default,Default,Default,Default,Default,Default,Default,Default,Default,Default,Default,True,Default,Default,Default,Default,Default,.NET 5.0,Default,Default,Default,Default,Default,Default,Default,Default,Default,Default,Default,Default,Default,"Job-LAXWQE(EvaluateOverhead=True, Server=True, Toolchain=.NET 5.0)",,1,Overhead,Warmup,2,4599100,2097152,2.19,5,0,0,24
EnumExtensionsBenchmark.GetDescription,dotNetTips.Spargine.Extensions.BenchmarkTests,EnumExtensionsBenchmark,GetDescription,Job-LAXWQE,Default,True,Default,Default,Default,Default,Default,Default,Default,Default,Default,Default,Default,Default,Default,Default,Default,Default,Default,Default,Default,True,Default,Default,Default,Default,Default,.NET 5.0,Default,Default,Default,Default,Default,Default,Default,Default,Default,Default,Default,Default,Default,"Job-LAXWQE(EvaluateOverhead=True, Server=True, Toolchain=.NET 5.0)",,1,Overhead,Warmup,3,4740500,2097152,2.26,5,0,0,24
EnumExtensionsBenchmark.GetDescription,dotNetTips.Spargine.Extensions.BenchmarkTests,EnumExtensionsBenchmark,GetDescription,Job-LAXWQE,Default,True,Default,Default,Default,Default,Default,Default,Default,Default,Default,Default,Default,Default,Default,Default,Default,Default,Default,Default,Default,True,Default,Default,Default,Default,Default,.NET 5.0,Default,Default,Default,Default,Default,Default,Default,Default,Default,Default,Default,Default,Default,"Job-LAXWQE(EvaluateOverhead=True, Server=True, Toolchain=.NET 5.0)",,1,Overhead,Warmup,4,4773300,2097152,2.28,5,0,0,24
EnumExtensionsBenchmark.GetDescription,dotNetTips.Spargine.Extensions.BenchmarkTests,EnumExtensionsBenchmark,GetDescription,Job-LAXWQE,Default,True,Default,Default,Default,Default,Default,Default,Default,Default,Default,Default,Default,Default,Default,Default,Default,Default,Default,Default,Default,True,Default,Default,Default,Default,Default,.NET 5.0,Default,Default,Default,Default,Default,Default,Default,Default,Default,Default,Default,Default,Default,"Job-LAXWQE(EvaluateOverhead=True, Server=True, Toolchain=.NET 5.0)",,1,Overhead,Warmup,5,5036700,2097152,2.4,5,0,0,24
EnumExtensionsBenchmark.GetDescription,dotNetTips.Spargine.Extensions.BenchmarkTests,EnumExtensionsBenchmark,GetDescription,Job-LAXWQE,Default,True,Default,Default,Default,Default,Default,Default,Default,Default,Default,Default,Default,Default,Default,Default,Default,Default,Default,Default,Default,True,Default,Default,Default,Default,Default,.NET 5.0,Default,Default,Default,Default,Default,Default,Default,Default,Default,Default,Default,Default,Default,"Job-LAXWQE(EvaluateOverhead=True, Server=True, Toolchain=.NET 5.0)",,1,Overhead,Warmup,6,4766100,2097152,2.27,5,0,0,24
EnumExtensionsBenchmark.GetDescription,dotNetTips.Spargine.Extensions.BenchmarkTests,EnumExtensionsBenchmark,GetDescription,Job-LAXWQE,Default,True,Default,Default,Default,Default,Default,Default,Default,Default,Default,Default,Default,Default,Default,Default,Default,Default,Default,Default,Default,True,Default,Default,Default,Default,Default,.NET 5.0,Default,Default,Default,Default,Default,Default,Default,Default,Default,Default,Default,Default,Default,"Job-LAXWQE(EvaluateOverhead=True, Server=True, Toolchain=.NET 5.0)",,1,Overhead,Warmup,7,4774900,2097152,2.28,5,0,0,24
EnumExtensionsBenchmark.GetDescription,dotNetTips.Spargine.Extensions.BenchmarkTests,EnumExtensionsBenchmark,GetDescription,Job-LAXWQE,Default,True,Default,Default,Default,Default,Default,Default,Default,Default,Default,Default,Default,Default,Default,Default,Default,Default,Default,Default,Default,True,Default,Default,Default,Default,Default,.NET 5.0,Default,Default,Default,Default,Default,Default,Default,Default,Default,Default,Default,Default,Default,"Job-LAXWQE(EvaluateOverhead=True, Server=True, Toolchain=.NET 5.0)",,1,Overhead,Warmup,8,5220900,2097152,2.49,5,0,0,24
EnumExtensionsBenchmark.GetDescription,dotNetTips.Spargine.Extensions.BenchmarkTests,EnumExtensionsBenchmark,GetDescription,Job-LAXWQE,Default,True,Default,Default,Default,Default,Default,Default,Default,Default,Default,Default,Default,Default,Default,Default,Default,Default,Default,Default,Default,True,Default,Default,Default,Default,Default,.NET 5.0,Default,Default,Default,Default,Default,Default,Default,Default,Default,Default,Default,Default,Default,"Job-LAXWQE(EvaluateOverhead=True, Server=True, Toolchain=.NET 5.0)",,1,Overhead,Warmup,9,4777300,2097152,2.28,5,0,0,24
EnumExtensionsBenchmark.GetDescription,dotNetTips.Spargine.Extensions.BenchmarkTests,EnumExtensionsBenchmark,GetDescription,Job-LAXWQE,Default,True,Default,Default,Default,Default,Default,Default,Default,Default,Default,Default,Default,Default,Default,Default,Default,Default,Default,Default,Default,True,Default,Default,Default,Default,Default,.NET 5.0,Default,Default,Default,Default,Default,Default,Default,Default,Default,Default,Default,Default,Default,"Job-LAXWQE(EvaluateOverhead=True, Server=True, Toolchain=.NET 5.0)",,1,Overhead,Actual,1,4775700,2097152,2.28,5,0,0,24
EnumExtensionsBenchmark.GetDescription,dotNetTips.Spargine.Extensions.BenchmarkTests,EnumExtensionsBenchmark,GetDescription,Job-LAXWQE,Default,True,Default,Default,Default,Default,Default,Default,Default,Default,Default,Default,Default,Default,Default,Default,Default,Default,Default,Default,Default,True,Default,Default,Default,Default,Default,.NET 5.0,Default,Default,Default,Default,Default,Default,Default,Default,Default,Default,Default,Default,Default,"Job-LAXWQE(EvaluateOverhead=True, Server=True, Toolchain=.NET 5.0)",,1,Overhead,Actual,2,4626400,2097152,2.21,5,0,0,24
EnumExtensionsBenchmark.GetDescription,dotNetTips.Spargine.Extensions.BenchmarkTests,EnumExtensionsBenchmark,GetDescription,Job-LAXWQE,Default,True,Default,Default,Default,Default,Default,Default,Default,Default,Default,Default,Default,Default,Default,Default,Default,Default,Default,Default,Default,True,Default,Default,Default,Default,Default,.NET 5.0,Default,Default,Default,Default,Default,Default,Default,Default,Default,Default,Default,Default,Default,"Job-LAXWQE(EvaluateOverhead=True, Server=True, Toolchain=.NET 5.0)",,1,Overhead,Actual,3,4523300,2097152,2.16,5,0,0,24
EnumExtensionsBenchmark.GetDescription,dotNetTips.Spargine.Extensions.BenchmarkTests,EnumExtensionsBenchmark,GetDescription,Job-LAXWQE,Default,True,Default,Default,Default,Default,Default,Default,Default,Default,Default,Default,Default,Default,Default,Default,Default,Default,Default,Default,Default,True,Default,Default,Default,Default,Default,.NET 5.0,Default,Default,Default,Default,Default,Default,Default,Default,Default,Default,Default,Default,Default,"Job-LAXWQE(EvaluateOverhead=True, Server=True, Toolchain=.NET 5.0)",,1,Overhead,Actual,4,4513200,2097152,2.15,5,0,0,24
EnumExtensionsBenchmark.GetDescription,dotNetTips.Spargine.Extensions.BenchmarkTests,EnumExtensionsBenchmark,GetDescription,Job-LAXWQE,Default,True,Default,Default,Default,Default,Default,Default,Default,Default,Default,Default,Default,Default,Default,Default,Default,Default,Default,Default,Default,True,Default,Default,Default,Default,Default,.NET 5.0,Default,Default,Default,Default,Default,Default,Default,Default,Default,Default,Default,Default,Default,"Job-LAXWQE(EvaluateOverhead=True, Server=True, Toolchain=.NET 5.0)",,1,Overhead,Actual,5,4527600,2097152,2.16,5,0,0,24
EnumExtensionsBenchmark.GetDescription,dotNetTips.Spargine.Extensions.BenchmarkTests,EnumExtensionsBenchmark,GetDescription,Job-LAXWQE,Default,True,Default,Default,Default,Default,Default,Default,Default,Default,Default,Default,Default,Default,Default,Default,Default,Default,Default,Default,Default,True,Default,Default,Default,Default,Default,.NET 5.0,Default,Default,Default,Default,Default,Default,Default,Default,Default,Default,Default,Default,Default,"Job-LAXWQE(EvaluateOverhead=True, Server=True, Toolchain=.NET 5.0)",,1,Overhead,Actual,6,4895400,2097152,2.33,5,0,0,24
EnumExtensionsBenchmark.GetDescription,dotNetTips.Spargine.Extensions.BenchmarkTests,EnumExtensionsBenchmark,GetDescription,Job-LAXWQE,Default,True,Default,Default,Default,Default,Default,Default,Default,Default,Default,Default,Default,Default,Default,Default,Default,Default,Default,Default,Default,True,Default,Default,Default,Default,Default,.NET 5.0,Default,Default,Default,Default,Default,Default,Default,Default,Default,Default,Default,Default,Default,"Job-LAXWQE(EvaluateOverhead=True, Server=True, Toolchain=.NET 5.0)",,1,Overhead,Actual,7,4521600,2097152,2.16,5,0,0,24
EnumExtensionsBenchmark.GetDescription,dotNetTips.Spargine.Extensions.BenchmarkTests,EnumExtensionsBenchmark,GetDescription,Job-LAXWQE,Default,True,Default,Default,Default,Default,Default,Default,Default,Default,Default,Default,Default,Default,Default,Default,Default,Default,Default,Default,Default,True,Default,Default,Default,Default,Default,.NET 5.0,Default,Default,Default,Default,Default,Default,Default,Default,Default,Default,Default,Default,Default,"Job-LAXWQE(EvaluateOverhead=True, Server=True, Toolchain=.NET 5.0)",,1,Overhead,Actual,8,4506800,2097152,2.15,5,0,0,24
EnumExtensionsBenchmark.GetDescription,dotNetTips.Spargine.Extensions.BenchmarkTests,EnumExtensionsBenchmark,GetDescription,Job-LAXWQE,Default,True,Default,Default,Default,Default,Default,Default,Default,Default,Default,Default,Default,Default,Default,Default,Default,Default,Default,Default,Default,True,Default,Default,Default,Default,Default,.NET 5.0,Default,Default,Default,Default,Default,Default,Default,Default,Default,Default,Default,Default,Default,"Job-LAXWQE(EvaluateOverhead=True, Server=True, Toolchain=.NET 5.0)",,1,Overhead,Actual,9,4628100,2097152,2.21,5,0,0,24
EnumExtensionsBenchmark.GetDescription,dotNetTips.Spargine.Extensions.BenchmarkTests,EnumExtensionsBenchmark,GetDescription,Job-LAXWQE,Default,True,Default,Default,Default,Default,Default,Default,Default,Default,Default,Default,Default,Default,Default,Default,Default,Default,Default,Default,Default,True,Default,Default,Default,Default,Default,.NET 5.0,Default,Default,Default,Default,Default,Default,Default,Default,Default,Default,Default,Default,Default,"Job-LAXWQE(EvaluateOverhead=True, Server=True, Toolchain=.NET 5.0)",,1,Overhead,Actual,10,4519400,2097152,2.16,5,0,0,24
EnumExtensionsBenchmark.GetDescription,dotNetTips.Spargine.Extensions.BenchmarkTests,EnumExtensionsBenchmark,GetDescription,Job-LAXWQE,Default,True,Default,Default,Default,Default,Default,Default,Default,Default,Default,Default,Default,Default,Default,Default,Default,Default,Default,Default,Default,True,Default,Default,Default,Default,Default,.NET 5.0,Default,Default,Default,Default,Default,Default,Default,Default,Default,Default,Default,Default,Default,"Job-LAXWQE(EvaluateOverhead=True, Server=True, Toolchain=.NET 5.0)",,1,Overhead,Actual,11,4631000,2097152,2.21,5,0,0,24
EnumExtensionsBenchmark.GetDescription,dotNetTips.Spargine.Extensions.BenchmarkTests,EnumExtensionsBenchmark,GetDescription,Job-LAXWQE,Default,True,Default,Default,Default,Default,Default,Default,Default,Default,Default,Default,Default,Default,Default,Default,Default,Default,Default,Default,Default,True,Default,Default,Default,Default,Default,.NET 5.0,Default,Default,Default,Default,Default,Default,Default,Default,Default,Default,Default,Default,Default,"Job-LAXWQE(EvaluateOverhead=True, Server=True, Toolchain=.NET 5.0)",,1,Overhead,Actual,12,4675200,2097152,2.23,5,0,0,24
EnumExtensionsBenchmark.GetDescription,dotNetTips.Spargine.Extensions.BenchmarkTests,EnumExtensionsBenchmark,GetDescription,Job-LAXWQE,Default,True,Default,Default,Default,Default,Default,Default,Default,Default,Default,Default,Default,Default,Default,Default,Default,Default,Default,Default,Default,True,Default,Default,Default,Default,Default,.NET 5.0,Default,Default,Default,Default,Default,Default,Default,Default,Default,Default,Default,Default,Default,"Job-LAXWQE(EvaluateOverhead=True, Server=True, Toolchain=.NET 5.0)",,1,Overhead,Actual,13,4581200,2097152,2.18,5,0,0,24
EnumExtensionsBenchmark.GetDescription,dotNetTips.Spargine.Extensions.BenchmarkTests,EnumExtensionsBenchmark,GetDescription,Job-LAXWQE,Default,True,Default,Default,Default,Default,Default,Default,Default,Default,Default,Default,Default,Default,Default,Default,Default,Default,Default,Default,Default,True,Default,Default,Default,Default,Default,.NET 5.0,Default,Default,Default,Default,Default,Default,Default,Default,Default,Default,Default,Default,Default,"Job-LAXWQE(EvaluateOverhead=True, Server=True, Toolchain=.NET 5.0)",,1,Overhead,Actual,14,4564600,2097152,2.18,5,0,0,24
EnumExtensionsBenchmark.GetDescription,dotNetTips.Spargine.Extensions.BenchmarkTests,EnumExtensionsBenchmark,GetDescription,Job-LAXWQE,Default,True,Default,Default,Default,Default,Default,Default,Default,Default,Default,Default,Default,Default,Default,Default,Default,Default,Default,Default,Default,True,Default,Default,Default,Default,Default,.NET 5.0,Default,Default,Default,Default,Default,Default,Default,Default,Default,Default,Default,Default,Default,"Job-LAXWQE(EvaluateOverhead=True, Server=True, Toolchain=.NET 5.0)",,1,Overhead,Actual,15,4793800,2097152,2.29,5,0,0,24
EnumExtensionsBenchmark.GetDescription,dotNetTips.Spargine.Extensions.BenchmarkTests,EnumExtensionsBenchmark,GetDescription,Job-LAXWQE,Default,True,Default,Default,Default,Default,Default,Default,Default,Default,Default,Default,Default,Default,Default,Default,Default,Default,Default,Default,Default,True,Default,Default,Default,Default,Default,.NET 5.0,Default,Default,Default,Default,Default,Default,Default,Default,Default,Default,Default,Default,Default,"Job-LAXWQE(EvaluateOverhead=True, Server=True, Toolchain=.NET 5.0)",,1,Workload,Warmup,1,926172400,2097152,441.63,5,0,0,24
EnumExtensionsBenchmark.GetDescription,dotNetTips.Spargine.Extensions.BenchmarkTests,EnumExtensionsBenchmark,GetDescription,Job-LAXWQE,Default,True,Default,Default,Default,Default,Default,Default,Default,Default,Default,Default,Default,Default,Default,Default,Default,Default,Default,Default,Default,True,Default,Default,Default,Default,Default,.NET 5.0,Default,Default,Default,Default,Default,Default,Default,Default,Default,Default,Default,Default,Default,"Job-LAXWQE(EvaluateOverhead=True, Server=True, Toolchain=.NET 5.0)",,1,Workload,Warmup,2,941364100,2097152,448.88,5,0,0,24
EnumExtensionsBenchmark.GetDescription,dotNetTips.Spargine.Extensions.BenchmarkTests,EnumExtensionsBenchmark,GetDescription,Job-LAXWQE,Default,True,Default,Default,Default,Default,Default,Default,Default,Default,Default,Default,Default,Default,Default,Default,Default,Default,Default,Default,Default,True,Default,Default,Default,Default,Default,.NET 5.0,Default,Default,Default,Default,Default,Default,Default,Default,Default,Default,Default,Default,Default,"Job-LAXWQE(EvaluateOverhead=True, Server=True, Toolchain=.NET 5.0)",,1,Workload,Warmup,3,929340600,2097152,443.14,5,0,0,24
EnumExtensionsBenchmark.GetDescription,dotNetTips.Spargine.Extensions.BenchmarkTests,EnumExtensionsBenchmark,GetDescription,Job-LAXWQE,Default,True,Default,Default,Default,Default,Default,Default,Default,Default,Default,Default,Default,Default,Default,Default,Default,Default,Default,Default,Default,True,Default,Default,Default,Default,Default,.NET 5.0,Default,Default,Default,Default,Default,Default,Default,Default,Default,Default,Default,Default,Default,"Job-LAXWQE(EvaluateOverhead=True, Server=True, Toolchain=.NET 5.0)",,1,Workload,Warmup,4,924606800,2097152,440.89,5,0,0,24
EnumExtensionsBenchmark.GetDescription,dotNetTips.Spargine.Extensions.BenchmarkTests,EnumExtensionsBenchmark,GetDescription,Job-LAXWQE,Default,True,Default,Default,Default,Default,Default,Default,Default,Default,Default,Default,Default,Default,Default,Default,Default,Default,Default,Default,Default,True,Default,Default,Default,Default,Default,.NET 5.0,Default,Default,Default,Default,Default,Default,Default,Default,Default,Default,Default,Default,Default,"Job-LAXWQE(EvaluateOverhead=True, Server=True, Toolchain=.NET 5.0)",,1,Workload,Warmup,5,927598300,2097152,442.31,5,0,0,24
EnumExtensionsBenchmark.GetDescription,dotNetTips.Spargine.Extensions.BenchmarkTests,EnumExtensionsBenchmark,GetDescription,Job-LAXWQE,Default,True,Default,Default,Default,Default,Default,Default,Default,Default,Default,Default,Default,Default,Default,Default,Default,Default,Default,Default,Default,True,Default,Default,Default,Default,Default,.NET 5.0,Default,Default,Default,Default,Default,Default,Default,Default,Default,Default,Default,Default,Default,"Job-LAXWQE(EvaluateOverhead=True, Server=True, Toolchain=.NET 5.0)",,1,Workload,Warmup,6,918441500,2097152,437.95,5,0,0,24
EnumExtensionsBenchmark.GetDescription,dotNetTips.Spargine.Extensions.BenchmarkTests,EnumExtensionsBenchmark,GetDescription,Job-LAXWQE,Default,True,Default,Default,Default,Default,Default,Default,Default,Default,Default,Default,Default,Default,Default,Default,Default,Default,Default,Default,Default,True,Default,Default,Default,Default,Default,.NET 5.0,Default,Default,Default,Default,Default,Default,Default,Default,Default,Default,Default,Default,Default,"Job-LAXWQE(EvaluateOverhead=True, Server=True, Toolchain=.NET 5.0)",,1,Workload,Actual,1,929512900,2097152,443.23,5,0,0,24
EnumExtensionsBenchmark.GetDescription,dotNetTips.Spargine.Extensions.BenchmarkTests,EnumExtensionsBenchmark,GetDescription,Job-LAXWQE,Default,True,Default,Default,Default,Default,Default,Default,Default,Default,Default,Default,Default,Default,Default,Default,Default,Default,Default,Default,Default,True,Default,Default,Default,Default,Default,.NET 5.0,Default,Default,Default,Default,Default,Default,Default,Default,Default,Default,Default,Default,Default,"Job-LAXWQE(EvaluateOverhead=True, Server=True, Toolchain=.NET 5.0)",,1,Workload,Actual,2,925282300,2097152,441.21,5,0,0,24
EnumExtensionsBenchmark.GetDescription,dotNetTips.Spargine.Extensions.BenchmarkTests,EnumExtensionsBenchmark,GetDescription,Job-LAXWQE,Default,True,Default,Default,Default,Default,Default,Default,Default,Default,Default,Default,Default,Default,Default,Default,Default,Default,Default,Default,Default,True,Default,Default,Default,Default,Default,.NET 5.0,Default,Default,Default,Default,Default,Default,Default,Default,Default,Default,Default,Default,Default,"Job-LAXWQE(EvaluateOverhead=True, Server=True, Toolchain=.NET 5.0)",,1,Workload,Actual,3,930263300,2097152,443.58,5,0,0,24
EnumExtensionsBenchmark.GetDescription,dotNetTips.Spargine.Extensions.BenchmarkTests,EnumExtensionsBenchmark,GetDescription,Job-LAXWQE,Default,True,Default,Default,Default,Default,Default,Default,Default,Default,Default,Default,Default,Default,Default,Default,Default,Default,Default,Default,Default,True,Default,Default,Default,Default,Default,.NET 5.0,Default,Default,Default,Default,Default,Default,Default,Default,Default,Default,Default,Default,Default,"Job-LAXWQE(EvaluateOverhead=True, Server=True, Toolchain=.NET 5.0)",,1,Workload,Actual,4,933215600,2097152,444.99,5,0,0,24
EnumExtensionsBenchmark.GetDescription,dotNetTips.Spargine.Extensions.BenchmarkTests,EnumExtensionsBenchmark,GetDescription,Job-LAXWQE,Default,True,Default,Default,Default,Default,Default,Default,Default,Default,Default,Default,Default,Default,Default,Default,Default,Default,Default,Default,Default,True,Default,Default,Default,Default,Default,.NET 5.0,Default,Default,Default,Default,Default,Default,Default,Default,Default,Default,Default,Default,Default,"Job-LAXWQE(EvaluateOverhead=True, Server=True, Toolchain=.NET 5.0)",,1,Workload,Actual,5,921982900,2097152,439.64,5,0,0,24
EnumExtensionsBenchmark.GetDescription,dotNetTips.Spargine.Extensions.BenchmarkTests,EnumExtensionsBenchmark,GetDescription,Job-LAXWQE,Default,True,Default,Default,Default,Default,Default,Default,Default,Default,Default,Default,Default,Default,Default,Default,Default,Default,Default,Default,Default,True,Default,Default,Default,Default,Default,.NET 5.0,Default,Default,Default,Default,Default,Default,Default,Default,Default,Default,Default,Default,Default,"Job-LAXWQE(EvaluateOverhead=True, Server=True, Toolchain=.NET 5.0)",,1,Workload,Actual,6,928336000,2097152,442.67,5,0,0,24
EnumExtensionsBenchmark.GetDescription,dotNetTips.Spargine.Extensions.BenchmarkTests,EnumExtensionsBenchmark,GetDescription,Job-LAXWQE,Default,True,Default,Default,Default,Default,Default,Default,Default,Default,Default,Default,Default,Default,Default,Default,Default,Default,Default,Default,Default,True,Default,Default,Default,Default,Default,.NET 5.0,Default,Default,Default,Default,Default,Default,Default,Default,Default,Default,Default,Default,Default,"Job-LAXWQE(EvaluateOverhead=True, Server=True, Toolchain=.NET 5.0)",,1,Workload,Actual,7,939343000,2097152,447.91,5,0,0,24
EnumExtensionsBenchmark.GetDescription,dotNetTips.Spargine.Extensions.BenchmarkTests,EnumExtensionsBenchmark,GetDescription,Job-LAXWQE,Default,True,Default,Default,Default,Default,Default,Default,Default,Default,Default,Default,Default,Default,Default,Default,Default,Default,Default,Default,Default,True,Default,Default,Default,Default,Default,.NET 5.0,Default,Default,Default,Default,Default,Default,Default,Default,Default,Default,Default,Default,Default,"Job-LAXWQE(EvaluateOverhead=True, Server=True, Toolchain=.NET 5.0)",,1,Workload,Actual,8,937006300,2097152,446.8,5,0,0,24
EnumExtensionsBenchmark.GetDescription,dotNetTips.Spargine.Extensions.BenchmarkTests,EnumExtensionsBenchmark,GetDescription,Job-LAXWQE,Default,True,Default,Default,Default,Default,Default,Default,Default,Default,Default,Default,Default,Default,Default,Default,Default,Default,Default,Default,Default,True,Default,Default,Default,Default,Default,.NET 5.0,Default,Default,Default,Default,Default,Default,Default,Default,Default,Default,Default,Default,Default,"Job-LAXWQE(EvaluateOverhead=True, Server=True, Toolchain=.NET 5.0)",,1,Workload,Actual,9,929462800,2097152,443.2,5,0,0,24
EnumExtensionsBenchmark.GetDescription,dotNetTips.Spargine.Extensions.BenchmarkTests,EnumExtensionsBenchmark,GetDescription,Job-LAXWQE,Default,True,Default,Default,Default,Default,Default,Default,Default,Default,Default,Default,Default,Default,Default,Default,Default,Default,Default,Default,Default,True,Default,Default,Default,Default,Default,.NET 5.0,Default,Default,Default,Default,Default,Default,Default,Default,Default,Default,Default,Default,Default,"Job-LAXWQE(EvaluateOverhead=True, Server=True, Toolchain=.NET 5.0)",,1,Workload,Actual,10,925800300,2097152,441.46,5,0,0,24
EnumExtensionsBenchmark.GetDescription,dotNetTips.Spargine.Extensions.BenchmarkTests,EnumExtensionsBenchmark,GetDescription,Job-LAXWQE,Default,True,Default,Default,Default,Default,Default,Default,Default,Default,Default,Default,Default,Default,Default,Default,Default,Default,Default,Default,Default,True,Default,Default,Default,Default,Default,.NET 5.0,Default,Default,Default,Default,Default,Default,Default,Default,Default,Default,Default,Default,Default,"Job-LAXWQE(EvaluateOverhead=True, Server=True, Toolchain=.NET 5.0)",,1,Workload,Actual,11,925449900,2097152,441.29,5,0,0,24
EnumExtensionsBenchmark.GetDescription,dotNetTips.Spargine.Extensions.BenchmarkTests,EnumExtensionsBenchmark,GetDescription,Job-LAXWQE,Default,True,Default,Default,Default,Default,Default,Default,Default,Default,Default,Default,Default,Default,Default,Default,Default,Default,Default,Default,Default,True,Default,Default,Default,Default,Default,.NET 5.0,Default,Default,Default,Default,Default,Default,Default,Default,Default,Default,Default,Default,Default,"Job-LAXWQE(EvaluateOverhead=True, Server=True, Toolchain=.NET 5.0)",,1,Workload,Actual,12,925092200,2097152,441.12,5,0,0,24
EnumExtensionsBenchmark.GetDescription,dotNetTips.Spargine.Extensions.BenchmarkTests,EnumExtensionsBenchmark,GetDescription,Job-LAXWQE,Default,True,Default,Default,Default,Default,Default,Default,Default,Default,Default,Default,Default,Default,Default,Default,Default,Default,Default,Default,Default,True,Default,Default,Default,Default,Default,.NET 5.0,Default,Default,Default,Default,Default,Default,Default,Default,Default,Default,Default,Default,Default,"Job-LAXWQE(EvaluateOverhead=True, Server=True, Toolchain=.NET 5.0)",,1,Workload,Actual,13,933899200,2097152,445.32,5,0,0,24
EnumExtensionsBenchmark.GetDescription,dotNetTips.Spargine.Extensions.BenchmarkTests,EnumExtensionsBenchmark,GetDescription,Job-LAXWQE,Default,True,Default,Default,Default,Default,Default,Default,Default,Default,Default,Default,Default,Default,Default,Default,Default,Default,Default,Default,Default,True,Default,Default,Default,Default,Default,.NET 5.0,Default,Default,Default,Default,Default,Default,Default,Default,Default,Default,Default,Default,Default,"Job-LAXWQE(EvaluateOverhead=True, Server=True, Toolchain=.NET 5.0)",,1,Workload,Actual,14,922176300,2097152,439.73,5,0,0,24
EnumExtensionsBenchmark.GetDescription,dotNetTips.Spargine.Extensions.BenchmarkTests,EnumExtensionsBenchmark,GetDescription,Job-LAXWQE,Default,True,Default,Default,Default,Default,Default,Default,Default,Default,Default,Default,Default,Default,Default,Default,Default,Default,Default,Default,Default,True,Default,Default,Default,Default,Default,.NET 5.0,Default,Default,Default,Default,Default,Default,Default,Default,Default,Default,Default,Default,Default,"Job-LAXWQE(EvaluateOverhead=True, Server=True, Toolchain=.NET 5.0)",,1,Workload,Actual,15,928480700,2097152,442.73,5,0,0,24
EnumExtensionsBenchmark.GetDescription,dotNetTips.Spargine.Extensions.BenchmarkTests,EnumExtensionsBenchmark,GetDescription,Job-LAXWQE,Default,True,Default,Default,Default,Default,Default,Default,Default,Default,Default,Default,Default,Default,Default,Default,Default,Default,Default,Default,Default,True,Default,Default,Default,Default,Default,.NET 5.0,Default,Default,Default,Default,Default,Default,Default,Default,Default,Default,Default,Default,Default,"Job-LAXWQE(EvaluateOverhead=True, Server=True, Toolchain=.NET 5.0)",,1,Workload,Result,1,924931700,2097152,441.04,5,0,0,24
EnumExtensionsBenchmark.GetDescription,dotNetTips.Spargine.Extensions.BenchmarkTests,EnumExtensionsBenchmark,GetDescription,Job-LAXWQE,Default,True,Default,Default,Default,Default,Default,Default,Default,Default,Default,Default,Default,Default,Default,Default,Default,Default,Default,Default,Default,True,Default,Default,Default,Default,Default,.NET 5.0,Default,Default,Default,Default,Default,Default,Default,Default,Default,Default,Default,Default,Default,"Job-LAXWQE(EvaluateOverhead=True, Server=True, Toolchain=.NET 5.0)",,1,Workload,Result,2,920701100,2097152,439.02,5,0,0,24
EnumExtensionsBenchmark.GetDescription,dotNetTips.Spargine.Extensions.BenchmarkTests,EnumExtensionsBenchmark,GetDescription,Job-LAXWQE,Default,True,Default,Default,Default,Default,Default,Default,Default,Default,Default,Default,Default,Default,Default,Default,Default,Default,Default,Default,Default,True,Default,Default,Default,Default,Default,.NET 5.0,Default,Default,Default,Default,Default,Default,Default,Default,Default,Default,Default,Default,Default,"Job-LAXWQE(EvaluateOverhead=True, Server=True, Toolchain=.NET 5.0)",,1,Workload,Result,3,925682100,2097152,441.4,5,0,0,24
EnumExtensionsBenchmark.GetDescription,dotNetTips.Spargine.Extensions.BenchmarkTests,EnumExtensionsBenchmark,GetDescription,Job-LAXWQE,Default,True,Default,Default,Default,Default,Default,Default,Default,Default,Default,Default,Default,Default,Default,Default,Default,Default,Default,Default,Default,True,Default,Default,Default,Default,Default,.NET 5.0,Default,Default,Default,Default,Default,Default,Default,Default,Default,Default,Default,Default,Default,"Job-LAXWQE(EvaluateOverhead=True, Server=True, Toolchain=.NET 5.0)",,1,Workload,Result,4,928634400,2097152,442.81,5,0,0,24
EnumExtensionsBenchmark.GetDescription,dotNetTips.Spargine.Extensions.BenchmarkTests,EnumExtensionsBenchmark,GetDescription,Job-LAXWQE,Default,True,Default,Default,Default,Default,Default,Default,Default,Default,Default,Default,Default,Default,Default,Default,Default,Default,Default,Default,Default,True,Default,Default,Default,Default,Default,.NET 5.0,Default,Default,Default,Default,Default,Default,Default,Default,Default,Default,Default,Default,Default,"Job-LAXWQE(EvaluateOverhead=True, Server=True, Toolchain=.NET 5.0)",,1,Workload,Result,5,917401700,2097152,437.45,5,0,0,24
EnumExtensionsBenchmark.GetDescription,dotNetTips.Spargine.Extensions.BenchmarkTests,EnumExtensionsBenchmark,GetDescription,Job-LAXWQE,Default,True,Default,Default,Default,Default,Default,Default,Default,Default,Default,Default,Default,Default,Default,Default,Default,Default,Default,Default,Default,True,Default,Default,Default,Default,Default,.NET 5.0,Default,Default,Default,Default,Default,Default,Default,Default,Default,Default,Default,Default,Default,"Job-LAXWQE(EvaluateOverhead=True, Server=True, Toolchain=.NET 5.0)",,1,Workload,Result,6,923754800,2097152,440.48,5,0,0,24
EnumExtensionsBenchmark.GetDescription,dotNetTips.Spargine.Extensions.BenchmarkTests,EnumExtensionsBenchmark,GetDescription,Job-LAXWQE,Default,True,Default,Default,Default,Default,Default,Default,Default,Default,Default,Default,Default,Default,Default,Default,Default,Default,Default,Default,Default,True,Default,Default,Default,Default,Default,.NET 5.0,Default,Default,Default,Default,Default,Default,Default,Default,Default,Default,Default,Default,Default,"Job-LAXWQE(EvaluateOverhead=True, Server=True, Toolchain=.NET 5.0)",,1,Workload,Result,7,934761800,2097152,445.73,5,0,0,24
EnumExtensionsBenchmark.GetDescription,dotNetTips.Spargine.Extensions.BenchmarkTests,EnumExtensionsBenchmark,GetDescription,Job-LAXWQE,Default,True,Default,Default,Default,Default,Default,Default,Default,Default,Default,Default,Default,Default,Default,Default,Default,Default,Default,Default,Default,True,Default,Default,Default,Default,Default,.NET 5.0,Default,Default,Default,Default,Default,Default,Default,Default,Default,Default,Default,Default,Default,"Job-LAXWQE(EvaluateOverhead=True, Server=True, Toolchain=.NET 5.0)",,1,Workload,Result,8,932425100,2097152,444.61,5,0,0,24
EnumExtensionsBenchmark.GetDescription,dotNetTips.Spargine.Extensions.BenchmarkTests,EnumExtensionsBenchmark,GetDescription,Job-LAXWQE,Default,True,Default,Default,Default,Default,Default,Default,Default,Default,Default,Default,Default,Default,Default,Default,Default,Default,Default,Default,Default,True,Default,Default,Default,Default,Default,.NET 5.0,Default,Default,Default,Default,Default,Default,Default,Default,Default,Default,Default,Default,Default,"Job-LAXWQE(EvaluateOverhead=True, Server=True, Toolchain=.NET 5.0)",,1,Workload,Result,9,924881600,2097152,441.02,5,0,0,24
EnumExtensionsBenchmark.GetDescription,dotNetTips.Spargine.Extensions.BenchmarkTests,EnumExtensionsBenchmark,GetDescription,Job-LAXWQE,Default,True,Default,Default,Default,Default,Default,Default,Default,Default,Default,Default,Default,Default,Default,Default,Default,Default,Default,Default,Default,True,Default,Default,Default,Default,Default,.NET 5.0,Default,Default,Default,Default,Default,Default,Default,Default,Default,Default,Default,Default,Default,"Job-LAXWQE(EvaluateOverhead=True, Server=True, Toolchain=.NET 5.0)",,1,Workload,Result,10,921219100,2097152,439.27,5,0,0,24
EnumExtensionsBenchmark.GetDescription,dotNetTips.Spargine.Extensions.BenchmarkTests,EnumExtensionsBenchmark,GetDescription,Job-LAXWQE,Default,True,Default,Default,Default,Default,Default,Default,Default,Default,Default,Default,Default,Default,Default,Default,Default,Default,Default,Default,Default,True,Default,Default,Default,Default,Default,.NET 5.0,Default,Default,Default,Default,Default,Default,Default,Default,Default,Default,Default,Default,Default,"Job-LAXWQE(EvaluateOverhead=True, Server=True, Toolchain=.NET 5.0)",,1,Workload,Result,11,920868700,2097152,439.1,5,0,0,24
EnumExtensionsBenchmark.GetDescription,dotNetTips.Spargine.Extensions.BenchmarkTests,EnumExtensionsBenchmark,GetDescription,Job-LAXWQE,Default,True,Default,Default,Default,Default,Default,Default,Default,Default,Default,Default,Default,Default,Default,Default,Default,Default,Default,Default,Default,True,Default,Default,Default,Default,Default,.NET 5.0,Default,Default,Default,Default,Default,Default,Default,Default,Default,Default,Default,Default,Default,"Job-LAXWQE(EvaluateOverhead=True, Server=True, Toolchain=.NET 5.0)",,1,Workload,Result,12,920511000,2097152,438.93,5,0,0,24
EnumExtensionsBenchmark.GetDescription,dotNetTips.Spargine.Extensions.BenchmarkTests,EnumExtensionsBenchmark,GetDescription,Job-LAXWQE,Default,True,Default,Default,Default,Default,Default,Default,Default,Default,Default,Default,Default,Default,Default,Default,Default,Default,Default,Default,Default,True,Default,Default,Default,Default,Default,.NET 5.0,Default,Default,Default,Default,Default,Default,Default,Default,Default,Default,Default,Default,Default,"Job-LAXWQE(EvaluateOverhead=True, Server=True, Toolchain=.NET 5.0)",,1,Workload,Result,13,929318000,2097152,443.13,5,0,0,24
EnumExtensionsBenchmark.GetDescription,dotNetTips.Spargine.Extensions.BenchmarkTests,EnumExtensionsBenchmark,GetDescription,Job-LAXWQE,Default,True,Default,Default,Default,Default,Default,Default,Default,Default,Default,Default,Default,Default,Default,Default,Default,Default,Default,Default,Default,True,Default,Default,Default,Default,Default,.NET 5.0,Default,Default,Default,Default,Default,Default,Default,Default,Default,Default,Default,Default,Default,"Job-LAXWQE(EvaluateOverhead=True, Server=True, Toolchain=.NET 5.0)",,1,Workload,Result,14,917595100,2097152,437.54,5,0,0,24
EnumExtensionsBenchmark.GetDescription,dotNetTips.Spargine.Extensions.BenchmarkTests,EnumExtensionsBenchmark,GetDescription,Job-LAXWQE,Default,True,Default,Default,Default,Default,Default,Default,Default,Default,Default,Default,Default,Default,Default,Default,Default,Default,Default,Default,Default,True,Default,Default,Default,Default,Default,.NET 5.0,Default,Default,Default,Default,Default,Default,Default,Default,Default,Default,Default,Default,Default,"Job-LAXWQE(EvaluateOverhead=True, Server=True, Toolchain=.NET 5.0)",,1,Workload,Result,15,923899500,2097152,440.55,5,0,0,24
EnumExtensionsBenchmark.GetItems,dotNetTips.Spargine.Extensions.BenchmarkTests,EnumExtensionsBenchmark,GetItems,Job-LAXWQE,Default,True,Default,Default,Default,Default,Default,Default,Default,Default,Default,Default,Default,Default,Default,Default,Default,Default,Default,Default,Default,True,Default,Default,Default,Default,Default,.NET 5.0,Default,Default,Default,Default,Default,Default,Default,Default,Default,Default,Default,Default,Default,"Job-LAXWQE(EvaluateOverhead=True, Server=True, Toolchain=.NET 5.0)",,1,Overhead,Jitting,1,238000,1,238000,29,0,0,512
EnumExtensionsBenchmark.GetItems,dotNetTips.Spargine.Extensions.BenchmarkTests,EnumExtensionsBenchmark,GetItems,Job-LAXWQE,Default,True,Default,Default,Default,Default,Default,Default,Default,Default,Default,Default,Default,Default,Default,Default,Default,Default,Default,Default,Default,True,Default,Default,Default,Default,Default,.NET 5.0,Default,Default,Default,Default,Default,Default,Default,Default,Default,Default,Default,Default,Default,"Job-LAXWQE(EvaluateOverhead=True, Server=True, Toolchain=.NET 5.0)",,1,Workload,Jitting,1,1899300,1,1899300,29,0,0,512
EnumExtensionsBenchmark.GetItems,dotNetTips.Spargine.Extensions.BenchmarkTests,EnumExtensionsBenchmark,GetItems,Job-LAXWQE,Default,True,Default,Default,Default,Default,Default,Default,Default,Default,Default,Default,Default,Default,Default,Default,Default,Default,Default,Default,Default,True,Default,Default,Default,Default,Default,.NET 5.0,Default,Default,Default,Default,Default,Default,Default,Default,Default,Default,Default,Default,Default,"Job-LAXWQE(EvaluateOverhead=True, Server=True, Toolchain=.NET 5.0)",,1,Overhead,Jitting,2,206500,16,12906.25,29,0,0,512
EnumExtensionsBenchmark.GetItems,dotNetTips.Spargine.Extensions.BenchmarkTests,EnumExtensionsBenchmark,GetItems,Job-LAXWQE,Default,True,Default,Default,Default,Default,Default,Default,Default,Default,Default,Default,Default,Default,Default,Default,Default,Default,Default,Default,Default,True,Default,Default,Default,Default,Default,.NET 5.0,Default,Default,Default,Default,Default,Default,Default,Default,Default,Default,Default,Default,Default,"Job-LAXWQE(EvaluateOverhead=True, Server=True, Toolchain=.NET 5.0)",,1,Workload,Jitting,2,239100,16,14943.75,29,0,0,512
EnumExtensionsBenchmark.GetItems,dotNetTips.Spargine.Extensions.BenchmarkTests,EnumExtensionsBenchmark,GetItems,Job-LAXWQE,Default,True,Default,Default,Default,Default,Default,Default,Default,Default,Default,Default,Default,Default,Default,Default,Default,Default,Default,Default,Default,True,Default,Default,Default,Default,Default,.NET 5.0,Default,Default,Default,Default,Default,Default,Default,Default,Default,Default,Default,Default,Default,"Job-LAXWQE(EvaluateOverhead=True, Server=True, Toolchain=.NET 5.0)",,1,Workload,Pilot,1,43700,16,2731.25,29,0,0,512
EnumExtensionsBenchmark.GetItems,dotNetTips.Spargine.Extensions.BenchmarkTests,EnumExtensionsBenchmark,GetItems,Job-LAXWQE,Default,True,Default,Default,Default,Default,Default,Default,Default,Default,Default,Default,Default,Default,Default,Default,Default,Default,Default,Default,Default,True,Default,Default,Default,Default,Default,.NET 5.0,Default,Default,Default,Default,Default,Default,Default,Default,Default,Default,Default,Default,Default,"Job-LAXWQE(EvaluateOverhead=True, Server=True, Toolchain=.NET 5.0)",,1,Workload,Pilot,2,54400,32,1700,29,0,0,512
EnumExtensionsBenchmark.GetItems,dotNetTips.Spargine.Extensions.BenchmarkTests,EnumExtensionsBenchmark,GetItems,Job-LAXWQE,Default,True,Default,Default,Default,Default,Default,Default,Default,Default,Default,Default,Default,Default,Default,Default,Default,Default,Default,Default,Default,True,Default,Default,Default,Default,Default,.NET 5.0,Default,Default,Default,Default,Default,Default,Default,Default,Default,Default,Default,Default,Default,"Job-LAXWQE(EvaluateOverhead=True, Server=True, Toolchain=.NET 5.0)",,1,Workload,Pilot,3,90600,64,1415.63,29,0,0,512
EnumExtensionsBenchmark.GetItems,dotNetTips.Spargine.Extensions.BenchmarkTests,EnumExtensionsBenchmark,GetItems,Job-LAXWQE,Default,True,Default,Default,Default,Default,Default,Default,Default,Default,Default,Default,Default,Default,Default,Default,Default,Default,Default,Default,Default,True,Default,Default,Default,Default,Default,.NET 5.0,Default,Default,Default,Default,Default,Default,Default,Default,Default,Default,Default,Default,Default,"Job-LAXWQE(EvaluateOverhead=True, Server=True, Toolchain=.NET 5.0)",,1,Workload,Pilot,4,167200,128,1306.25,29,0,0,512
EnumExtensionsBenchmark.GetItems,dotNetTips.Spargine.Extensions.BenchmarkTests,EnumExtensionsBenchmark,GetItems,Job-LAXWQE,Default,True,Default,Default,Default,Default,Default,Default,Default,Default,Default,Default,Default,Default,Default,Default,Default,Default,Default,Default,Default,True,Default,Default,Default,Default,Default,.NET 5.0,Default,Default,Default,Default,Default,Default,Default,Default,Default,Default,Default,Default,Default,"Job-LAXWQE(EvaluateOverhead=True, Server=True, Toolchain=.NET 5.0)",,1,Workload,Pilot,5,344900,256,1347.27,29,0,0,512
EnumExtensionsBenchmark.GetItems,dotNetTips.Spargine.Extensions.BenchmarkTests,EnumExtensionsBenchmark,GetItems,Job-LAXWQE,Default,True,Default,Default,Default,Default,Default,Default,Default,Default,Default,Default,Default,Default,Default,Default,Default,Default,Default,Default,Default,True,Default,Default,Default,Default,Default,.NET 5.0,Default,Default,Default,Default,Default,Default,Default,Default,Default,Default,Default,Default,Default,"Job-LAXWQE(EvaluateOverhead=True, Server=True, Toolchain=.NET 5.0)",,1,Workload,Pilot,6,623600,512,1217.97,29,0,0,512
EnumExtensionsBenchmark.GetItems,dotNetTips.Spargine.Extensions.BenchmarkTests,EnumExtensionsBenchmark,GetItems,Job-LAXWQE,Default,True,Default,Default,Default,Default,Default,Default,Default,Default,Default,Default,Default,Default,Default,Default,Default,Default,Default,Default,Default,True,Default,Default,Default,Default,Default,.NET 5.0,Default,Default,Default,Default,Default,Default,Default,Default,Default,Default,Default,Default,Default,"Job-LAXWQE(EvaluateOverhead=True, Server=True, Toolchain=.NET 5.0)",,1,Workload,Pilot,7,1309200,1024,1278.52,29,0,0,512
EnumExtensionsBenchmark.GetItems,dotNetTips.Spargine.Extensions.BenchmarkTests,EnumExtensionsBenchmark,GetItems,Job-LAXWQE,Default,True,Default,Default,Default,Default,Default,Default,Default,Default,Default,Default,Default,Default,Default,Default,Default,Default,Default,Default,Default,True,Default,Default,Default,Default,Default,.NET 5.0,Default,Default,Default,Default,Default,Default,Default,Default,Default,Default,Default,Default,Default,"Job-LAXWQE(EvaluateOverhead=True, Server=True, Toolchain=.NET 5.0)",,1,Workload,Pilot,8,3207900,2048,1566.36,29,0,0,512
EnumExtensionsBenchmark.GetItems,dotNetTips.Spargine.Extensions.BenchmarkTests,EnumExtensionsBenchmark,GetItems,Job-LAXWQE,Default,True,Default,Default,Default,Default,Default,Default,Default,Default,Default,Default,Default,Default,Default,Default,Default,Default,Default,Default,Default,True,Default,Default,Default,Default,Default,.NET 5.0,Default,Default,Default,Default,Default,Default,Default,Default,Default,Default,Default,Default,Default,"Job-LAXWQE(EvaluateOverhead=True, Server=True, Toolchain=.NET 5.0)",,1,Workload,Pilot,9,5660100,4096,1381.86,29,0,0,512
EnumExtensionsBenchmark.GetItems,dotNetTips.Spargine.Extensions.BenchmarkTests,EnumExtensionsBenchmark,GetItems,Job-LAXWQE,Default,True,Default,Default,Default,Default,Default,Default,Default,Default,Default,Default,Default,Default,Default,Default,Default,Default,Default,Default,Default,True,Default,Default,Default,Default,Default,.NET 5.0,Default,Default,Default,Default,Default,Default,Default,Default,Default,Default,Default,Default,Default,"Job-LAXWQE(EvaluateOverhead=True, Server=True, Toolchain=.NET 5.0)",,1,Workload,Pilot,10,10758400,8192,1313.28,29,0,0,512
EnumExtensionsBenchmark.GetItems,dotNetTips.Spargine.Extensions.BenchmarkTests,EnumExtensionsBenchmark,GetItems,Job-LAXWQE,Default,True,Default,Default,Default,Default,Default,Default,Default,Default,Default,Default,Default,Default,Default,Default,Default,Default,Default,Default,Default,True,Default,Default,Default,Default,Default,.NET 5.0,Default,Default,Default,Default,Default,Default,Default,Default,Default,Default,Default,Default,Default,"Job-LAXWQE(EvaluateOverhead=True, Server=True, Toolchain=.NET 5.0)",,1,Workload,Pilot,11,21367100,16384,1304.14,29,0,0,512
EnumExtensionsBenchmark.GetItems,dotNetTips.Spargine.Extensions.BenchmarkTests,EnumExtensionsBenchmark,GetItems,Job-LAXWQE,Default,True,Default,Default,Default,Default,Default,Default,Default,Default,Default,Default,Default,Default,Default,Default,Default,Default,Default,Default,Default,True,Default,Default,Default,Default,Default,.NET 5.0,Default,Default,Default,Default,Default,Default,Default,Default,Default,Default,Default,Default,Default,"Job-LAXWQE(EvaluateOverhead=True, Server=True, Toolchain=.NET 5.0)",,1,Workload,Pilot,12,41225100,32768,1258.09,29,0,0,512
EnumExtensionsBenchmark.GetItems,dotNetTips.Spargine.Extensions.BenchmarkTests,EnumExtensionsBenchmark,GetItems,Job-LAXWQE,Default,True,Default,Default,Default,Default,Default,Default,Default,Default,Default,Default,Default,Default,Default,Default,Default,Default,Default,Default,Default,True,Default,Default,Default,Default,Default,.NET 5.0,Default,Default,Default,Default,Default,Default,Default,Default,Default,Default,Default,Default,Default,"Job-LAXWQE(EvaluateOverhead=True, Server=True, Toolchain=.NET 5.0)",,1,Workload,Pilot,13,83104000,65536,1268.07,29,0,0,512
EnumExtensionsBenchmark.GetItems,dotNetTips.Spargine.Extensions.BenchmarkTests,EnumExtensionsBenchmark,GetItems,Job-LAXWQE,Default,True,Default,Default,Default,Default,Default,Default,Default,Default,Default,Default,Default,Default,Default,Default,Default,Default,Default,Default,Default,True,Default,Default,Default,Default,Default,.NET 5.0,Default,Default,Default,Default,Default,Default,Default,Default,Default,Default,Default,Default,Default,"Job-LAXWQE(EvaluateOverhead=True, Server=True, Toolchain=.NET 5.0)",,1,Workload,Pilot,14,153145300,131072,1168.41,29,0,0,512
EnumExtensionsBenchmark.GetItems,dotNetTips.Spargine.Extensions.BenchmarkTests,EnumExtensionsBenchmark,GetItems,Job-LAXWQE,Default,True,Default,Default,Default,Default,Default,Default,Default,Default,Default,Default,Default,Default,Default,Default,Default,Default,Default,Default,Default,True,Default,Default,Default,Default,Default,.NET 5.0,Default,Default,Default,Default,Default,Default,Default,Default,Default,Default,Default,Default,Default,"Job-LAXWQE(EvaluateOverhead=True, Server=True, Toolchain=.NET 5.0)",,1,Workload,Pilot,15,289570500,262144,1104.62,29,0,0,512
EnumExtensionsBenchmark.GetItems,dotNetTips.Spargine.Extensions.BenchmarkTests,EnumExtensionsBenchmark,GetItems,Job-LAXWQE,Default,True,Default,Default,Default,Default,Default,Default,Default,Default,Default,Default,Default,Default,Default,Default,Default,Default,Default,Default,Default,True,Default,Default,Default,Default,Default,.NET 5.0,Default,Default,Default,Default,Default,Default,Default,Default,Default,Default,Default,Default,Default,"Job-LAXWQE(EvaluateOverhead=True, Server=True, Toolchain=.NET 5.0)",,1,Workload,Pilot,16,572677600,524288,1092.3,29,0,0,512
EnumExtensionsBenchmark.GetItems,dotNetTips.Spargine.Extensions.BenchmarkTests,EnumExtensionsBenchmark,GetItems,Job-LAXWQE,Default,True,Default,Default,Default,Default,Default,Default,Default,Default,Default,Default,Default,Default,Default,Default,Default,Default,Default,Default,Default,True,Default,Default,Default,Default,Default,.NET 5.0,Default,Default,Default,Default,Default,Default,Default,Default,Default,Default,Default,Default,Default,"Job-LAXWQE(EvaluateOverhead=True, Server=True, Toolchain=.NET 5.0)",,1,Overhead,Warmup,1,1162400,524288,2.22,29,0,0,512
EnumExtensionsBenchmark.GetItems,dotNetTips.Spargine.Extensions.BenchmarkTests,EnumExtensionsBenchmark,GetItems,Job-LAXWQE,Default,True,Default,Default,Default,Default,Default,Default,Default,Default,Default,Default,Default,Default,Default,Default,Default,Default,Default,Default,Default,True,Default,Default,Default,Default,Default,.NET 5.0,Default,Default,Default,Default,Default,Default,Default,Default,Default,Default,Default,Default,Default,"Job-LAXWQE(EvaluateOverhead=True, Server=True, Toolchain=.NET 5.0)",,1,Overhead,Warmup,2,1162500,524288,2.22,29,0,0,512
EnumExtensionsBenchmark.GetItems,dotNetTips.Spargine.Extensions.BenchmarkTests,EnumExtensionsBenchmark,GetItems,Job-LAXWQE,Default,True,Default,Default,Default,Default,Default,Default,Default,Default,Default,Default,Default,Default,Default,Default,Default,Default,Default,Default,Default,True,Default,Default,Default,Default,Default,.NET 5.0,Default,Default,Default,Default,Default,Default,Default,Default,Default,Default,Default,Default,Default,"Job-LAXWQE(EvaluateOverhead=True, Server=True, Toolchain=.NET 5.0)",,1,Overhead,Warmup,3,1170000,524288,2.23,29,0,0,512
EnumExtensionsBenchmark.GetItems,dotNetTips.Spargine.Extensions.BenchmarkTests,EnumExtensionsBenchmark,GetItems,Job-LAXWQE,Default,True,Default,Default,Default,Default,Default,Default,Default,Default,Default,Default,Default,Default,Default,Default,Default,Default,Default,Default,Default,True,Default,Default,Default,Default,Default,.NET 5.0,Default,Default,Default,Default,Default,Default,Default,Default,Default,Default,Default,Default,Default,"Job-LAXWQE(EvaluateOverhead=True, Server=True, Toolchain=.NET 5.0)",,1,Overhead,Warmup,4,1162300,524288,2.22,29,0,0,512
EnumExtensionsBenchmark.GetItems,dotNetTips.Spargine.Extensions.BenchmarkTests,EnumExtensionsBenchmark,GetItems,Job-LAXWQE,Default,True,Default,Default,Default,Default,Default,Default,Default,Default,Default,Default,Default,Default,Default,Default,Default,Default,Default,Default,Default,True,Default,Default,Default,Default,Default,.NET 5.0,Default,Default,Default,Default,Default,Default,Default,Default,Default,Default,Default,Default,Default,"Job-LAXWQE(EvaluateOverhead=True, Server=True, Toolchain=.NET 5.0)",,1,Overhead,Warmup,5,1163000,524288,2.22,29,0,0,512
EnumExtensionsBenchmark.GetItems,dotNetTips.Spargine.Extensions.BenchmarkTests,EnumExtensionsBenchmark,GetItems,Job-LAXWQE,Default,True,Default,Default,Default,Default,Default,Default,Default,Default,Default,Default,Default,Default,Default,Default,Default,Default,Default,Default,Default,True,Default,Default,Default,Default,Default,.NET 5.0,Default,Default,Default,Default,Default,Default,Default,Default,Default,Default,Default,Default,Default,"Job-LAXWQE(EvaluateOverhead=True, Server=True, Toolchain=.NET 5.0)",,1,Overhead,Warmup,6,1162200,524288,2.22,29,0,0,512
EnumExtensionsBenchmark.GetItems,dotNetTips.Spargine.Extensions.BenchmarkTests,EnumExtensionsBenchmark,GetItems,Job-LAXWQE,Default,True,Default,Default,Default,Default,Default,Default,Default,Default,Default,Default,Default,Default,Default,Default,Default,Default,Default,Default,Default,True,Default,Default,Default,Default,Default,.NET 5.0,Default,Default,Default,Default,Default,Default,Default,Default,Default,Default,Default,Default,Default,"Job-LAXWQE(EvaluateOverhead=True, Server=True, Toolchain=.NET 5.0)",,1,Overhead,Actual,1,1266000,524288,2.41,29,0,0,512
EnumExtensionsBenchmark.GetItems,dotNetTips.Spargine.Extensions.BenchmarkTests,EnumExtensionsBenchmark,GetItems,Job-LAXWQE,Default,True,Default,Default,Default,Default,Default,Default,Default,Default,Default,Default,Default,Default,Default,Default,Default,Default,Default,Default,Default,True,Default,Default,Default,Default,Default,.NET 5.0,Default,Default,Default,Default,Default,Default,Default,Default,Default,Default,Default,Default,Default,"Job-LAXWQE(EvaluateOverhead=True, Server=True, Toolchain=.NET 5.0)",,1,Overhead,Actual,2,1162600,524288,2.22,29,0,0,512
EnumExtensionsBenchmark.GetItems,dotNetTips.Spargine.Extensions.BenchmarkTests,EnumExtensionsBenchmark,GetItems,Job-LAXWQE,Default,True,Default,Default,Default,Default,Default,Default,Default,Default,Default,Default,Default,Default,Default,Default,Default,Default,Default,Default,Default,True,Default,Default,Default,Default,Default,.NET 5.0,Default,Default,Default,Default,Default,Default,Default,Default,Default,Default,Default,Default,Default,"Job-LAXWQE(EvaluateOverhead=True, Server=True, Toolchain=.NET 5.0)",,1,Overhead,Actual,3,1162400,524288,2.22,29,0,0,512
EnumExtensionsBenchmark.GetItems,dotNetTips.Spargine.Extensions.BenchmarkTests,EnumExtensionsBenchmark,GetItems,Job-LAXWQE,Default,True,Default,Default,Default,Default,Default,Default,Default,Default,Default,Default,Default,Default,Default,Default,Default,Default,Default,Default,Default,True,Default,Default,Default,Default,Default,.NET 5.0,Default,Default,Default,Default,Default,Default,Default,Default,Default,Default,Default,Default,Default,"Job-LAXWQE(EvaluateOverhead=True, Server=True, Toolchain=.NET 5.0)",,1,Overhead,Actual,4,1190400,524288,2.27,29,0,0,512
EnumExtensionsBenchmark.GetItems,dotNetTips.Spargine.Extensions.BenchmarkTests,EnumExtensionsBenchmark,GetItems,Job-LAXWQE,Default,True,Default,Default,Default,Default,Default,Default,Default,Default,Default,Default,Default,Default,Default,Default,Default,Default,Default,Default,Default,True,Default,Default,Default,Default,Default,.NET 5.0,Default,Default,Default,Default,Default,Default,Default,Default,Default,Default,Default,Default,Default,"Job-LAXWQE(EvaluateOverhead=True, Server=True, Toolchain=.NET 5.0)",,1,Overhead,Actual,5,1165900,524288,2.22,29,0,0,512
EnumExtensionsBenchmark.GetItems,dotNetTips.Spargine.Extensions.BenchmarkTests,EnumExtensionsBenchmark,GetItems,Job-LAXWQE,Default,True,Default,Default,Default,Default,Default,Default,Default,Default,Default,Default,Default,Default,Default,Default,Default,Default,Default,Default,Default,True,Default,Default,Default,Default,Default,.NET 5.0,Default,Default,Default,Default,Default,Default,Default,Default,Default,Default,Default,Default,Default,"Job-LAXWQE(EvaluateOverhead=True, Server=True, Toolchain=.NET 5.0)",,1,Overhead,Actual,6,1162300,524288,2.22,29,0,0,512
EnumExtensionsBenchmark.GetItems,dotNetTips.Spargine.Extensions.BenchmarkTests,EnumExtensionsBenchmark,GetItems,Job-LAXWQE,Default,True,Default,Default,Default,Default,Default,Default,Default,Default,Default,Default,Default,Default,Default,Default,Default,Default,Default,Default,Default,True,Default,Default,Default,Default,Default,.NET 5.0,Default,Default,Default,Default,Default,Default,Default,Default,Default,Default,Default,Default,Default,"Job-LAXWQE(EvaluateOverhead=True, Server=True, Toolchain=.NET 5.0)",,1,Overhead,Actual,7,1163700,524288,2.22,29,0,0,512
EnumExtensionsBenchmark.GetItems,dotNetTips.Spargine.Extensions.BenchmarkTests,EnumExtensionsBenchmark,GetItems,Job-LAXWQE,Default,True,Default,Default,Default,Default,Default,Default,Default,Default,Default,Default,Default,Default,Default,Default,Default,Default,Default,Default,Default,True,Default,Default,Default,Default,Default,.NET 5.0,Default,Default,Default,Default,Default,Default,Default,Default,Default,Default,Default,Default,Default,"Job-LAXWQE(EvaluateOverhead=True, Server=True, Toolchain=.NET 5.0)",,1,Overhead,Actual,8,1164100,524288,2.22,29,0,0,512
EnumExtensionsBenchmark.GetItems,dotNetTips.Spargine.Extensions.BenchmarkTests,EnumExtensionsBenchmark,GetItems,Job-LAXWQE,Default,True,Default,Default,Default,Default,Default,Default,Default,Default,Default,Default,Default,Default,Default,Default,Default,Default,Default,Default,Default,True,Default,Default,Default,Default,Default,.NET 5.0,Default,Default,Default,Default,Default,Default,Default,Default,Default,Default,Default,Default,Default,"Job-LAXWQE(EvaluateOverhead=True, Server=True, Toolchain=.NET 5.0)",,1,Overhead,Actual,9,1249200,524288,2.38,29,0,0,512
EnumExtensionsBenchmark.GetItems,dotNetTips.Spargine.Extensions.BenchmarkTests,EnumExtensionsBenchmark,GetItems,Job-LAXWQE,Default,True,Default,Default,Default,Default,Default,Default,Default,Default,Default,Default,Default,Default,Default,Default,Default,Default,Default,Default,Default,True,Default,Default,Default,Default,Default,.NET 5.0,Default,Default,Default,Default,Default,Default,Default,Default,Default,Default,Default,Default,Default,"Job-LAXWQE(EvaluateOverhead=True, Server=True, Toolchain=.NET 5.0)",,1,Overhead,Actual,10,1303100,524288,2.49,29,0,0,512
EnumExtensionsBenchmark.GetItems,dotNetTips.Spargine.Extensions.BenchmarkTests,EnumExtensionsBenchmark,GetItems,Job-LAXWQE,Default,True,Default,Default,Default,Default,Default,Default,Default,Default,Default,Default,Default,Default,Default,Default,Default,Default,Default,Default,Default,True,Default,Default,Default,Default,Default,.NET 5.0,Default,Default,Default,Default,Default,Default,Default,Default,Default,Default,Default,Default,Default,"Job-LAXWQE(EvaluateOverhead=True, Server=True, Toolchain=.NET 5.0)",,1,Overhead,Actual,11,1191800,524288,2.27,29,0,0,512
EnumExtensionsBenchmark.GetItems,dotNetTips.Spargine.Extensions.BenchmarkTests,EnumExtensionsBenchmark,GetItems,Job-LAXWQE,Default,True,Default,Default,Default,Default,Default,Default,Default,Default,Default,Default,Default,Default,Default,Default,Default,Default,Default,Default,Default,True,Default,Default,Default,Default,Default,.NET 5.0,Default,Default,Default,Default,Default,Default,Default,Default,Default,Default,Default,Default,Default,"Job-LAXWQE(EvaluateOverhead=True, Server=True, Toolchain=.NET 5.0)",,1,Overhead,Actual,12,1164400,524288,2.22,29,0,0,512
EnumExtensionsBenchmark.GetItems,dotNetTips.Spargine.Extensions.BenchmarkTests,EnumExtensionsBenchmark,GetItems,Job-LAXWQE,Default,True,Default,Default,Default,Default,Default,Default,Default,Default,Default,Default,Default,Default,Default,Default,Default,Default,Default,Default,Default,True,Default,Default,Default,Default,Default,.NET 5.0,Default,Default,Default,Default,Default,Default,Default,Default,Default,Default,Default,Default,Default,"Job-LAXWQE(EvaluateOverhead=True, Server=True, Toolchain=.NET 5.0)",,1,Overhead,Actual,13,1162000,524288,2.22,29,0,0,512
EnumExtensionsBenchmark.GetItems,dotNetTips.Spargine.Extensions.BenchmarkTests,EnumExtensionsBenchmark,GetItems,Job-LAXWQE,Default,True,Default,Default,Default,Default,Default,Default,Default,Default,Default,Default,Default,Default,Default,Default,Default,Default,Default,Default,Default,True,Default,Default,Default,Default,Default,.NET 5.0,Default,Default,Default,Default,Default,Default,Default,Default,Default,Default,Default,Default,Default,"Job-LAXWQE(EvaluateOverhead=True, Server=True, Toolchain=.NET 5.0)",,1,Overhead,Actual,14,1162200,524288,2.22,29,0,0,512
EnumExtensionsBenchmark.GetItems,dotNetTips.Spargine.Extensions.BenchmarkTests,EnumExtensionsBenchmark,GetItems,Job-LAXWQE,Default,True,Default,Default,Default,Default,Default,Default,Default,Default,Default,Default,Default,Default,Default,Default,Default,Default,Default,Default,Default,True,Default,Default,Default,Default,Default,.NET 5.0,Default,Default,Default,Default,Default,Default,Default,Default,Default,Default,Default,Default,Default,"Job-LAXWQE(EvaluateOverhead=True, Server=True, Toolchain=.NET 5.0)",,1,Overhead,Actual,15,1163100,524288,2.22,29,0,0,512
EnumExtensionsBenchmark.GetItems,dotNetTips.Spargine.Extensions.BenchmarkTests,EnumExtensionsBenchmark,GetItems,Job-LAXWQE,Default,True,Default,Default,Default,Default,Default,Default,Default,Default,Default,Default,Default,Default,Default,Default,Default,Default,Default,Default,Default,True,Default,Default,Default,Default,Default,.NET 5.0,Default,Default,Default,Default,Default,Default,Default,Default,Default,Default,Default,Default,Default,"Job-LAXWQE(EvaluateOverhead=True, Server=True, Toolchain=.NET 5.0)",,1,Workload,Warmup,1,570879800,524288,1088.87,29,0,0,512
EnumExtensionsBenchmark.GetItems,dotNetTips.Spargine.Extensions.BenchmarkTests,EnumExtensionsBenchmark,GetItems,Job-LAXWQE,Default,True,Default,Default,Default,Default,Default,Default,Default,Default,Default,Default,Default,Default,Default,Default,Default,Default,Default,Default,Default,True,Default,Default,Default,Default,Default,.NET 5.0,Default,Default,Default,Default,Default,Default,Default,Default,Default,Default,Default,Default,Default,"Job-LAXWQE(EvaluateOverhead=True, Server=True, Toolchain=.NET 5.0)",,1,Workload,Warmup,2,571380200,524288,1089.82,29,0,0,512
EnumExtensionsBenchmark.GetItems,dotNetTips.Spargine.Extensions.BenchmarkTests,EnumExtensionsBenchmark,GetItems,Job-LAXWQE,Default,True,Default,Default,Default,Default,Default,Default,Default,Default,Default,Default,Default,Default,Default,Default,Default,Default,Default,Default,Default,True,Default,Default,Default,Default,Default,.NET 5.0,Default,Default,Default,Default,Default,Default,Default,Default,Default,Default,Default,Default,Default,"Job-LAXWQE(EvaluateOverhead=True, Server=True, Toolchain=.NET 5.0)",,1,Workload,Warmup,3,568055800,524288,1083.48,29,0,0,512
EnumExtensionsBenchmark.GetItems,dotNetTips.Spargine.Extensions.BenchmarkTests,EnumExtensionsBenchmark,GetItems,Job-LAXWQE,Default,True,Default,Default,Default,Default,Default,Default,Default,Default,Default,Default,Default,Default,Default,Default,Default,Default,Default,Default,Default,True,Default,Default,Default,Default,Default,.NET 5.0,Default,Default,Default,Default,Default,Default,Default,Default,Default,Default,Default,Default,Default,"Job-LAXWQE(EvaluateOverhead=True, Server=True, Toolchain=.NET 5.0)",,1,Workload,Warmup,4,569944900,524288,1087.08,29,0,0,512
EnumExtensionsBenchmark.GetItems,dotNetTips.Spargine.Extensions.BenchmarkTests,EnumExtensionsBenchmark,GetItems,Job-LAXWQE,Default,True,Default,Default,Default,Default,Default,Default,Default,Default,Default,Default,Default,Default,Default,Default,Default,Default,Default,Default,Default,True,Default,Default,Default,Default,Default,.NET 5.0,Default,Default,Default,Default,Default,Default,Default,Default,Default,Default,Default,Default,Default,"Job-LAXWQE(EvaluateOverhead=True, Server=True, Toolchain=.NET 5.0)",,1,Workload,Warmup,5,568221900,524288,1083.8,29,0,0,512
EnumExtensionsBenchmark.GetItems,dotNetTips.Spargine.Extensions.BenchmarkTests,EnumExtensionsBenchmark,GetItems,Job-LAXWQE,Default,True,Default,Default,Default,Default,Default,Default,Default,Default,Default,Default,Default,Default,Default,Default,Default,Default,Default,Default,Default,True,Default,Default,Default,Default,Default,.NET 5.0,Default,Default,Default,Default,Default,Default,Default,Default,Default,Default,Default,Default,Default,"Job-LAXWQE(EvaluateOverhead=True, Server=True, Toolchain=.NET 5.0)",,1,Workload,Warmup,6,567648000,524288,1082.7,29,0,0,512
EnumExtensionsBenchmark.GetItems,dotNetTips.Spargine.Extensions.BenchmarkTests,EnumExtensionsBenchmark,GetItems,Job-LAXWQE,Default,True,Default,Default,Default,Default,Default,Default,Default,Default,Default,Default,Default,Default,Default,Default,Default,Default,Default,Default,Default,True,Default,Default,Default,Default,Default,.NET 5.0,Default,Default,Default,Default,Default,Default,Default,Default,Default,Default,Default,Default,Default,"Job-LAXWQE(EvaluateOverhead=True, Server=True, Toolchain=.NET 5.0)",,1,Workload,Actual,1,575153000,524288,1097.02,29,0,0,512
EnumExtensionsBenchmark.GetItems,dotNetTips.Spargine.Extensions.BenchmarkTests,EnumExtensionsBenchmark,GetItems,Job-LAXWQE,Default,True,Default,Default,Default,Default,Default,Default,Default,Default,Default,Default,Default,Default,Default,Default,Default,Default,Default,Default,Default,True,Default,Default,Default,Default,Default,.NET 5.0,Default,Default,Default,Default,Default,Default,Default,Default,Default,Default,Default,Default,Default,"Job-LAXWQE(EvaluateOverhead=True, Server=True, Toolchain=.NET 5.0)",,1,Workload,Actual,2,566723400,524288,1080.94,29,0,0,512
EnumExtensionsBenchmark.GetItems,dotNetTips.Spargine.Extensions.BenchmarkTests,EnumExtensionsBenchmark,GetItems,Job-LAXWQE,Default,True,Default,Default,Default,Default,Default,Default,Default,Default,Default,Default,Default,Default,Default,Default,Default,Default,Default,Default,Default,True,Default,Default,Default,Default,Default,.NET 5.0,Default,Default,Default,Default,Default,Default,Default,Default,Default,Default,Default,Default,Default,"Job-LAXWQE(EvaluateOverhead=True, Server=True, Toolchain=.NET 5.0)",,1,Workload,Actual,3,569441700,524288,1086.12,29,0,0,512
EnumExtensionsBenchmark.GetItems,dotNetTips.Spargine.Extensions.BenchmarkTests,EnumExtensionsBenchmark,GetItems,Job-LAXWQE,Default,True,Default,Default,Default,Default,Default,Default,Default,Default,Default,Default,Default,Default,Default,Default,Default,Default,Default,Default,Default,True,Default,Default,Default,Default,Default,.NET 5.0,Default,Default,Default,Default,Default,Default,Default,Default,Default,Default,Default,Default,Default,"Job-LAXWQE(EvaluateOverhead=True, Server=True, Toolchain=.NET 5.0)",,1,Workload,Actual,4,567897200,524288,1083.18,29,0,0,512
EnumExtensionsBenchmark.GetItems,dotNetTips.Spargine.Extensions.BenchmarkTests,EnumExtensionsBenchmark,GetItems,Job-LAXWQE,Default,True,Default,Default,Default,Default,Default,Default,Default,Default,Default,Default,Default,Default,Default,Default,Default,Default,Default,Default,Default,True,Default,Default,Default,Default,Default,.NET 5.0,Default,Default,Default,Default,Default,Default,Default,Default,Default,Default,Default,Default,Default,"Job-LAXWQE(EvaluateOverhead=True, Server=True, Toolchain=.NET 5.0)",,1,Workload,Actual,5,567825800,524288,1083.04,29,0,0,512
EnumExtensionsBenchmark.GetItems,dotNetTips.Spargine.Extensions.BenchmarkTests,EnumExtensionsBenchmark,GetItems,Job-LAXWQE,Default,True,Default,Default,Default,Default,Default,Default,Default,Default,Default,Default,Default,Default,Default,Default,Default,Default,Default,Default,Default,True,Default,Default,Default,Default,Default,.NET 5.0,Default,Default,Default,Default,Default,Default,Default,Default,Default,Default,Default,Default,Default,"Job-LAXWQE(EvaluateOverhead=True, Server=True, Toolchain=.NET 5.0)",,1,Workload,Actual,6,569255000,524288,1085.77,29,0,0,512
EnumExtensionsBenchmark.GetItems,dotNetTips.Spargine.Extensions.BenchmarkTests,EnumExtensionsBenchmark,GetItems,Job-LAXWQE,Default,True,Default,Default,Default,Default,Default,Default,Default,Default,Default,Default,Default,Default,Default,Default,Default,Default,Default,Default,Default,True,Default,Default,Default,Default,Default,.NET 5.0,Default,Default,Default,Default,Default,Default,Default,Default,Default,Default,Default,Default,Default,"Job-LAXWQE(EvaluateOverhead=True, Server=True, Toolchain=.NET 5.0)",,1,Workload,Actual,7,565586400,524288,1078.77,29,0,0,512
EnumExtensionsBenchmark.GetItems,dotNetTips.Spargine.Extensions.BenchmarkTests,EnumExtensionsBenchmark,GetItems,Job-LAXWQE,Default,True,Default,Default,Default,Default,Default,Default,Default,Default,Default,Default,Default,Default,Default,Default,Default,Default,Default,Default,Default,True,Default,Default,Default,Default,Default,.NET 5.0,Default,Default,Default,Default,Default,Default,Default,Default,Default,Default,Default,Default,Default,"Job-LAXWQE(EvaluateOverhead=True, Server=True, Toolchain=.NET 5.0)",,1,Workload,Actual,8,569807800,524288,1086.82,29,0,0,512
EnumExtensionsBenchmark.GetItems,dotNetTips.Spargine.Extensions.BenchmarkTests,EnumExtensionsBenchmark,GetItems,Job-LAXWQE,Default,True,Default,Default,Default,Default,Default,Default,Default,Default,Default,Default,Default,Default,Default,Default,Default,Default,Default,Default,Default,True,Default,Default,Default,Default,Default,.NET 5.0,Default,Default,Default,Default,Default,Default,Default,Default,Default,Default,Default,Default,Default,"Job-LAXWQE(EvaluateOverhead=True, Server=True, Toolchain=.NET 5.0)",,1,Workload,Actual,9,567497000,524288,1082.41,29,0,0,512
EnumExtensionsBenchmark.GetItems,dotNetTips.Spargine.Extensions.BenchmarkTests,EnumExtensionsBenchmark,GetItems,Job-LAXWQE,Default,True,Default,Default,Default,Default,Default,Default,Default,Default,Default,Default,Default,Default,Default,Default,Default,Default,Default,Default,Default,True,Default,Default,Default,Default,Default,.NET 5.0,Default,Default,Default,Default,Default,Default,Default,Default,Default,Default,Default,Default,Default,"Job-LAXWQE(EvaluateOverhead=True, Server=True, Toolchain=.NET 5.0)",,1,Workload,Actual,10,567256300,524288,1081.96,29,0,0,512
EnumExtensionsBenchmark.GetItems,dotNetTips.Spargine.Extensions.BenchmarkTests,EnumExtensionsBenchmark,GetItems,Job-LAXWQE,Default,True,Default,Default,Default,Default,Default,Default,Default,Default,Default,Default,Default,Default,Default,Default,Default,Default,Default,Default,Default,True,Default,Default,Default,Default,Default,.NET 5.0,Default,Default,Default,Default,Default,Default,Default,Default,Default,Default,Default,Default,Default,"Job-LAXWQE(EvaluateOverhead=True, Server=True, Toolchain=.NET 5.0)",,1,Workload,Actual,11,569323300,524288,1085.9,29,0,0,512
EnumExtensionsBenchmark.GetItems,dotNetTips.Spargine.Extensions.BenchmarkTests,EnumExtensionsBenchmark,GetItems,Job-LAXWQE,Default,True,Default,Default,Default,Default,Default,Default,Default,Default,Default,Default,Default,Default,Default,Default,Default,Default,Default,Default,Default,True,Default,Default,Default,Default,Default,.NET 5.0,Default,Default,Default,Default,Default,Default,Default,Default,Default,Default,Default,Default,Default,"Job-LAXWQE(EvaluateOverhead=True, Server=True, Toolchain=.NET 5.0)",,1,Workload,Actual,12,565586000,524288,1078.77,29,0,0,512
EnumExtensionsBenchmark.GetItems,dotNetTips.Spargine.Extensions.BenchmarkTests,EnumExtensionsBenchmark,GetItems,Job-LAXWQE,Default,True,Default,Default,Default,Default,Default,Default,Default,Default,Default,Default,Default,Default,Default,Default,Default,Default,Default,Default,Default,True,Default,Default,Default,Default,Default,.NET 5.0,Default,Default,Default,Default,Default,Default,Default,Default,Default,Default,Default,Default,Default,"Job-LAXWQE(EvaluateOverhead=True, Server=True, Toolchain=.NET 5.0)",,1,Workload,Actual,13,569900700,524288,1087,29,0,0,512
EnumExtensionsBenchmark.GetItems,dotNetTips.Spargine.Extensions.BenchmarkTests,EnumExtensionsBenchmark,GetItems,Job-LAXWQE,Default,True,Default,Default,Default,Default,Default,Default,Default,Default,Default,Default,Default,Default,Default,Default,Default,Default,Default,Default,Default,True,Default,Default,Default,Default,Default,.NET 5.0,Default,Default,Default,Default,Default,Default,Default,Default,Default,Default,Default,Default,Default,"Job-LAXWQE(EvaluateOverhead=True, Server=True, Toolchain=.NET 5.0)",,1,Workload,Actual,14,566323600,524288,1080.18,29,0,0,512
EnumExtensionsBenchmark.GetItems,dotNetTips.Spargine.Extensions.BenchmarkTests,EnumExtensionsBenchmark,GetItems,Job-LAXWQE,Default,True,Default,Default,Default,Default,Default,Default,Default,Default,Default,Default,Default,Default,Default,Default,Default,Default,Default,Default,Default,True,Default,Default,Default,Default,Default,.NET 5.0,Default,Default,Default,Default,Default,Default,Default,Default,Default,Default,Default,Default,Default,"Job-LAXWQE(EvaluateOverhead=True, Server=True, Toolchain=.NET 5.0)",,1,Workload,Actual,15,570367200,524288,1087.89,29,0,0,512
EnumExtensionsBenchmark.GetItems,dotNetTips.Spargine.Extensions.BenchmarkTests,EnumExtensionsBenchmark,GetItems,Job-LAXWQE,Default,True,Default,Default,Default,Default,Default,Default,Default,Default,Default,Default,Default,Default,Default,Default,Default,Default,Default,Default,Default,True,Default,Default,Default,Default,Default,.NET 5.0,Default,Default,Default,Default,Default,Default,Default,Default,Default,Default,Default,Default,Default,"Job-LAXWQE(EvaluateOverhead=True, Server=True, Toolchain=.NET 5.0)",,1,Workload,Result,1,565559300,524288,1078.72,29,0,0,512
EnumExtensionsBenchmark.GetItems,dotNetTips.Spargine.Extensions.BenchmarkTests,EnumExtensionsBenchmark,GetItems,Job-LAXWQE,Default,True,Default,Default,Default,Default,Default,Default,Default,Default,Default,Default,Default,Default,Default,Default,Default,Default,Default,Default,Default,True,Default,Default,Default,Default,Default,.NET 5.0,Default,Default,Default,Default,Default,Default,Default,Default,Default,Default,Default,Default,Default,"Job-LAXWQE(EvaluateOverhead=True, Server=True, Toolchain=.NET 5.0)",,1,Workload,Result,2,568277600,524288,1083.9,29,0,0,512
EnumExtensionsBenchmark.GetItems,dotNetTips.Spargine.Extensions.BenchmarkTests,EnumExtensionsBenchmark,GetItems,Job-LAXWQE,Default,True,Default,Default,Default,Default,Default,Default,Default,Default,Default,Default,Default,Default,Default,Default,Default,Default,Default,Default,Default,True,Default,Default,Default,Default,Default,.NET 5.0,Default,Default,Default,Default,Default,Default,Default,Default,Default,Default,Default,Default,Default,"Job-LAXWQE(EvaluateOverhead=True, Server=True, Toolchain=.NET 5.0)",,1,Workload,Result,3,566733100,524288,1080.96,29,0,0,512
EnumExtensionsBenchmark.GetItems,dotNetTips.Spargine.Extensions.BenchmarkTests,EnumExtensionsBenchmark,GetItems,Job-LAXWQE,Default,True,Default,Default,Default,Default,Default,Default,Default,Default,Default,Default,Default,Default,Default,Default,Default,Default,Default,Default,Default,True,Default,Default,Default,Default,Default,.NET 5.0,Default,Default,Default,Default,Default,Default,Default,Default,Default,Default,Default,Default,Default,"Job-LAXWQE(EvaluateOverhead=True, Server=True, Toolchain=.NET 5.0)",,1,Workload,Result,4,566661700,524288,1080.82,29,0,0,512
EnumExtensionsBenchmark.GetItems,dotNetTips.Spargine.Extensions.BenchmarkTests,EnumExtensionsBenchmark,GetItems,Job-LAXWQE,Default,True,Default,Default,Default,Default,Default,Default,Default,Default,Default,Default,Default,Default,Default,Default,Default,Default,Default,Default,Default,True,Default,Default,Default,Default,Default,.NET 5.0,Default,Default,Default,Default,Default,Default,Default,Default,Default,Default,Default,Default,Default,"Job-LAXWQE(EvaluateOverhead=True, Server=True, Toolchain=.NET 5.0)",,1,Workload,Result,5,568090900,524288,1083.55,29,0,0,512
EnumExtensionsBenchmark.GetItems,dotNetTips.Spargine.Extensions.BenchmarkTests,EnumExtensionsBenchmark,GetItems,Job-LAXWQE,Default,True,Default,Default,Default,Default,Default,Default,Default,Default,Default,Default,Default,Default,Default,Default,Default,Default,Default,Default,Default,True,Default,Default,Default,Default,Default,.NET 5.0,Default,Default,Default,Default,Default,Default,Default,Default,Default,Default,Default,Default,Default,"Job-LAXWQE(EvaluateOverhead=True, Server=True, Toolchain=.NET 5.0)",,1,Workload,Result,6,564422300,524288,1076.55,29,0,0,512
EnumExtensionsBenchmark.GetItems,dotNetTips.Spargine.Extensions.BenchmarkTests,EnumExtensionsBenchmark,GetItems,Job-LAXWQE,Default,True,Default,Default,Default,Default,Default,Default,Default,Default,Default,Default,Default,Default,Default,Default,Default,Default,Default,Default,Default,True,Default,Default,Default,Default,Default,.NET 5.0,Default,Default,Default,Default,Default,Default,Default,Default,Default,Default,Default,Default,Default,"Job-LAXWQE(EvaluateOverhead=True, Server=True, Toolchain=.NET 5.0)",,1,Workload,Result,7,568643700,524288,1084.6,29,0,0,512
EnumExtensionsBenchmark.GetItems,dotNetTips.Spargine.Extensions.BenchmarkTests,EnumExtensionsBenchmark,GetItems,Job-LAXWQE,Default,True,Default,Default,Default,Default,Default,Default,Default,Default,Default,Default,Default,Default,Default,Default,Default,Default,Default,Default,Default,True,Default,Default,Default,Default,Default,.NET 5.0,Default,Default,Default,Default,Default,Default,Default,Default,Default,Default,Default,Default,Default,"Job-LAXWQE(EvaluateOverhead=True, Server=True, Toolchain=.NET 5.0)",,1,Workload,Result,8,566332900,524288,1080.19,29,0,0,512
EnumExtensionsBenchmark.GetItems,dotNetTips.Spargine.Extensions.BenchmarkTests,EnumExtensionsBenchmark,GetItems,Job-LAXWQE,Default,True,Default,Default,Default,Default,Default,Default,Default,Default,Default,Default,Default,Default,Default,Default,Default,Default,Default,Default,Default,True,Default,Default,Default,Default,Default,.NET 5.0,Default,Default,Default,Default,Default,Default,Default,Default,Default,Default,Default,Default,Default,"Job-LAXWQE(EvaluateOverhead=True, Server=True, Toolchain=.NET 5.0)",,1,Workload,Result,9,566092200,524288,1079.74,29,0,0,512
EnumExtensionsBenchmark.GetItems,dotNetTips.Spargine.Extensions.BenchmarkTests,EnumExtensionsBenchmark,GetItems,Job-LAXWQE,Default,True,Default,Default,Default,Default,Default,Default,Default,Default,Default,Default,Default,Default,Default,Default,Default,Default,Default,Default,Default,True,Default,Default,Default,Default,Default,.NET 5.0,Default,Default,Default,Default,Default,Default,Default,Default,Default,Default,Default,Default,Default,"Job-LAXWQE(EvaluateOverhead=True, Server=True, Toolchain=.NET 5.0)",,1,Workload,Result,10,568159200,524288,1083.68,29,0,0,512
EnumExtensionsBenchmark.GetItems,dotNetTips.Spargine.Extensions.BenchmarkTests,EnumExtensionsBenchmark,GetItems,Job-LAXWQE,Default,True,Default,Default,Default,Default,Default,Default,Default,Default,Default,Default,Default,Default,Default,Default,Default,Default,Default,Default,Default,True,Default,Default,Default,Default,Default,.NET 5.0,Default,Default,Default,Default,Default,Default,Default,Default,Default,Default,Default,Default,Default,"Job-LAXWQE(EvaluateOverhead=True, Server=True, Toolchain=.NET 5.0)",,1,Workload,Result,11,564421900,524288,1076.55,29,0,0,512
EnumExtensionsBenchmark.GetItems,dotNetTips.Spargine.Extensions.BenchmarkTests,EnumExtensionsBenchmark,GetItems,Job-LAXWQE,Default,True,Default,Default,Default,Default,Default,Default,Default,Default,Default,Default,Default,Default,Default,Default,Default,Default,Default,Default,Default,True,Default,Default,Default,Default,Default,.NET 5.0,Default,Default,Default,Default,Default,Default,Default,Default,Default,Default,Default,Default,Default,"Job-LAXWQE(EvaluateOverhead=True, Server=True, Toolchain=.NET 5.0)",,1,Workload,Result,12,568736600,524288,1084.78,29,0,0,512
EnumExtensionsBenchmark.GetItems,dotNetTips.Spargine.Extensions.BenchmarkTests,EnumExtensionsBenchmark,GetItems,Job-LAXWQE,Default,True,Default,Default,Default,Default,Default,Default,Default,Default,Default,Default,Default,Default,Default,Default,Default,Default,Default,Default,Default,True,Default,Default,Default,Default,Default,.NET 5.0,Default,Default,Default,Default,Default,Default,Default,Default,Default,Default,Default,Default,Default,"Job-LAXWQE(EvaluateOverhead=True, Server=True, Toolchain=.NET 5.0)",,1,Workload,Result,13,565159500,524288,1077.96,29,0,0,512
EnumExtensionsBenchmark.GetItems,dotNetTips.Spargine.Extensions.BenchmarkTests,EnumExtensionsBenchmark,GetItems,Job-LAXWQE,Default,True,Default,Default,Default,Default,Default,Default,Default,Default,Default,Default,Default,Default,Default,Default,Default,Default,Default,Default,Default,True,Default,Default,Default,Default,Default,.NET 5.0,Default,Default,Default,Default,Default,Default,Default,Default,Default,Default,Default,Default,Default,"Job-LAXWQE(EvaluateOverhead=True, Server=True, Toolchain=.NET 5.0)",,1,Workload,Result,14,569203100,524288,1085.67,29,0,0,512
