Method,Job,AnalyzeLaunchVariance,EvaluateOverhead,MaxAbsoluteError,MaxRelativeError,MinInvokeCount,MinIterationTime,OutlierMode,Affinity,EnvironmentVariables,Jit,Platform,PowerPlanMode,Runtime,AllowVeryLargeObjects,Concurrent,CpuGroups,Force,HeapAffinitizeMask,HeapCount,NoAffinitize,RetainVm,Server,Arguments,BuildConfiguration,Clock,EngineFactory,NuGetReferences,Toolchain,IsMutator,InvocationCount,IterationCount,IterationTime,LaunchCount,MaxIterationCount,MaxWarmupIterationCount,MemoryRandomization,MinIterationCount,MinWarmupIterationCount,RunStrategy,UnrollFactor,WarmupCount,Namespace,Categories,Count,Mean,Error,StdDev,StdErr,Min,Q1,Median,Q3,Max,Op/s,CI99.9% Margin,Iterations,Kurtosis,MValue,Skewness,Rank,LogicalGroup,Baseline,Gen 0,Code Size,Gen 1,Gen 2,Allocated
'StringExtensions.ToDelimitedString: 01*',Job-YNYGDE,False,True,Default,Default,Default,Default,Default,1111,Empty,RyuJit,X64,8c5e7fda-e8bf-4a96-9a85-a6e23a8c635c,.NET 5.0,False,True,False,True,Default,Default,False,False,True,Default,Default,Default,Default,Default,.NET 5.0,Default,1,Default,Default,Default,Default,Default,Default,Default,Default,Default,16,Default,dotNetTips.Spargine.Core.BenchmarkTests,"Collections,Strings",10,"2,988.2 ns",16.00 ns,14.97 ns,3.86 ns,"2,960.2 ns","2,978.9 ns","2,986.5 ns","2,997.1 ns","3,013.3 ns","334,645.22",16.001 ns,15.00,2.000,2.000,0.0993,6,*,No,0.9689,0 KB,0.0038,-,9 KB
'StringExtensions.ToDelimitedString: 01*',Job-YNYGDE,False,True,Default,Default,Default,Default,Default,1111,Empty,RyuJit,X64,8c5e7fda-e8bf-4a96-9a85-a6e23a8c635c,.NET 5.0,False,True,False,True,Default,Default,False,False,True,Default,Default,Default,Default,Default,.NET 5.0,Default,1,Default,Default,Default,Default,Default,Default,Default,Default,Default,16,Default,dotNetTips.Spargine.Core.BenchmarkTests,"Collections,Strings",25,"6,908.0 ns",14.05 ns,12.46 ns,3.33 ns,"6,875.3 ns","6,905.0 ns","6,909.0 ns","6,915.0 ns","6,929.4 ns","144,760.33",14.054 ns,14.00,4.141,2.000,-0.9500,9,*,No,2.3117,0 KB,0.0153,-,21 KB
'StringExtensions.ToDelimitedString: 01*',Job-YNYGDE,False,True,Default,Default,Default,Default,Default,1111,Empty,RyuJit,X64,8c5e7fda-e8bf-4a96-9a85-a6e23a8c635c,.NET 5.0,False,True,False,True,Default,Default,False,False,True,Default,Default,Default,Default,Default,.NET 5.0,Default,1,Default,Default,Default,Default,Default,Default,Default,Default,Default,16,Default,dotNetTips.Spargine.Core.BenchmarkTests,"Collections,Strings",50,"13,453.0 ns",45.31 ns,40.17 ns,10.74 ns,"13,392.1 ns","13,432.8 ns","13,452.4 ns","13,469.3 ns","13,526.0 ns","74,333.03",45.314 ns,14.00,2.017,2.000,0.0976,12,*,No,4.5013,0 KB,-,-,41 KB
'StringExtensions.ToDelimitedString: 01*',Job-YNYGDE,False,True,Default,Default,Default,Default,Default,1111,Empty,RyuJit,X64,8c5e7fda-e8bf-4a96-9a85-a6e23a8c635c,.NET 5.0,False,True,False,True,Default,Default,False,False,True,Default,Default,Default,Default,Default,.NET 5.0,Default,1,Default,Default,Default,Default,Default,Default,Default,Default,Default,16,Default,dotNetTips.Spargine.Core.BenchmarkTests,"Collections,Strings",100,"26,736.3 ns",144.57 ns,135.23 ns,34.92 ns,"26,464.3 ns","26,660.4 ns","26,765.3 ns","26,832.3 ns","26,942.9 ns","37,402.37",144.568 ns,15.00,2.057,2.000,-0.4987,15,*,No,8.8196,0 KB,0.0305,-,81 KB
'StringExtensions.ToDelimitedString: 01*',Job-YNYGDE,False,True,Default,Default,Default,Default,Default,1111,Empty,RyuJit,X64,8c5e7fda-e8bf-4a96-9a85-a6e23a8c635c,.NET 5.0,False,True,False,True,Default,Default,False,False,True,Default,Default,Default,Default,Default,.NET 5.0,Default,1,Default,Default,Default,Default,Default,Default,Default,Default,Default,16,Default,dotNetTips.Spargine.Core.BenchmarkTests,"Collections,Strings",250,"64,913.0 ns",296.79 ns,277.62 ns,71.68 ns,"64,590.2 ns","64,680.9 ns","64,785.1 ns","65,137.9 ns","65,471.5 ns","15,405.23",296.789 ns,15.00,1.796,2.000,0.4661,17,*,No,22.3389,0 KB,-,-,199 KB
'StringExtensions.ToDelimitedString: 01*',Job-YNYGDE,False,True,Default,Default,Default,Default,Default,1111,Empty,RyuJit,X64,8c5e7fda-e8bf-4a96-9a85-a6e23a8c635c,.NET 5.0,False,True,False,True,Default,Default,False,False,True,Default,Default,Default,Default,Default,.NET 5.0,Default,1,Default,Default,Default,Default,Default,Default,Default,Default,Default,16,Default,dotNetTips.Spargine.Core.BenchmarkTests,"Collections,Strings",500,"135,368.1 ns",367.45 ns,343.72 ns,88.75 ns,"134,786.1 ns","135,073.1 ns","135,458.3 ns","135,649.2 ns","135,880.2 ns","7,387.27",367.455 ns,15.00,1.614,2.000,-0.3471,19,*,No,47.6074,0 KB,8.0566,-,409 KB
'StringExtensions.ToDelimitedString: 01*',Job-YNYGDE,False,True,Default,Default,Default,Default,Default,1111,Empty,RyuJit,X64,8c5e7fda-e8bf-4a96-9a85-a6e23a8c635c,.NET 5.0,False,True,False,True,Default,Default,False,False,True,Default,Default,Default,Default,Default,.NET 5.0,Default,1,Default,Default,Default,Default,Default,Default,Default,Default,Default,16,Default,dotNetTips.Spargine.Core.BenchmarkTests,"Collections,Strings",1000,"644,743.0 ns","17,786.60 ns","52,444.18 ns","5,244.42 ns","514,495.5 ns","602,587.4 ns","648,129.2 ns","680,114.9 ns","781,217.8 ns","1,551.01","17,786.598 ns",100.00,2.567,3.000,0.0268,23,*,No,87.8906,0 KB,47.8516,28.3203,798 KB
'ToDelimitedString: 01**',Job-YNYGDE,False,True,Default,Default,Default,Default,Default,1111,Empty,RyuJit,X64,8c5e7fda-e8bf-4a96-9a85-a6e23a8c635c,.NET 5.0,False,True,False,True,Default,Default,False,False,True,Default,Default,Default,Default,Default,.NET 5.0,Default,1,Default,Default,Default,Default,Default,Default,Default,Default,Default,16,Default,dotNetTips.Spargine.Core.BenchmarkTests,"Collections,Strings",10,"2,123.7 ns",9.70 ns,8.60 ns,2.30 ns,"2,099.4 ns","2,124.2 ns","2,126.4 ns","2,128.1 ns","2,131.2 ns","470,879.45",9.697 ns,14.00,4.995,2.000,-1.7280,4,*,No,0.6256,1 KB,-,-,6 KB
'ToDelimitedString: 01**',Job-YNYGDE,False,True,Default,Default,Default,Default,Default,1111,Empty,RyuJit,X64,8c5e7fda-e8bf-4a96-9a85-a6e23a8c635c,.NET 5.0,False,True,False,True,Default,Default,False,False,True,Default,Default,Default,Default,Default,.NET 5.0,Default,1,Default,Default,Default,Default,Default,Default,Default,Default,Default,16,Default,dotNetTips.Spargine.Core.BenchmarkTests,"Collections,Strings",25,"4,877.6 ns",21.27 ns,18.86 ns,5.04 ns,"4,842.7 ns","4,864.3 ns","4,879.9 ns","4,888.0 ns","4,914.6 ns","205,018.47",21.271 ns,14.00,2.255,2.000,0.0233,7,*,No,1.5030,1 KB,0.0076,-,12 KB
'ToDelimitedString: 01**',Job-YNYGDE,False,True,Default,Default,Default,Default,Default,1111,Empty,RyuJit,X64,8c5e7fda-e8bf-4a96-9a85-a6e23a8c635c,.NET 5.0,False,True,False,True,Default,Default,False,False,True,Default,Default,Default,Default,Default,.NET 5.0,Default,1,Default,Default,Default,Default,Default,Default,Default,Default,Default,16,Default,dotNetTips.Spargine.Core.BenchmarkTests,"Collections,Strings",50,"9,422.5 ns",18.76 ns,15.67 ns,4.34 ns,"9,380.6 ns","9,420.0 ns","9,422.8 ns","9,427.0 ns","9,447.6 ns","106,129.38",18.760 ns,13.00,4.538,2.000,-1.0973,10,*,No,2.7313,1 KB,0.0458,-,24 KB
'ToDelimitedString: 01**',Job-YNYGDE,False,True,Default,Default,Default,Default,Default,1111,Empty,RyuJit,X64,8c5e7fda-e8bf-4a96-9a85-a6e23a8c635c,.NET 5.0,False,True,False,True,Default,Default,False,False,True,Default,Default,Default,Default,Default,.NET 5.0,Default,1,Default,Default,Default,Default,Default,Default,Default,Default,Default,16,Default,dotNetTips.Spargine.Core.BenchmarkTests,"Collections,Strings",100,"18,297.2 ns",44.89 ns,41.99 ns,10.84 ns,"18,250.5 ns","18,266.0 ns","18,281.4 ns","18,334.7 ns","18,376.4 ns","54,653.13",44.895 ns,15.00,1.751,2.000,0.6338,13,*,No,5.3711,1 KB,0.1831,-,48 KB
'ToDelimitedString: 01**',Job-YNYGDE,False,True,Default,Default,Default,Default,Default,1111,Empty,RyuJit,X64,8c5e7fda-e8bf-4a96-9a85-a6e23a8c635c,.NET 5.0,False,True,False,True,Default,Default,False,False,True,Default,Default,Default,Default,Default,.NET 5.0,Default,1,Default,Default,Default,Default,Default,Default,Default,Default,Default,16,Default,dotNetTips.Spargine.Core.BenchmarkTests,"Collections,Strings",250,"44,098.5 ns",141.68 ns,125.60 ns,33.57 ns,"43,941.9 ns","43,990.9 ns","44,097.9 ns","44,168.6 ns","44,345.6 ns","22,676.50",141.683 ns,14.00,2.083,2.000,0.5751,16,*,No,14.0381,1 KB,1.7700,-,126 KB
'ToDelimitedString: 01**',Job-YNYGDE,False,True,Default,Default,Default,Default,Default,1111,Empty,RyuJit,X64,8c5e7fda-e8bf-4a96-9a85-a6e23a8c635c,.NET 5.0,False,True,False,True,Default,Default,False,False,True,Default,Default,Default,Default,Default,.NET 5.0,Default,1,Default,Default,Default,Default,Default,Default,Default,Default,Default,16,Default,dotNetTips.Spargine.Core.BenchmarkTests,"Collections,Strings",500,"86,982.8 ns",275.52 ns,244.24 ns,65.28 ns,"86,463.0 ns","86,914.6 ns","87,038.2 ns","87,135.0 ns","87,341.6 ns","11,496.53",275.516 ns,14.00,2.438,2.000,-0.6834,18,*,No,26.7334,1 KB,-,-,234 KB
'ToDelimitedString: 01**',Job-YNYGDE,False,True,Default,Default,Default,Default,Default,1111,Empty,RyuJit,X64,8c5e7fda-e8bf-4a96-9a85-a6e23a8c635c,.NET 5.0,False,True,False,True,Default,Default,False,False,True,Default,Default,Default,Default,Default,.NET 5.0,Default,1,Default,Default,Default,Default,Default,Default,Default,Default,Default,16,Default,dotNetTips.Spargine.Core.BenchmarkTests,"Collections,Strings",1000,"370,241.2 ns","7,344.61 ns","18,154.05 ns","2,139.48 ns","322,146.4 ns","356,241.7 ns","369,642.4 ns","381,775.0 ns","416,752.1 ns","2,700.94","7,344.609 ns",72.00,2.839,2.480,0.1406,22,*,No,43.9453,1 KB,22.4609,13.6719,451 KB
BytesToString,Job-YNYGDE,False,True,Default,Default,Default,Default,Default,1111,Empty,RyuJit,X64,8c5e7fda-e8bf-4a96-9a85-a6e23a8c635c,.NET 5.0,False,True,False,True,Default,Default,False,False,True,Default,Default,Default,Default,Default,.NET 5.0,Default,1,Default,Default,Default,Default,Default,Default,Default,Default,Default,16,Default,dotNetTips.Spargine.Core.BenchmarkTests,"Collections,Strings",10,"148,326.5 ns",666.32 ns,556.41 ns,154.32 ns,"146,981.5 ns","148,376.7 ns","148,497.1 ns","148,657.8 ns","148,861.4 ns","6,741.88",666.322 ns,13.00,3.120,2.000,-1.1759,20,*,No,23.6816,0 KB,1.4648,-,212 KB
BytesToString,Job-YNYGDE,False,True,Default,Default,Default,Default,Default,1111,Empty,RyuJit,X64,8c5e7fda-e8bf-4a96-9a85-a6e23a8c635c,.NET 5.0,False,True,False,True,Default,Default,False,False,True,Default,Default,Default,Default,Default,.NET 5.0,Default,1,Default,Default,Default,Default,Default,Default,Default,Default,Default,16,Default,dotNetTips.Spargine.Core.BenchmarkTests,"Collections,Strings",25,"351,438.9 ns","2,255.75 ns","1,999.66 ns",534.43 ns,"347,216.3 ns","350,273.2 ns","351,575.0 ns","352,590.3 ns","355,568.1 ns","2,845.44","2,255.750 ns",14.00,2.913,2.000,-0.0815,21,*,No,57.6172,0 KB,7.8125,-,496 KB
BytesToString,Job-YNYGDE,False,True,Default,Default,Default,Default,Default,1111,Empty,RyuJit,X64,8c5e7fda-e8bf-4a96-9a85-a6e23a8c635c,.NET 5.0,False,True,False,True,Default,Default,False,False,True,Default,Default,Default,Default,Default,.NET 5.0,Default,1,Default,Default,Default,Default,Default,Default,Default,Default,Default,16,Default,dotNetTips.Spargine.Core.BenchmarkTests,"Collections,Strings",50,"766,174.2 ns","15,254.54 ns","13,522.75 ns","3,614.11 ns","749,453.9 ns","755,203.1 ns","766,509.9 ns","776,387.3 ns","793,692.7 ns","1,305.19","15,254.535 ns",14.00,1.882,2.000,0.3073,24,*,No,109.3750,0 KB,22.4609,9.7656,"1,011 KB"
BytesToString,Job-YNYGDE,False,True,Default,Default,Default,Default,Default,1111,Empty,RyuJit,X64,8c5e7fda-e8bf-4a96-9a85-a6e23a8c635c,.NET 5.0,False,True,False,True,Default,Default,False,False,True,Default,Default,Default,Default,Default,.NET 5.0,Default,1,Default,Default,Default,Default,Default,Default,Default,Default,Default,16,Default,dotNetTips.Spargine.Core.BenchmarkTests,"Collections,Strings",100,"1,470,677.2 ns","19,823.53 ns","18,542.94 ns","4,787.77 ns","1,444,811.5 ns","1,460,691.0 ns","1,462,992.6 ns","1,482,927.7 ns","1,510,788.9 ns",679.96,"19,823.527 ns",15.00,2.262,2.000,0.6907,25,*,No,220.7031,0 KB,62.5000,19.5313,"2,005 KB"
BytesToString,Job-YNYGDE,False,True,Default,Default,Default,Default,Default,1111,Empty,RyuJit,X64,8c5e7fda-e8bf-4a96-9a85-a6e23a8c635c,.NET 5.0,False,True,False,True,Default,Default,False,False,True,Default,Default,Default,Default,Default,.NET 5.0,Default,1,Default,Default,Default,Default,Default,Default,Default,Default,Default,16,Default,dotNetTips.Spargine.Core.BenchmarkTests,"Collections,Strings",250,"3,987,650.1 ns","79,459.50 ns","113,958.45 ns","21,536.12 ns","3,787,116.4 ns","3,901,120.3 ns","3,972,314.1 ns","4,044,083.0 ns","4,222,213.3 ns",250.77,"79,459.504 ns",28.00,2.205,2.545,0.3998,26,*,No,523.4375,0 KB,195.3125,46.8750,"5,003 KB"
BytesToString,Job-YNYGDE,False,True,Default,Default,Default,Default,Default,1111,Empty,RyuJit,X64,8c5e7fda-e8bf-4a96-9a85-a6e23a8c635c,.NET 5.0,False,True,False,True,Default,Default,False,False,True,Default,Default,Default,Default,Default,.NET 5.0,Default,1,Default,Default,Default,Default,Default,Default,Default,Default,Default,16,Default,dotNetTips.Spargine.Core.BenchmarkTests,"Collections,Strings",500,"7,907,602.0 ns","89,839.66 ns","84,036.07 ns","21,698.02 ns","7,705,905.5 ns","7,860,540.6 ns","7,930,168.0 ns","7,963,473.4 ns","8,040,213.3 ns",126.46,"89,839.661 ns",15.00,2.906,2.000,-0.6430,27,*,No,421.8750,0 KB,187.5000,78.1250,"10,006 KB"
BytesToString,Job-YNYGDE,False,True,Default,Default,Default,Default,Default,1111,Empty,RyuJit,X64,8c5e7fda-e8bf-4a96-9a85-a6e23a8c635c,.NET 5.0,False,True,False,True,Default,Default,False,False,True,Default,Default,Default,Default,Default,.NET 5.0,Default,1,Default,Default,Default,Default,Default,Default,Default,Default,Default,16,Default,dotNetTips.Spargine.Core.BenchmarkTests,"Collections,Strings",1000,"15,976,810.2 ns","302,118.02 ns","323,262.89 ns","76,193.79 ns","15,273,775.0 ns","15,785,575.0 ns","15,946,731.2 ns","16,161,641.4 ns","16,556,356.2 ns",62.59,"302,118.018 ns",18.00,2.623,2.000,-0.0195,28,*,No,500.0000,0 KB,281.2500,156.2500,"20,010 KB"
ConcatToString,Job-YNYGDE,False,True,Default,Default,Default,Default,Default,1111,Empty,RyuJit,X64,8c5e7fda-e8bf-4a96-9a85-a6e23a8c635c,.NET 5.0,False,True,False,True,Default,Default,False,False,True,Default,Default,Default,Default,Default,.NET 5.0,Default,1,Default,Default,Default,Default,Default,Default,Default,Default,Default,16,Default,dotNetTips.Spargine.Core.BenchmarkTests,"Collections,Strings",10,384.8 ns,3.48 ns,3.26 ns,0.84 ns,380.4 ns,382.3 ns,384.7 ns,387.7 ns,389.7 ns,"2,598,904.55",3.480 ns,15.00,1.280,2.000,0.0234,1,*,No,0.1364,0 KB,-,-,1 KB
ConcatToString,Job-YNYGDE,False,True,Default,Default,Default,Default,Default,1111,Empty,RyuJit,X64,8c5e7fda-e8bf-4a96-9a85-a6e23a8c635c,.NET 5.0,False,True,False,True,Default,Default,False,False,True,Default,Default,Default,Default,Default,.NET 5.0,Default,1,Default,Default,Default,Default,Default,Default,Default,Default,Default,16,Default,dotNetTips.Spargine.Core.BenchmarkTests,"Collections,Strings",25,681.1 ns,2.23 ns,1.98 ns,0.53 ns,676.1 ns,680.5 ns,681.3 ns,682.2 ns,684.2 ns,"1,468,157.25",2.233 ns,14.00,3.748,2.000,-0.8513,2,*,No,0.2537,0 KB,-,-,2 KB
ConcatToString,Job-YNYGDE,False,True,Default,Default,Default,Default,Default,1111,Empty,RyuJit,X64,8c5e7fda-e8bf-4a96-9a85-a6e23a8c635c,.NET 5.0,False,True,False,True,Default,Default,False,False,True,Default,Default,Default,Default,Default,.NET 5.0,Default,1,Default,Default,Default,Default,Default,Default,Default,Default,Default,16,Default,dotNetTips.Spargine.Core.BenchmarkTests,"Collections,Strings",50,"1,203.3 ns",7.19 ns,6.37 ns,1.70 ns,"1,192.4 ns","1,199.0 ns","1,205.4 ns","1,206.2 ns","1,216.2 ns","831,035.16",7.189 ns,14.00,2.343,2.000,-0.0720,3,*,No,0.4673,0 KB,0.0019,-,4 KB
ConcatToString,Job-YNYGDE,False,True,Default,Default,Default,Default,Default,1111,Empty,RyuJit,X64,8c5e7fda-e8bf-4a96-9a85-a6e23a8c635c,.NET 5.0,False,True,False,True,Default,Default,False,False,True,Default,Default,Default,Default,Default,.NET 5.0,Default,1,Default,Default,Default,Default,Default,Default,Default,Default,Default,16,Default,dotNetTips.Spargine.Core.BenchmarkTests,"Collections,Strings",100,"2,262.3 ns",5.87 ns,5.20 ns,1.39 ns,"2,251.8 ns","2,258.9 ns","2,262.6 ns","2,265.3 ns","2,272.7 ns","442,023.14",5.868 ns,14.00,2.557,2.000,0.0121,5,*,No,0.8774,0 KB,0.0038,-,8 KB
ConcatToString,Job-YNYGDE,False,True,Default,Default,Default,Default,Default,1111,Empty,RyuJit,X64,8c5e7fda-e8bf-4a96-9a85-a6e23a8c635c,.NET 5.0,False,True,False,True,Default,Default,False,False,True,Default,Default,Default,Default,Default,.NET 5.0,Default,1,Default,Default,Default,Default,Default,Default,Default,Default,Default,16,Default,dotNetTips.Spargine.Core.BenchmarkTests,"Collections,Strings",250,"5,858.8 ns",20.05 ns,16.74 ns,4.64 ns,"5,810.2 ns","5,854.7 ns","5,859.1 ns","5,868.1 ns","5,877.7 ns","170,682.42",20.048 ns,13.00,5.736,2.000,-1.6559,8,*,No,2.8000,0 KB,-,-,25 KB
ConcatToString,Job-YNYGDE,False,True,Default,Default,Default,Default,Default,1111,Empty,RyuJit,X64,8c5e7fda-e8bf-4a96-9a85-a6e23a8c635c,.NET 5.0,False,True,False,True,Default,Default,False,False,True,Default,Default,Default,Default,Default,.NET 5.0,Default,1,Default,Default,Default,Default,Default,Default,Default,Default,Default,16,Default,dotNetTips.Spargine.Core.BenchmarkTests,"Collections,Strings",500,"10,729.7 ns",31.12 ns,29.11 ns,7.52 ns,"10,688.2 ns","10,700.2 ns","10,737.8 ns","10,744.6 ns","10,787.1 ns","93,199.51",31.118 ns,15.00,1.923,2.000,0.1025,11,*,No,5.6915,0 KB,-,-,49 KB
ConcatToString,Job-YNYGDE,False,True,Default,Default,Default,Default,Default,1111,Empty,RyuJit,X64,8c5e7fda-e8bf-4a96-9a85-a6e23a8c635c,.NET 5.0,False,True,False,True,Default,Default,False,False,True,Default,Default,Default,Default,Default,.NET 5.0,Default,1,Default,Default,Default,Default,Default,Default,Default,Default,Default,16,Default,dotNetTips.Spargine.Core.BenchmarkTests,"Collections,Strings",1000,"20,112.1 ns",97.86 ns,76.40 ns,22.06 ns,"19,906.6 ns","20,086.7 ns","20,124.2 ns","20,174.0 ns","20,186.6 ns","49,721.37",97.859 ns,12.00,4.578,2.000,-1.4038,14,*,No,9.3079,0 KB,0.8545,-,81 KB
