{
   "Title":"dotNetTips.Spargine.Core.BenchmarkTests.Security.EncryptionHelperBenchmark-20210828-142248",
   "HostEnvironmentInfo":{
      "BenchmarkDotNetCaption":"BenchmarkDotNet",
      "BenchmarkDotNetVersion":"0.13.1",
      "OsVersion":"Windows 10.0.19042.1165 (20H2/October2020Update)",
      "ProcessorName":"Unknown processor",
      "PhysicalProcessorCount":null,
      "PhysicalCoreCount":null,
      "LogicalCoreCount":null,
      "RuntimeVersion":".NET 5.0.9 (5.0.921.35908)",
      "Architecture":"X64",
      "HasAttachedDebugger":false,
      "HasRyuJit":true,
      "Configuration":"RELEASE",
      "DotNetCliVersion":"6.0.100-preview.7.21379.14",
      "ChronometerFrequency":{
         "Hertz":10000000
      },
      "HardwareTimerKind":"Unknown"
   },
   "Benchmarks":[
      {
         "DisplayInfo":"EncryptionHelperBenchmark.AesDecrypt: Job-YNYGDE(EvaluateOverhead=True, Server=True, Toolchain=.NET 5.0)",
         "Namespace":"dotNetTips.Spargine.Core.BenchmarkTests.Security",
         "Type":"EncryptionHelperBenchmark",
         "Method":"AesDecrypt",
         "MethodTitle":"AesDecrypt",
         "Parameters":"",
         "FullName":"dotNetTips.Spargine.Core.BenchmarkTests.Security.EncryptionHelperBenchmark.AesDecrypt",
         "Statistics":{
            "OriginalValues":[
               6019.773864746094,5991.664886474609,5977.925872802734,5981.604766845703,6019.580841064453,5981.522369384766,6004.729461669922,6002.774810791016,6016.542816162109,6024.822998046875,5979.494476318359,5994.150543212891,5979.486083984375,5991.932678222656
            ],
            "N":14,
            "Min":5977.925872802734,
            "LowerFence":5933.473205566406,
            "Q1":5981.54296875,
            "Median":5993.041610717773,
            "Mean":5997.571890694754,
            "Q3":6013.5894775390625,
            "UpperFence":6061.659240722656,
            "Max":6024.822998046875,
            "InterquartileRange":32.0465087890625,
            "LowerOutliers":[
               
            ],
            "UpperOutliers":[
               
            ],
            "AllOutliers":[
               
            ],
            "StandardError":4.562708468763713,
            "Variance":291.45631999299343,
            "StandardDeviation":17.072091845845765,
            "Skewness":0.3034827904969703,
            "Kurtosis":1.3945350083211108,
            "ConfidenceInterval":{
               "N":14,
               "Mean":5997.571890694754,
               "StandardError":4.562708468763713,
               "Level":12,
               "Margin":19.258424669236508,
               "Lower":5978.313466025517,
               "Upper":6016.830315363991
            },
            "Percentiles":{
               "P0":5977.925872802734,
               "P25":5981.54296875,
               "P50":5993.041610717773,
               "P67":6004.162612915039,
               "P80":6017.758026123047,
               "P85":6019.590492248535,
               "P90":6019.715957641602,
               "P95":6021.541061401367,
               "P100":6024.822998046875
            }
         },
         "Memory":{
            "Gen0Collections":202,
            "Gen1Collections":2,
            "Gen2Collections":0,
            "TotalOperations":131072
         },
         "Measurements":[
            {
               "IterationMode":"Overhead",
               "IterationStage":"Jitting",
               "LaunchIndex":1,
               "IterationIndex":1,
               "Operations":1,
               "Nanoseconds":244000
            },{
               "IterationMode":"Workload",
               "IterationStage":"Jitting",
               "LaunchIndex":1,
               "IterationIndex":1,
               "Operations":1,
               "Nanoseconds":358400
            },{
               "IterationMode":"Overhead",
               "IterationStage":"Jitting",
               "LaunchIndex":1,
               "IterationIndex":2,
               "Operations":16,
               "Nanoseconds":209000
            },{
               "IterationMode":"Workload",
               "IterationStage":"Jitting",
               "LaunchIndex":1,
               "IterationIndex":2,
               "Operations":16,
               "Nanoseconds":416700
            },{
               "IterationMode":"Workload",
               "IterationStage":"Pilot",
               "LaunchIndex":1,
               "IterationIndex":1,
               "Operations":16,
               "Nanoseconds":213000
            },{
               "IterationMode":"Workload",
               "IterationStage":"Pilot",
               "LaunchIndex":1,
               "IterationIndex":2,
               "Operations":32,
               "Nanoseconds":312900
            },{
               "IterationMode":"Workload",
               "IterationStage":"Pilot",
               "LaunchIndex":1,
               "IterationIndex":3,
               "Operations":64,
               "Nanoseconds":654400
            },{
               "IterationMode":"Workload",
               "IterationStage":"Pilot",
               "LaunchIndex":1,
               "IterationIndex":4,
               "Operations":128,
               "Nanoseconds":1180800
            },{
               "IterationMode":"Workload",
               "IterationStage":"Pilot",
               "LaunchIndex":1,
               "IterationIndex":5,
               "Operations":256,
               "Nanoseconds":2543100
            },{
               "IterationMode":"Workload",
               "IterationStage":"Pilot",
               "LaunchIndex":1,
               "IterationIndex":6,
               "Operations":512,
               "Nanoseconds":4651700
            },{
               "IterationMode":"Workload",
               "IterationStage":"Pilot",
               "LaunchIndex":1,
               "IterationIndex":7,
               "Operations":1024,
               "Nanoseconds":8621300
            },{
               "IterationMode":"Workload",
               "IterationStage":"Pilot",
               "LaunchIndex":1,
               "IterationIndex":8,
               "Operations":2048,
               "Nanoseconds":17537600
            },{
               "IterationMode":"Workload",
               "IterationStage":"Pilot",
               "LaunchIndex":1,
               "IterationIndex":9,
               "Operations":4096,
               "Nanoseconds":31466300
            },{
               "IterationMode":"Workload",
               "IterationStage":"Pilot",
               "LaunchIndex":1,
               "IterationIndex":10,
               "Operations":8192,
               "Nanoseconds":60095200
            },{
               "IterationMode":"Workload",
               "IterationStage":"Pilot",
               "LaunchIndex":1,
               "IterationIndex":11,
               "Operations":16384,
               "Nanoseconds":117173900
            },{
               "IterationMode":"Workload",
               "IterationStage":"Pilot",
               "LaunchIndex":1,
               "IterationIndex":12,
               "Operations":32768,
               "Nanoseconds":202461200
            },{
               "IterationMode":"Workload",
               "IterationStage":"Pilot",
               "LaunchIndex":1,
               "IterationIndex":13,
               "Operations":65536,
               "Nanoseconds":398570100
            },{
               "IterationMode":"Workload",
               "IterationStage":"Pilot",
               "LaunchIndex":1,
               "IterationIndex":14,
               "Operations":131072,
               "Nanoseconds":788013500
            },{
               "IterationMode":"Overhead",
               "IterationStage":"Warmup",
               "LaunchIndex":1,
               "IterationIndex":1,
               "Operations":131072,
               "Nanoseconds":254800
            },{
               "IterationMode":"Overhead",
               "IterationStage":"Warmup",
               "LaunchIndex":1,
               "IterationIndex":2,
               "Operations":131072,
               "Nanoseconds":254700
            },{
               "IterationMode":"Overhead",
               "IterationStage":"Warmup",
               "LaunchIndex":1,
               "IterationIndex":3,
               "Operations":131072,
               "Nanoseconds":289200
            },{
               "IterationMode":"Overhead",
               "IterationStage":"Warmup",
               "LaunchIndex":1,
               "IterationIndex":4,
               "Operations":131072,
               "Nanoseconds":317600
            },{
               "IterationMode":"Overhead",
               "IterationStage":"Warmup",
               "LaunchIndex":1,
               "IterationIndex":5,
               "Operations":131072,
               "Nanoseconds":254300
            },{
               "IterationMode":"Overhead",
               "IterationStage":"Warmup",
               "LaunchIndex":1,
               "IterationIndex":6,
               "Operations":131072,
               "Nanoseconds":259500
            },{
               "IterationMode":"Overhead",
               "IterationStage":"Warmup",
               "LaunchIndex":1,
               "IterationIndex":7,
               "Operations":131072,
               "Nanoseconds":254200
            },{
               "IterationMode":"Overhead",
               "IterationStage":"Actual",
               "LaunchIndex":1,
               "IterationIndex":1,
               "Operations":131072,
               "Nanoseconds":252100
            },{
               "IterationMode":"Overhead",
               "IterationStage":"Actual",
               "LaunchIndex":1,
               "IterationIndex":2,
               "Operations":131072,
               "Nanoseconds":254400
            },{
               "IterationMode":"Overhead",
               "IterationStage":"Actual",
               "LaunchIndex":1,
               "IterationIndex":3,
               "Operations":131072,
               "Nanoseconds":254400
            },{
               "IterationMode":"Overhead",
               "IterationStage":"Actual",
               "LaunchIndex":1,
               "IterationIndex":4,
               "Operations":131072,
               "Nanoseconds":254700
            },{
               "IterationMode":"Overhead",
               "IterationStage":"Actual",
               "LaunchIndex":1,
               "IterationIndex":5,
               "Operations":131072,
               "Nanoseconds":253800
            },{
               "IterationMode":"Overhead",
               "IterationStage":"Actual",
               "LaunchIndex":1,
               "IterationIndex":6,
               "Operations":131072,
               "Nanoseconds":262000
            },{
               "IterationMode":"Overhead",
               "IterationStage":"Actual",
               "LaunchIndex":1,
               "IterationIndex":7,
               "Operations":131072,
               "Nanoseconds":258500
            },{
               "IterationMode":"Overhead",
               "IterationStage":"Actual",
               "LaunchIndex":1,
               "IterationIndex":8,
               "Operations":131072,
               "Nanoseconds":258300
            },{
               "IterationMode":"Overhead",
               "IterationStage":"Actual",
               "LaunchIndex":1,
               "IterationIndex":9,
               "Operations":131072,
               "Nanoseconds":258000
            },{
               "IterationMode":"Overhead",
               "IterationStage":"Actual",
               "LaunchIndex":1,
               "IterationIndex":10,
               "Operations":131072,
               "Nanoseconds":258200
            },{
               "IterationMode":"Overhead",
               "IterationStage":"Actual",
               "LaunchIndex":1,
               "IterationIndex":11,
               "Operations":131072,
               "Nanoseconds":258000
            },{
               "IterationMode":"Overhead",
               "IterationStage":"Actual",
               "LaunchIndex":1,
               "IterationIndex":12,
               "Operations":131072,
               "Nanoseconds":259000
            },{
               "IterationMode":"Overhead",
               "IterationStage":"Actual",
               "LaunchIndex":1,
               "IterationIndex":13,
               "Operations":131072,
               "Nanoseconds":258000
            },{
               "IterationMode":"Overhead",
               "IterationStage":"Actual",
               "LaunchIndex":1,
               "IterationIndex":14,
               "Operations":131072,
               "Nanoseconds":257500
            },{
               "IterationMode":"Overhead",
               "IterationStage":"Actual",
               "LaunchIndex":1,
               "IterationIndex":15,
               "Operations":131072,
               "Nanoseconds":263400
            },{
               "IterationMode":"Workload",
               "IterationStage":"Warmup",
               "LaunchIndex":1,
               "IterationIndex":1,
               "Operations":131072,
               "Nanoseconds":796694400
            },{
               "IterationMode":"Workload",
               "IterationStage":"Warmup",
               "LaunchIndex":1,
               "IterationIndex":2,
               "Operations":131072,
               "Nanoseconds":791320300
            },{
               "IterationMode":"Workload",
               "IterationStage":"Warmup",
               "LaunchIndex":1,
               "IterationIndex":3,
               "Operations":131072,
               "Nanoseconds":785197600
            },{
               "IterationMode":"Workload",
               "IterationStage":"Warmup",
               "LaunchIndex":1,
               "IterationIndex":4,
               "Operations":131072,
               "Nanoseconds":786620300
            },{
               "IterationMode":"Workload",
               "IterationStage":"Warmup",
               "LaunchIndex":1,
               "IterationIndex":5,
               "Operations":131072,
               "Nanoseconds":788767500
            },{
               "IterationMode":"Workload",
               "IterationStage":"Warmup",
               "LaunchIndex":1,
               "IterationIndex":6,
               "Operations":131072,
               "Nanoseconds":803167300
            },{
               "IterationMode":"Workload",
               "IterationStage":"Warmup",
               "LaunchIndex":1,
               "IterationIndex":7,
               "Operations":131072,
               "Nanoseconds":786252700
            },{
               "IterationMode":"Workload",
               "IterationStage":"Warmup",
               "LaunchIndex":1,
               "IterationIndex":8,
               "Operations":131072,
               "Nanoseconds":784698200
            },{
               "IterationMode":"Workload",
               "IterationStage":"Warmup",
               "LaunchIndex":1,
               "IterationIndex":9,
               "Operations":131072,
               "Nanoseconds":782872600
            },{
               "IterationMode":"Workload",
               "IterationStage":"Warmup",
               "LaunchIndex":1,
               "IterationIndex":10,
               "Operations":131072,
               "Nanoseconds":785606800
            },{
               "IterationMode":"Workload",
               "IterationStage":"Warmup",
               "LaunchIndex":1,
               "IterationIndex":11,
               "Operations":131072,
               "Nanoseconds":785181500
            },{
               "IterationMode":"Workload",
               "IterationStage":"Actual",
               "LaunchIndex":1,
               "IterationIndex":1,
               "Operations":131072,
               "Nanoseconds":789281800
            },{
               "IterationMode":"Workload",
               "IterationStage":"Actual",
               "LaunchIndex":1,
               "IterationIndex":2,
               "Operations":131072,
               "Nanoseconds":785597500
            },{
               "IterationMode":"Workload",
               "IterationStage":"Actual",
               "LaunchIndex":1,
               "IterationIndex":3,
               "Operations":131072,
               "Nanoseconds":783796700
            },{
               "IterationMode":"Workload",
               "IterationStage":"Actual",
               "LaunchIndex":1,
               "IterationIndex":4,
               "Operations":131072,
               "Nanoseconds":784278900
            },{
               "IterationMode":"Workload",
               "IterationStage":"Actual",
               "LaunchIndex":1,
               "IterationIndex":5,
               "Operations":131072,
               "Nanoseconds":789256500
            },{
               "IterationMode":"Workload",
               "IterationStage":"Actual",
               "LaunchIndex":1,
               "IterationIndex":6,
               "Operations":131072,
               "Nanoseconds":784268100
            },{
               "IterationMode":"Workload",
               "IterationStage":"Actual",
               "LaunchIndex":1,
               "IterationIndex":7,
               "Operations":131072,
               "Nanoseconds":787309900
            },{
               "IterationMode":"Workload",
               "IterationStage":"Actual",
               "LaunchIndex":1,
               "IterationIndex":8,
               "Operations":131072,
               "Nanoseconds":787053700
            },{
               "IterationMode":"Workload",
               "IterationStage":"Actual",
               "LaunchIndex":1,
               "IterationIndex":9,
               "Operations":131072,
               "Nanoseconds":788858300
            },{
               "IterationMode":"Workload",
               "IterationStage":"Actual",
               "LaunchIndex":1,
               "IterationIndex":10,
               "Operations":131072,
               "Nanoseconds":797859100
            },{
               "IterationMode":"Workload",
               "IterationStage":"Actual",
               "LaunchIndex":1,
               "IterationIndex":11,
               "Operations":131072,
               "Nanoseconds":789943600
            },{
               "IterationMode":"Workload",
               "IterationStage":"Actual",
               "LaunchIndex":1,
               "IterationIndex":12,
               "Operations":131072,
               "Nanoseconds":784002300
            },{
               "IterationMode":"Workload",
               "IterationStage":"Actual",
               "LaunchIndex":1,
               "IterationIndex":13,
               "Operations":131072,
               "Nanoseconds":785923300
            },{
               "IterationMode":"Workload",
               "IterationStage":"Actual",
               "LaunchIndex":1,
               "IterationIndex":14,
               "Operations":131072,
               "Nanoseconds":784001200
            },{
               "IterationMode":"Workload",
               "IterationStage":"Actual",
               "LaunchIndex":1,
               "IterationIndex":15,
               "Operations":131072,
               "Nanoseconds":785632600
            },{
               "IterationMode":"Workload",
               "IterationStage":"Result",
               "LaunchIndex":1,
               "IterationIndex":1,
               "Operations":131072,
               "Nanoseconds":789023800
            },{
               "IterationMode":"Workload",
               "IterationStage":"Result",
               "LaunchIndex":1,
               "IterationIndex":2,
               "Operations":131072,
               "Nanoseconds":785339500
            },{
               "IterationMode":"Workload",
               "IterationStage":"Result",
               "LaunchIndex":1,
               "IterationIndex":3,
               "Operations":131072,
               "Nanoseconds":783538700
            },{
               "IterationMode":"Workload",
               "IterationStage":"Result",
               "LaunchIndex":1,
               "IterationIndex":4,
               "Operations":131072,
               "Nanoseconds":784020900
            },{
               "IterationMode":"Workload",
               "IterationStage":"Result",
               "LaunchIndex":1,
               "IterationIndex":5,
               "Operations":131072,
               "Nanoseconds":788998500
            },{
               "IterationMode":"Workload",
               "IterationStage":"Result",
               "LaunchIndex":1,
               "IterationIndex":6,
               "Operations":131072,
               "Nanoseconds":784010100
            },{
               "IterationMode":"Workload",
               "IterationStage":"Result",
               "LaunchIndex":1,
               "IterationIndex":7,
               "Operations":131072,
               "Nanoseconds":787051900
            },{
               "IterationMode":"Workload",
               "IterationStage":"Result",
               "LaunchIndex":1,
               "IterationIndex":8,
               "Operations":131072,
               "Nanoseconds":786795700
            },{
               "IterationMode":"Workload",
               "IterationStage":"Result",
               "LaunchIndex":1,
               "IterationIndex":9,
               "Operations":131072,
               "Nanoseconds":788600300
            },{
               "IterationMode":"Workload",
               "IterationStage":"Result",
               "LaunchIndex":1,
               "IterationIndex":10,
               "Operations":131072,
               "Nanoseconds":789685600
            },{
               "IterationMode":"Workload",
               "IterationStage":"Result",
               "LaunchIndex":1,
               "IterationIndex":11,
               "Operations":131072,
               "Nanoseconds":783744300
            },{
               "IterationMode":"Workload",
               "IterationStage":"Result",
               "LaunchIndex":1,
               "IterationIndex":12,
               "Operations":131072,
               "Nanoseconds":785665300
            },{
               "IterationMode":"Workload",
               "IterationStage":"Result",
               "LaunchIndex":1,
               "IterationIndex":13,
               "Operations":131072,
               "Nanoseconds":783743200
            },{
               "IterationMode":"Workload",
               "IterationStage":"Result",
               "LaunchIndex":1,
               "IterationIndex":14,
               "Operations":131072,
               "Nanoseconds":785374600
            }
         ],
         "Metrics":[
            {
               "Value":1.5411376953125,
               "Descriptor":{
                  "Id":"Gen0Collects",
                  "DisplayName":"Gen 0",
                  "Legend":"GC Generation 0 collects per 1000 operations",
                  "NumberFormat":"#0.0000",
                  "UnitType":0,
                  "Unit":"Count",
                  "TheGreaterTheBetter":false,
                  "PriorityInCategory":0
               }
            },{
               "Value":0.0152587890625,
               "Descriptor":{
                  "Id":"Gen1Collects",
                  "DisplayName":"Gen 1",
                  "Legend":"GC Generation 1 collects per 1000 operations",
                  "NumberFormat":"#0.0000",
                  "UnitType":0,
                  "Unit":"Count",
                  "TheGreaterTheBetter":false,
                  "PriorityInCategory":1
               }
            },{
               "Value":14176,
               "Descriptor":{
                  "Id":"Allocated Memory",
                  "DisplayName":"Allocated",
                  "Legend":"Allocated memory per single operation (managed only, inclusive, 1KB = 1024B)",
                  "NumberFormat":"N0",
                  "UnitType":2,
                  "Unit":"B",
                  "TheGreaterTheBetter":false,
                  "PriorityInCategory":3
               }
            },{
               "Value":920,
               "Descriptor":{
                  "Id":"Native Code Size",
                  "DisplayName":"Code Size",
                  "Legend":"Native code size of the disassembled method(s)",
                  "NumberFormat":"N0",
                  "UnitType":2,
                  "Unit":"B",
                  "TheGreaterTheBetter":false,
                  "PriorityInCategory":0
               }
            }
         ]
      },{
         "DisplayInfo":"EncryptionHelperBenchmark.AesEncrypt: Job-YNYGDE(EvaluateOverhead=True, Server=True, Toolchain=.NET 5.0)",
         "Namespace":"dotNetTips.Spargine.Core.BenchmarkTests.Security",
         "Type":"EncryptionHelperBenchmark",
         "Method":"AesEncrypt",
         "MethodTitle":"AesEncrypt",
         "Parameters":"",
         "FullName":"dotNetTips.Spargine.Core.BenchmarkTests.Security.EncryptionHelperBenchmark.AesEncrypt",
         "Statistics":{
            "OriginalValues":[
               4991.36962890625,4922.511291503906,4965.788269042969,4952.002716064453,4955.680847167969,4989.969635009766,4960.121154785156,4963.950347900391,4960.809326171875,4968.367004394531,4965.179443359375,4975.968933105469,4914.467620849609,4956.4849853515625,4974.131011962891
            ],
            "N":15,
            "Min":4914.467620849609,
            "LowerFence":4933.333778381348,
            "Q1":4956.082916259766,
            "Median":4963.950347900391,
            "Mean":4961.120147705078,
            "Q3":4971.249008178711,
            "UpperFence":4993.998146057129,
            "Max":4991.36962890625,
            "InterquartileRange":15.166091918945312,
            "LowerOutliers":[
               4914.467620849609,4922.511291503906
            ],
            "UpperOutliers":[
               
            ],
            "AllOutliers":[
               4914.467620849609,4922.511291503906
            ],
            "StandardError":5.362250845131222,
            "Variance":431.30601189165776,
            "StandardDeviation":20.767908221379873,
            "Skewness":-0.7619091510680744,
            "Kurtosis":3.0741660713249472,
            "ConfidenceInterval":{
               "N":15,
               "Mean":4961.120147705078,
               "StandardError":5.362250845131222,
               "Level":12,
               "Margin":22.202153566581,
               "Lower":4938.917994138497,
               "Upper":4983.322301271659
            },
            "Percentiles":{
               "P0":4914.467620849609,
               "P25":4956.082916259766,
               "P50":4963.950347900391,
               "P67":4966.7681884765625,
               "P80":4974.498596191406,
               "P85":4975.785140991211,
               "P90":4984.369354248047,
               "P95":4990.389633178711,
               "P100":4991.36962890625
            }
         },
         "Memory":{
            "Gen0Collections":183,
            "Gen1Collections":1,
            "Gen2Collections":0,
            "TotalOperations":131072
         },
         "Measurements":[
            {
               "IterationMode":"Overhead",
               "IterationStage":"Jitting",
               "LaunchIndex":1,
               "IterationIndex":1,
               "Operations":1,
               "Nanoseconds":222200
            },{
               "IterationMode":"Workload",
               "IterationStage":"Jitting",
               "LaunchIndex":1,
               "IterationIndex":1,
               "Operations":1,
               "Nanoseconds":342600
            },{
               "IterationMode":"Overhead",
               "IterationStage":"Jitting",
               "LaunchIndex":1,
               "IterationIndex":2,
               "Operations":16,
               "Nanoseconds":221900
            },{
               "IterationMode":"Workload",
               "IterationStage":"Jitting",
               "LaunchIndex":1,
               "IterationIndex":2,
               "Operations":16,
               "Nanoseconds":330800
            },{
               "IterationMode":"Workload",
               "IterationStage":"Pilot",
               "LaunchIndex":1,
               "IterationIndex":1,
               "Operations":16,
               "Nanoseconds":275200
            },{
               "IterationMode":"Workload",
               "IterationStage":"Pilot",
               "LaunchIndex":1,
               "IterationIndex":2,
               "Operations":32,
               "Nanoseconds":401500
            },{
               "IterationMode":"Workload",
               "IterationStage":"Pilot",
               "LaunchIndex":1,
               "IterationIndex":3,
               "Operations":64,
               "Nanoseconds":556600
            },{
               "IterationMode":"Workload",
               "IterationStage":"Pilot",
               "LaunchIndex":1,
               "IterationIndex":4,
               "Operations":128,
               "Nanoseconds":903300
            },{
               "IterationMode":"Workload",
               "IterationStage":"Pilot",
               "LaunchIndex":1,
               "IterationIndex":5,
               "Operations":256,
               "Nanoseconds":1908800
            },{
               "IterationMode":"Workload",
               "IterationStage":"Pilot",
               "LaunchIndex":1,
               "IterationIndex":6,
               "Operations":512,
               "Nanoseconds":3988600
            },{
               "IterationMode":"Workload",
               "IterationStage":"Pilot",
               "LaunchIndex":1,
               "IterationIndex":7,
               "Operations":1024,
               "Nanoseconds":7335500
            },{
               "IterationMode":"Workload",
               "IterationStage":"Pilot",
               "LaunchIndex":1,
               "IterationIndex":8,
               "Operations":2048,
               "Nanoseconds":13150900
            },{
               "IterationMode":"Workload",
               "IterationStage":"Pilot",
               "LaunchIndex":1,
               "IterationIndex":9,
               "Operations":4096,
               "Nanoseconds":26041900
            },{
               "IterationMode":"Workload",
               "IterationStage":"Pilot",
               "LaunchIndex":1,
               "IterationIndex":10,
               "Operations":8192,
               "Nanoseconds":50940500
            },{
               "IterationMode":"Workload",
               "IterationStage":"Pilot",
               "LaunchIndex":1,
               "IterationIndex":11,
               "Operations":16384,
               "Nanoseconds":105063300
            },{
               "IterationMode":"Workload",
               "IterationStage":"Pilot",
               "LaunchIndex":1,
               "IterationIndex":12,
               "Operations":32768,
               "Nanoseconds":171158800
            },{
               "IterationMode":"Workload",
               "IterationStage":"Pilot",
               "LaunchIndex":1,
               "IterationIndex":13,
               "Operations":65536,
               "Nanoseconds":332495100
            },{
               "IterationMode":"Workload",
               "IterationStage":"Pilot",
               "LaunchIndex":1,
               "IterationIndex":14,
               "Operations":131072,
               "Nanoseconds":653159300
            },{
               "IterationMode":"Overhead",
               "IterationStage":"Warmup",
               "LaunchIndex":1,
               "IterationIndex":1,
               "Operations":131072,
               "Nanoseconds":298400
            },{
               "IterationMode":"Overhead",
               "IterationStage":"Warmup",
               "LaunchIndex":1,
               "IterationIndex":2,
               "Operations":131072,
               "Nanoseconds":250000
            },{
               "IterationMode":"Overhead",
               "IterationStage":"Warmup",
               "LaunchIndex":1,
               "IterationIndex":3,
               "Operations":131072,
               "Nanoseconds":255900
            },{
               "IterationMode":"Overhead",
               "IterationStage":"Warmup",
               "LaunchIndex":1,
               "IterationIndex":4,
               "Operations":131072,
               "Nanoseconds":253200
            },{
               "IterationMode":"Overhead",
               "IterationStage":"Warmup",
               "LaunchIndex":1,
               "IterationIndex":5,
               "Operations":131072,
               "Nanoseconds":251500
            },{
               "IterationMode":"Overhead",
               "IterationStage":"Warmup",
               "LaunchIndex":1,
               "IterationIndex":6,
               "Operations":131072,
               "Nanoseconds":256700
            },{
               "IterationMode":"Overhead",
               "IterationStage":"Warmup",
               "LaunchIndex":1,
               "IterationIndex":7,
               "Operations":131072,
               "Nanoseconds":285900
            },{
               "IterationMode":"Overhead",
               "IterationStage":"Warmup",
               "LaunchIndex":1,
               "IterationIndex":8,
               "Operations":131072,
               "Nanoseconds":252500
            },{
               "IterationMode":"Overhead",
               "IterationStage":"Actual",
               "LaunchIndex":1,
               "IterationIndex":1,
               "Operations":131072,
               "Nanoseconds":249600
            },{
               "IterationMode":"Overhead",
               "IterationStage":"Actual",
               "LaunchIndex":1,
               "IterationIndex":2,
               "Operations":131072,
               "Nanoseconds":250200
            },{
               "IterationMode":"Overhead",
               "IterationStage":"Actual",
               "LaunchIndex":1,
               "IterationIndex":3,
               "Operations":131072,
               "Nanoseconds":249700
            },{
               "IterationMode":"Overhead",
               "IterationStage":"Actual",
               "LaunchIndex":1,
               "IterationIndex":4,
               "Operations":131072,
               "Nanoseconds":249500
            },{
               "IterationMode":"Overhead",
               "IterationStage":"Actual",
               "LaunchIndex":1,
               "IterationIndex":5,
               "Operations":131072,
               "Nanoseconds":249900
            },{
               "IterationMode":"Overhead",
               "IterationStage":"Actual",
               "LaunchIndex":1,
               "IterationIndex":6,
               "Operations":131072,
               "Nanoseconds":255200
            },{
               "IterationMode":"Overhead",
               "IterationStage":"Actual",
               "LaunchIndex":1,
               "IterationIndex":7,
               "Operations":131072,
               "Nanoseconds":262500
            },{
               "IterationMode":"Overhead",
               "IterationStage":"Actual",
               "LaunchIndex":1,
               "IterationIndex":8,
               "Operations":131072,
               "Nanoseconds":327600
            },{
               "IterationMode":"Overhead",
               "IterationStage":"Actual",
               "LaunchIndex":1,
               "IterationIndex":9,
               "Operations":131072,
               "Nanoseconds":257200
            },{
               "IterationMode":"Overhead",
               "IterationStage":"Actual",
               "LaunchIndex":1,
               "IterationIndex":10,
               "Operations":131072,
               "Nanoseconds":253300
            },{
               "IterationMode":"Overhead",
               "IterationStage":"Actual",
               "LaunchIndex":1,
               "IterationIndex":11,
               "Operations":131072,
               "Nanoseconds":293700
            },{
               "IterationMode":"Overhead",
               "IterationStage":"Actual",
               "LaunchIndex":1,
               "IterationIndex":12,
               "Operations":131072,
               "Nanoseconds":291900
            },{
               "IterationMode":"Overhead",
               "IterationStage":"Actual",
               "LaunchIndex":1,
               "IterationIndex":13,
               "Operations":131072,
               "Nanoseconds":254100
            },{
               "IterationMode":"Overhead",
               "IterationStage":"Actual",
               "LaunchIndex":1,
               "IterationIndex":14,
               "Operations":131072,
               "Nanoseconds":252400
            },{
               "IterationMode":"Overhead",
               "IterationStage":"Actual",
               "LaunchIndex":1,
               "IterationIndex":15,
               "Operations":131072,
               "Nanoseconds":252500
            },{
               "IterationMode":"Workload",
               "IterationStage":"Warmup",
               "LaunchIndex":1,
               "IterationIndex":1,
               "Operations":131072,
               "Nanoseconds":657216500
            },{
               "IterationMode":"Workload",
               "IterationStage":"Warmup",
               "LaunchIndex":1,
               "IterationIndex":2,
               "Operations":131072,
               "Nanoseconds":651538100
            },{
               "IterationMode":"Workload",
               "IterationStage":"Warmup",
               "LaunchIndex":1,
               "IterationIndex":3,
               "Operations":131072,
               "Nanoseconds":652161000
            },{
               "IterationMode":"Workload",
               "IterationStage":"Warmup",
               "LaunchIndex":1,
               "IterationIndex":4,
               "Operations":131072,
               "Nanoseconds":659523000
            },{
               "IterationMode":"Workload",
               "IterationStage":"Warmup",
               "LaunchIndex":1,
               "IterationIndex":5,
               "Operations":131072,
               "Nanoseconds":653244000
            },{
               "IterationMode":"Workload",
               "IterationStage":"Warmup",
               "LaunchIndex":1,
               "IterationIndex":6,
               "Operations":131072,
               "Nanoseconds":654597000
            },{
               "IterationMode":"Workload",
               "IterationStage":"Warmup",
               "LaunchIndex":1,
               "IterationIndex":7,
               "Operations":131072,
               "Nanoseconds":645159500
            },{
               "IterationMode":"Workload",
               "IterationStage":"Actual",
               "LaunchIndex":1,
               "IterationIndex":1,
               "Operations":131072,
               "Nanoseconds":654482100
            },{
               "IterationMode":"Workload",
               "IterationStage":"Actual",
               "LaunchIndex":1,
               "IterationIndex":2,
               "Operations":131072,
               "Nanoseconds":645456700
            },{
               "IterationMode":"Workload",
               "IterationStage":"Actual",
               "LaunchIndex":1,
               "IterationIndex":3,
               "Operations":131072,
               "Nanoseconds":651129100
            },{
               "IterationMode":"Workload",
               "IterationStage":"Actual",
               "LaunchIndex":1,
               "IterationIndex":4,
               "Operations":131072,
               "Nanoseconds":649322200
            },{
               "IterationMode":"Workload",
               "IterationStage":"Actual",
               "LaunchIndex":1,
               "IterationIndex":5,
               "Operations":131072,
               "Nanoseconds":649804300
            },{
               "IterationMode":"Workload",
               "IterationStage":"Actual",
               "LaunchIndex":1,
               "IterationIndex":6,
               "Operations":131072,
               "Nanoseconds":654298600
            },{
               "IterationMode":"Workload",
               "IterationStage":"Actual",
               "LaunchIndex":1,
               "IterationIndex":7,
               "Operations":131072,
               "Nanoseconds":650386300
            },{
               "IterationMode":"Workload",
               "IterationStage":"Actual",
               "LaunchIndex":1,
               "IterationIndex":8,
               "Operations":131072,
               "Nanoseconds":650888200
            },{
               "IterationMode":"Workload",
               "IterationStage":"Actual",
               "LaunchIndex":1,
               "IterationIndex":9,
               "Operations":131072,
               "Nanoseconds":650476500
            },{
               "IterationMode":"Workload",
               "IterationStage":"Actual",
               "LaunchIndex":1,
               "IterationIndex":10,
               "Operations":131072,
               "Nanoseconds":651467100
            },{
               "IterationMode":"Workload",
               "IterationStage":"Actual",
               "LaunchIndex":1,
               "IterationIndex":11,
               "Operations":131072,
               "Nanoseconds":651049300
            },{
               "IterationMode":"Workload",
               "IterationStage":"Actual",
               "LaunchIndex":1,
               "IterationIndex":12,
               "Operations":131072,
               "Nanoseconds":652463500
            },{
               "IterationMode":"Workload",
               "IterationStage":"Actual",
               "LaunchIndex":1,
               "IterationIndex":13,
               "Operations":131072,
               "Nanoseconds":644402400
            },{
               "IterationMode":"Workload",
               "IterationStage":"Actual",
               "LaunchIndex":1,
               "IterationIndex":14,
               "Operations":131072,
               "Nanoseconds":649909700
            },{
               "IterationMode":"Workload",
               "IterationStage":"Actual",
               "LaunchIndex":1,
               "IterationIndex":15,
               "Operations":131072,
               "Nanoseconds":652222600
            },{
               "IterationMode":"Workload",
               "IterationStage":"Result",
               "LaunchIndex":1,
               "IterationIndex":1,
               "Operations":131072,
               "Nanoseconds":654228800
            },{
               "IterationMode":"Workload",
               "IterationStage":"Result",
               "LaunchIndex":1,
               "IterationIndex":2,
               "Operations":131072,
               "Nanoseconds":645203400
            },{
               "IterationMode":"Workload",
               "IterationStage":"Result",
               "LaunchIndex":1,
               "IterationIndex":3,
               "Operations":131072,
               "Nanoseconds":650875800
            },{
               "IterationMode":"Workload",
               "IterationStage":"Result",
               "LaunchIndex":1,
               "IterationIndex":4,
               "Operations":131072,
               "Nanoseconds":649068900
            },{
               "IterationMode":"Workload",
               "IterationStage":"Result",
               "LaunchIndex":1,
               "IterationIndex":5,
               "Operations":131072,
               "Nanoseconds":649551000
            },{
               "IterationMode":"Workload",
               "IterationStage":"Result",
               "LaunchIndex":1,
               "IterationIndex":6,
               "Operations":131072,
               "Nanoseconds":654045300
            },{
               "IterationMode":"Workload",
               "IterationStage":"Result",
               "LaunchIndex":1,
               "IterationIndex":7,
               "Operations":131072,
               "Nanoseconds":650133000
            },{
               "IterationMode":"Workload",
               "IterationStage":"Result",
               "LaunchIndex":1,
               "IterationIndex":8,
               "Operations":131072,
               "Nanoseconds":650634900
            },{
               "IterationMode":"Workload",
               "IterationStage":"Result",
               "LaunchIndex":1,
               "IterationIndex":9,
               "Operations":131072,
               "Nanoseconds":650223200
            },{
               "IterationMode":"Workload",
               "IterationStage":"Result",
               "LaunchIndex":1,
               "IterationIndex":10,
               "Operations":131072,
               "Nanoseconds":651213800
            },{
               "IterationMode":"Workload",
               "IterationStage":"Result",
               "LaunchIndex":1,
               "IterationIndex":11,
               "Operations":131072,
               "Nanoseconds":650796000
            },{
               "IterationMode":"Workload",
               "IterationStage":"Result",
               "LaunchIndex":1,
               "IterationIndex":12,
               "Operations":131072,
               "Nanoseconds":652210200
            },{
               "IterationMode":"Workload",
               "IterationStage":"Result",
               "LaunchIndex":1,
               "IterationIndex":13,
               "Operations":131072,
               "Nanoseconds":644149100
            },{
               "IterationMode":"Workload",
               "IterationStage":"Result",
               "LaunchIndex":1,
               "IterationIndex":14,
               "Operations":131072,
               "Nanoseconds":649656400
            },{
               "IterationMode":"Workload",
               "IterationStage":"Result",
               "LaunchIndex":1,
               "IterationIndex":15,
               "Operations":131072,
               "Nanoseconds":651969300
            }
         ],
         "Metrics":[
            {
               "Value":1.39617919921875,
               "Descriptor":{
                  "Id":"Gen0Collects",
                  "DisplayName":"Gen 0",
                  "Legend":"GC Generation 0 collects per 1000 operations",
                  "NumberFormat":"#0.0000",
                  "UnitType":0,
                  "Unit":"Count",
                  "TheGreaterTheBetter":false,
                  "PriorityInCategory":0
               }
            },{
               "Value":0.00762939453125,
               "Descriptor":{
                  "Id":"Gen1Collects",
                  "DisplayName":"Gen 1",
                  "Legend":"GC Generation 1 collects per 1000 operations",
                  "NumberFormat":"#0.0000",
                  "UnitType":0,
                  "Unit":"Count",
                  "TheGreaterTheBetter":false,
                  "PriorityInCategory":1
               }
            },{
               "Value":12752,
               "Descriptor":{
                  "Id":"Allocated Memory",
                  "DisplayName":"Allocated",
                  "Legend":"Allocated memory per single operation (managed only, inclusive, 1KB = 1024B)",
                  "NumberFormat":"N0",
                  "UnitType":2,
                  "Unit":"B",
                  "TheGreaterTheBetter":false,
                  "PriorityInCategory":3
               }
            },{
               "Value":926,
               "Descriptor":{
                  "Id":"Native Code Size",
                  "DisplayName":"Code Size",
                  "Legend":"Native code size of the disassembled method(s)",
                  "NumberFormat":"N0",
                  "UnitType":2,
                  "Unit":"B",
                  "TheGreaterTheBetter":false,
                  "PriorityInCategory":0
               }
            }
         ]
      },{
         "DisplayInfo":"EncryptionHelperBenchmark.SimpleDecrypt: Job-YNYGDE(EvaluateOverhead=True, Server=True, Toolchain=.NET 5.0)",
         "Namespace":"dotNetTips.Spargine.Core.BenchmarkTests.Security",
         "Type":"EncryptionHelperBenchmark",
         "Method":"SimpleDecrypt",
         "MethodTitle":"SimpleDecrypt",
         "Parameters":"",
         "FullName":"dotNetTips.Spargine.Core.BenchmarkTests.Security.EncryptionHelperBenchmark.SimpleDecrypt",
         "Statistics":{
            "OriginalValues":[
               7639.805603027344,7632.933044433594,7633.28857421875,7634.149169921875,7640.4327392578125,7548.451232910156,7629.6630859375,7644.422912597656,7633.415222167969,7635.691833496094,7624.993896484375,7634.828186035156,7631.318664550781
            ],
            "N":13,
            "Min":7548.451232910156,
            "LowerFence":7624.7589111328125,
            "Q1":7631.318664550781,
            "Median":7633.415222167969,
            "Mean":7627.953397310697,
            "Q3":7635.691833496094,
            "UpperFence":7642.2515869140625,
            "Max":7644.422912597656,
            "InterquartileRange":4.3731689453125,
            "LowerOutliers":[
               7548.451232910156
            ],
            "UpperOutliers":[
               7644.422912597656
            ],
            "AllOutliers":[
               7548.451232910156,7644.422912597656
            ],
            "StandardError":6.765144823629714,
            "Variance":594.9733983008908,
            "StandardDeviation":24.392076547536718,
            "Skewness":-2.6128084649069994,
            "Kurtosis":8.708832200380453,
            "ConfidenceInterval":{
               "N":13,
               "Mean":7627.953397310697,
               "StandardError":6.765144823629714,
               "Level":12,
               "Margin":29.2104833509721,
               "Lower":7598.742913959725,
               "Upper":7657.163880661669
            },
            "Percentiles":{
               "P0":7548.451232910156,
               "P25":7631.318664550781,
               "P50":7633.415222167969,
               "P67":7634.862731933594,
               "P80":7638.160095214844,
               "P85":7639.9310302734375,
               "P90":7640.307312011719,
               "P95":7642.02880859375,
               "P100":7644.422912597656
            }
         },
         "Memory":{
            "Gen0Collections":70,
            "Gen1Collections":0,
            "Gen2Collections":0,
            "TotalOperations":65536
         },
         "Measurements":[
            {
               "IterationMode":"Overhead",
               "IterationStage":"Jitting",
               "LaunchIndex":1,
               "IterationIndex":1,
               "Operations":1,
               "Nanoseconds":221900
            },{
               "IterationMode":"Workload",
               "IterationStage":"Jitting",
               "LaunchIndex":1,
               "IterationIndex":1,
               "Operations":1,
               "Nanoseconds":2481200
            },{
               "IterationMode":"Overhead",
               "IterationStage":"Jitting",
               "LaunchIndex":1,
               "IterationIndex":2,
               "Operations":16,
               "Nanoseconds":211800
            },{
               "IterationMode":"Workload",
               "IterationStage":"Jitting",
               "LaunchIndex":1,
               "IterationIndex":2,
               "Operations":16,
               "Nanoseconds":427100
            },{
               "IterationMode":"Workload",
               "IterationStage":"Pilot",
               "LaunchIndex":1,
               "IterationIndex":1,
               "Operations":16,
               "Nanoseconds":245800
            },{
               "IterationMode":"Workload",
               "IterationStage":"Pilot",
               "LaunchIndex":1,
               "IterationIndex":2,
               "Operations":32,
               "Nanoseconds":309000
            },{
               "IterationMode":"Workload",
               "IterationStage":"Pilot",
               "LaunchIndex":1,
               "IterationIndex":3,
               "Operations":64,
               "Nanoseconds":690000
            },{
               "IterationMode":"Workload",
               "IterationStage":"Pilot",
               "LaunchIndex":1,
               "IterationIndex":4,
               "Operations":128,
               "Nanoseconds":1394200
            },{
               "IterationMode":"Workload",
               "IterationStage":"Pilot",
               "LaunchIndex":1,
               "IterationIndex":5,
               "Operations":256,
               "Nanoseconds":2938200
            },{
               "IterationMode":"Workload",
               "IterationStage":"Pilot",
               "LaunchIndex":1,
               "IterationIndex":6,
               "Operations":512,
               "Nanoseconds":5404100
            },{
               "IterationMode":"Workload",
               "IterationStage":"Pilot",
               "LaunchIndex":1,
               "IterationIndex":7,
               "Operations":1024,
               "Nanoseconds":10644600
            },{
               "IterationMode":"Workload",
               "IterationStage":"Pilot",
               "LaunchIndex":1,
               "IterationIndex":8,
               "Operations":2048,
               "Nanoseconds":19030000
            },{
               "IterationMode":"Workload",
               "IterationStage":"Pilot",
               "LaunchIndex":1,
               "IterationIndex":9,
               "Operations":4096,
               "Nanoseconds":37281400
            },{
               "IterationMode":"Workload",
               "IterationStage":"Pilot",
               "LaunchIndex":1,
               "IterationIndex":10,
               "Operations":8192,
               "Nanoseconds":71650100
            },{
               "IterationMode":"Workload",
               "IterationStage":"Pilot",
               "LaunchIndex":1,
               "IterationIndex":11,
               "Operations":16384,
               "Nanoseconds":140607200
            },{
               "IterationMode":"Workload",
               "IterationStage":"Pilot",
               "LaunchIndex":1,
               "IterationIndex":12,
               "Operations":32768,
               "Nanoseconds":259625300
            },{
               "IterationMode":"Workload",
               "IterationStage":"Pilot",
               "LaunchIndex":1,
               "IterationIndex":13,
               "Operations":65536,
               "Nanoseconds":504845900
            },{
               "IterationMode":"Overhead",
               "IterationStage":"Warmup",
               "LaunchIndex":1,
               "IterationIndex":1,
               "Operations":65536,
               "Nanoseconds":135300
            },{
               "IterationMode":"Overhead",
               "IterationStage":"Warmup",
               "LaunchIndex":1,
               "IterationIndex":2,
               "Operations":65536,
               "Nanoseconds":134500
            },{
               "IterationMode":"Overhead",
               "IterationStage":"Warmup",
               "LaunchIndex":1,
               "IterationIndex":3,
               "Operations":65536,
               "Nanoseconds":140100
            },{
               "IterationMode":"Overhead",
               "IterationStage":"Warmup",
               "LaunchIndex":1,
               "IterationIndex":4,
               "Operations":65536,
               "Nanoseconds":161100
            },{
               "IterationMode":"Overhead",
               "IterationStage":"Warmup",
               "LaunchIndex":1,
               "IterationIndex":5,
               "Operations":65536,
               "Nanoseconds":148900
            },{
               "IterationMode":"Overhead",
               "IterationStage":"Warmup",
               "LaunchIndex":1,
               "IterationIndex":6,
               "Operations":65536,
               "Nanoseconds":128200
            },{
               "IterationMode":"Overhead",
               "IterationStage":"Warmup",
               "LaunchIndex":1,
               "IterationIndex":7,
               "Operations":65536,
               "Nanoseconds":128000
            },{
               "IterationMode":"Overhead",
               "IterationStage":"Warmup",
               "LaunchIndex":1,
               "IterationIndex":8,
               "Operations":65536,
               "Nanoseconds":128000
            },{
               "IterationMode":"Overhead",
               "IterationStage":"Warmup",
               "LaunchIndex":1,
               "IterationIndex":9,
               "Operations":65536,
               "Nanoseconds":128900
            },{
               "IterationMode":"Overhead",
               "IterationStage":"Actual",
               "LaunchIndex":1,
               "IterationIndex":1,
               "Operations":65536,
               "Nanoseconds":126900
            },{
               "IterationMode":"Overhead",
               "IterationStage":"Actual",
               "LaunchIndex":1,
               "IterationIndex":2,
               "Operations":65536,
               "Nanoseconds":126500
            },{
               "IterationMode":"Overhead",
               "IterationStage":"Actual",
               "LaunchIndex":1,
               "IterationIndex":3,
               "Operations":65536,
               "Nanoseconds":125900
            },{
               "IterationMode":"Overhead",
               "IterationStage":"Actual",
               "LaunchIndex":1,
               "IterationIndex":4,
               "Operations":65536,
               "Nanoseconds":127900
            },{
               "IterationMode":"Overhead",
               "IterationStage":"Actual",
               "LaunchIndex":1,
               "IterationIndex":5,
               "Operations":65536,
               "Nanoseconds":126700
            },{
               "IterationMode":"Overhead",
               "IterationStage":"Actual",
               "LaunchIndex":1,
               "IterationIndex":6,
               "Operations":65536,
               "Nanoseconds":131900
            },{
               "IterationMode":"Overhead",
               "IterationStage":"Actual",
               "LaunchIndex":1,
               "IterationIndex":7,
               "Operations":65536,
               "Nanoseconds":130700
            },{
               "IterationMode":"Overhead",
               "IterationStage":"Actual",
               "LaunchIndex":1,
               "IterationIndex":8,
               "Operations":65536,
               "Nanoseconds":127900
            },{
               "IterationMode":"Overhead",
               "IterationStage":"Actual",
               "LaunchIndex":1,
               "IterationIndex":9,
               "Operations":65536,
               "Nanoseconds":131500
            },{
               "IterationMode":"Overhead",
               "IterationStage":"Actual",
               "LaunchIndex":1,
               "IterationIndex":10,
               "Operations":65536,
               "Nanoseconds":127900
            },{
               "IterationMode":"Overhead",
               "IterationStage":"Actual",
               "LaunchIndex":1,
               "IterationIndex":11,
               "Operations":65536,
               "Nanoseconds":128100
            },{
               "IterationMode":"Overhead",
               "IterationStage":"Actual",
               "LaunchIndex":1,
               "IterationIndex":12,
               "Operations":65536,
               "Nanoseconds":130700
            },{
               "IterationMode":"Overhead",
               "IterationStage":"Actual",
               "LaunchIndex":1,
               "IterationIndex":13,
               "Operations":65536,
               "Nanoseconds":129000
            },{
               "IterationMode":"Overhead",
               "IterationStage":"Actual",
               "LaunchIndex":1,
               "IterationIndex":14,
               "Operations":65536,
               "Nanoseconds":132000
            },{
               "IterationMode":"Overhead",
               "IterationStage":"Actual",
               "LaunchIndex":1,
               "IterationIndex":15,
               "Operations":65536,
               "Nanoseconds":130600
            },{
               "IterationMode":"Workload",
               "IterationStage":"Warmup",
               "LaunchIndex":1,
               "IterationIndex":1,
               "Operations":65536,
               "Nanoseconds":504041600
            },{
               "IterationMode":"Workload",
               "IterationStage":"Warmup",
               "LaunchIndex":1,
               "IterationIndex":2,
               "Operations":65536,
               "Nanoseconds":503053500
            },{
               "IterationMode":"Workload",
               "IterationStage":"Warmup",
               "LaunchIndex":1,
               "IterationIndex":3,
               "Operations":65536,
               "Nanoseconds":499729600
            },{
               "IterationMode":"Workload",
               "IterationStage":"Warmup",
               "LaunchIndex":1,
               "IterationIndex":4,
               "Operations":65536,
               "Nanoseconds":514770100
            },{
               "IterationMode":"Workload",
               "IterationStage":"Warmup",
               "LaunchIndex":1,
               "IterationIndex":5,
               "Operations":65536,
               "Nanoseconds":496461900
            },{
               "IterationMode":"Workload",
               "IterationStage":"Warmup",
               "LaunchIndex":1,
               "IterationIndex":6,
               "Operations":65536,
               "Nanoseconds":500299800
            },{
               "IterationMode":"Workload",
               "IterationStage":"Warmup",
               "LaunchIndex":1,
               "IterationIndex":7,
               "Operations":65536,
               "Nanoseconds":500189400
            },{
               "IterationMode":"Workload",
               "IterationStage":"Actual",
               "LaunchIndex":1,
               "IterationIndex":1,
               "Operations":65536,
               "Nanoseconds":500810400
            },{
               "IterationMode":"Workload",
               "IterationStage":"Actual",
               "LaunchIndex":1,
               "IterationIndex":2,
               "Operations":65536,
               "Nanoseconds":500360000
            },{
               "IterationMode":"Workload",
               "IterationStage":"Actual",
               "LaunchIndex":1,
               "IterationIndex":3,
               "Operations":65536,
               "Nanoseconds":500383300
            },{
               "IterationMode":"Workload",
               "IterationStage":"Actual",
               "LaunchIndex":1,
               "IterationIndex":4,
               "Operations":65536,
               "Nanoseconds":500439700
            },{
               "IterationMode":"Workload",
               "IterationStage":"Actual",
               "LaunchIndex":1,
               "IterationIndex":5,
               "Operations":65536,
               "Nanoseconds":500851500
            },{
               "IterationMode":"Workload",
               "IterationStage":"Actual",
               "LaunchIndex":1,
               "IterationIndex":6,
               "Operations":65536,
               "Nanoseconds":506599800
            },{
               "IterationMode":"Workload",
               "IterationStage":"Actual",
               "LaunchIndex":1,
               "IterationIndex":7,
               "Operations":65536,
               "Nanoseconds":494823400
            },{
               "IterationMode":"Workload",
               "IterationStage":"Actual",
               "LaunchIndex":1,
               "IterationIndex":8,
               "Operations":65536,
               "Nanoseconds":501707600
            },{
               "IterationMode":"Workload",
               "IterationStage":"Actual",
               "LaunchIndex":1,
               "IterationIndex":9,
               "Operations":65536,
               "Nanoseconds":500145700
            },{
               "IterationMode":"Workload",
               "IterationStage":"Actual",
               "LaunchIndex":1,
               "IterationIndex":10,
               "Operations":65536,
               "Nanoseconds":501113000
            },{
               "IterationMode":"Workload",
               "IterationStage":"Actual",
               "LaunchIndex":1,
               "IterationIndex":11,
               "Operations":65536,
               "Nanoseconds":500391600
            },{
               "IterationMode":"Workload",
               "IterationStage":"Actual",
               "LaunchIndex":1,
               "IterationIndex":12,
               "Operations":65536,
               "Nanoseconds":500540800
            },{
               "IterationMode":"Workload",
               "IterationStage":"Actual",
               "LaunchIndex":1,
               "IterationIndex":13,
               "Operations":65536,
               "Nanoseconds":499839700
            },{
               "IterationMode":"Workload",
               "IterationStage":"Actual",
               "LaunchIndex":1,
               "IterationIndex":14,
               "Operations":65536,
               "Nanoseconds":500484200
            },{
               "IterationMode":"Workload",
               "IterationStage":"Actual",
               "LaunchIndex":1,
               "IterationIndex":15,
               "Operations":65536,
               "Nanoseconds":500254200
            },{
               "IterationMode":"Workload",
               "IterationStage":"Result",
               "LaunchIndex":1,
               "IterationIndex":1,
               "Operations":65536,
               "Nanoseconds":500682300
            },{
               "IterationMode":"Workload",
               "IterationStage":"Result",
               "LaunchIndex":1,
               "IterationIndex":2,
               "Operations":65536,
               "Nanoseconds":500231900
            },{
               "IterationMode":"Workload",
               "IterationStage":"Result",
               "LaunchIndex":1,
               "IterationIndex":3,
               "Operations":65536,
               "Nanoseconds":500255200
            },{
               "IterationMode":"Workload",
               "IterationStage":"Result",
               "LaunchIndex":1,
               "IterationIndex":4,
               "Operations":65536,
               "Nanoseconds":500311600
            },{
               "IterationMode":"Workload",
               "IterationStage":"Result",
               "LaunchIndex":1,
               "IterationIndex":5,
               "Operations":65536,
               "Nanoseconds":500723400
            },{
               "IterationMode":"Workload",
               "IterationStage":"Result",
               "LaunchIndex":1,
               "IterationIndex":6,
               "Operations":65536,
               "Nanoseconds":494695300
            },{
               "IterationMode":"Workload",
               "IterationStage":"Result",
               "LaunchIndex":1,
               "IterationIndex":7,
               "Operations":65536,
               "Nanoseconds":500017600
            },{
               "IterationMode":"Workload",
               "IterationStage":"Result",
               "LaunchIndex":1,
               "IterationIndex":8,
               "Operations":65536,
               "Nanoseconds":500984900
            },{
               "IterationMode":"Workload",
               "IterationStage":"Result",
               "LaunchIndex":1,
               "IterationIndex":9,
               "Operations":65536,
               "Nanoseconds":500263500
            },{
               "IterationMode":"Workload",
               "IterationStage":"Result",
               "LaunchIndex":1,
               "IterationIndex":10,
               "Operations":65536,
               "Nanoseconds":500412700
            },{
               "IterationMode":"Workload",
               "IterationStage":"Result",
               "LaunchIndex":1,
               "IterationIndex":11,
               "Operations":65536,
               "Nanoseconds":499711600
            },{
               "IterationMode":"Workload",
               "IterationStage":"Result",
               "LaunchIndex":1,
               "IterationIndex":12,
               "Operations":65536,
               "Nanoseconds":500356100
            },{
               "IterationMode":"Workload",
               "IterationStage":"Result",
               "LaunchIndex":1,
               "IterationIndex":13,
               "Operations":65536,
               "Nanoseconds":500126100
            }
         ],
         "Metrics":[
            {
               "Value":1.068115234375,
               "Descriptor":{
                  "Id":"Gen0Collects",
                  "DisplayName":"Gen 0",
                  "Legend":"GC Generation 0 collects per 1000 operations",
                  "NumberFormat":"#0.0000",
                  "UnitType":0,
                  "Unit":"Count",
                  "TheGreaterTheBetter":false,
                  "PriorityInCategory":0
               }
            },{
               "Value":9832,
               "Descriptor":{
                  "Id":"Allocated Memory",
                  "DisplayName":"Allocated",
                  "Legend":"Allocated memory per single operation (managed only, inclusive, 1KB = 1024B)",
                  "NumberFormat":"N0",
                  "UnitType":2,
                  "Unit":"B",
                  "TheGreaterTheBetter":false,
                  "PriorityInCategory":3
               }
            },{
               "Value":1255,
               "Descriptor":{
                  "Id":"Native Code Size",
                  "DisplayName":"Code Size",
                  "Legend":"Native code size of the disassembled method(s)",
                  "NumberFormat":"N0",
                  "UnitType":2,
                  "Unit":"B",
                  "TheGreaterTheBetter":false,
                  "PriorityInCategory":0
               }
            }
         ]
      },{
         "DisplayInfo":"EncryptionHelperBenchmark.SimpleEncrypt: Job-YNYGDE(EvaluateOverhead=True, Server=True, Toolchain=.NET 5.0)",
         "Namespace":"dotNetTips.Spargine.Core.BenchmarkTests.Security",
         "Type":"EncryptionHelperBenchmark",
         "Method":"SimpleEncrypt",
         "MethodTitle":"SimpleEncrypt",
         "Parameters":"",
         "FullName":"dotNetTips.Spargine.Core.BenchmarkTests.Security.EncryptionHelperBenchmark.SimpleEncrypt",
         "Statistics":{
            "OriginalValues":[
               6465.510559082031,6472.10693359375,6453.411865234375,6455.519104003906,6453.3966064453125,6459.559631347656,6475.213623046875,6461.439514160156,6470.4437255859375,6384.539794921875,6328.285217285156,6322.61962890625,6315.6219482421875,6348.530578613281,6334.82666015625
            ],
            "N":15,
            "Min":6315.6219482421875,
            "LowerFence":6158.983993530273,
            "Q1":6341.678619384766,
            "Median":6453.411865234375,
            "Mean":6413.401692708333,
            "Q3":6463.475036621094,
            "UpperFence":6646.169662475586,
            "Max":6475.213623046875,
            "InterquartileRange":121.79641723632812,
            "LowerOutliers":[
               
            ],
            "UpperOutliers":[
               
            ],
            "AllOutliers":[
               
            ],
            "StandardError":16.74898727796757,
            "Variance":4207.928622562793,
            "StandardDeviation":64.8685487934083,
            "Skewness":-0.465103648979462,
            "Kurtosis":1.2458875815889254,
            "ConfidenceInterval":{
               "N":15,
               "Mean":6413.401692708333,
               "StandardError":16.74898727796757,
               "Level":12,
               "Margin":69.34841326339469,
               "Lower":6344.053279444938,
               "Upper":6482.750105971728
            },
            "Percentiles":{
               "P0":6315.6219482421875,
               "P25":6341.678619384766,
               "P50":6453.411865234375,
               "P67":6460.273986816406,
               "P80":6466.4971923828125,
               "P85":6469.950408935547,
               "P90":6471.441650390625,
               "P95":6473.0389404296875,
               "P100":6475.213623046875
            }
         },
         "Memory":{
            "Gen0Collections":96,
            "Gen1Collections":1,
            "Gen2Collections":0,
            "TotalOperations":65536
         },
         "Measurements":[
            {
               "IterationMode":"Overhead",
               "IterationStage":"Jitting",
               "LaunchIndex":1,
               "IterationIndex":1,
               "Operations":1,
               "Nanoseconds":258000
            },{
               "IterationMode":"Workload",
               "IterationStage":"Jitting",
               "LaunchIndex":1,
               "IterationIndex":1,
               "Operations":1,
               "Nanoseconds":392200
            },{
               "IterationMode":"Overhead",
               "IterationStage":"Jitting",
               "LaunchIndex":1,
               "IterationIndex":2,
               "Operations":16,
               "Nanoseconds":225700
            },{
               "IterationMode":"Workload",
               "IterationStage":"Jitting",
               "LaunchIndex":1,
               "IterationIndex":2,
               "Operations":16,
               "Nanoseconds":427100
            },{
               "IterationMode":"Workload",
               "IterationStage":"Pilot",
               "LaunchIndex":1,
               "IterationIndex":1,
               "Operations":16,
               "Nanoseconds":184900
            },{
               "IterationMode":"Workload",
               "IterationStage":"Pilot",
               "LaunchIndex":1,
               "IterationIndex":2,
               "Operations":32,
               "Nanoseconds":453800
            },{
               "IterationMode":"Workload",
               "IterationStage":"Pilot",
               "LaunchIndex":1,
               "IterationIndex":3,
               "Operations":64,
               "Nanoseconds":753000
            },{
               "IterationMode":"Workload",
               "IterationStage":"Pilot",
               "LaunchIndex":1,
               "IterationIndex":4,
               "Operations":128,
               "Nanoseconds":1694100
            },{
               "IterationMode":"Workload",
               "IterationStage":"Pilot",
               "LaunchIndex":1,
               "IterationIndex":5,
               "Operations":256,
               "Nanoseconds":3221300
            },{
               "IterationMode":"Workload",
               "IterationStage":"Pilot",
               "LaunchIndex":1,
               "IterationIndex":6,
               "Operations":512,
               "Nanoseconds":6242000
            },{
               "IterationMode":"Workload",
               "IterationStage":"Pilot",
               "LaunchIndex":1,
               "IterationIndex":7,
               "Operations":1024,
               "Nanoseconds":11282100
            },{
               "IterationMode":"Workload",
               "IterationStage":"Pilot",
               "LaunchIndex":1,
               "IterationIndex":8,
               "Operations":2048,
               "Nanoseconds":21395900
            },{
               "IterationMode":"Workload",
               "IterationStage":"Pilot",
               "LaunchIndex":1,
               "IterationIndex":9,
               "Operations":4096,
               "Nanoseconds":43379700
            },{
               "IterationMode":"Workload",
               "IterationStage":"Pilot",
               "LaunchIndex":1,
               "IterationIndex":10,
               "Operations":8192,
               "Nanoseconds":86585800
            },{
               "IterationMode":"Workload",
               "IterationStage":"Pilot",
               "LaunchIndex":1,
               "IterationIndex":11,
               "Operations":16384,
               "Nanoseconds":147640300
            },{
               "IterationMode":"Workload",
               "IterationStage":"Pilot",
               "LaunchIndex":1,
               "IterationIndex":12,
               "Operations":32768,
               "Nanoseconds":272272700
            },{
               "IterationMode":"Workload",
               "IterationStage":"Pilot",
               "LaunchIndex":1,
               "IterationIndex":13,
               "Operations":65536,
               "Nanoseconds":536635900
            },{
               "IterationMode":"Overhead",
               "IterationStage":"Warmup",
               "LaunchIndex":1,
               "IterationIndex":1,
               "Operations":65536,
               "Nanoseconds":157300
            },{
               "IterationMode":"Overhead",
               "IterationStage":"Warmup",
               "LaunchIndex":1,
               "IterationIndex":2,
               "Operations":65536,
               "Nanoseconds":157600
            },{
               "IterationMode":"Overhead",
               "IterationStage":"Warmup",
               "LaunchIndex":1,
               "IterationIndex":3,
               "Operations":65536,
               "Nanoseconds":172500
            },{
               "IterationMode":"Overhead",
               "IterationStage":"Warmup",
               "LaunchIndex":1,
               "IterationIndex":4,
               "Operations":65536,
               "Nanoseconds":159200
            },{
               "IterationMode":"Overhead",
               "IterationStage":"Warmup",
               "LaunchIndex":1,
               "IterationIndex":5,
               "Operations":65536,
               "Nanoseconds":155700
            },{
               "IterationMode":"Overhead",
               "IterationStage":"Warmup",
               "LaunchIndex":1,
               "IterationIndex":6,
               "Operations":65536,
               "Nanoseconds":159200
            },{
               "IterationMode":"Overhead",
               "IterationStage":"Warmup",
               "LaunchIndex":1,
               "IterationIndex":7,
               "Operations":65536,
               "Nanoseconds":159400
            },{
               "IterationMode":"Overhead",
               "IterationStage":"Warmup",
               "LaunchIndex":1,
               "IterationIndex":8,
               "Operations":65536,
               "Nanoseconds":159200
            },{
               "IterationMode":"Overhead",
               "IterationStage":"Actual",
               "LaunchIndex":1,
               "IterationIndex":1,
               "Operations":65536,
               "Nanoseconds":157600
            },{
               "IterationMode":"Overhead",
               "IterationStage":"Actual",
               "LaunchIndex":1,
               "IterationIndex":2,
               "Operations":65536,
               "Nanoseconds":157500
            },{
               "IterationMode":"Overhead",
               "IterationStage":"Actual",
               "LaunchIndex":1,
               "IterationIndex":3,
               "Operations":65536,
               "Nanoseconds":163100
            },{
               "IterationMode":"Overhead",
               "IterationStage":"Actual",
               "LaunchIndex":1,
               "IterationIndex":4,
               "Operations":65536,
               "Nanoseconds":155900
            },{
               "IterationMode":"Overhead",
               "IterationStage":"Actual",
               "LaunchIndex":1,
               "IterationIndex":5,
               "Operations":65536,
               "Nanoseconds":157200
            },{
               "IterationMode":"Overhead",
               "IterationStage":"Actual",
               "LaunchIndex":1,
               "IterationIndex":6,
               "Operations":65536,
               "Nanoseconds":162000
            },{
               "IterationMode":"Overhead",
               "IterationStage":"Actual",
               "LaunchIndex":1,
               "IterationIndex":7,
               "Operations":65536,
               "Nanoseconds":159600
            },{
               "IterationMode":"Overhead",
               "IterationStage":"Actual",
               "LaunchIndex":1,
               "IterationIndex":8,
               "Operations":65536,
               "Nanoseconds":159200
            },{
               "IterationMode":"Overhead",
               "IterationStage":"Actual",
               "LaunchIndex":1,
               "IterationIndex":9,
               "Operations":65536,
               "Nanoseconds":159100
            },{
               "IterationMode":"Overhead",
               "IterationStage":"Actual",
               "LaunchIndex":1,
               "IterationIndex":10,
               "Operations":65536,
               "Nanoseconds":159300
            },{
               "IterationMode":"Overhead",
               "IterationStage":"Actual",
               "LaunchIndex":1,
               "IterationIndex":11,
               "Operations":65536,
               "Nanoseconds":159300
            },{
               "IterationMode":"Overhead",
               "IterationStage":"Actual",
               "LaunchIndex":1,
               "IterationIndex":12,
               "Operations":65536,
               "Nanoseconds":160300
            },{
               "IterationMode":"Overhead",
               "IterationStage":"Actual",
               "LaunchIndex":1,
               "IterationIndex":13,
               "Operations":65536,
               "Nanoseconds":208600
            },{
               "IterationMode":"Overhead",
               "IterationStage":"Actual",
               "LaunchIndex":1,
               "IterationIndex":14,
               "Operations":65536,
               "Nanoseconds":159500
            },{
               "IterationMode":"Overhead",
               "IterationStage":"Actual",
               "LaunchIndex":1,
               "IterationIndex":15,
               "Operations":65536,
               "Nanoseconds":162000
            },{
               "IterationMode":"Workload",
               "IterationStage":"Warmup",
               "LaunchIndex":1,
               "IterationIndex":1,
               "Operations":65536,
               "Nanoseconds":451860500
            },{
               "IterationMode":"Workload",
               "IterationStage":"Warmup",
               "LaunchIndex":1,
               "IterationIndex":2,
               "Operations":65536,
               "Nanoseconds":423818600
            },{
               "IterationMode":"Workload",
               "IterationStage":"Warmup",
               "LaunchIndex":1,
               "IterationIndex":3,
               "Operations":65536,
               "Nanoseconds":423995900
            },{
               "IterationMode":"Workload",
               "IterationStage":"Warmup",
               "LaunchIndex":1,
               "IterationIndex":4,
               "Operations":65536,
               "Nanoseconds":427669300
            },{
               "IterationMode":"Workload",
               "IterationStage":"Warmup",
               "LaunchIndex":1,
               "IterationIndex":5,
               "Operations":65536,
               "Nanoseconds":423535800
            },{
               "IterationMode":"Workload",
               "IterationStage":"Warmup",
               "LaunchIndex":1,
               "IterationIndex":6,
               "Operations":65536,
               "Nanoseconds":423161100
            },{
               "IterationMode":"Workload",
               "IterationStage":"Warmup",
               "LaunchIndex":1,
               "IterationIndex":7,
               "Operations":65536,
               "Nanoseconds":423014500
            },{
               "IterationMode":"Workload",
               "IterationStage":"Warmup",
               "LaunchIndex":1,
               "IterationIndex":8,
               "Operations":65536,
               "Nanoseconds":422794400
            },{
               "IterationMode":"Workload",
               "IterationStage":"Warmup",
               "LaunchIndex":1,
               "IterationIndex":9,
               "Operations":65536,
               "Nanoseconds":424208600
            },{
               "IterationMode":"Workload",
               "IterationStage":"Warmup",
               "LaunchIndex":1,
               "IterationIndex":10,
               "Operations":65536,
               "Nanoseconds":424158100
            },{
               "IterationMode":"Workload",
               "IterationStage":"Actual",
               "LaunchIndex":1,
               "IterationIndex":1,
               "Operations":65536,
               "Nanoseconds":423883000
            },{
               "IterationMode":"Workload",
               "IterationStage":"Actual",
               "LaunchIndex":1,
               "IterationIndex":2,
               "Operations":65536,
               "Nanoseconds":424315300
            },{
               "IterationMode":"Workload",
               "IterationStage":"Actual",
               "LaunchIndex":1,
               "IterationIndex":3,
               "Operations":65536,
               "Nanoseconds":423090100
            },{
               "IterationMode":"Workload",
               "IterationStage":"Actual",
               "LaunchIndex":1,
               "IterationIndex":4,
               "Operations":65536,
               "Nanoseconds":423228200
            },{
               "IterationMode":"Workload",
               "IterationStage":"Actual",
               "LaunchIndex":1,
               "IterationIndex":5,
               "Operations":65536,
               "Nanoseconds":423089100
            },{
               "IterationMode":"Workload",
               "IterationStage":"Actual",
               "LaunchIndex":1,
               "IterationIndex":6,
               "Operations":65536,
               "Nanoseconds":423493000
            },{
               "IterationMode":"Workload",
               "IterationStage":"Actual",
               "LaunchIndex":1,
               "IterationIndex":7,
               "Operations":65536,
               "Nanoseconds":424518900
            },{
               "IterationMode":"Workload",
               "IterationStage":"Actual",
               "LaunchIndex":1,
               "IterationIndex":8,
               "Operations":65536,
               "Nanoseconds":423616200
            },{
               "IterationMode":"Workload",
               "IterationStage":"Actual",
               "LaunchIndex":1,
               "IterationIndex":9,
               "Operations":65536,
               "Nanoseconds":424206300
            },{
               "IterationMode":"Workload",
               "IterationStage":"Actual",
               "LaunchIndex":1,
               "IterationIndex":10,
               "Operations":65536,
               "Nanoseconds":418576500
            },{
               "IterationMode":"Workload",
               "IterationStage":"Actual",
               "LaunchIndex":1,
               "IterationIndex":11,
               "Operations":65536,
               "Nanoseconds":414889800
            },{
               "IterationMode":"Workload",
               "IterationStage":"Actual",
               "LaunchIndex":1,
               "IterationIndex":12,
               "Operations":65536,
               "Nanoseconds":414518500
            },{
               "IterationMode":"Workload",
               "IterationStage":"Actual",
               "LaunchIndex":1,
               "IterationIndex":13,
               "Operations":65536,
               "Nanoseconds":414059900
            },{
               "IterationMode":"Workload",
               "IterationStage":"Actual",
               "LaunchIndex":1,
               "IterationIndex":14,
               "Operations":65536,
               "Nanoseconds":416216600
            },{
               "IterationMode":"Workload",
               "IterationStage":"Actual",
               "LaunchIndex":1,
               "IterationIndex":15,
               "Operations":65536,
               "Nanoseconds":415318500
            },{
               "IterationMode":"Workload",
               "IterationStage":"Result",
               "LaunchIndex":1,
               "IterationIndex":1,
               "Operations":65536,
               "Nanoseconds":423723700
            },{
               "IterationMode":"Workload",
               "IterationStage":"Result",
               "LaunchIndex":1,
               "IterationIndex":2,
               "Operations":65536,
               "Nanoseconds":424156000
            },{
               "IterationMode":"Workload",
               "IterationStage":"Result",
               "LaunchIndex":1,
               "IterationIndex":3,
               "Operations":65536,
               "Nanoseconds":422930800
            },{
               "IterationMode":"Workload",
               "IterationStage":"Result",
               "LaunchIndex":1,
               "IterationIndex":4,
               "Operations":65536,
               "Nanoseconds":423068900
            },{
               "IterationMode":"Workload",
               "IterationStage":"Result",
               "LaunchIndex":1,
               "IterationIndex":5,
               "Operations":65536,
               "Nanoseconds":422929800
            },{
               "IterationMode":"Workload",
               "IterationStage":"Result",
               "LaunchIndex":1,
               "IterationIndex":6,
               "Operations":65536,
               "Nanoseconds":423333700
            },{
               "IterationMode":"Workload",
               "IterationStage":"Result",
               "LaunchIndex":1,
               "IterationIndex":7,
               "Operations":65536,
               "Nanoseconds":424359600
            },{
               "IterationMode":"Workload",
               "IterationStage":"Result",
               "LaunchIndex":1,
               "IterationIndex":8,
               "Operations":65536,
               "Nanoseconds":423456900
            },{
               "IterationMode":"Workload",
               "IterationStage":"Result",
               "LaunchIndex":1,
               "IterationIndex":9,
               "Operations":65536,
               "Nanoseconds":424047000
            },{
               "IterationMode":"Workload",
               "IterationStage":"Result",
               "LaunchIndex":1,
               "IterationIndex":10,
               "Operations":65536,
               "Nanoseconds":418417200
            },{
               "IterationMode":"Workload",
               "IterationStage":"Result",
               "LaunchIndex":1,
               "IterationIndex":11,
               "Operations":65536,
               "Nanoseconds":414730500
            },{
               "IterationMode":"Workload",
               "IterationStage":"Result",
               "LaunchIndex":1,
               "IterationIndex":12,
               "Operations":65536,
               "Nanoseconds":414359200
            },{
               "IterationMode":"Workload",
               "IterationStage":"Result",
               "LaunchIndex":1,
               "IterationIndex":13,
               "Operations":65536,
               "Nanoseconds":413900600
            },{
               "IterationMode":"Workload",
               "IterationStage":"Result",
               "LaunchIndex":1,
               "IterationIndex":14,
               "Operations":65536,
               "Nanoseconds":416057300
            },{
               "IterationMode":"Workload",
               "IterationStage":"Result",
               "LaunchIndex":1,
               "IterationIndex":15,
               "Operations":65536,
               "Nanoseconds":415159200
            }
         ],
         "Metrics":[
            {
               "Value":1.46484375,
               "Descriptor":{
                  "Id":"Gen0Collects",
                  "DisplayName":"Gen 0",
                  "Legend":"GC Generation 0 collects per 1000 operations",
                  "NumberFormat":"#0.0000",
                  "UnitType":0,
                  "Unit":"Count",
                  "TheGreaterTheBetter":false,
                  "PriorityInCategory":0
               }
            },{
               "Value":0.0152587890625,
               "Descriptor":{
                  "Id":"Gen1Collects",
                  "DisplayName":"Gen 1",
                  "Legend":"GC Generation 1 collects per 1000 operations",
                  "NumberFormat":"#0.0000",
                  "UnitType":0,
                  "Unit":"Count",
                  "TheGreaterTheBetter":false,
                  "PriorityInCategory":1
               }
            },{
               "Value":13272,
               "Descriptor":{
                  "Id":"Allocated Memory",
                  "DisplayName":"Allocated",
                  "Legend":"Allocated memory per single operation (managed only, inclusive, 1KB = 1024B)",
                  "NumberFormat":"N0",
                  "UnitType":2,
                  "Unit":"B",
                  "TheGreaterTheBetter":false,
                  "PriorityInCategory":3
               }
            },{
               "Value":1257,
               "Descriptor":{
                  "Id":"Native Code Size",
                  "DisplayName":"Code Size",
                  "Legend":"Native code size of the disassembled method(s)",
                  "NumberFormat":"N0",
                  "UnitType":2,
                  "Unit":"B",
                  "TheGreaterTheBetter":false,
                  "PriorityInCategory":0
               }
            }
         ]
      }
   ]
}
