{
   "Title":"dotNetTips.Spargine.Extensions.BenchmarkTests.EnumExtensionsBenchmark-20210828-161810",
   "HostEnvironmentInfo":{
      "BenchmarkDotNetCaption":"BenchmarkDotNet",
      "BenchmarkDotNetVersion":"0.13.1",
      "OsVersion":"Windows 10.0.19042.1165 (20H2/October2020Update)",
      "ProcessorName":"Unknown processor",
      "PhysicalProcessorCount":null,
      "PhysicalCoreCount":null,
      "LogicalCoreCount":null,
      "RuntimeVersion":".NET 5.0.9 (5.0.921.35908)",
      "Architecture":"X64",
      "HasAttachedDebugger":false,
      "HasRyuJit":true,
      "Configuration":"RELEASE",
      "DotNetCliVersion":"6.0.100-preview.7.21379.14",
      "ChronometerFrequency":{
         "Hertz":10000000
      },
      "HardwareTimerKind":"Unknown"
   },
   "Benchmarks":[
      {
         "DisplayInfo":"EnumExtensionsBenchmark.GetDescription: Job-LAXWQE(EvaluateOverhead=True, Server=True, Toolchain=.NET 5.0)",
         "Namespace":"dotNetTips.Spargine.Extensions.BenchmarkTests",
         "Type":"EnumExtensionsBenchmark",
         "Method":"GetDescription01",
         "MethodTitle":"GetDescription",
         "Parameters":"",
         "FullName":"dotNetTips.Spargine.Extensions.BenchmarkTests.EnumExtensionsBenchmark.GetDescription01",
         "Statistics":{
            "OriginalValues":[
               441.04180335998535,439.0244960784912,441.399621963501,442.80738830566406,437.4512195587158,440.4806137084961,445.7291603088379,444.61493492126465,441.0179138183594,439.27149772644043,439.10441398620605,438.9338493347168,443.1333541870117,437.5434398651123,440.5496120452881
            ],
            "N":15,
            "Min":437.4512195587158,
            "LowerFence":434.5058798789978,
            "Q1":439.06445503234863,
            "Median":440.5496120452881,
            "Mean":440.80688794453937,
            "Q3":442.1035051345825,
            "UpperFence":446.66208028793335,
            "Max":445.7291603088379,
            "InterquartileRange":3.0390501022338867,
            "LowerOutliers":[
               
            ],
            "UpperOutliers":[
               
            ],
            "AllOutliers":[
               
            ],
            "StandardError":0.6272379711440417,
            "Variance":5.901412086673406,
            "StandardDeviation":2.429282216349802,
            "Skewness":0.4739908326116374,
            "Kurtosis":2.1427181860986804,
            "ConfidenceInterval":{
               "N":15,
               "Mean":440.80688794453937,
               "StandardError":0.6272379711440417,
               "Level":12,
               "Margin":2.59705003744373,
               "Lower":438.2098379070956,
               "Upper":443.4039379819831
            },
            "Percentiles":{
               "P0":437.4512195587158,
               "P25":439.06445503234863,
               "P50":440.5496120452881,
               "P67":441.1777744293213,
               "P80":442.8725814819336,
               "P85":443.10075759887695,
               "P90":444.0223026275635,
               "P95":444.9492025375366,
               "P100":445.7291603088379
            }
         },
         "Memory":{
            "Gen0Collections":5,
            "Gen1Collections":0,
            "Gen2Collections":0,
            "TotalOperations":2097152
         },
         "Measurements":[
            {
               "IterationMode":"Overhead",
               "IterationStage":"Jitting",
               "LaunchIndex":1,
               "IterationIndex":1,
               "Operations":1,
               "Nanoseconds":243700
            },{
               "IterationMode":"Workload",
               "IterationStage":"Jitting",
               "LaunchIndex":1,
               "IterationIndex":1,
               "Operations":1,
               "Nanoseconds":1350100
            },{
               "IterationMode":"Overhead",
               "IterationStage":"Jitting",
               "LaunchIndex":1,
               "IterationIndex":2,
               "Operations":16,
               "Nanoseconds":210700
            },{
               "IterationMode":"Workload",
               "IterationStage":"Jitting",
               "LaunchIndex":1,
               "IterationIndex":2,
               "Operations":16,
               "Nanoseconds":322500
            },{
               "IterationMode":"Workload",
               "IterationStage":"Pilot",
               "LaunchIndex":1,
               "IterationIndex":1,
               "Operations":16,
               "Nanoseconds":56300
            },{
               "IterationMode":"Workload",
               "IterationStage":"Pilot",
               "LaunchIndex":1,
               "IterationIndex":2,
               "Operations":32,
               "Nanoseconds":40100
            },{
               "IterationMode":"Workload",
               "IterationStage":"Pilot",
               "LaunchIndex":1,
               "IterationIndex":3,
               "Operations":64,
               "Nanoseconds":51100
            },{
               "IterationMode":"Workload",
               "IterationStage":"Pilot",
               "LaunchIndex":1,
               "IterationIndex":4,
               "Operations":128,
               "Nanoseconds":87600
            },{
               "IterationMode":"Workload",
               "IterationStage":"Pilot",
               "LaunchIndex":1,
               "IterationIndex":5,
               "Operations":256,
               "Nanoseconds":155800
            },{
               "IterationMode":"Workload",
               "IterationStage":"Pilot",
               "LaunchIndex":1,
               "IterationIndex":6,
               "Operations":512,
               "Nanoseconds":297000
            },{
               "IterationMode":"Workload",
               "IterationStage":"Pilot",
               "LaunchIndex":1,
               "IterationIndex":7,
               "Operations":1024,
               "Nanoseconds":596700
            },{
               "IterationMode":"Workload",
               "IterationStage":"Pilot",
               "LaunchIndex":1,
               "IterationIndex":8,
               "Operations":2048,
               "Nanoseconds":1137100
            },{
               "IterationMode":"Workload",
               "IterationStage":"Pilot",
               "LaunchIndex":1,
               "IterationIndex":9,
               "Operations":4096,
               "Nanoseconds":2247300
            },{
               "IterationMode":"Workload",
               "IterationStage":"Pilot",
               "LaunchIndex":1,
               "IterationIndex":10,
               "Operations":8192,
               "Nanoseconds":5544000
            },{
               "IterationMode":"Workload",
               "IterationStage":"Pilot",
               "LaunchIndex":1,
               "IterationIndex":11,
               "Operations":16384,
               "Nanoseconds":9004500
            },{
               "IterationMode":"Workload",
               "IterationStage":"Pilot",
               "LaunchIndex":1,
               "IterationIndex":12,
               "Operations":32768,
               "Nanoseconds":18715100
            },{
               "IterationMode":"Workload",
               "IterationStage":"Pilot",
               "LaunchIndex":1,
               "IterationIndex":13,
               "Operations":65536,
               "Nanoseconds":36146200
            },{
               "IterationMode":"Workload",
               "IterationStage":"Pilot",
               "LaunchIndex":1,
               "IterationIndex":14,
               "Operations":131072,
               "Nanoseconds":73458300
            },{
               "IterationMode":"Workload",
               "IterationStage":"Pilot",
               "LaunchIndex":1,
               "IterationIndex":15,
               "Operations":262144,
               "Nanoseconds":128596500
            },{
               "IterationMode":"Workload",
               "IterationStage":"Pilot",
               "LaunchIndex":1,
               "IterationIndex":16,
               "Operations":524288,
               "Nanoseconds":236723900
            },{
               "IterationMode":"Workload",
               "IterationStage":"Pilot",
               "LaunchIndex":1,
               "IterationIndex":17,
               "Operations":1048576,
               "Nanoseconds":465379600
            },{
               "IterationMode":"Workload",
               "IterationStage":"Pilot",
               "LaunchIndex":1,
               "IterationIndex":18,
               "Operations":2097152,
               "Nanoseconds":923799500
            },{
               "IterationMode":"Overhead",
               "IterationStage":"Warmup",
               "LaunchIndex":1,
               "IterationIndex":1,
               "Operations":2097152,
               "Nanoseconds":4513000
            },{
               "IterationMode":"Overhead",
               "IterationStage":"Warmup",
               "LaunchIndex":1,
               "IterationIndex":2,
               "Operations":2097152,
               "Nanoseconds":4599100
            },{
               "IterationMode":"Overhead",
               "IterationStage":"Warmup",
               "LaunchIndex":1,
               "IterationIndex":3,
               "Operations":2097152,
               "Nanoseconds":4740500
            },{
               "IterationMode":"Overhead",
               "IterationStage":"Warmup",
               "LaunchIndex":1,
               "IterationIndex":4,
               "Operations":2097152,
               "Nanoseconds":4773300
            },{
               "IterationMode":"Overhead",
               "IterationStage":"Warmup",
               "LaunchIndex":1,
               "IterationIndex":5,
               "Operations":2097152,
               "Nanoseconds":5036700
            },{
               "IterationMode":"Overhead",
               "IterationStage":"Warmup",
               "LaunchIndex":1,
               "IterationIndex":6,
               "Operations":2097152,
               "Nanoseconds":4766100
            },{
               "IterationMode":"Overhead",
               "IterationStage":"Warmup",
               "LaunchIndex":1,
               "IterationIndex":7,
               "Operations":2097152,
               "Nanoseconds":4774900
            },{
               "IterationMode":"Overhead",
               "IterationStage":"Warmup",
               "LaunchIndex":1,
               "IterationIndex":8,
               "Operations":2097152,
               "Nanoseconds":5220900
            },{
               "IterationMode":"Overhead",
               "IterationStage":"Warmup",
               "LaunchIndex":1,
               "IterationIndex":9,
               "Operations":2097152,
               "Nanoseconds":4777300
            },{
               "IterationMode":"Overhead",
               "IterationStage":"Actual",
               "LaunchIndex":1,
               "IterationIndex":1,
               "Operations":2097152,
               "Nanoseconds":4775700
            },{
               "IterationMode":"Overhead",
               "IterationStage":"Actual",
               "LaunchIndex":1,
               "IterationIndex":2,
               "Operations":2097152,
               "Nanoseconds":4626400
            },{
               "IterationMode":"Overhead",
               "IterationStage":"Actual",
               "LaunchIndex":1,
               "IterationIndex":3,
               "Operations":2097152,
               "Nanoseconds":4523300
            },{
               "IterationMode":"Overhead",
               "IterationStage":"Actual",
               "LaunchIndex":1,
               "IterationIndex":4,
               "Operations":2097152,
               "Nanoseconds":4513200
            },{
               "IterationMode":"Overhead",
               "IterationStage":"Actual",
               "LaunchIndex":1,
               "IterationIndex":5,
               "Operations":2097152,
               "Nanoseconds":4527600
            },{
               "IterationMode":"Overhead",
               "IterationStage":"Actual",
               "LaunchIndex":1,
               "IterationIndex":6,
               "Operations":2097152,
               "Nanoseconds":4895400
            },{
               "IterationMode":"Overhead",
               "IterationStage":"Actual",
               "LaunchIndex":1,
               "IterationIndex":7,
               "Operations":2097152,
               "Nanoseconds":4521600
            },{
               "IterationMode":"Overhead",
               "IterationStage":"Actual",
               "LaunchIndex":1,
               "IterationIndex":8,
               "Operations":2097152,
               "Nanoseconds":4506800
            },{
               "IterationMode":"Overhead",
               "IterationStage":"Actual",
               "LaunchIndex":1,
               "IterationIndex":9,
               "Operations":2097152,
               "Nanoseconds":4628100
            },{
               "IterationMode":"Overhead",
               "IterationStage":"Actual",
               "LaunchIndex":1,
               "IterationIndex":10,
               "Operations":2097152,
               "Nanoseconds":4519400
            },{
               "IterationMode":"Overhead",
               "IterationStage":"Actual",
               "LaunchIndex":1,
               "IterationIndex":11,
               "Operations":2097152,
               "Nanoseconds":4631000
            },{
               "IterationMode":"Overhead",
               "IterationStage":"Actual",
               "LaunchIndex":1,
               "IterationIndex":12,
               "Operations":2097152,
               "Nanoseconds":4675200
            },{
               "IterationMode":"Overhead",
               "IterationStage":"Actual",
               "LaunchIndex":1,
               "IterationIndex":13,
               "Operations":2097152,
               "Nanoseconds":4581200
            },{
               "IterationMode":"Overhead",
               "IterationStage":"Actual",
               "LaunchIndex":1,
               "IterationIndex":14,
               "Operations":2097152,
               "Nanoseconds":4564600
            },{
               "IterationMode":"Overhead",
               "IterationStage":"Actual",
               "LaunchIndex":1,
               "IterationIndex":15,
               "Operations":2097152,
               "Nanoseconds":4793800
            },{
               "IterationMode":"Workload",
               "IterationStage":"Warmup",
               "LaunchIndex":1,
               "IterationIndex":1,
               "Operations":2097152,
               "Nanoseconds":926172400
            },{
               "IterationMode":"Workload",
               "IterationStage":"Warmup",
               "LaunchIndex":1,
               "IterationIndex":2,
               "Operations":2097152,
               "Nanoseconds":941364100
            },{
               "IterationMode":"Workload",
               "IterationStage":"Warmup",
               "LaunchIndex":1,
               "IterationIndex":3,
               "Operations":2097152,
               "Nanoseconds":929340600
            },{
               "IterationMode":"Workload",
               "IterationStage":"Warmup",
               "LaunchIndex":1,
               "IterationIndex":4,
               "Operations":2097152,
               "Nanoseconds":924606800
            },{
               "IterationMode":"Workload",
               "IterationStage":"Warmup",
               "LaunchIndex":1,
               "IterationIndex":5,
               "Operations":2097152,
               "Nanoseconds":927598300
            },{
               "IterationMode":"Workload",
               "IterationStage":"Warmup",
               "LaunchIndex":1,
               "IterationIndex":6,
               "Operations":2097152,
               "Nanoseconds":918441500
            },{
               "IterationMode":"Workload",
               "IterationStage":"Actual",
               "LaunchIndex":1,
               "IterationIndex":1,
               "Operations":2097152,
               "Nanoseconds":929512900
            },{
               "IterationMode":"Workload",
               "IterationStage":"Actual",
               "LaunchIndex":1,
               "IterationIndex":2,
               "Operations":2097152,
               "Nanoseconds":925282300
            },{
               "IterationMode":"Workload",
               "IterationStage":"Actual",
               "LaunchIndex":1,
               "IterationIndex":3,
               "Operations":2097152,
               "Nanoseconds":930263300
            },{
               "IterationMode":"Workload",
               "IterationStage":"Actual",
               "LaunchIndex":1,
               "IterationIndex":4,
               "Operations":2097152,
               "Nanoseconds":933215600
            },{
               "IterationMode":"Workload",
               "IterationStage":"Actual",
               "LaunchIndex":1,
               "IterationIndex":5,
               "Operations":2097152,
               "Nanoseconds":921982900
            },{
               "IterationMode":"Workload",
               "IterationStage":"Actual",
               "LaunchIndex":1,
               "IterationIndex":6,
               "Operations":2097152,
               "Nanoseconds":928336000
            },{
               "IterationMode":"Workload",
               "IterationStage":"Actual",
               "LaunchIndex":1,
               "IterationIndex":7,
               "Operations":2097152,
               "Nanoseconds":939343000
            },{
               "IterationMode":"Workload",
               "IterationStage":"Actual",
               "LaunchIndex":1,
               "IterationIndex":8,
               "Operations":2097152,
               "Nanoseconds":937006300
            },{
               "IterationMode":"Workload",
               "IterationStage":"Actual",
               "LaunchIndex":1,
               "IterationIndex":9,
               "Operations":2097152,
               "Nanoseconds":929462800
            },{
               "IterationMode":"Workload",
               "IterationStage":"Actual",
               "LaunchIndex":1,
               "IterationIndex":10,
               "Operations":2097152,
               "Nanoseconds":925800300
            },{
               "IterationMode":"Workload",
               "IterationStage":"Actual",
               "LaunchIndex":1,
               "IterationIndex":11,
               "Operations":2097152,
               "Nanoseconds":925449900
            },{
               "IterationMode":"Workload",
               "IterationStage":"Actual",
               "LaunchIndex":1,
               "IterationIndex":12,
               "Operations":2097152,
               "Nanoseconds":925092200
            },{
               "IterationMode":"Workload",
               "IterationStage":"Actual",
               "LaunchIndex":1,
               "IterationIndex":13,
               "Operations":2097152,
               "Nanoseconds":933899200
            },{
               "IterationMode":"Workload",
               "IterationStage":"Actual",
               "LaunchIndex":1,
               "IterationIndex":14,
               "Operations":2097152,
               "Nanoseconds":922176300
            },{
               "IterationMode":"Workload",
               "IterationStage":"Actual",
               "LaunchIndex":1,
               "IterationIndex":15,
               "Operations":2097152,
               "Nanoseconds":928480700
            },{
               "IterationMode":"Workload",
               "IterationStage":"Result",
               "LaunchIndex":1,
               "IterationIndex":1,
               "Operations":2097152,
               "Nanoseconds":924931700
            },{
               "IterationMode":"Workload",
               "IterationStage":"Result",
               "LaunchIndex":1,
               "IterationIndex":2,
               "Operations":2097152,
               "Nanoseconds":920701100
            },{
               "IterationMode":"Workload",
               "IterationStage":"Result",
               "LaunchIndex":1,
               "IterationIndex":3,
               "Operations":2097152,
               "Nanoseconds":925682100
            },{
               "IterationMode":"Workload",
               "IterationStage":"Result",
               "LaunchIndex":1,
               "IterationIndex":4,
               "Operations":2097152,
               "Nanoseconds":928634400
            },{
               "IterationMode":"Workload",
               "IterationStage":"Result",
               "LaunchIndex":1,
               "IterationIndex":5,
               "Operations":2097152,
               "Nanoseconds":917401700
            },{
               "IterationMode":"Workload",
               "IterationStage":"Result",
               "LaunchIndex":1,
               "IterationIndex":6,
               "Operations":2097152,
               "Nanoseconds":923754800
            },{
               "IterationMode":"Workload",
               "IterationStage":"Result",
               "LaunchIndex":1,
               "IterationIndex":7,
               "Operations":2097152,
               "Nanoseconds":934761800
            },{
               "IterationMode":"Workload",
               "IterationStage":"Result",
               "LaunchIndex":1,
               "IterationIndex":8,
               "Operations":2097152,
               "Nanoseconds":932425100
            },{
               "IterationMode":"Workload",
               "IterationStage":"Result",
               "LaunchIndex":1,
               "IterationIndex":9,
               "Operations":2097152,
               "Nanoseconds":924881600
            },{
               "IterationMode":"Workload",
               "IterationStage":"Result",
               "LaunchIndex":1,
               "IterationIndex":10,
               "Operations":2097152,
               "Nanoseconds":921219100
            },{
               "IterationMode":"Workload",
               "IterationStage":"Result",
               "LaunchIndex":1,
               "IterationIndex":11,
               "Operations":2097152,
               "Nanoseconds":920868700
            },{
               "IterationMode":"Workload",
               "IterationStage":"Result",
               "LaunchIndex":1,
               "IterationIndex":12,
               "Operations":2097152,
               "Nanoseconds":920511000
            },{
               "IterationMode":"Workload",
               "IterationStage":"Result",
               "LaunchIndex":1,
               "IterationIndex":13,
               "Operations":2097152,
               "Nanoseconds":929318000
            },{
               "IterationMode":"Workload",
               "IterationStage":"Result",
               "LaunchIndex":1,
               "IterationIndex":14,
               "Operations":2097152,
               "Nanoseconds":917595100
            },{
               "IterationMode":"Workload",
               "IterationStage":"Result",
               "LaunchIndex":1,
               "IterationIndex":15,
               "Operations":2097152,
               "Nanoseconds":923899500
            }
         ],
         "Metrics":[
            {
               "Value":0.002384185791015625,
               "Descriptor":{
                  "Id":"Gen0Collects",
                  "DisplayName":"Gen 0",
                  "Legend":"GC Generation 0 collects per 1000 operations",
                  "NumberFormat":"#0.0000",
                  "UnitType":0,
                  "Unit":"Count",
                  "TheGreaterTheBetter":false,
                  "PriorityInCategory":0
               }
            },{
               "Value":24,
               "Descriptor":{
                  "Id":"Allocated Memory",
                  "DisplayName":"Allocated",
                  "Legend":"Allocated memory per single operation (managed only, inclusive, 1KB = 1024B)",
                  "NumberFormat":"N0",
                  "UnitType":2,
                  "Unit":"B",
                  "TheGreaterTheBetter":false,
                  "PriorityInCategory":3
               }
            },{
               "Value":272,
               "Descriptor":{
                  "Id":"Native Code Size",
                  "DisplayName":"Code Size",
                  "Legend":"Native code size of the disassembled method(s)",
                  "NumberFormat":"N0",
                  "UnitType":2,
                  "Unit":"B",
                  "TheGreaterTheBetter":false,
                  "PriorityInCategory":0
               }
            }
         ]
      },{
         "DisplayInfo":"EnumExtensionsBenchmark.GetItems: Job-LAXWQE(EvaluateOverhead=True, Server=True, Toolchain=.NET 5.0)",
         "Namespace":"dotNetTips.Spargine.Extensions.BenchmarkTests",
         "Type":"EnumExtensionsBenchmark",
         "Method":"GetItems01",
         "MethodTitle":"GetItems",
         "Parameters":"",
         "FullName":"dotNetTips.Spargine.Extensions.BenchmarkTests.EnumExtensionsBenchmark.GetItems01",
         "Statistics":{
            "OriginalValues":[
               1078.7187576293945,1083.9035034179688,1080.9576034545898,1080.821418762207,1083.5474014282227,1076.5501022338867,1084.6017837524414,1080.1942825317383,1079.7351837158203,1083.6776733398438,1076.5493392944336,1084.7789764404297,1077.956199645996,1085.6687545776367
            ],
            "N":14,
            "Min":1076.5493392944336,
            "LowerFence":1071.6615915298462,
            "Q1":1078.972864151001,
            "Median":1080.8895111083984,
            "Mean":1081.261498587472,
            "Q3":1083.8470458984375,
            "UpperFence":1091.1583185195923,
            "Max":1085.6687545776367,
            "InterquartileRange":4.874181747436523,
            "LowerOutliers":[
               
            ],
            "UpperOutliers":[
               
            ],
            "AllOutliers":[
               
            ],
            "StandardError":0.8338456709045893,
            "Variance":9.734180440408545,
            "StandardDeviation":3.1199648139696294,
            "Skewness":-0.1311395267014108,
            "Kurtosis":1.446337904170972,
            "ConfidenceInterval":{
               "N":14,
               "Mean":1081.261498587472,
               "StandardError":0.8338456709045893,
               "Level":12,
               "Margin":3.51952226376544,
               "Lower":1077.7419763237067,
               "Upper":1084.7810208512374
            },
            "Percentiles":{
               "P0":1076.5493392944336,
               "P25":1078.972864151001,
               "P50":1080.8895111083984,
               "P67":1083.6398944854736,
               "P80":1084.1828155517578,
               "P85":1084.6106433868408,
               "P90":1084.7258186340332,
               "P95":1085.0903987884521,
               "P100":1085.6687545776367
            }
         },
         "Memory":{
            "Gen0Collections":29,
            "Gen1Collections":0,
            "Gen2Collections":0,
            "TotalOperations":524288
         },
         "Measurements":[
            {
               "IterationMode":"Overhead",
               "IterationStage":"Jitting",
               "LaunchIndex":1,
               "IterationIndex":1,
               "Operations":1,
               "Nanoseconds":238000
            },{
               "IterationMode":"Workload",
               "IterationStage":"Jitting",
               "LaunchIndex":1,
               "IterationIndex":1,
               "Operations":1,
               "Nanoseconds":1899300
            },{
               "IterationMode":"Overhead",
               "IterationStage":"Jitting",
               "LaunchIndex":1,
               "IterationIndex":2,
               "Operations":16,
               "Nanoseconds":206500
            },{
               "IterationMode":"Workload",
               "IterationStage":"Jitting",
               "LaunchIndex":1,
               "IterationIndex":2,
               "Operations":16,
               "Nanoseconds":239100
            },{
               "IterationMode":"Workload",
               "IterationStage":"Pilot",
               "LaunchIndex":1,
               "IterationIndex":1,
               "Operations":16,
               "Nanoseconds":43700
            },{
               "IterationMode":"Workload",
               "IterationStage":"Pilot",
               "LaunchIndex":1,
               "IterationIndex":2,
               "Operations":32,
               "Nanoseconds":54400
            },{
               "IterationMode":"Workload",
               "IterationStage":"Pilot",
               "LaunchIndex":1,
               "IterationIndex":3,
               "Operations":64,
               "Nanoseconds":90600
            },{
               "IterationMode":"Workload",
               "IterationStage":"Pilot",
               "LaunchIndex":1,
               "IterationIndex":4,
               "Operations":128,
               "Nanoseconds":167200
            },{
               "IterationMode":"Workload",
               "IterationStage":"Pilot",
               "LaunchIndex":1,
               "IterationIndex":5,
               "Operations":256,
               "Nanoseconds":344900
            },{
               "IterationMode":"Workload",
               "IterationStage":"Pilot",
               "LaunchIndex":1,
               "IterationIndex":6,
               "Operations":512,
               "Nanoseconds":623600
            },{
               "IterationMode":"Workload",
               "IterationStage":"Pilot",
               "LaunchIndex":1,
               "IterationIndex":7,
               "Operations":1024,
               "Nanoseconds":1309200
            },{
               "IterationMode":"Workload",
               "IterationStage":"Pilot",
               "LaunchIndex":1,
               "IterationIndex":8,
               "Operations":2048,
               "Nanoseconds":3207900
            },{
               "IterationMode":"Workload",
               "IterationStage":"Pilot",
               "LaunchIndex":1,
               "IterationIndex":9,
               "Operations":4096,
               "Nanoseconds":5660100
            },{
               "IterationMode":"Workload",
               "IterationStage":"Pilot",
               "LaunchIndex":1,
               "IterationIndex":10,
               "Operations":8192,
               "Nanoseconds":10758400
            },{
               "IterationMode":"Workload",
               "IterationStage":"Pilot",
               "LaunchIndex":1,
               "IterationIndex":11,
               "Operations":16384,
               "Nanoseconds":21367100
            },{
               "IterationMode":"Workload",
               "IterationStage":"Pilot",
               "LaunchIndex":1,
               "IterationIndex":12,
               "Operations":32768,
               "Nanoseconds":41225100
            },{
               "IterationMode":"Workload",
               "IterationStage":"Pilot",
               "LaunchIndex":1,
               "IterationIndex":13,
               "Operations":65536,
               "Nanoseconds":83104000
            },{
               "IterationMode":"Workload",
               "IterationStage":"Pilot",
               "LaunchIndex":1,
               "IterationIndex":14,
               "Operations":131072,
               "Nanoseconds":153145300
            },{
               "IterationMode":"Workload",
               "IterationStage":"Pilot",
               "LaunchIndex":1,
               "IterationIndex":15,
               "Operations":262144,
               "Nanoseconds":289570500
            },{
               "IterationMode":"Workload",
               "IterationStage":"Pilot",
               "LaunchIndex":1,
               "IterationIndex":16,
               "Operations":524288,
               "Nanoseconds":572677600
            },{
               "IterationMode":"Overhead",
               "IterationStage":"Warmup",
               "LaunchIndex":1,
               "IterationIndex":1,
               "Operations":524288,
               "Nanoseconds":1162400
            },{
               "IterationMode":"Overhead",
               "IterationStage":"Warmup",
               "LaunchIndex":1,
               "IterationIndex":2,
               "Operations":524288,
               "Nanoseconds":1162500
            },{
               "IterationMode":"Overhead",
               "IterationStage":"Warmup",
               "LaunchIndex":1,
               "IterationIndex":3,
               "Operations":524288,
               "Nanoseconds":1170000
            },{
               "IterationMode":"Overhead",
               "IterationStage":"Warmup",
               "LaunchIndex":1,
               "IterationIndex":4,
               "Operations":524288,
               "Nanoseconds":1162300
            },{
               "IterationMode":"Overhead",
               "IterationStage":"Warmup",
               "LaunchIndex":1,
               "IterationIndex":5,
               "Operations":524288,
               "Nanoseconds":1163000
            },{
               "IterationMode":"Overhead",
               "IterationStage":"Warmup",
               "LaunchIndex":1,
               "IterationIndex":6,
               "Operations":524288,
               "Nanoseconds":1162200
            },{
               "IterationMode":"Overhead",
               "IterationStage":"Actual",
               "LaunchIndex":1,
               "IterationIndex":1,
               "Operations":524288,
               "Nanoseconds":1266000
            },{
               "IterationMode":"Overhead",
               "IterationStage":"Actual",
               "LaunchIndex":1,
               "IterationIndex":2,
               "Operations":524288,
               "Nanoseconds":1162600
            },{
               "IterationMode":"Overhead",
               "IterationStage":"Actual",
               "LaunchIndex":1,
               "IterationIndex":3,
               "Operations":524288,
               "Nanoseconds":1162400
            },{
               "IterationMode":"Overhead",
               "IterationStage":"Actual",
               "LaunchIndex":1,
               "IterationIndex":4,
               "Operations":524288,
               "Nanoseconds":1190400
            },{
               "IterationMode":"Overhead",
               "IterationStage":"Actual",
               "LaunchIndex":1,
               "IterationIndex":5,
               "Operations":524288,
               "Nanoseconds":1165900
            },{
               "IterationMode":"Overhead",
               "IterationStage":"Actual",
               "LaunchIndex":1,
               "IterationIndex":6,
               "Operations":524288,
               "Nanoseconds":1162300
            },{
               "IterationMode":"Overhead",
               "IterationStage":"Actual",
               "LaunchIndex":1,
               "IterationIndex":7,
               "Operations":524288,
               "Nanoseconds":1163700
            },{
               "IterationMode":"Overhead",
               "IterationStage":"Actual",
               "LaunchIndex":1,
               "IterationIndex":8,
               "Operations":524288,
               "Nanoseconds":1164100
            },{
               "IterationMode":"Overhead",
               "IterationStage":"Actual",
               "LaunchIndex":1,
               "IterationIndex":9,
               "Operations":524288,
               "Nanoseconds":1249200
            },{
               "IterationMode":"Overhead",
               "IterationStage":"Actual",
               "LaunchIndex":1,
               "IterationIndex":10,
               "Operations":524288,
               "Nanoseconds":1303100
            },{
               "IterationMode":"Overhead",
               "IterationStage":"Actual",
               "LaunchIndex":1,
               "IterationIndex":11,
               "Operations":524288,
               "Nanoseconds":1191800
            },{
               "IterationMode":"Overhead",
               "IterationStage":"Actual",
               "LaunchIndex":1,
               "IterationIndex":12,
               "Operations":524288,
               "Nanoseconds":1164400
            },{
               "IterationMode":"Overhead",
               "IterationStage":"Actual",
               "LaunchIndex":1,
               "IterationIndex":13,
               "Operations":524288,
               "Nanoseconds":1162000
            },{
               "IterationMode":"Overhead",
               "IterationStage":"Actual",
               "LaunchIndex":1,
               "IterationIndex":14,
               "Operations":524288,
               "Nanoseconds":1162200
            },{
               "IterationMode":"Overhead",
               "IterationStage":"Actual",
               "LaunchIndex":1,
               "IterationIndex":15,
               "Operations":524288,
               "Nanoseconds":1163100
            },{
               "IterationMode":"Workload",
               "IterationStage":"Warmup",
               "LaunchIndex":1,
               "IterationIndex":1,
               "Operations":524288,
               "Nanoseconds":570879800
            },{
               "IterationMode":"Workload",
               "IterationStage":"Warmup",
               "LaunchIndex":1,
               "IterationIndex":2,
               "Operations":524288,
               "Nanoseconds":571380200
            },{
               "IterationMode":"Workload",
               "IterationStage":"Warmup",
               "LaunchIndex":1,
               "IterationIndex":3,
               "Operations":524288,
               "Nanoseconds":568055800
            },{
               "IterationMode":"Workload",
               "IterationStage":"Warmup",
               "LaunchIndex":1,
               "IterationIndex":4,
               "Operations":524288,
               "Nanoseconds":569944900
            },{
               "IterationMode":"Workload",
               "IterationStage":"Warmup",
               "LaunchIndex":1,
               "IterationIndex":5,
               "Operations":524288,
               "Nanoseconds":568221900
            },{
               "IterationMode":"Workload",
               "IterationStage":"Warmup",
               "LaunchIndex":1,
               "IterationIndex":6,
               "Operations":524288,
               "Nanoseconds":567648000
            },{
               "IterationMode":"Workload",
               "IterationStage":"Actual",
               "LaunchIndex":1,
               "IterationIndex":1,
               "Operations":524288,
               "Nanoseconds":575153000
            },{
               "IterationMode":"Workload",
               "IterationStage":"Actual",
               "LaunchIndex":1,
               "IterationIndex":2,
               "Operations":524288,
               "Nanoseconds":566723400
            },{
               "IterationMode":"Workload",
               "IterationStage":"Actual",
               "LaunchIndex":1,
               "IterationIndex":3,
               "Operations":524288,
               "Nanoseconds":569441700
            },{
               "IterationMode":"Workload",
               "IterationStage":"Actual",
               "LaunchIndex":1,
               "IterationIndex":4,
               "Operations":524288,
               "Nanoseconds":567897200
            },{
               "IterationMode":"Workload",
               "IterationStage":"Actual",
               "LaunchIndex":1,
               "IterationIndex":5,
               "Operations":524288,
               "Nanoseconds":567825800
            },{
               "IterationMode":"Workload",
               "IterationStage":"Actual",
               "LaunchIndex":1,
               "IterationIndex":6,
               "Operations":524288,
               "Nanoseconds":569255000
            },{
               "IterationMode":"Workload",
               "IterationStage":"Actual",
               "LaunchIndex":1,
               "IterationIndex":7,
               "Operations":524288,
               "Nanoseconds":565586400
            },{
               "IterationMode":"Workload",
               "IterationStage":"Actual",
               "LaunchIndex":1,
               "IterationIndex":8,
               "Operations":524288,
               "Nanoseconds":569807800
            },{
               "IterationMode":"Workload",
               "IterationStage":"Actual",
               "LaunchIndex":1,
               "IterationIndex":9,
               "Operations":524288,
               "Nanoseconds":567497000
            },{
               "IterationMode":"Workload",
               "IterationStage":"Actual",
               "LaunchIndex":1,
               "IterationIndex":10,
               "Operations":524288,
               "Nanoseconds":567256300
            },{
               "IterationMode":"Workload",
               "IterationStage":"Actual",
               "LaunchIndex":1,
               "IterationIndex":11,
               "Operations":524288,
               "Nanoseconds":569323300
            },{
               "IterationMode":"Workload",
               "IterationStage":"Actual",
               "LaunchIndex":1,
               "IterationIndex":12,
               "Operations":524288,
               "Nanoseconds":565586000
            },{
               "IterationMode":"Workload",
               "IterationStage":"Actual",
               "LaunchIndex":1,
               "IterationIndex":13,
               "Operations":524288,
               "Nanoseconds":569900700
            },{
               "IterationMode":"Workload",
               "IterationStage":"Actual",
               "LaunchIndex":1,
               "IterationIndex":14,
               "Operations":524288,
               "Nanoseconds":566323600
            },{
               "IterationMode":"Workload",
               "IterationStage":"Actual",
               "LaunchIndex":1,
               "IterationIndex":15,
               "Operations":524288,
               "Nanoseconds":570367200
            },{
               "IterationMode":"Workload",
               "IterationStage":"Result",
               "LaunchIndex":1,
               "IterationIndex":1,
               "Operations":524288,
               "Nanoseconds":565559300
            },{
               "IterationMode":"Workload",
               "IterationStage":"Result",
               "LaunchIndex":1,
               "IterationIndex":2,
               "Operations":524288,
               "Nanoseconds":568277600
            },{
               "IterationMode":"Workload",
               "IterationStage":"Result",
               "LaunchIndex":1,
               "IterationIndex":3,
               "Operations":524288,
               "Nanoseconds":566733100
            },{
               "IterationMode":"Workload",
               "IterationStage":"Result",
               "LaunchIndex":1,
               "IterationIndex":4,
               "Operations":524288,
               "Nanoseconds":566661700
            },{
               "IterationMode":"Workload",
               "IterationStage":"Result",
               "LaunchIndex":1,
               "IterationIndex":5,
               "Operations":524288,
               "Nanoseconds":568090900
            },{
               "IterationMode":"Workload",
               "IterationStage":"Result",
               "LaunchIndex":1,
               "IterationIndex":6,
               "Operations":524288,
               "Nanoseconds":564422300
            },{
               "IterationMode":"Workload",
               "IterationStage":"Result",
               "LaunchIndex":1,
               "IterationIndex":7,
               "Operations":524288,
               "Nanoseconds":568643700
            },{
               "IterationMode":"Workload",
               "IterationStage":"Result",
               "LaunchIndex":1,
               "IterationIndex":8,
               "Operations":524288,
               "Nanoseconds":566332900
            },{
               "IterationMode":"Workload",
               "IterationStage":"Result",
               "LaunchIndex":1,
               "IterationIndex":9,
               "Operations":524288,
               "Nanoseconds":566092200
            },{
               "IterationMode":"Workload",
               "IterationStage":"Result",
               "LaunchIndex":1,
               "IterationIndex":10,
               "Operations":524288,
               "Nanoseconds":568159200
            },{
               "IterationMode":"Workload",
               "IterationStage":"Result",
               "LaunchIndex":1,
               "IterationIndex":11,
               "Operations":524288,
               "Nanoseconds":564421900
            },{
               "IterationMode":"Workload",
               "IterationStage":"Result",
               "LaunchIndex":1,
               "IterationIndex":12,
               "Operations":524288,
               "Nanoseconds":568736600
            },{
               "IterationMode":"Workload",
               "IterationStage":"Result",
               "LaunchIndex":1,
               "IterationIndex":13,
               "Operations":524288,
               "Nanoseconds":565159500
            },{
               "IterationMode":"Workload",
               "IterationStage":"Result",
               "LaunchIndex":1,
               "IterationIndex":14,
               "Operations":524288,
               "Nanoseconds":569203100
            }
         ],
         "Metrics":[
            {
               "Value":0.0553131103515625,
               "Descriptor":{
                  "Id":"Gen0Collects",
                  "DisplayName":"Gen 0",
                  "Legend":"GC Generation 0 collects per 1000 operations",
                  "NumberFormat":"#0.0000",
                  "UnitType":0,
                  "Unit":"Count",
                  "TheGreaterTheBetter":false,
                  "PriorityInCategory":0
               }
            },{
               "Value":512,
               "Descriptor":{
                  "Id":"Allocated Memory",
                  "DisplayName":"Allocated",
                  "Legend":"Allocated memory per single operation (managed only, inclusive, 1KB = 1024B)",
                  "NumberFormat":"N0",
                  "UnitType":2,
                  "Unit":"B",
                  "TheGreaterTheBetter":false,
                  "PriorityInCategory":3
               }
            },{
               "Value":425,
               "Descriptor":{
                  "Id":"Native Code Size",
                  "DisplayName":"Code Size",
                  "Legend":"Native code size of the disassembled method(s)",
                  "NumberFormat":"N0",
                  "UnitType":2,
                  "Unit":"B",
                  "TheGreaterTheBetter":false,
                  "PriorityInCategory":0
               }
            }
         ]
      }
   ]
}
