Method,Job,AnalyzeLaunchVariance,EvaluateOverhead,MaxAbsoluteError,MaxRelativeError,MinInvokeCount,MinIterationTime,OutlierMode,Affinity,EnvironmentVariables,Jit,Platform,PowerPlanMode,Runtime,AllowVeryLargeObjects,Concurrent,CpuGroups,Force,HeapAffinitizeMask,HeapCount,NoAffinitize,RetainVm,Server,Arguments,BuildConfiguration,Clock,EngineFactory,NuGetReferences,Toolchain,IsMutator,InvocationCount,IterationCount,IterationTime,LaunchCount,MaxIterationCount,MaxWarmupIterationCount,MemoryRandomization,MinIterationCount,MinWarmupIterationCount,RunStrategy,UnrollFactor,WarmupCount,Namespace,Categories,Count,Mean,Error,StdDev,StdErr,Min,Q1,Median,Q3,Max,Op/s,CI99.9% Margin,Iterations,Kurtosis,MValue,Skewness,Rank,LogicalGroup,Baseline,Code Size,Gen 0,Gen 1,Allocated
'Write & Listen Async',Job-YNYGDE,False,True,Default,Default,Default,Default,Default,1111,Empty,RyuJit,X64,8c5e7fda-e8bf-4a96-9a85-a6e23a8c635c,.NET 5.0,False,True,False,True,Default,Default,False,False,True,Default,Default,Default,Default,Default,.NET 5.0,Default,1,Default,Default,Default,Default,Default,Default,Default,Default,Default,16,Default,dotNetTips.Spargine.Core.BenchmarkTests.Collections.Threading,"**NEW**,Queues",10,"46,032.4 ns",102.36 ns,90.74 ns,24.25 ns,"45,871.2 ns","45,968.3 ns","46,036.9 ns","46,088.6 ns","46,177.3 ns","21,723.8",102.360 ns,14.00,1.8884,2.000,-0.1550,21,*,No,2 KB,0.3662,-,3 KB
'Write & Listen Async',Job-YNYGDE,False,True,Default,Default,Default,Default,Default,1111,Empty,RyuJit,X64,8c5e7fda-e8bf-4a96-9a85-a6e23a8c635c,.NET 5.0,False,True,False,True,Default,Default,False,False,True,Default,Default,Default,Default,Default,.NET 5.0,Default,1,Default,Default,Default,Default,Default,Default,Default,Default,Default,16,Default,dotNetTips.Spargine.Core.BenchmarkTests.Collections.Threading,"**NEW**,Queues",25,"111,967.9 ns",387.49 ns,343.50 ns,91.80 ns,"111,211.5 ns","111,756.6 ns","111,961.2 ns","112,214.1 ns","112,597.9 ns","8,931.1",387.493 ns,14.00,2.7101,2.000,-0.2808,27,*,No,2 KB,0.4883,-,5 KB
'Write & Listen Async',Job-YNYGDE,False,True,Default,Default,Default,Default,Default,1111,Empty,RyuJit,X64,8c5e7fda-e8bf-4a96-9a85-a6e23a8c635c,.NET 5.0,False,True,False,True,Default,Default,False,False,True,Default,Default,Default,Default,Default,.NET 5.0,Default,1,Default,Default,Default,Default,Default,Default,Default,Default,Default,16,Default,dotNetTips.Spargine.Core.BenchmarkTests.Collections.Threading,"**NEW**,Queues",50,"222,399.3 ns","2,159.10 ns","1,913.99 ns",511.54 ns,"220,029.1 ns","221,261.6 ns","221,868.2 ns","223,481.1 ns","227,458.2 ns","4,496.4","2,159.103 ns",14.00,3.8614,2.000,1.1940,30,*,No,2 KB,0.9766,-,10 KB
'Write & Listen Async',Job-YNYGDE,False,True,Default,Default,Default,Default,Default,1111,Empty,RyuJit,X64,8c5e7fda-e8bf-4a96-9a85-a6e23a8c635c,.NET 5.0,False,True,False,True,Default,Default,False,False,True,Default,Default,Default,Default,Default,.NET 5.0,Default,1,Default,Default,Default,Default,Default,Default,Default,Default,Default,16,Default,dotNetTips.Spargine.Core.BenchmarkTests.Collections.Threading,"**NEW**,Queues",100,"438,035.8 ns","2,413.46 ns","2,257.56 ns",582.90 ns,"434,597.2 ns","436,320.8 ns","438,115.3 ns","439,342.1 ns","442,307.8 ns","2,282.9","2,413.463 ns",15.00,1.9762,2.000,0.3424,31,*,No,2 KB,1.9531,-,19 KB
'Write & Listen Async',Job-YNYGDE,False,True,Default,Default,Default,Default,Default,1111,Empty,RyuJit,X64,8c5e7fda-e8bf-4a96-9a85-a6e23a8c635c,.NET 5.0,False,True,False,True,Default,Default,False,False,True,Default,Default,Default,Default,Default,.NET 5.0,Default,1,Default,Default,Default,Default,Default,Default,Default,Default,Default,16,Default,dotNetTips.Spargine.Core.BenchmarkTests.Collections.Threading,"**NEW**,Queues",250,"1,107,200.7 ns","22,030.33 ns","30,883.45 ns","5,943.52 ns","1,065,369.5 ns","1,091,610.6 ns","1,096,023.4 ns","1,125,776.6 ns","1,165,331.2 ns",903.2,"22,030.334 ns",27.00,2.1414,2.875,0.7007,32,*,No,2 KB,3.9063,-,43 KB
'Write & Listen Async',Job-YNYGDE,False,True,Default,Default,Default,Default,Default,1111,Empty,RyuJit,X64,8c5e7fda-e8bf-4a96-9a85-a6e23a8c635c,.NET 5.0,False,True,False,True,Default,Default,False,False,True,Default,Default,Default,Default,Default,.NET 5.0,Default,1,Default,Default,Default,Default,Default,Default,Default,Default,Default,16,Default,dotNetTips.Spargine.Core.BenchmarkTests.Collections.Threading,"**NEW**,Queues",500,"2,194,676.5 ns","14,025.46 ns","11,711.90 ns","3,248.30 ns","2,179,137.5 ns","2,183,884.8 ns","2,196,388.7 ns","2,201,437.9 ns","2,218,038.3 ns",455.6,"14,025.462 ns",13.00,1.9158,2.000,0.2216,33,*,No,2 KB,7.8125,-,86 KB
'Write & Listen Async',Job-YNYGDE,False,True,Default,Default,Default,Default,Default,1111,Empty,RyuJit,X64,8c5e7fda-e8bf-4a96-9a85-a6e23a8c635c,.NET 5.0,False,True,False,True,Default,Default,False,False,True,Default,Default,Default,Default,Default,.NET 5.0,Default,1,Default,Default,Default,Default,Default,Default,Default,Default,Default,16,Default,dotNetTips.Spargine.Core.BenchmarkTests.Collections.Threading,"**NEW**,Queues",1000,"4,378,928.0 ns","17,421.47 ns","15,443.68 ns","4,127.50 ns","4,338,196.1 ns","4,374,912.5 ns","4,379,364.5 ns","4,389,523.8 ns","4,399,300.0 ns",228.4,"17,421.475 ns",14.00,3.9323,2.000,-1.0672,34,*,No,2 KB,15.6250,-,170 KB
'Write & Read Async: IEnumerable',Job-YNYGDE,False,True,Default,Default,Default,Default,Default,1111,Empty,RyuJit,X64,8c5e7fda-e8bf-4a96-9a85-a6e23a8c635c,.NET 5.0,False,True,False,True,Default,Default,False,False,True,Default,Default,Default,Default,Default,.NET 5.0,Default,1,Default,Default,Default,Default,Default,Default,Default,Default,Default,16,Default,dotNetTips.Spargine.Core.BenchmarkTests.Collections.Threading,"**NEW**,Queues",10,"2,004.7 ns",7.39 ns,6.91 ns,1.79 ns,"1,984.8 ns","2,001.5 ns","2,006.9 ns","2,008.3 ns","2,013.3 ns","498,836.9",7.391 ns,15.00,4.8917,2.000,-1.4409,4,*,No,0 KB,0.2365,-,2 KB
'Write & Read Async: IEnumerable',Job-YNYGDE,False,True,Default,Default,Default,Default,Default,1111,Empty,RyuJit,X64,8c5e7fda-e8bf-4a96-9a85-a6e23a8c635c,.NET 5.0,False,True,False,True,Default,Default,False,False,True,Default,Default,Default,Default,Default,.NET 5.0,Default,1,Default,Default,Default,Default,Default,Default,Default,Default,Default,16,Default,dotNetTips.Spargine.Core.BenchmarkTests.Collections.Threading,"**NEW**,Queues",25,"4,287.2 ns",13.90 ns,12.32 ns,3.29 ns,"4,251.6 ns","4,284.9 ns","4,286.9 ns","4,296.0 ns","4,301.9 ns","233,253.1",13.901 ns,14.00,5.2681,2.000,-1.4886,8,*,No,0 KB,0.3586,-,3 KB
'Write & Read Async: IEnumerable',Job-YNYGDE,False,True,Default,Default,Default,Default,Default,1111,Empty,RyuJit,X64,8c5e7fda-e8bf-4a96-9a85-a6e23a8c635c,.NET 5.0,False,True,False,True,Default,Default,False,False,True,Default,Default,Default,Default,Default,.NET 5.0,Default,1,Default,Default,Default,Default,Default,Default,Default,Default,Default,16,Default,dotNetTips.Spargine.Core.BenchmarkTests.Collections.Threading,"**NEW**,Queues",50,"8,593.3 ns",31.86 ns,29.80 ns,7.70 ns,"8,499.1 ns","8,587.5 ns","8,595.8 ns","8,612.1 ns","8,621.9 ns","116,369.3",31.861 ns,15.00,6.8186,2.000,-1.9776,12,*,No,0 KB,0.6866,-,6 KB
'Write & Read Async: IEnumerable',Job-YNYGDE,False,True,Default,Default,Default,Default,Default,1111,Empty,RyuJit,X64,8c5e7fda-e8bf-4a96-9a85-a6e23a8c635c,.NET 5.0,False,True,False,True,Default,Default,False,False,True,Default,Default,Default,Default,Default,.NET 5.0,Default,1,Default,Default,Default,Default,Default,Default,Default,Default,Default,16,Default,dotNetTips.Spargine.Core.BenchmarkTests.Collections.Threading,"**NEW**,Queues",100,"17,643.3 ns",74.30 ns,69.50 ns,17.94 ns,"17,501.5 ns","17,632.3 ns","17,670.3 ns","17,692.6 ns","17,715.6 ns","56,678.6",74.296 ns,15.00,2.5220,2.000,-0.9857,15,*,No,0 KB,1.3428,-,12 KB
'Write & Read Async: IEnumerable',Job-YNYGDE,False,True,Default,Default,Default,Default,Default,1111,Empty,RyuJit,X64,8c5e7fda-e8bf-4a96-9a85-a6e23a8c635c,.NET 5.0,False,True,False,True,Default,Default,False,False,True,Default,Default,Default,Default,Default,.NET 5.0,Default,1,Default,Default,Default,Default,Default,Default,Default,Default,Default,16,Default,dotNetTips.Spargine.Core.BenchmarkTests.Collections.Threading,"**NEW**,Queues",250,"43,332.7 ns",147.11 ns,137.61 ns,35.53 ns,"43,017.7 ns","43,237.0 ns","43,380.3 ns","43,425.6 ns","43,514.7 ns","23,077.3",147.110 ns,15.00,2.5211,2.000,-0.8188,20,*,No,0 KB,2.9907,-,27 KB
'Write & Read Async: IEnumerable',Job-YNYGDE,False,True,Default,Default,Default,Default,Default,1111,Empty,RyuJit,X64,8c5e7fda-e8bf-4a96-9a85-a6e23a8c635c,.NET 5.0,False,True,False,True,Default,Default,False,False,True,Default,Default,Default,Default,Default,.NET 5.0,Default,1,Default,Default,Default,Default,Default,Default,Default,Default,Default,16,Default,dotNetTips.Spargine.Core.BenchmarkTests.Collections.Threading,"**NEW**,Queues",500,"86,155.0 ns",407.02 ns,380.73 ns,98.30 ns,"85,625.4 ns","85,745.6 ns","86,205.8 ns","86,462.0 ns","86,695.9 ns","11,607.0",407.020 ns,15.00,1.3670,2.000,-0.0165,25,*,No,0 KB,5.7373,-,53 KB
'Write & Read Async: IEnumerable',Job-YNYGDE,False,True,Default,Default,Default,Default,Default,1111,Empty,RyuJit,X64,8c5e7fda-e8bf-4a96-9a85-a6e23a8c635c,.NET 5.0,False,True,False,True,Default,Default,False,False,True,Default,Default,Default,Default,Default,.NET 5.0,Default,1,Default,Default,Default,Default,Default,Default,Default,Default,Default,16,Default,dotNetTips.Spargine.Core.BenchmarkTests.Collections.Threading,"**NEW**,Queues",1000,"171,547.1 ns","1,297.55 ns","1,083.51 ns",300.51 ns,"169,869.2 ns","170,935.3 ns","171,529.9 ns","172,264.2 ns","173,939.5 ns","5,829.3","1,297.546 ns",13.00,2.5647,2.000,0.4301,28,*,No,0 KB,12.2070,0.4883,104 KB
'Write & Read Async',Job-YNYGDE,False,True,Default,Default,Default,Default,Default,1111,Empty,RyuJit,X64,8c5e7fda-e8bf-4a96-9a85-a6e23a8c635c,.NET 5.0,False,True,False,True,Default,Default,False,False,True,Default,Default,Default,Default,Default,.NET 5.0,Default,1,Default,Default,Default,Default,Default,Default,Default,Default,Default,16,Default,dotNetTips.Spargine.Core.BenchmarkTests.Collections.Threading,"**NEW**,Queues",10,"2,032.3 ns",9.79 ns,8.18 ns,2.27 ns,"2,006.8 ns","2,033.0 ns","2,033.3 ns","2,036.1 ns","2,038.9 ns","492,056.7",9.793 ns,13.00,7.3531,2.000,-2.2245,5,*,No,0 KB,0.2289,-,2 KB
'Write & Read Async',Job-YNYGDE,False,True,Default,Default,Default,Default,Default,1111,Empty,RyuJit,X64,8c5e7fda-e8bf-4a96-9a85-a6e23a8c635c,.NET 5.0,False,True,False,True,Default,Default,False,False,True,Default,Default,Default,Default,Default,.NET 5.0,Default,1,Default,Default,Default,Default,Default,Default,Default,Default,Default,16,Default,dotNetTips.Spargine.Core.BenchmarkTests.Collections.Threading,"**NEW**,Queues",25,"4,592.5 ns",16.37 ns,12.78 ns,3.69 ns,"4,552.9 ns","4,594.1 ns","4,595.5 ns","4,597.8 ns","4,600.4 ns","217,745.0",16.366 ns,12.00,7.7147,2.000,-2.4287,9,*,No,0 KB,0.3433,-,3 KB
'Write & Read Async',Job-YNYGDE,False,True,Default,Default,Default,Default,Default,1111,Empty,RyuJit,X64,8c5e7fda-e8bf-4a96-9a85-a6e23a8c635c,.NET 5.0,False,True,False,True,Default,Default,False,False,True,Default,Default,Default,Default,Default,.NET 5.0,Default,1,Default,Default,Default,Default,Default,Default,Default,Default,Default,16,Default,dotNetTips.Spargine.Core.BenchmarkTests.Collections.Threading,"**NEW**,Queues",50,"9,422.4 ns",32.07 ns,30.00 ns,7.75 ns,"9,338.3 ns","9,415.2 ns","9,430.2 ns","9,442.5 ns","9,454.1 ns","106,130.3",32.071 ns,15.00,4.4882,2.000,-1.3749,13,*,No,0 KB,0.6866,-,6 KB
'Write & Read Async',Job-YNYGDE,False,True,Default,Default,Default,Default,Default,1111,Empty,RyuJit,X64,8c5e7fda-e8bf-4a96-9a85-a6e23a8c635c,.NET 5.0,False,True,False,True,Default,Default,False,False,True,Default,Default,Default,Default,Default,.NET 5.0,Default,1,Default,Default,Default,Default,Default,Default,Default,Default,Default,16,Default,dotNetTips.Spargine.Core.BenchmarkTests.Collections.Threading,"**NEW**,Queues",100,"19,046.0 ns",129.74 ns,108.34 ns,30.05 ns,"18,906.1 ns","19,010.5 ns","19,022.4 ns","19,080.7 ns","19,301.3 ns","52,504.6",129.736 ns,13.00,2.9904,2.000,0.7474,17,*,No,0 KB,1.3123,-,12 KB
'Write & Read Async',Job-YNYGDE,False,True,Default,Default,Default,Default,Default,1111,Empty,RyuJit,X64,8c5e7fda-e8bf-4a96-9a85-a6e23a8c635c,.NET 5.0,False,True,False,True,Default,Default,False,False,True,Default,Default,Default,Default,Default,.NET 5.0,Default,1,Default,Default,Default,Default,Default,Default,Default,Default,Default,16,Default,dotNetTips.Spargine.Core.BenchmarkTests.Collections.Threading,"**NEW**,Queues",250,"46,642.7 ns",45.32 ns,40.18 ns,10.74 ns,"46,572.1 ns","46,622.4 ns","46,629.2 ns","46,661.1 ns","46,731.9 ns","21,439.6",45.324 ns,14.00,2.8389,2.000,0.5874,22,*,No,0 KB,2.9907,-,27 KB
'Write & Read Async',Job-YNYGDE,False,True,Default,Default,Default,Default,Default,1111,Empty,RyuJit,X64,8c5e7fda-e8bf-4a96-9a85-a6e23a8c635c,.NET 5.0,False,True,False,True,Default,Default,False,False,True,Default,Default,Default,Default,Default,.NET 5.0,Default,1,Default,Default,Default,Default,Default,Default,Default,Default,Default,16,Default,dotNetTips.Spargine.Core.BenchmarkTests.Collections.Threading,"**NEW**,Queues",500,"93,573.3 ns",190.56 ns,168.92 ns,45.15 ns,"93,163.0 ns","93,492.9 ns","93,596.1 ns","93,664.0 ns","93,851.5 ns","10,686.8",190.558 ns,14.00,3.2330,2.000,-0.6623,26,*,No,0 KB,5.7373,0.1221,52 KB
'Write & Read Async',Job-YNYGDE,False,True,Default,Default,Default,Default,Default,1111,Empty,RyuJit,X64,8c5e7fda-e8bf-4a96-9a85-a6e23a8c635c,.NET 5.0,False,True,False,True,Default,Default,False,False,True,Default,Default,Default,Default,Default,.NET 5.0,Default,1,Default,Default,Default,Default,Default,Default,Default,Default,Default,16,Default,dotNetTips.Spargine.Core.BenchmarkTests.Collections.Threading,"**NEW**,Queues",1000,"185,759.2 ns",646.15 ns,572.79 ns,153.09 ns,"184,444.2 ns","185,488.0 ns","185,996.5 ns","186,057.0 ns","186,417.6 ns","5,383.3",646.148 ns,14.00,2.6671,2.000,-1.0088,29,*,No,0 KB,12.2070,0.2441,104 KB
'WriteAsync: IEnumerable',Job-YNYGDE,False,True,Default,Default,Default,Default,Default,1111,Empty,RyuJit,X64,8c5e7fda-e8bf-4a96-9a85-a6e23a8c635c,.NET 5.0,False,True,False,True,Default,Default,False,False,True,Default,Default,Default,Default,Default,.NET 5.0,Default,1,Default,Default,Default,Default,Default,Default,Default,Default,Default,16,Default,dotNetTips.Spargine.Core.BenchmarkTests.Collections.Threading,"**NEW**,Queues",10,917.3 ns,1.88 ns,1.66 ns,0.44 ns,914.2 ns,916.5 ns,916.8 ns,918.7 ns,919.9 ns,"1,090,171.4",1.875 ns,14.00,1.9723,2.000,0.1431,1,*,No,0 KB,0.1593,-,1 KB
'WriteAsync: IEnumerable',Job-YNYGDE,False,True,Default,Default,Default,Default,Default,1111,Empty,RyuJit,X64,8c5e7fda-e8bf-4a96-9a85-a6e23a8c635c,.NET 5.0,False,True,False,True,Default,Default,False,False,True,Default,Default,Default,Default,Default,.NET 5.0,Default,1,Default,Default,Default,Default,Default,Default,Default,Default,Default,16,Default,dotNetTips.Spargine.Core.BenchmarkTests.Collections.Threading,"**NEW**,Queues",25,"1,723.7 ns",13.90 ns,11.61 ns,3.22 ns,"1,709.9 ns","1,716.8 ns","1,721.2 ns","1,729.1 ns","1,748.6 ns","580,159.5",13.903 ns,13.00,2.5483,2.000,0.8369,3,*,No,0 KB,0.1583,-,1 KB
'WriteAsync: IEnumerable',Job-YNYGDE,False,True,Default,Default,Default,Default,Default,1111,Empty,RyuJit,X64,8c5e7fda-e8bf-4a96-9a85-a6e23a8c635c,.NET 5.0,False,True,False,True,Default,Default,False,False,True,Default,Default,Default,Default,Default,.NET 5.0,Default,1,Default,Default,Default,Default,Default,Default,Default,Default,Default,16,Default,dotNetTips.Spargine.Core.BenchmarkTests.Collections.Threading,"**NEW**,Queues",50,"3,241.2 ns",3.72 ns,3.29 ns,0.88 ns,"3,237.3 ns","3,239.0 ns","3,240.8 ns","3,242.1 ns","3,248.7 ns","308,528.1",3.716 ns,14.00,2.6432,2.000,0.7936,6,*,No,0 KB,0.2975,-,3 KB
'WriteAsync: IEnumerable',Job-YNYGDE,False,True,Default,Default,Default,Default,Default,1111,Empty,RyuJit,X64,8c5e7fda-e8bf-4a96-9a85-a6e23a8c635c,.NET 5.0,False,True,False,True,Default,Default,False,False,True,Default,Default,Default,Default,Default,.NET 5.0,Default,1,Default,Default,Default,Default,Default,Default,Default,Default,Default,16,Default,dotNetTips.Spargine.Core.BenchmarkTests.Collections.Threading,"**NEW**,Queues",100,"6,256.4 ns",10.40 ns,9.22 ns,2.46 ns,"6,240.3 ns","6,250.6 ns","6,256.0 ns","6,262.2 ns","6,273.5 ns","159,836.3",10.401 ns,14.00,1.9967,2.000,0.0569,10,*,No,0 KB,0.5493,-,5 KB
'WriteAsync: IEnumerable',Job-YNYGDE,False,True,Default,Default,Default,Default,Default,1111,Empty,RyuJit,X64,8c5e7fda-e8bf-4a96-9a85-a6e23a8c635c,.NET 5.0,False,True,False,True,Default,Default,False,False,True,Default,Default,Default,Default,Default,.NET 5.0,Default,1,Default,Default,Default,Default,Default,Default,Default,Default,Default,16,Default,dotNetTips.Spargine.Core.BenchmarkTests.Collections.Threading,"**NEW**,Queues",250,"14,974.0 ns",18.16 ns,16.99 ns,4.39 ns,"14,932.6 ns","14,968.6 ns","14,972.7 ns","14,982.5 ns","15,002.6 ns","66,782.6",18.164 ns,15.00,3.2633,2.000,-0.5699,14,*,No,0 KB,1.0223,-,9 KB
'WriteAsync: IEnumerable',Job-YNYGDE,False,True,Default,Default,Default,Default,Default,1111,Empty,RyuJit,X64,8c5e7fda-e8bf-4a96-9a85-a6e23a8c635c,.NET 5.0,False,True,False,True,Default,Default,False,False,True,Default,Default,Default,Default,Default,.NET 5.0,Default,1,Default,Default,Default,Default,Default,Default,Default,Default,Default,16,Default,dotNetTips.Spargine.Core.BenchmarkTests.Collections.Threading,"**NEW**,Queues",500,"29,227.6 ns",25.04 ns,23.42 ns,6.05 ns,"29,191.8 ns","29,211.7 ns","29,224.4 ns","29,244.1 ns","29,273.0 ns","34,214.2",25.041 ns,15.00,1.8933,2.000,0.3723,18,*,No,0 KB,1.9226,0.0305,17 KB
'WriteAsync: IEnumerable',Job-YNYGDE,False,True,Default,Default,Default,Default,Default,1111,Empty,RyuJit,X64,8c5e7fda-e8bf-4a96-9a85-a6e23a8c635c,.NET 5.0,False,True,False,True,Default,Default,False,False,True,Default,Default,Default,Default,Default,.NET 5.0,Default,1,Default,Default,Default,Default,Default,Default,Default,Default,Default,16,Default,dotNetTips.Spargine.Core.BenchmarkTests.Collections.Threading,"**NEW**,Queues",1000,"57,490.5 ns",135.41 ns,120.03 ns,32.08 ns,"57,284.1 ns","57,390.2 ns","57,515.7 ns","57,561.6 ns","57,710.8 ns","17,394.2",135.406 ns,14.00,1.9197,2.000,-0.0929,23,*,No,0 KB,3.7231,0.1221,34 KB
WriteAsync,Job-YNYGDE,False,True,Default,Default,Default,Default,Default,1111,Empty,RyuJit,X64,8c5e7fda-e8bf-4a96-9a85-a6e23a8c635c,.NET 5.0,False,True,False,True,Default,Default,False,False,True,Default,Default,Default,Default,Default,.NET 5.0,Default,1,Default,Default,Default,Default,Default,Default,Default,Default,Default,16,Default,dotNetTips.Spargine.Core.BenchmarkTests.Collections.Threading,"**NEW**,Queues",10,980.0 ns,3.56 ns,3.15 ns,0.84 ns,975.7 ns,977.8 ns,979.8 ns,981.8 ns,986.6 ns,"1,020,375.5",3.558 ns,14.00,2.1773,2.000,0.4934,2,*,No,0 KB,0.1507,-,1 KB
WriteAsync,Job-YNYGDE,False,True,Default,Default,Default,Default,Default,1111,Empty,RyuJit,X64,8c5e7fda-e8bf-4a96-9a85-a6e23a8c635c,.NET 5.0,False,True,False,True,Default,Default,False,False,True,Default,Default,Default,Default,Default,.NET 5.0,Default,1,Default,Default,Default,Default,Default,Default,Default,Default,Default,16,Default,dotNetTips.Spargine.Core.BenchmarkTests.Collections.Threading,"**NEW**,Queues",25,"1,984.6 ns",7.86 ns,6.97 ns,1.86 ns,"1,961.6 ns","1,984.4 ns","1,986.3 ns","1,987.3 ns","1,990.4 ns","503,887.9",7.861 ns,14.00,8.5424,2.000,-2.4779,4,*,No,0 KB,0.1488,-,1 KB
WriteAsync,Job-YNYGDE,False,True,Default,Default,Default,Default,Default,1111,Empty,RyuJit,X64,8c5e7fda-e8bf-4a96-9a85-a6e23a8c635c,.NET 5.0,False,True,False,True,Default,Default,False,False,True,Default,Default,Default,Default,Default,.NET 5.0,Default,1,Default,Default,Default,Default,Default,Default,Default,Default,Default,16,Default,dotNetTips.Spargine.Core.BenchmarkTests.Collections.Threading,"**NEW**,Queues",50,"3,873.9 ns",9.31 ns,8.70 ns,2.25 ns,"3,857.2 ns","3,868.9 ns","3,873.9 ns","3,881.1 ns","3,886.2 ns","258,137.5",9.305 ns,15.00,1.8071,2.000,-0.1660,7,*,No,0 KB,0.2823,-,3 KB
WriteAsync,Job-YNYGDE,False,True,Default,Default,Default,Default,Default,1111,Empty,RyuJit,X64,8c5e7fda-e8bf-4a96-9a85-a6e23a8c635c,.NET 5.0,False,True,False,True,Default,Default,False,False,True,Default,Default,Default,Default,Default,.NET 5.0,Default,1,Default,Default,Default,Default,Default,Default,Default,Default,Default,16,Default,dotNetTips.Spargine.Core.BenchmarkTests.Collections.Threading,"**NEW**,Queues",100,"7,594.0 ns",20.67 ns,19.34 ns,4.99 ns,"7,561.3 ns","7,579.1 ns","7,599.3 ns","7,606.7 ns","7,623.1 ns","131,682.9",20.671 ns,15.00,1.7381,2.000,-0.3470,11,*,No,0 KB,0.5341,-,5 KB
WriteAsync,Job-YNYGDE,False,True,Default,Default,Default,Default,Default,1111,Empty,RyuJit,X64,8c5e7fda-e8bf-4a96-9a85-a6e23a8c635c,.NET 5.0,False,True,False,True,Default,Default,False,False,True,Default,Default,Default,Default,Default,.NET 5.0,Default,1,Default,Default,Default,Default,Default,Default,Default,Default,Default,16,Default,dotNetTips.Spargine.Core.BenchmarkTests.Collections.Threading,"**NEW**,Queues",250,"18,493.2 ns",50.06 ns,39.09 ns,11.28 ns,"18,446.7 ns","18,471.8 ns","18,484.1 ns","18,501.9 ns","18,599.8 ns","54,073.9",50.063 ns,12.00,4.8368,2.000,1.5140,16,*,No,0 KB,1.0071,-,9 KB
WriteAsync,Job-YNYGDE,False,True,Default,Default,Default,Default,Default,1111,Empty,RyuJit,X64,8c5e7fda-e8bf-4a96-9a85-a6e23a8c635c,.NET 5.0,False,True,False,True,Default,Default,False,False,True,Default,Default,Default,Default,Default,.NET 5.0,Default,1,Default,Default,Default,Default,Default,Default,Default,Default,Default,16,Default,dotNetTips.Spargine.Core.BenchmarkTests.Collections.Threading,"**NEW**,Queues",500,"37,000.5 ns",641.08 ns,763.16 ns,166.53 ns,"35,628.7 ns","36,249.4 ns","37,443.6 ns","37,457.8 ns","38,462.2 ns","27,026.6",641.078 ns,21.00,1.7861,2.000,-0.0603,19,*,No,0 KB,1.8921,-,17 KB
WriteAsync,Job-YNYGDE,False,True,Default,Default,Default,Default,Default,1111,Empty,RyuJit,X64,8c5e7fda-e8bf-4a96-9a85-a6e23a8c635c,.NET 5.0,False,True,False,True,Default,Default,False,False,True,Default,Default,Default,Default,Default,.NET 5.0,Default,1,Default,Default,Default,Default,Default,Default,Default,Default,Default,16,Default,dotNetTips.Spargine.Core.BenchmarkTests.Collections.Threading,"**NEW**,Queues",1000,"73,408.1 ns",965.46 ns,903.09 ns,233.18 ns,"72,336.7 ns","72,524.8 ns","73,911.9 ns","74,237.2 ns","74,397.2 ns","13,622.5",965.461 ns,15.00,0.9435,2.000,-0.1134,24,*,No,0 KB,3.6621,0.1221,34 KB
