<?xml version="1.0" encoding="utf-8"?>
<Summary>
  <Title>dotNetTips.Spargine.Extensions.BenchmarkTests.EnumExtensionsBenchmark-20210828-161810</Title>
  <HostEnvironmentInfo>
    <BenchmarkDotNetCaption>BenchmarkDotNet</BenchmarkDotNetCaption>
    <BenchmarkDotNetVersion>0.13.1</BenchmarkDotNetVersion>
    <OsVersion>Windows 10.0.19042.1165 (20H2/October2020Update)</OsVersion>
    <ProcessorName>Unknown processor</ProcessorName>
    <RuntimeVersion>.NET 5.0.9 (5.0.921.35908)</RuntimeVersion>
    <Architecture>X64</Architecture>
    <HasAttachedDebugger>False</HasAttachedDebugger>
    <HasRyuJit>True</HasRyuJit>
    <Configuration>RELEASE</Configuration>
    <DotNetSdkVersion>6.0.100-preview.7.21379.14</DotNetSdkVersion>
    <ChronometerFrequency>
      <Hertz>10000000</Hertz>
    </ChronometerFrequency>
    <HardwareTimerKind>Unknown</HardwareTimerKind>
  </HostEnvironmentInfo>
  <Benchmarks>
    <BenchmarkCase>
      <DisplayInfo>EnumExtensionsBenchmark.GetDescription: Job-LAXWQE(EvaluateOverhead=True, Server=True, Toolchain=.NET 5.0)</DisplayInfo>
      <Namespace>dotNetTips.Spargine.Extensions.BenchmarkTests</Namespace>
      <Type>EnumExtensionsBenchmark</Type>
      <Method>GetDescription01</Method>
      <MethodTitle>GetDescription</MethodTitle>
      <Statistics>
        <OriginalValues>
          <Item>441.04180335998535</Item>
          <Item>439.0244960784912</Item>
          <Item>441.399621963501</Item>
          <Item>442.80738830566406</Item>
          <Item>437.4512195587158</Item>
          <Item>440.4806137084961</Item>
          <Item>445.7291603088379</Item>
          <Item>444.61493492126465</Item>
          <Item>441.0179138183594</Item>
          <Item>439.27149772644043</Item>
          <Item>439.10441398620605</Item>
          <Item>438.9338493347168</Item>
          <Item>443.1333541870117</Item>
          <Item>437.5434398651123</Item>
          <Item>440.5496120452881</Item>
        </OriginalValues>
        <N>15</N>
        <Min>437.4512195587158</Min>
        <LowerFence>434.5058798789978</LowerFence>
        <Q1>439.06445503234863</Q1>
        <Median>440.5496120452881</Median>
        <Mean>440.80688794453937</Mean>
        <Q3>442.1035051345825</Q3>
        <UpperFence>446.66208028793335</UpperFence>
        <Max>445.7291603088379</Max>
        <InterquartileRange>3.0390501022338867</InterquartileRange>
        <StandardError>0.6272379711440417</StandardError>
        <Variance>5.901412086673406</Variance>
        <StandardDeviation>2.429282216349802</StandardDeviation>
        <Skewness>0.4739908326116374</Skewness>
        <Kurtosis>2.1427181860986804</Kurtosis>
        <ConfidenceInterval>
          <N>15</N>
          <Mean>440.80688794453937</Mean>
          <StandardError>0.6272379711440417</StandardError>
          <Level>L999</Level>
          <Margin>2.59705003744373</Margin>
          <Lower>438.2098379070956</Lower>
          <Upper>443.4039379819831</Upper>
        </ConfidenceInterval>
        <Percentiles>
          <P0>437.4512195587158</P0>
          <P25>439.06445503234863</P25>
          <P50>440.5496120452881</P50>
          <P67>441.1777744293213</P67>
          <P80>442.8725814819336</P80>
          <P85>443.10075759887695</P85>
          <P90>444.0223026275635</P90>
          <P95>444.9492025375366</P95>
          <P100>445.7291603088379</P100>
        </Percentiles>
      </Statistics>
      <Memory>
        <Gen0Collections>5</Gen0Collections>
        <Gen1Collections>0</Gen1Collections>
        <Gen2Collections>0</Gen2Collections>
        <TotalOperations>2097152</TotalOperations>
      </Memory>
      <Measurements>
        <Measurement>
          <IterationMode>Overhead</IterationMode>
          <IterationStage>Jitting</IterationStage>
          <LaunchIndex>1</LaunchIndex>
          <IterationIndex>1</IterationIndex>
          <Operations>1</Operations>
          <Nanoseconds>243700</Nanoseconds>
        </Measurement>
        <Measurement>
          <IterationMode>Workload</IterationMode>
          <IterationStage>Jitting</IterationStage>
          <LaunchIndex>1</LaunchIndex>
          <IterationIndex>1</IterationIndex>
          <Operations>1</Operations>
          <Nanoseconds>1350100</Nanoseconds>
        </Measurement>
        <Measurement>
          <IterationMode>Overhead</IterationMode>
          <IterationStage>Jitting</IterationStage>
          <LaunchIndex>1</LaunchIndex>
          <IterationIndex>2</IterationIndex>
          <Operations>16</Operations>
          <Nanoseconds>210700</Nanoseconds>
        </Measurement>
        <Measurement>
          <IterationMode>Workload</IterationMode>
          <IterationStage>Jitting</IterationStage>
          <LaunchIndex>1</LaunchIndex>
          <IterationIndex>2</IterationIndex>
          <Operations>16</Operations>
          <Nanoseconds>322500</Nanoseconds>
        </Measurement>
        <Measurement>
          <IterationMode>Workload</IterationMode>
          <IterationStage>Pilot</IterationStage>
          <LaunchIndex>1</LaunchIndex>
          <IterationIndex>1</IterationIndex>
          <Operations>16</Operations>
          <Nanoseconds>56300</Nanoseconds>
        </Measurement>
        <Measurement>
          <IterationMode>Workload</IterationMode>
          <IterationStage>Pilot</IterationStage>
          <LaunchIndex>1</LaunchIndex>
          <IterationIndex>2</IterationIndex>
          <Operations>32</Operations>
          <Nanoseconds>40100</Nanoseconds>
        </Measurement>
        <Measurement>
          <IterationMode>Workload</IterationMode>
          <IterationStage>Pilot</IterationStage>
          <LaunchIndex>1</LaunchIndex>
          <IterationIndex>3</IterationIndex>
          <Operations>64</Operations>
          <Nanoseconds>51100</Nanoseconds>
        </Measurement>
        <Measurement>
          <IterationMode>Workload</IterationMode>
          <IterationStage>Pilot</IterationStage>
          <LaunchIndex>1</LaunchIndex>
          <IterationIndex>4</IterationIndex>
          <Operations>128</Operations>
          <Nanoseconds>87600</Nanoseconds>
        </Measurement>
        <Measurement>
          <IterationMode>Workload</IterationMode>
          <IterationStage>Pilot</IterationStage>
          <LaunchIndex>1</LaunchIndex>
          <IterationIndex>5</IterationIndex>
          <Operations>256</Operations>
          <Nanoseconds>155800</Nanoseconds>
        </Measurement>
        <Measurement>
          <IterationMode>Workload</IterationMode>
          <IterationStage>Pilot</IterationStage>
          <LaunchIndex>1</LaunchIndex>
          <IterationIndex>6</IterationIndex>
          <Operations>512</Operations>
          <Nanoseconds>297000</Nanoseconds>
        </Measurement>
        <Measurement>
          <IterationMode>Workload</IterationMode>
          <IterationStage>Pilot</IterationStage>
          <LaunchIndex>1</LaunchIndex>
          <IterationIndex>7</IterationIndex>
          <Operations>1024</Operations>
          <Nanoseconds>596700</Nanoseconds>
        </Measurement>
        <Measurement>
          <IterationMode>Workload</IterationMode>
          <IterationStage>Pilot</IterationStage>
          <LaunchIndex>1</LaunchIndex>
          <IterationIndex>8</IterationIndex>
          <Operations>2048</Operations>
          <Nanoseconds>1137100</Nanoseconds>
        </Measurement>
        <Measurement>
          <IterationMode>Workload</IterationMode>
          <IterationStage>Pilot</IterationStage>
          <LaunchIndex>1</LaunchIndex>
          <IterationIndex>9</IterationIndex>
          <Operations>4096</Operations>
          <Nanoseconds>2247300</Nanoseconds>
        </Measurement>
        <Measurement>
          <IterationMode>Workload</IterationMode>
          <IterationStage>Pilot</IterationStage>
          <LaunchIndex>1</LaunchIndex>
          <IterationIndex>10</IterationIndex>
          <Operations>8192</Operations>
          <Nanoseconds>5544000</Nanoseconds>
        </Measurement>
        <Measurement>
          <IterationMode>Workload</IterationMode>
          <IterationStage>Pilot</IterationStage>
          <LaunchIndex>1</LaunchIndex>
          <IterationIndex>11</IterationIndex>
          <Operations>16384</Operations>
          <Nanoseconds>9004500</Nanoseconds>
        </Measurement>
        <Measurement>
          <IterationMode>Workload</IterationMode>
          <IterationStage>Pilot</IterationStage>
          <LaunchIndex>1</LaunchIndex>
          <IterationIndex>12</IterationIndex>
          <Operations>32768</Operations>
          <Nanoseconds>18715100</Nanoseconds>
        </Measurement>
        <Measurement>
          <IterationMode>Workload</IterationMode>
          <IterationStage>Pilot</IterationStage>
          <LaunchIndex>1</LaunchIndex>
          <IterationIndex>13</IterationIndex>
          <Operations>65536</Operations>
          <Nanoseconds>36146200</Nanoseconds>
        </Measurement>
        <Measurement>
          <IterationMode>Workload</IterationMode>
          <IterationStage>Pilot</IterationStage>
          <LaunchIndex>1</LaunchIndex>
          <IterationIndex>14</IterationIndex>
          <Operations>131072</Operations>
          <Nanoseconds>73458300</Nanoseconds>
        </Measurement>
        <Measurement>
          <IterationMode>Workload</IterationMode>
          <IterationStage>Pilot</IterationStage>
          <LaunchIndex>1</LaunchIndex>
          <IterationIndex>15</IterationIndex>
          <Operations>262144</Operations>
          <Nanoseconds>128596500</Nanoseconds>
        </Measurement>
        <Measurement>
          <IterationMode>Workload</IterationMode>
          <IterationStage>Pilot</IterationStage>
          <LaunchIndex>1</LaunchIndex>
          <IterationIndex>16</IterationIndex>
          <Operations>524288</Operations>
          <Nanoseconds>236723900</Nanoseconds>
        </Measurement>
        <Measurement>
          <IterationMode>Workload</IterationMode>
          <IterationStage>Pilot</IterationStage>
          <LaunchIndex>1</LaunchIndex>
          <IterationIndex>17</IterationIndex>
          <Operations>1048576</Operations>
          <Nanoseconds>465379600</Nanoseconds>
        </Measurement>
        <Measurement>
          <IterationMode>Workload</IterationMode>
          <IterationStage>Pilot</IterationStage>
          <LaunchIndex>1</LaunchIndex>
          <IterationIndex>18</IterationIndex>
          <Operations>2097152</Operations>
          <Nanoseconds>923799500</Nanoseconds>
        </Measurement>
        <Measurement>
          <IterationMode>Overhead</IterationMode>
          <IterationStage>Warmup</IterationStage>
          <LaunchIndex>1</LaunchIndex>
          <IterationIndex>1</IterationIndex>
          <Operations>2097152</Operations>
          <Nanoseconds>4513000</Nanoseconds>
        </Measurement>
        <Measurement>
          <IterationMode>Overhead</IterationMode>
          <IterationStage>Warmup</IterationStage>
          <LaunchIndex>1</LaunchIndex>
          <IterationIndex>2</IterationIndex>
          <Operations>2097152</Operations>
          <Nanoseconds>4599100</Nanoseconds>
        </Measurement>
        <Measurement>
          <IterationMode>Overhead</IterationMode>
          <IterationStage>Warmup</IterationStage>
          <LaunchIndex>1</LaunchIndex>
          <IterationIndex>3</IterationIndex>
          <Operations>2097152</Operations>
          <Nanoseconds>4740500</Nanoseconds>
        </Measurement>
        <Measurement>
          <IterationMode>Overhead</IterationMode>
          <IterationStage>Warmup</IterationStage>
          <LaunchIndex>1</LaunchIndex>
          <IterationIndex>4</IterationIndex>
          <Operations>2097152</Operations>
          <Nanoseconds>4773300</Nanoseconds>
        </Measurement>
        <Measurement>
          <IterationMode>Overhead</IterationMode>
          <IterationStage>Warmup</IterationStage>
          <LaunchIndex>1</LaunchIndex>
          <IterationIndex>5</IterationIndex>
          <Operations>2097152</Operations>
          <Nanoseconds>5036700</Nanoseconds>
        </Measurement>
        <Measurement>
          <IterationMode>Overhead</IterationMode>
          <IterationStage>Warmup</IterationStage>
          <LaunchIndex>1</LaunchIndex>
          <IterationIndex>6</IterationIndex>
          <Operations>2097152</Operations>
          <Nanoseconds>4766100</Nanoseconds>
        </Measurement>
        <Measurement>
          <IterationMode>Overhead</IterationMode>
          <IterationStage>Warmup</IterationStage>
          <LaunchIndex>1</LaunchIndex>
          <IterationIndex>7</IterationIndex>
          <Operations>2097152</Operations>
          <Nanoseconds>4774900</Nanoseconds>
        </Measurement>
        <Measurement>
          <IterationMode>Overhead</IterationMode>
          <IterationStage>Warmup</IterationStage>
          <LaunchIndex>1</LaunchIndex>
          <IterationIndex>8</IterationIndex>
          <Operations>2097152</Operations>
          <Nanoseconds>5220900</Nanoseconds>
        </Measurement>
        <Measurement>
          <IterationMode>Overhead</IterationMode>
          <IterationStage>Warmup</IterationStage>
          <LaunchIndex>1</LaunchIndex>
          <IterationIndex>9</IterationIndex>
          <Operations>2097152</Operations>
          <Nanoseconds>4777300</Nanoseconds>
        </Measurement>
        <Measurement>
          <IterationMode>Overhead</IterationMode>
          <IterationStage>Actual</IterationStage>
          <LaunchIndex>1</LaunchIndex>
          <IterationIndex>1</IterationIndex>
          <Operations>2097152</Operations>
          <Nanoseconds>4775700</Nanoseconds>
        </Measurement>
        <Measurement>
          <IterationMode>Overhead</IterationMode>
          <IterationStage>Actual</IterationStage>
          <LaunchIndex>1</LaunchIndex>
          <IterationIndex>2</IterationIndex>
          <Operations>2097152</Operations>
          <Nanoseconds>4626400</Nanoseconds>
        </Measurement>
        <Measurement>
          <IterationMode>Overhead</IterationMode>
          <IterationStage>Actual</IterationStage>
          <LaunchIndex>1</LaunchIndex>
          <IterationIndex>3</IterationIndex>
          <Operations>2097152</Operations>
          <Nanoseconds>4523300</Nanoseconds>
        </Measurement>
        <Measurement>
          <IterationMode>Overhead</IterationMode>
          <IterationStage>Actual</IterationStage>
          <LaunchIndex>1</LaunchIndex>
          <IterationIndex>4</IterationIndex>
          <Operations>2097152</Operations>
          <Nanoseconds>4513200</Nanoseconds>
        </Measurement>
        <Measurement>
          <IterationMode>Overhead</IterationMode>
          <IterationStage>Actual</IterationStage>
          <LaunchIndex>1</LaunchIndex>
          <IterationIndex>5</IterationIndex>
          <Operations>2097152</Operations>
          <Nanoseconds>4527600</Nanoseconds>
        </Measurement>
        <Measurement>
          <IterationMode>Overhead</IterationMode>
          <IterationStage>Actual</IterationStage>
          <LaunchIndex>1</LaunchIndex>
          <IterationIndex>6</IterationIndex>
          <Operations>2097152</Operations>
          <Nanoseconds>4895400</Nanoseconds>
        </Measurement>
        <Measurement>
          <IterationMode>Overhead</IterationMode>
          <IterationStage>Actual</IterationStage>
          <LaunchIndex>1</LaunchIndex>
          <IterationIndex>7</IterationIndex>
          <Operations>2097152</Operations>
          <Nanoseconds>4521600</Nanoseconds>
        </Measurement>
        <Measurement>
          <IterationMode>Overhead</IterationMode>
          <IterationStage>Actual</IterationStage>
          <LaunchIndex>1</LaunchIndex>
          <IterationIndex>8</IterationIndex>
          <Operations>2097152</Operations>
          <Nanoseconds>4506800</Nanoseconds>
        </Measurement>
        <Measurement>
          <IterationMode>Overhead</IterationMode>
          <IterationStage>Actual</IterationStage>
          <LaunchIndex>1</LaunchIndex>
          <IterationIndex>9</IterationIndex>
          <Operations>2097152</Operations>
          <Nanoseconds>4628100</Nanoseconds>
        </Measurement>
        <Measurement>
          <IterationMode>Overhead</IterationMode>
          <IterationStage>Actual</IterationStage>
          <LaunchIndex>1</LaunchIndex>
          <IterationIndex>10</IterationIndex>
          <Operations>2097152</Operations>
          <Nanoseconds>4519400</Nanoseconds>
        </Measurement>
        <Measurement>
          <IterationMode>Overhead</IterationMode>
          <IterationStage>Actual</IterationStage>
          <LaunchIndex>1</LaunchIndex>
          <IterationIndex>11</IterationIndex>
          <Operations>2097152</Operations>
          <Nanoseconds>4631000</Nanoseconds>
        </Measurement>
        <Measurement>
          <IterationMode>Overhead</IterationMode>
          <IterationStage>Actual</IterationStage>
          <LaunchIndex>1</LaunchIndex>
          <IterationIndex>12</IterationIndex>
          <Operations>2097152</Operations>
          <Nanoseconds>4675200</Nanoseconds>
        </Measurement>
        <Measurement>
          <IterationMode>Overhead</IterationMode>
          <IterationStage>Actual</IterationStage>
          <LaunchIndex>1</LaunchIndex>
          <IterationIndex>13</IterationIndex>
          <Operations>2097152</Operations>
          <Nanoseconds>4581200</Nanoseconds>
        </Measurement>
        <Measurement>
          <IterationMode>Overhead</IterationMode>
          <IterationStage>Actual</IterationStage>
          <LaunchIndex>1</LaunchIndex>
          <IterationIndex>14</IterationIndex>
          <Operations>2097152</Operations>
          <Nanoseconds>4564600</Nanoseconds>
        </Measurement>
        <Measurement>
          <IterationMode>Overhead</IterationMode>
          <IterationStage>Actual</IterationStage>
          <LaunchIndex>1</LaunchIndex>
          <IterationIndex>15</IterationIndex>
          <Operations>2097152</Operations>
          <Nanoseconds>4793800</Nanoseconds>
        </Measurement>
        <Measurement>
          <IterationMode>Workload</IterationMode>
          <IterationStage>Warmup</IterationStage>
          <LaunchIndex>1</LaunchIndex>
          <IterationIndex>1</IterationIndex>
          <Operations>2097152</Operations>
          <Nanoseconds>926172400</Nanoseconds>
        </Measurement>
        <Measurement>
          <IterationMode>Workload</IterationMode>
          <IterationStage>Warmup</IterationStage>
          <LaunchIndex>1</LaunchIndex>
          <IterationIndex>2</IterationIndex>
          <Operations>2097152</Operations>
          <Nanoseconds>941364100</Nanoseconds>
        </Measurement>
        <Measurement>
          <IterationMode>Workload</IterationMode>
          <IterationStage>Warmup</IterationStage>
          <LaunchIndex>1</LaunchIndex>
          <IterationIndex>3</IterationIndex>
          <Operations>2097152</Operations>
          <Nanoseconds>929340600</Nanoseconds>
        </Measurement>
        <Measurement>
          <IterationMode>Workload</IterationMode>
          <IterationStage>Warmup</IterationStage>
          <LaunchIndex>1</LaunchIndex>
          <IterationIndex>4</IterationIndex>
          <Operations>2097152</Operations>
          <Nanoseconds>924606800</Nanoseconds>
        </Measurement>
        <Measurement>
          <IterationMode>Workload</IterationMode>
          <IterationStage>Warmup</IterationStage>
          <LaunchIndex>1</LaunchIndex>
          <IterationIndex>5</IterationIndex>
          <Operations>2097152</Operations>
          <Nanoseconds>927598300</Nanoseconds>
        </Measurement>
        <Measurement>
          <IterationMode>Workload</IterationMode>
          <IterationStage>Warmup</IterationStage>
          <LaunchIndex>1</LaunchIndex>
          <IterationIndex>6</IterationIndex>
          <Operations>2097152</Operations>
          <Nanoseconds>918441500</Nanoseconds>
        </Measurement>
        <Measurement>
          <IterationMode>Workload</IterationMode>
          <IterationStage>Actual</IterationStage>
          <LaunchIndex>1</LaunchIndex>
          <IterationIndex>1</IterationIndex>
          <Operations>2097152</Operations>
          <Nanoseconds>929512900</Nanoseconds>
        </Measurement>
        <Measurement>
          <IterationMode>Workload</IterationMode>
          <IterationStage>Actual</IterationStage>
          <LaunchIndex>1</LaunchIndex>
          <IterationIndex>2</IterationIndex>
          <Operations>2097152</Operations>
          <Nanoseconds>925282300</Nanoseconds>
        </Measurement>
        <Measurement>
          <IterationMode>Workload</IterationMode>
          <IterationStage>Actual</IterationStage>
          <LaunchIndex>1</LaunchIndex>
          <IterationIndex>3</IterationIndex>
          <Operations>2097152</Operations>
          <Nanoseconds>930263300</Nanoseconds>
        </Measurement>
        <Measurement>
          <IterationMode>Workload</IterationMode>
          <IterationStage>Actual</IterationStage>
          <LaunchIndex>1</LaunchIndex>
          <IterationIndex>4</IterationIndex>
          <Operations>2097152</Operations>
          <Nanoseconds>933215600</Nanoseconds>
        </Measurement>
        <Measurement>
          <IterationMode>Workload</IterationMode>
          <IterationStage>Actual</IterationStage>
          <LaunchIndex>1</LaunchIndex>
          <IterationIndex>5</IterationIndex>
          <Operations>2097152</Operations>
          <Nanoseconds>921982900</Nanoseconds>
        </Measurement>
        <Measurement>
          <IterationMode>Workload</IterationMode>
          <IterationStage>Actual</IterationStage>
          <LaunchIndex>1</LaunchIndex>
          <IterationIndex>6</IterationIndex>
          <Operations>2097152</Operations>
          <Nanoseconds>928336000</Nanoseconds>
        </Measurement>
        <Measurement>
          <IterationMode>Workload</IterationMode>
          <IterationStage>Actual</IterationStage>
          <LaunchIndex>1</LaunchIndex>
          <IterationIndex>7</IterationIndex>
          <Operations>2097152</Operations>
          <Nanoseconds>939343000</Nanoseconds>
        </Measurement>
        <Measurement>
          <IterationMode>Workload</IterationMode>
          <IterationStage>Actual</IterationStage>
          <LaunchIndex>1</LaunchIndex>
          <IterationIndex>8</IterationIndex>
          <Operations>2097152</Operations>
          <Nanoseconds>937006300</Nanoseconds>
        </Measurement>
        <Measurement>
          <IterationMode>Workload</IterationMode>
          <IterationStage>Actual</IterationStage>
          <LaunchIndex>1</LaunchIndex>
          <IterationIndex>9</IterationIndex>
          <Operations>2097152</Operations>
          <Nanoseconds>929462800</Nanoseconds>
        </Measurement>
        <Measurement>
          <IterationMode>Workload</IterationMode>
          <IterationStage>Actual</IterationStage>
          <LaunchIndex>1</LaunchIndex>
          <IterationIndex>10</IterationIndex>
          <Operations>2097152</Operations>
          <Nanoseconds>925800300</Nanoseconds>
        </Measurement>
        <Measurement>
          <IterationMode>Workload</IterationMode>
          <IterationStage>Actual</IterationStage>
          <LaunchIndex>1</LaunchIndex>
          <IterationIndex>11</IterationIndex>
          <Operations>2097152</Operations>
          <Nanoseconds>925449900</Nanoseconds>
        </Measurement>
        <Measurement>
          <IterationMode>Workload</IterationMode>
          <IterationStage>Actual</IterationStage>
          <LaunchIndex>1</LaunchIndex>
          <IterationIndex>12</IterationIndex>
          <Operations>2097152</Operations>
          <Nanoseconds>925092200</Nanoseconds>
        </Measurement>
        <Measurement>
          <IterationMode>Workload</IterationMode>
          <IterationStage>Actual</IterationStage>
          <LaunchIndex>1</LaunchIndex>
          <IterationIndex>13</IterationIndex>
          <Operations>2097152</Operations>
          <Nanoseconds>933899200</Nanoseconds>
        </Measurement>
        <Measurement>
          <IterationMode>Workload</IterationMode>
          <IterationStage>Actual</IterationStage>
          <LaunchIndex>1</LaunchIndex>
          <IterationIndex>14</IterationIndex>
          <Operations>2097152</Operations>
          <Nanoseconds>922176300</Nanoseconds>
        </Measurement>
        <Measurement>
          <IterationMode>Workload</IterationMode>
          <IterationStage>Actual</IterationStage>
          <LaunchIndex>1</LaunchIndex>
          <IterationIndex>15</IterationIndex>
          <Operations>2097152</Operations>
          <Nanoseconds>928480700</Nanoseconds>
        </Measurement>
        <Measurement>
          <IterationMode>Workload</IterationMode>
          <IterationStage>Result</IterationStage>
          <LaunchIndex>1</LaunchIndex>
          <IterationIndex>1</IterationIndex>
          <Operations>2097152</Operations>
          <Nanoseconds>924931700</Nanoseconds>
        </Measurement>
        <Measurement>
          <IterationMode>Workload</IterationMode>
          <IterationStage>Result</IterationStage>
          <LaunchIndex>1</LaunchIndex>
          <IterationIndex>2</IterationIndex>
          <Operations>2097152</Operations>
          <Nanoseconds>920701100</Nanoseconds>
        </Measurement>
        <Measurement>
          <IterationMode>Workload</IterationMode>
          <IterationStage>Result</IterationStage>
          <LaunchIndex>1</LaunchIndex>
          <IterationIndex>3</IterationIndex>
          <Operations>2097152</Operations>
          <Nanoseconds>925682100</Nanoseconds>
        </Measurement>
        <Measurement>
          <IterationMode>Workload</IterationMode>
          <IterationStage>Result</IterationStage>
          <LaunchIndex>1</LaunchIndex>
          <IterationIndex>4</IterationIndex>
          <Operations>2097152</Operations>
          <Nanoseconds>928634400</Nanoseconds>
        </Measurement>
        <Measurement>
          <IterationMode>Workload</IterationMode>
          <IterationStage>Result</IterationStage>
          <LaunchIndex>1</LaunchIndex>
          <IterationIndex>5</IterationIndex>
          <Operations>2097152</Operations>
          <Nanoseconds>917401700</Nanoseconds>
        </Measurement>
        <Measurement>
          <IterationMode>Workload</IterationMode>
          <IterationStage>Result</IterationStage>
          <LaunchIndex>1</LaunchIndex>
          <IterationIndex>6</IterationIndex>
          <Operations>2097152</Operations>
          <Nanoseconds>923754800</Nanoseconds>
        </Measurement>
        <Measurement>
          <IterationMode>Workload</IterationMode>
          <IterationStage>Result</IterationStage>
          <LaunchIndex>1</LaunchIndex>
          <IterationIndex>7</IterationIndex>
          <Operations>2097152</Operations>
          <Nanoseconds>934761800</Nanoseconds>
        </Measurement>
        <Measurement>
          <IterationMode>Workload</IterationMode>
          <IterationStage>Result</IterationStage>
          <LaunchIndex>1</LaunchIndex>
          <IterationIndex>8</IterationIndex>
          <Operations>2097152</Operations>
          <Nanoseconds>932425100</Nanoseconds>
        </Measurement>
        <Measurement>
          <IterationMode>Workload</IterationMode>
          <IterationStage>Result</IterationStage>
          <LaunchIndex>1</LaunchIndex>
          <IterationIndex>9</IterationIndex>
          <Operations>2097152</Operations>
          <Nanoseconds>924881600</Nanoseconds>
        </Measurement>
        <Measurement>
          <IterationMode>Workload</IterationMode>
          <IterationStage>Result</IterationStage>
          <LaunchIndex>1</LaunchIndex>
          <IterationIndex>10</IterationIndex>
          <Operations>2097152</Operations>
          <Nanoseconds>921219100</Nanoseconds>
        </Measurement>
        <Measurement>
          <IterationMode>Workload</IterationMode>
          <IterationStage>Result</IterationStage>
          <LaunchIndex>1</LaunchIndex>
          <IterationIndex>11</IterationIndex>
          <Operations>2097152</Operations>
          <Nanoseconds>920868700</Nanoseconds>
        </Measurement>
        <Measurement>
          <IterationMode>Workload</IterationMode>
          <IterationStage>Result</IterationStage>
          <LaunchIndex>1</LaunchIndex>
          <IterationIndex>12</IterationIndex>
          <Operations>2097152</Operations>
          <Nanoseconds>920511000</Nanoseconds>
        </Measurement>
        <Measurement>
          <IterationMode>Workload</IterationMode>
          <IterationStage>Result</IterationStage>
          <LaunchIndex>1</LaunchIndex>
          <IterationIndex>13</IterationIndex>
          <Operations>2097152</Operations>
          <Nanoseconds>929318000</Nanoseconds>
        </Measurement>
        <Measurement>
          <IterationMode>Workload</IterationMode>
          <IterationStage>Result</IterationStage>
          <LaunchIndex>1</LaunchIndex>
          <IterationIndex>14</IterationIndex>
          <Operations>2097152</Operations>
          <Nanoseconds>917595100</Nanoseconds>
        </Measurement>
        <Measurement>
          <IterationMode>Workload</IterationMode>
          <IterationStage>Result</IterationStage>
          <LaunchIndex>1</LaunchIndex>
          <IterationIndex>15</IterationIndex>
          <Operations>2097152</Operations>
          <Nanoseconds>923899500</Nanoseconds>
        </Measurement>
      </Measurements>
    </BenchmarkCase>
    <BenchmarkCase>
      <DisplayInfo>EnumExtensionsBenchmark.GetItems: Job-LAXWQE(EvaluateOverhead=True, Server=True, Toolchain=.NET 5.0)</DisplayInfo>
      <Namespace>dotNetTips.Spargine.Extensions.BenchmarkTests</Namespace>
      <Type>EnumExtensionsBenchmark</Type>
      <Method>GetItems01</Method>
      <MethodTitle>GetItems</MethodTitle>
      <Statistics>
        <OriginalValues>
          <Item>1078.7187576293945</Item>
          <Item>1083.9035034179688</Item>
          <Item>1080.9576034545898</Item>
          <Item>1080.821418762207</Item>
          <Item>1083.5474014282227</Item>
          <Item>1076.5501022338867</Item>
          <Item>1084.6017837524414</Item>
          <Item>1080.1942825317383</Item>
          <Item>1079.7351837158203</Item>
          <Item>1083.6776733398438</Item>
          <Item>1076.5493392944336</Item>
          <Item>1084.7789764404297</Item>
          <Item>1077.956199645996</Item>
          <Item>1085.6687545776367</Item>
        </OriginalValues>
        <N>14</N>
        <Min>1076.5493392944336</Min>
        <LowerFence>1071.6615915298462</LowerFence>
        <Q1>1078.972864151001</Q1>
        <Median>1080.8895111083984</Median>
        <Mean>1081.261498587472</Mean>
        <Q3>1083.8470458984375</Q3>
        <UpperFence>1091.1583185195923</UpperFence>
        <Max>1085.6687545776367</Max>
        <InterquartileRange>4.874181747436523</InterquartileRange>
        <StandardError>0.8338456709045893</StandardError>
        <Variance>9.734180440408545</Variance>
        <StandardDeviation>3.1199648139696294</StandardDeviation>
        <Skewness>-0.1311395267014108</Skewness>
        <Kurtosis>1.446337904170972</Kurtosis>
        <ConfidenceInterval>
          <N>14</N>
          <Mean>1081.261498587472</Mean>
          <StandardError>0.8338456709045893</StandardError>
          <Level>L999</Level>
          <Margin>3.51952226376544</Margin>
          <Lower>1077.7419763237067</Lower>
          <Upper>1084.7810208512374</Upper>
        </ConfidenceInterval>
        <Percentiles>
          <P0>1076.5493392944336</P0>
          <P25>1078.972864151001</P25>
          <P50>1080.8895111083984</P50>
          <P67>1083.6398944854736</P67>
          <P80>1084.1828155517578</P80>
          <P85>1084.6106433868408</P85>
          <P90>1084.7258186340332</P90>
          <P95>1085.0903987884521</P95>
          <P100>1085.6687545776367</P100>
        </Percentiles>
      </Statistics>
      <Memory>
        <Gen0Collections>29</Gen0Collections>
        <Gen1Collections>0</Gen1Collections>
        <Gen2Collections>0</Gen2Collections>
        <TotalOperations>524288</TotalOperations>
      </Memory>
      <Measurements>
        <Measurement>
          <IterationMode>Overhead</IterationMode>
          <IterationStage>Jitting</IterationStage>
          <LaunchIndex>1</LaunchIndex>
          <IterationIndex>1</IterationIndex>
          <Operations>1</Operations>
          <Nanoseconds>238000</Nanoseconds>
        </Measurement>
        <Measurement>
          <IterationMode>Workload</IterationMode>
          <IterationStage>Jitting</IterationStage>
          <LaunchIndex>1</LaunchIndex>
          <IterationIndex>1</IterationIndex>
          <Operations>1</Operations>
          <Nanoseconds>1899300</Nanoseconds>
        </Measurement>
        <Measurement>
          <IterationMode>Overhead</IterationMode>
          <IterationStage>Jitting</IterationStage>
          <LaunchIndex>1</LaunchIndex>
          <IterationIndex>2</IterationIndex>
          <Operations>16</Operations>
          <Nanoseconds>206500</Nanoseconds>
        </Measurement>
        <Measurement>
          <IterationMode>Workload</IterationMode>
          <IterationStage>Jitting</IterationStage>
          <LaunchIndex>1</LaunchIndex>
          <IterationIndex>2</IterationIndex>
          <Operations>16</Operations>
          <Nanoseconds>239100</Nanoseconds>
        </Measurement>
        <Measurement>
          <IterationMode>Workload</IterationMode>
          <IterationStage>Pilot</IterationStage>
          <LaunchIndex>1</LaunchIndex>
          <IterationIndex>1</IterationIndex>
          <Operations>16</Operations>
          <Nanoseconds>43700</Nanoseconds>
        </Measurement>
        <Measurement>
          <IterationMode>Workload</IterationMode>
          <IterationStage>Pilot</IterationStage>
          <LaunchIndex>1</LaunchIndex>
          <IterationIndex>2</IterationIndex>
          <Operations>32</Operations>
          <Nanoseconds>54400</Nanoseconds>
        </Measurement>
        <Measurement>
          <IterationMode>Workload</IterationMode>
          <IterationStage>Pilot</IterationStage>
          <LaunchIndex>1</LaunchIndex>
          <IterationIndex>3</IterationIndex>
          <Operations>64</Operations>
          <Nanoseconds>90600</Nanoseconds>
        </Measurement>
        <Measurement>
          <IterationMode>Workload</IterationMode>
          <IterationStage>Pilot</IterationStage>
          <LaunchIndex>1</LaunchIndex>
          <IterationIndex>4</IterationIndex>
          <Operations>128</Operations>
          <Nanoseconds>167200</Nanoseconds>
        </Measurement>
        <Measurement>
          <IterationMode>Workload</IterationMode>
          <IterationStage>Pilot</IterationStage>
          <LaunchIndex>1</LaunchIndex>
          <IterationIndex>5</IterationIndex>
          <Operations>256</Operations>
          <Nanoseconds>344900</Nanoseconds>
        </Measurement>
        <Measurement>
          <IterationMode>Workload</IterationMode>
          <IterationStage>Pilot</IterationStage>
          <LaunchIndex>1</LaunchIndex>
          <IterationIndex>6</IterationIndex>
          <Operations>512</Operations>
          <Nanoseconds>623600</Nanoseconds>
        </Measurement>
        <Measurement>
          <IterationMode>Workload</IterationMode>
          <IterationStage>Pilot</IterationStage>
          <LaunchIndex>1</LaunchIndex>
          <IterationIndex>7</IterationIndex>
          <Operations>1024</Operations>
          <Nanoseconds>1309200</Nanoseconds>
        </Measurement>
        <Measurement>
          <IterationMode>Workload</IterationMode>
          <IterationStage>Pilot</IterationStage>
          <LaunchIndex>1</LaunchIndex>
          <IterationIndex>8</IterationIndex>
          <Operations>2048</Operations>
          <Nanoseconds>3207900</Nanoseconds>
        </Measurement>
        <Measurement>
          <IterationMode>Workload</IterationMode>
          <IterationStage>Pilot</IterationStage>
          <LaunchIndex>1</LaunchIndex>
          <IterationIndex>9</IterationIndex>
          <Operations>4096</Operations>
          <Nanoseconds>5660100</Nanoseconds>
        </Measurement>
        <Measurement>
          <IterationMode>Workload</IterationMode>
          <IterationStage>Pilot</IterationStage>
          <LaunchIndex>1</LaunchIndex>
          <IterationIndex>10</IterationIndex>
          <Operations>8192</Operations>
          <Nanoseconds>10758400</Nanoseconds>
        </Measurement>
        <Measurement>
          <IterationMode>Workload</IterationMode>
          <IterationStage>Pilot</IterationStage>
          <LaunchIndex>1</LaunchIndex>
          <IterationIndex>11</IterationIndex>
          <Operations>16384</Operations>
          <Nanoseconds>21367100</Nanoseconds>
        </Measurement>
        <Measurement>
          <IterationMode>Workload</IterationMode>
          <IterationStage>Pilot</IterationStage>
          <LaunchIndex>1</LaunchIndex>
          <IterationIndex>12</IterationIndex>
          <Operations>32768</Operations>
          <Nanoseconds>41225100</Nanoseconds>
        </Measurement>
        <Measurement>
          <IterationMode>Workload</IterationMode>
          <IterationStage>Pilot</IterationStage>
          <LaunchIndex>1</LaunchIndex>
          <IterationIndex>13</IterationIndex>
          <Operations>65536</Operations>
          <Nanoseconds>83104000</Nanoseconds>
        </Measurement>
        <Measurement>
          <IterationMode>Workload</IterationMode>
          <IterationStage>Pilot</IterationStage>
          <LaunchIndex>1</LaunchIndex>
          <IterationIndex>14</IterationIndex>
          <Operations>131072</Operations>
          <Nanoseconds>153145300</Nanoseconds>
        </Measurement>
        <Measurement>
          <IterationMode>Workload</IterationMode>
          <IterationStage>Pilot</IterationStage>
          <LaunchIndex>1</LaunchIndex>
          <IterationIndex>15</IterationIndex>
          <Operations>262144</Operations>
          <Nanoseconds>289570500</Nanoseconds>
        </Measurement>
        <Measurement>
          <IterationMode>Workload</IterationMode>
          <IterationStage>Pilot</IterationStage>
          <LaunchIndex>1</LaunchIndex>
          <IterationIndex>16</IterationIndex>
          <Operations>524288</Operations>
          <Nanoseconds>572677600</Nanoseconds>
        </Measurement>
        <Measurement>
          <IterationMode>Overhead</IterationMode>
          <IterationStage>Warmup</IterationStage>
          <LaunchIndex>1</LaunchIndex>
          <IterationIndex>1</IterationIndex>
          <Operations>524288</Operations>
          <Nanoseconds>1162400</Nanoseconds>
        </Measurement>
        <Measurement>
          <IterationMode>Overhead</IterationMode>
          <IterationStage>Warmup</IterationStage>
          <LaunchIndex>1</LaunchIndex>
          <IterationIndex>2</IterationIndex>
          <Operations>524288</Operations>
          <Nanoseconds>1162500</Nanoseconds>
        </Measurement>
        <Measurement>
          <IterationMode>Overhead</IterationMode>
          <IterationStage>Warmup</IterationStage>
          <LaunchIndex>1</LaunchIndex>
          <IterationIndex>3</IterationIndex>
          <Operations>524288</Operations>
          <Nanoseconds>1170000</Nanoseconds>
        </Measurement>
        <Measurement>
          <IterationMode>Overhead</IterationMode>
          <IterationStage>Warmup</IterationStage>
          <LaunchIndex>1</LaunchIndex>
          <IterationIndex>4</IterationIndex>
          <Operations>524288</Operations>
          <Nanoseconds>1162300</Nanoseconds>
        </Measurement>
        <Measurement>
          <IterationMode>Overhead</IterationMode>
          <IterationStage>Warmup</IterationStage>
          <LaunchIndex>1</LaunchIndex>
          <IterationIndex>5</IterationIndex>
          <Operations>524288</Operations>
          <Nanoseconds>1163000</Nanoseconds>
        </Measurement>
        <Measurement>
          <IterationMode>Overhead</IterationMode>
          <IterationStage>Warmup</IterationStage>
          <LaunchIndex>1</LaunchIndex>
          <IterationIndex>6</IterationIndex>
          <Operations>524288</Operations>
          <Nanoseconds>1162200</Nanoseconds>
        </Measurement>
        <Measurement>
          <IterationMode>Overhead</IterationMode>
          <IterationStage>Actual</IterationStage>
          <LaunchIndex>1</LaunchIndex>
          <IterationIndex>1</IterationIndex>
          <Operations>524288</Operations>
          <Nanoseconds>1266000</Nanoseconds>
        </Measurement>
        <Measurement>
          <IterationMode>Overhead</IterationMode>
          <IterationStage>Actual</IterationStage>
          <LaunchIndex>1</LaunchIndex>
          <IterationIndex>2</IterationIndex>
          <Operations>524288</Operations>
          <Nanoseconds>1162600</Nanoseconds>
        </Measurement>
        <Measurement>
          <IterationMode>Overhead</IterationMode>
          <IterationStage>Actual</IterationStage>
          <LaunchIndex>1</LaunchIndex>
          <IterationIndex>3</IterationIndex>
          <Operations>524288</Operations>
          <Nanoseconds>1162400</Nanoseconds>
        </Measurement>
        <Measurement>
          <IterationMode>Overhead</IterationMode>
          <IterationStage>Actual</IterationStage>
          <LaunchIndex>1</LaunchIndex>
          <IterationIndex>4</IterationIndex>
          <Operations>524288</Operations>
          <Nanoseconds>1190400</Nanoseconds>
        </Measurement>
        <Measurement>
          <IterationMode>Overhead</IterationMode>
          <IterationStage>Actual</IterationStage>
          <LaunchIndex>1</LaunchIndex>
          <IterationIndex>5</IterationIndex>
          <Operations>524288</Operations>
          <Nanoseconds>1165900</Nanoseconds>
        </Measurement>
        <Measurement>
          <IterationMode>Overhead</IterationMode>
          <IterationStage>Actual</IterationStage>
          <LaunchIndex>1</LaunchIndex>
          <IterationIndex>6</IterationIndex>
          <Operations>524288</Operations>
          <Nanoseconds>1162300</Nanoseconds>
        </Measurement>
        <Measurement>
          <IterationMode>Overhead</IterationMode>
          <IterationStage>Actual</IterationStage>
          <LaunchIndex>1</LaunchIndex>
          <IterationIndex>7</IterationIndex>
          <Operations>524288</Operations>
          <Nanoseconds>1163700</Nanoseconds>
        </Measurement>
        <Measurement>
          <IterationMode>Overhead</IterationMode>
          <IterationStage>Actual</IterationStage>
          <LaunchIndex>1</LaunchIndex>
          <IterationIndex>8</IterationIndex>
          <Operations>524288</Operations>
          <Nanoseconds>1164100</Nanoseconds>
        </Measurement>
        <Measurement>
          <IterationMode>Overhead</IterationMode>
          <IterationStage>Actual</IterationStage>
          <LaunchIndex>1</LaunchIndex>
          <IterationIndex>9</IterationIndex>
          <Operations>524288</Operations>
          <Nanoseconds>1249200</Nanoseconds>
        </Measurement>
        <Measurement>
          <IterationMode>Overhead</IterationMode>
          <IterationStage>Actual</IterationStage>
          <LaunchIndex>1</LaunchIndex>
          <IterationIndex>10</IterationIndex>
          <Operations>524288</Operations>
          <Nanoseconds>1303100</Nanoseconds>
        </Measurement>
        <Measurement>
          <IterationMode>Overhead</IterationMode>
          <IterationStage>Actual</IterationStage>
          <LaunchIndex>1</LaunchIndex>
          <IterationIndex>11</IterationIndex>
          <Operations>524288</Operations>
          <Nanoseconds>1191800</Nanoseconds>
        </Measurement>
        <Measurement>
          <IterationMode>Overhead</IterationMode>
          <IterationStage>Actual</IterationStage>
          <LaunchIndex>1</LaunchIndex>
          <IterationIndex>12</IterationIndex>
          <Operations>524288</Operations>
          <Nanoseconds>1164400</Nanoseconds>
        </Measurement>
        <Measurement>
          <IterationMode>Overhead</IterationMode>
          <IterationStage>Actual</IterationStage>
          <LaunchIndex>1</LaunchIndex>
          <IterationIndex>13</IterationIndex>
          <Operations>524288</Operations>
          <Nanoseconds>1162000</Nanoseconds>
        </Measurement>
        <Measurement>
          <IterationMode>Overhead</IterationMode>
          <IterationStage>Actual</IterationStage>
          <LaunchIndex>1</LaunchIndex>
          <IterationIndex>14</IterationIndex>
          <Operations>524288</Operations>
          <Nanoseconds>1162200</Nanoseconds>
        </Measurement>
        <Measurement>
          <IterationMode>Overhead</IterationMode>
          <IterationStage>Actual</IterationStage>
          <LaunchIndex>1</LaunchIndex>
          <IterationIndex>15</IterationIndex>
          <Operations>524288</Operations>
          <Nanoseconds>1163100</Nanoseconds>
        </Measurement>
        <Measurement>
          <IterationMode>Workload</IterationMode>
          <IterationStage>Warmup</IterationStage>
          <LaunchIndex>1</LaunchIndex>
          <IterationIndex>1</IterationIndex>
          <Operations>524288</Operations>
          <Nanoseconds>570879800</Nanoseconds>
        </Measurement>
        <Measurement>
          <IterationMode>Workload</IterationMode>
          <IterationStage>Warmup</IterationStage>
          <LaunchIndex>1</LaunchIndex>
          <IterationIndex>2</IterationIndex>
          <Operations>524288</Operations>
          <Nanoseconds>571380200</Nanoseconds>
        </Measurement>
        <Measurement>
          <IterationMode>Workload</IterationMode>
          <IterationStage>Warmup</IterationStage>
          <LaunchIndex>1</LaunchIndex>
          <IterationIndex>3</IterationIndex>
          <Operations>524288</Operations>
          <Nanoseconds>568055800</Nanoseconds>
        </Measurement>
        <Measurement>
          <IterationMode>Workload</IterationMode>
          <IterationStage>Warmup</IterationStage>
          <LaunchIndex>1</LaunchIndex>
          <IterationIndex>4</IterationIndex>
          <Operations>524288</Operations>
          <Nanoseconds>569944900</Nanoseconds>
        </Measurement>
        <Measurement>
          <IterationMode>Workload</IterationMode>
          <IterationStage>Warmup</IterationStage>
          <LaunchIndex>1</LaunchIndex>
          <IterationIndex>5</IterationIndex>
          <Operations>524288</Operations>
          <Nanoseconds>568221900</Nanoseconds>
        </Measurement>
        <Measurement>
          <IterationMode>Workload</IterationMode>
          <IterationStage>Warmup</IterationStage>
          <LaunchIndex>1</LaunchIndex>
          <IterationIndex>6</IterationIndex>
          <Operations>524288</Operations>
          <Nanoseconds>567648000</Nanoseconds>
        </Measurement>
        <Measurement>
          <IterationMode>Workload</IterationMode>
          <IterationStage>Actual</IterationStage>
          <LaunchIndex>1</LaunchIndex>
          <IterationIndex>1</IterationIndex>
          <Operations>524288</Operations>
          <Nanoseconds>575153000</Nanoseconds>
        </Measurement>
        <Measurement>
          <IterationMode>Workload</IterationMode>
          <IterationStage>Actual</IterationStage>
          <LaunchIndex>1</LaunchIndex>
          <IterationIndex>2</IterationIndex>
          <Operations>524288</Operations>
          <Nanoseconds>566723400</Nanoseconds>
        </Measurement>
        <Measurement>
          <IterationMode>Workload</IterationMode>
          <IterationStage>Actual</IterationStage>
          <LaunchIndex>1</LaunchIndex>
          <IterationIndex>3</IterationIndex>
          <Operations>524288</Operations>
          <Nanoseconds>569441700</Nanoseconds>
        </Measurement>
        <Measurement>
          <IterationMode>Workload</IterationMode>
          <IterationStage>Actual</IterationStage>
          <LaunchIndex>1</LaunchIndex>
          <IterationIndex>4</IterationIndex>
          <Operations>524288</Operations>
          <Nanoseconds>567897200</Nanoseconds>
        </Measurement>
        <Measurement>
          <IterationMode>Workload</IterationMode>
          <IterationStage>Actual</IterationStage>
          <LaunchIndex>1</LaunchIndex>
          <IterationIndex>5</IterationIndex>
          <Operations>524288</Operations>
          <Nanoseconds>567825800</Nanoseconds>
        </Measurement>
        <Measurement>
          <IterationMode>Workload</IterationMode>
          <IterationStage>Actual</IterationStage>
          <LaunchIndex>1</LaunchIndex>
          <IterationIndex>6</IterationIndex>
          <Operations>524288</Operations>
          <Nanoseconds>569255000</Nanoseconds>
        </Measurement>
        <Measurement>
          <IterationMode>Workload</IterationMode>
          <IterationStage>Actual</IterationStage>
          <LaunchIndex>1</LaunchIndex>
          <IterationIndex>7</IterationIndex>
          <Operations>524288</Operations>
          <Nanoseconds>565586400</Nanoseconds>
        </Measurement>
        <Measurement>
          <IterationMode>Workload</IterationMode>
          <IterationStage>Actual</IterationStage>
          <LaunchIndex>1</LaunchIndex>
          <IterationIndex>8</IterationIndex>
          <Operations>524288</Operations>
          <Nanoseconds>569807800</Nanoseconds>
        </Measurement>
        <Measurement>
          <IterationMode>Workload</IterationMode>
          <IterationStage>Actual</IterationStage>
          <LaunchIndex>1</LaunchIndex>
          <IterationIndex>9</IterationIndex>
          <Operations>524288</Operations>
          <Nanoseconds>567497000</Nanoseconds>
        </Measurement>
        <Measurement>
          <IterationMode>Workload</IterationMode>
          <IterationStage>Actual</IterationStage>
          <LaunchIndex>1</LaunchIndex>
          <IterationIndex>10</IterationIndex>
          <Operations>524288</Operations>
          <Nanoseconds>567256300</Nanoseconds>
        </Measurement>
        <Measurement>
          <IterationMode>Workload</IterationMode>
          <IterationStage>Actual</IterationStage>
          <LaunchIndex>1</LaunchIndex>
          <IterationIndex>11</IterationIndex>
          <Operations>524288</Operations>
          <Nanoseconds>569323300</Nanoseconds>
        </Measurement>
        <Measurement>
          <IterationMode>Workload</IterationMode>
          <IterationStage>Actual</IterationStage>
          <LaunchIndex>1</LaunchIndex>
          <IterationIndex>12</IterationIndex>
          <Operations>524288</Operations>
          <Nanoseconds>565586000</Nanoseconds>
        </Measurement>
        <Measurement>
          <IterationMode>Workload</IterationMode>
          <IterationStage>Actual</IterationStage>
          <LaunchIndex>1</LaunchIndex>
          <IterationIndex>13</IterationIndex>
          <Operations>524288</Operations>
          <Nanoseconds>569900700</Nanoseconds>
        </Measurement>
        <Measurement>
          <IterationMode>Workload</IterationMode>
          <IterationStage>Actual</IterationStage>
          <LaunchIndex>1</LaunchIndex>
          <IterationIndex>14</IterationIndex>
          <Operations>524288</Operations>
          <Nanoseconds>566323600</Nanoseconds>
        </Measurement>
        <Measurement>
          <IterationMode>Workload</IterationMode>
          <IterationStage>Actual</IterationStage>
          <LaunchIndex>1</LaunchIndex>
          <IterationIndex>15</IterationIndex>
          <Operations>524288</Operations>
          <Nanoseconds>570367200</Nanoseconds>
        </Measurement>
        <Measurement>
          <IterationMode>Workload</IterationMode>
          <IterationStage>Result</IterationStage>
          <LaunchIndex>1</LaunchIndex>
          <IterationIndex>1</IterationIndex>
          <Operations>524288</Operations>
          <Nanoseconds>565559300</Nanoseconds>
        </Measurement>
        <Measurement>
          <IterationMode>Workload</IterationMode>
          <IterationStage>Result</IterationStage>
          <LaunchIndex>1</LaunchIndex>
          <IterationIndex>2</IterationIndex>
          <Operations>524288</Operations>
          <Nanoseconds>568277600</Nanoseconds>
        </Measurement>
        <Measurement>
          <IterationMode>Workload</IterationMode>
          <IterationStage>Result</IterationStage>
          <LaunchIndex>1</LaunchIndex>
          <IterationIndex>3</IterationIndex>
          <Operations>524288</Operations>
          <Nanoseconds>566733100</Nanoseconds>
        </Measurement>
        <Measurement>
          <IterationMode>Workload</IterationMode>
          <IterationStage>Result</IterationStage>
          <LaunchIndex>1</LaunchIndex>
          <IterationIndex>4</IterationIndex>
          <Operations>524288</Operations>
          <Nanoseconds>566661700</Nanoseconds>
        </Measurement>
        <Measurement>
          <IterationMode>Workload</IterationMode>
          <IterationStage>Result</IterationStage>
          <LaunchIndex>1</LaunchIndex>
          <IterationIndex>5</IterationIndex>
          <Operations>524288</Operations>
          <Nanoseconds>568090900</Nanoseconds>
        </Measurement>
        <Measurement>
          <IterationMode>Workload</IterationMode>
          <IterationStage>Result</IterationStage>
          <LaunchIndex>1</LaunchIndex>
          <IterationIndex>6</IterationIndex>
          <Operations>524288</Operations>
          <Nanoseconds>564422300</Nanoseconds>
        </Measurement>
        <Measurement>
          <IterationMode>Workload</IterationMode>
          <IterationStage>Result</IterationStage>
          <LaunchIndex>1</LaunchIndex>
          <IterationIndex>7</IterationIndex>
          <Operations>524288</Operations>
          <Nanoseconds>568643700</Nanoseconds>
        </Measurement>
        <Measurement>
          <IterationMode>Workload</IterationMode>
          <IterationStage>Result</IterationStage>
          <LaunchIndex>1</LaunchIndex>
          <IterationIndex>8</IterationIndex>
          <Operations>524288</Operations>
          <Nanoseconds>566332900</Nanoseconds>
        </Measurement>
        <Measurement>
          <IterationMode>Workload</IterationMode>
          <IterationStage>Result</IterationStage>
          <LaunchIndex>1</LaunchIndex>
          <IterationIndex>9</IterationIndex>
          <Operations>524288</Operations>
          <Nanoseconds>566092200</Nanoseconds>
        </Measurement>
        <Measurement>
          <IterationMode>Workload</IterationMode>
          <IterationStage>Result</IterationStage>
          <LaunchIndex>1</LaunchIndex>
          <IterationIndex>10</IterationIndex>
          <Operations>524288</Operations>
          <Nanoseconds>568159200</Nanoseconds>
        </Measurement>
        <Measurement>
          <IterationMode>Workload</IterationMode>
          <IterationStage>Result</IterationStage>
          <LaunchIndex>1</LaunchIndex>
          <IterationIndex>11</IterationIndex>
          <Operations>524288</Operations>
          <Nanoseconds>564421900</Nanoseconds>
        </Measurement>
        <Measurement>
          <IterationMode>Workload</IterationMode>
          <IterationStage>Result</IterationStage>
          <LaunchIndex>1</LaunchIndex>
          <IterationIndex>12</IterationIndex>
          <Operations>524288</Operations>
          <Nanoseconds>568736600</Nanoseconds>
        </Measurement>
        <Measurement>
          <IterationMode>Workload</IterationMode>
          <IterationStage>Result</IterationStage>
          <LaunchIndex>1</LaunchIndex>
          <IterationIndex>13</IterationIndex>
          <Operations>524288</Operations>
          <Nanoseconds>565159500</Nanoseconds>
        </Measurement>
        <Measurement>
          <IterationMode>Workload</IterationMode>
          <IterationStage>Result</IterationStage>
          <LaunchIndex>1</LaunchIndex>
          <IterationIndex>14</IterationIndex>
          <Operations>524288</Operations>
          <Nanoseconds>569203100</Nanoseconds>
        </Measurement>
      </Measurements>
    </BenchmarkCase>
  </Benchmarks>
</Summary>
