Method,Job,AnalyzeLaunchVariance,EvaluateOverhead,MaxAbsoluteError,MaxRelativeError,MinInvokeCount,MinIterationTime,OutlierMode,Affinity,EnvironmentVariables,Jit,Platform,PowerPlanMode,Runtime,AllowVeryLargeObjects,Concurrent,CpuGroups,Force,HeapAffinitizeMask,HeapCount,NoAffinitize,RetainVm,Server,Arguments,BuildConfiguration,Clock,EngineFactory,NuGetReferences,Toolchain,IsMutator,InvocationCount,IterationCount,IterationTime,LaunchCount,MaxIterationCount,MaxWarmupIterationCount,MemoryRandomization,MinIterationCount,MinWarmupIterationCount,RunStrategy,UnrollFactor,WarmupCount,Namespace,Categories,Count,Mean,Error,StdDev,StdErr,Min,Q1,Median,Q3,Max,Op/s,CI99.9% Margin,Iterations,Kurtosis,MValue,Skewness,Rank,LogicalGroup,Baseline,Gen 0,Code Size,Gen 1,Allocated
'Any: With Predicate',Job-LAXWQE,False,True,Default,Default,Default,Default,Default,1111,Empty,RyuJit,X64,8c5e7fda-e8bf-4a96-9a85-a6e23a8c635c,.NET 5.0,False,True,False,True,Default,Default,False,False,True,Default,Default,Default,Default,Default,.NET 5.0,Default,1,Default,Default,Default,Default,Default,Default,Default,Default,Default,16,Default,dotNetTips.Spargine.Extensions.BenchmarkTests,"LINQ,Collections",10,448.518 ns,2.1737 ns,2.0333 ns,0.5250 ns,444.895 ns,447.815 ns,448.865 ns,449.868 ns,452.346 ns,"2,229,564.3",2.1737 ns,15.00,2.224,2.000,-0.2092,26,*,No,0.0043,561 B,-,40 B
'Any: With Predicate',Job-LAXWQE,False,True,Default,Default,Default,Default,Default,1111,Empty,RyuJit,X64,8c5e7fda-e8bf-4a96-9a85-a6e23a8c635c,.NET 5.0,False,True,False,True,Default,Default,False,False,True,Default,Default,Default,Default,Default,.NET 5.0,Default,1,Default,Default,Default,Default,Default,Default,Default,Default,Default,16,Default,dotNetTips.Spargine.Extensions.BenchmarkTests,"LINQ,Collections",25,159.026 ns,0.8447 ns,0.7488 ns,0.2001 ns,157.794 ns,158.609 ns,159.158 ns,159.423 ns,160.361 ns,"6,288,271.4",0.8447 ns,14.00,1.903,2.000,-0.0985,13,*,No,0.0043,561 B,-,40 B
'Any: With Predicate',Job-LAXWQE,False,True,Default,Default,Default,Default,Default,1111,Empty,RyuJit,X64,8c5e7fda-e8bf-4a96-9a85-a6e23a8c635c,.NET 5.0,False,True,False,True,Default,Default,False,False,True,Default,Default,Default,Default,Default,.NET 5.0,Default,1,Default,Default,Default,Default,Default,Default,Default,Default,Default,16,Default,dotNetTips.Spargine.Extensions.BenchmarkTests,"LINQ,Collections",50,311.329 ns,1.3975 ns,1.2388 ns,0.3311 ns,309.930 ns,310.065 ns,311.729 ns,311.998 ns,313.145 ns,"3,212,038.3",1.3975 ns,14.00,1.282,2.000,0.1110,21,*,No,0.0043,561 B,-,40 B
'Any: With Predicate',Job-LAXWQE,False,True,Default,Default,Default,Default,Default,1111,Empty,RyuJit,X64,8c5e7fda-e8bf-4a96-9a85-a6e23a8c635c,.NET 5.0,False,True,False,True,Default,Default,False,False,True,Default,Default,Default,Default,Default,.NET 5.0,Default,1,Default,Default,Default,Default,Default,Default,Default,Default,Default,16,Default,dotNetTips.Spargine.Extensions.BenchmarkTests,"LINQ,Collections",100,317.968 ns,2.0749 ns,1.8394 ns,0.4916 ns,315.106 ns,316.449 ns,318.227 ns,318.845 ns,321.963 ns,"3,144,968.8",2.0749 ns,14.00,2.438,2.000,0.3603,22,*,No,0.0043,561 B,-,40 B
'Any: With Predicate',Job-LAXWQE,False,True,Default,Default,Default,Default,Default,1111,Empty,RyuJit,X64,8c5e7fda-e8bf-4a96-9a85-a6e23a8c635c,.NET 5.0,False,True,False,True,Default,Default,False,False,True,Default,Default,Default,Default,Default,.NET 5.0,Default,1,Default,Default,Default,Default,Default,Default,Default,Default,Default,16,Default,dotNetTips.Spargine.Extensions.BenchmarkTests,"LINQ,Collections",250,225.728 ns,1.1403 ns,1.0667 ns,0.2754 ns,223.527 ns,225.241 ns,226.106 ns,226.304 ns,226.977 ns,"4,430,111.4",1.1403 ns,15.00,2.177,2.000,-0.6675,16,*,No,0.0043,561 B,-,40 B
'Any: With Predicate',Job-LAXWQE,False,True,Default,Default,Default,Default,Default,1111,Empty,RyuJit,X64,8c5e7fda-e8bf-4a96-9a85-a6e23a8c635c,.NET 5.0,False,True,False,True,Default,Default,False,False,True,Default,Default,Default,Default,Default,.NET 5.0,Default,1,Default,Default,Default,Default,Default,Default,Default,Default,Default,16,Default,dotNetTips.Spargine.Extensions.BenchmarkTests,"LINQ,Collections",500,78.053 ns,0.2913 ns,0.2725 ns,0.0704 ns,77.782 ns,77.845 ns,77.908 ns,78.266 ns,78.566 ns,"12,811,784.9",0.2913 ns,15.00,1.735,2.000,0.6558,6,*,No,0.0043,561 B,-,40 B
'Any: With Predicate',Job-LAXWQE,False,True,Default,Default,Default,Default,Default,1111,Empty,RyuJit,X64,8c5e7fda-e8bf-4a96-9a85-a6e23a8c635c,.NET 5.0,False,True,False,True,Default,Default,False,False,True,Default,Default,Default,Default,Default,.NET 5.0,Default,1,Default,Default,Default,Default,Default,Default,Default,Default,Default,16,Default,dotNetTips.Spargine.Extensions.BenchmarkTests,"LINQ,Collections",1000,78.119 ns,0.2322 ns,0.2058 ns,0.0550 ns,77.711 ns,78.088 ns,78.157 ns,78.213 ns,78.462 ns,"12,800,930.6",0.2322 ns,14.00,2.718,2.000,-0.6401,6,*,No,0.0043,561 B,-,40 B
'Count: With Predicate',Job-LAXWQE,False,True,Default,Default,Default,Default,Default,1111,Empty,RyuJit,X64,8c5e7fda-e8bf-4a96-9a85-a6e23a8c635c,.NET 5.0,False,True,False,True,Default,Default,False,False,True,Default,Default,Default,Default,Default,.NET 5.0,Default,1,Default,Default,Default,Default,Default,Default,Default,Default,Default,16,Default,dotNetTips.Spargine.Extensions.BenchmarkTests,Collections,10,734.615 ns,3.4200 ns,3.1991 ns,0.8260 ns,727.543 ns,732.962 ns,735.971 ns,737.140 ns,737.680 ns,"1,361,257.1",3.4200 ns,15.00,2.655,2.000,-0.9585,32,*,No,0.0038,527 B,-,40 B
'Count: With Predicate',Job-LAXWQE,False,True,Default,Default,Default,Default,Default,1111,Empty,RyuJit,X64,8c5e7fda-e8bf-4a96-9a85-a6e23a8c635c,.NET 5.0,False,True,False,True,Default,Default,False,False,True,Default,Default,Default,Default,Default,.NET 5.0,Default,1,Default,Default,Default,Default,Default,Default,Default,Default,Default,16,Default,dotNetTips.Spargine.Extensions.BenchmarkTests,Collections,25,"2,063.734 ns",13.8523 ns,12.2797 ns,3.2819 ns,"2,034.654 ns","2,061.611 ns","2,063.993 ns","2,072.274 ns","2,076.463 ns","484,558.6",13.8523 ns,14.00,3.265,2.000,-1.1103,46,*,No,0.0038,527 B,-,40 B
'Count: With Predicate',Job-LAXWQE,False,True,Default,Default,Default,Default,Default,1111,Empty,RyuJit,X64,8c5e7fda-e8bf-4a96-9a85-a6e23a8c635c,.NET 5.0,False,True,False,True,Default,Default,False,False,True,Default,Default,Default,Default,Default,.NET 5.0,Default,1,Default,Default,Default,Default,Default,Default,Default,Default,Default,16,Default,dotNetTips.Spargine.Extensions.BenchmarkTests,Collections,50,"3,716.531 ns",16.4314 ns,14.5661 ns,3.8929 ns,"3,669.926 ns","3,715.152 ns","3,719.593 ns","3,722.795 ns","3,733.595 ns","269,068.1",16.4314 ns,14.00,7.642,2.000,-2.1900,54,*,No,0.0038,527 B,-,40 B
'Count: With Predicate',Job-LAXWQE,False,True,Default,Default,Default,Default,Default,1111,Empty,RyuJit,X64,8c5e7fda-e8bf-4a96-9a85-a6e23a8c635c,.NET 5.0,False,True,False,True,Default,Default,False,False,True,Default,Default,Default,Default,Default,.NET 5.0,Default,1,Default,Default,Default,Default,Default,Default,Default,Default,Default,16,Default,dotNetTips.Spargine.Extensions.BenchmarkTests,Collections,100,"7,301.440 ns",24.0311 ns,20.0671 ns,5.5656 ns,"7,286.608 ns","7,289.478 ns","7,292.400 ns","7,295.574 ns","7,342.247 ns","136,959.3",24.0311 ns,13.00,2.363,2.000,1.1146,63,*,No,-,527 B,-,40 B
'Count: With Predicate',Job-LAXWQE,False,True,Default,Default,Default,Default,Default,1111,Empty,RyuJit,X64,8c5e7fda-e8bf-4a96-9a85-a6e23a8c635c,.NET 5.0,False,True,False,True,Default,Default,False,False,True,Default,Default,Default,Default,Default,.NET 5.0,Default,1,Default,Default,Default,Default,Default,Default,Default,Default,Default,16,Default,dotNetTips.Spargine.Extensions.BenchmarkTests,Collections,250,"17,291.552 ns",146.2139 ns,122.0952 ns,33.8631 ns,"17,050.214 ns","17,263.705 ns","17,331.537 ns","17,358.093 ns","17,483.481 ns","57,831.7",146.2139 ns,13.00,2.807,2.000,-0.8059,72,*,No,-,527 B,-,40 B
'Count: With Predicate',Job-LAXWQE,False,True,Default,Default,Default,Default,Default,1111,Empty,RyuJit,X64,8c5e7fda-e8bf-4a96-9a85-a6e23a8c635c,.NET 5.0,False,True,False,True,Default,Default,False,False,True,Default,Default,Default,Default,Default,.NET 5.0,Default,1,Default,Default,Default,Default,Default,Default,Default,Default,Default,16,Default,dotNetTips.Spargine.Extensions.BenchmarkTests,Collections,500,"37,412.491 ns",392.4461 ns,306.3961 ns,88.4489 ns,"36,596.912 ns","37,370.610 ns","37,484.360 ns","37,627.855 ns","37,666.870 ns","26,729.0",392.4461 ns,12.00,4.397,2.000,-1.5065,80,*,No,-,527 B,-,40 B
'Count: With Predicate',Job-LAXWQE,False,True,Default,Default,Default,Default,Default,1111,Empty,RyuJit,X64,8c5e7fda-e8bf-4a96-9a85-a6e23a8c635c,.NET 5.0,False,True,False,True,Default,Default,False,False,True,Default,Default,Default,Default,Default,.NET 5.0,Default,1,Default,Default,Default,Default,Default,Default,Default,Default,Default,16,Default,dotNetTips.Spargine.Extensions.BenchmarkTests,Collections,1000,"77,879.237 ns",376.1305 ns,333.4299 ns,89.1129 ns,"77,053.406 ns","77,797.943 ns","77,924.005 ns","78,096.091 ns","78,355.786 ns","12,840.4",376.1305 ns,14.00,3.468,2.000,-1.0272,84,*,No,-,527 B,-,40 B
'FastAny: With Predicate',Job-LAXWQE,False,True,Default,Default,Default,Default,Default,1111,Empty,RyuJit,X64,8c5e7fda-e8bf-4a96-9a85-a6e23a8c635c,.NET 5.0,False,True,False,True,Default,Default,False,False,True,Default,Default,Default,Default,Default,.NET 5.0,Default,1,Default,Default,Default,Default,Default,Default,Default,Default,Default,16,Default,dotNetTips.Spargine.Extensions.BenchmarkTests,Collections,10,782.403 ns,5.1866 ns,4.8515 ns,1.2527 ns,771.030 ns,779.378 ns,783.881 ns,786.138 ns,788.911 ns,"1,278,113.5",5.1866 ns,15.00,2.578,2.000,-0.6920,33,*,No,0.0038,561 B,-,40 B
'FastAny: With Predicate',Job-LAXWQE,False,True,Default,Default,Default,Default,Default,1111,Empty,RyuJit,X64,8c5e7fda-e8bf-4a96-9a85-a6e23a8c635c,.NET 5.0,False,True,False,True,Default,Default,False,False,True,Default,Default,Default,Default,Default,.NET 5.0,Default,1,Default,Default,Default,Default,Default,Default,Default,Default,Default,16,Default,dotNetTips.Spargine.Extensions.BenchmarkTests,Collections,25,523.753 ns,6.0722 ns,5.6799 ns,1.4666 ns,507.322 ns,522.364 ns,525.311 ns,526.780 ns,530.290 ns,"1,909,298.4",6.0722 ns,15.00,5.007,2.000,-1.5379,28,*,No,0.0038,561 B,-,40 B
'FastAny: With Predicate',Job-LAXWQE,False,True,Default,Default,Default,Default,Default,1111,Empty,RyuJit,X64,8c5e7fda-e8bf-4a96-9a85-a6e23a8c635c,.NET 5.0,False,True,False,True,Default,Default,False,False,True,Default,Default,Default,Default,Default,.NET 5.0,Default,1,Default,Default,Default,Default,Default,Default,Default,Default,Default,16,Default,dotNetTips.Spargine.Extensions.BenchmarkTests,Collections,50,144.502 ns,0.3524 ns,0.3297 ns,0.0851 ns,143.668 ns,144.532 ns,144.615 ns,144.667 ns,144.778 ns,"6,920,302.7",0.3524 ns,15.00,4.326,2.000,-1.6564,12,*,No,0.0043,561 B,-,40 B
'FastAny: With Predicate',Job-LAXWQE,False,True,Default,Default,Default,Default,Default,1111,Empty,RyuJit,X64,8c5e7fda-e8bf-4a96-9a85-a6e23a8c635c,.NET 5.0,False,True,False,True,Default,Default,False,False,True,Default,Default,Default,Default,Default,.NET 5.0,Default,1,Default,Default,Default,Default,Default,Default,Default,Default,Default,16,Default,dotNetTips.Spargine.Extensions.BenchmarkTests,Collections,100,253.425 ns,1.2993 ns,1.1518 ns,0.3078 ns,249.662 ns,253.579 ns,253.852 ns,253.894 ns,254.146 ns,"3,945,941.3",1.2993 ns,14.00,8.191,2.000,-2.4719,18,*,No,0.0043,561 B,-,40 B
'FastAny: With Predicate',Job-LAXWQE,False,True,Default,Default,Default,Default,Default,1111,Empty,RyuJit,X64,8c5e7fda-e8bf-4a96-9a85-a6e23a8c635c,.NET 5.0,False,True,False,True,Default,Default,False,False,True,Default,Default,Default,Default,Default,.NET 5.0,Default,1,Default,Default,Default,Default,Default,Default,Default,Default,Default,16,Default,dotNetTips.Spargine.Extensions.BenchmarkTests,Collections,250,160.551 ns,0.9158 ns,0.8567 ns,0.2212 ns,159.006 ns,159.737 ns,160.660 ns,161.138 ns,161.888 ns,"6,228,558.5",0.9158 ns,15.00,1.746,2.000,-0.1665,13,*,No,0.0043,561 B,-,40 B
'FastAny: With Predicate',Job-LAXWQE,False,True,Default,Default,Default,Default,Default,1111,Empty,RyuJit,X64,8c5e7fda-e8bf-4a96-9a85-a6e23a8c635c,.NET 5.0,False,True,False,True,Default,Default,False,False,True,Default,Default,Default,Default,Default,.NET 5.0,Default,1,Default,Default,Default,Default,Default,Default,Default,Default,Default,16,Default,dotNetTips.Spargine.Extensions.BenchmarkTests,Collections,500,86.121 ns,0.5472 ns,0.5119 ns,0.1322 ns,85.347 ns,85.760 ns,86.178 ns,86.393 ns,87.295 ns,"11,611,538.0",0.5472 ns,15.00,2.686,2.000,0.3155,9,*,No,0.0043,561 B,-,40 B
'FastAny: With Predicate',Job-LAXWQE,False,True,Default,Default,Default,Default,Default,1111,Empty,RyuJit,X64,8c5e7fda-e8bf-4a96-9a85-a6e23a8c635c,.NET 5.0,False,True,False,True,Default,Default,False,False,True,Default,Default,Default,Default,Default,.NET 5.0,Default,1,Default,Default,Default,Default,Default,Default,Default,Default,Default,16,Default,dotNetTips.Spargine.Extensions.BenchmarkTests,Collections,1000,799.066 ns,5.8166 ns,5.4409 ns,1.4048 ns,791.624 ns,794.797 ns,798.689 ns,802.464 ns,811.382 ns,"1,251,460.7",5.8166 ns,15.00,2.400,2.000,0.5094,34,*,No,0.0038,561 B,-,40 B
'FastCount: With Predicate',Job-LAXWQE,False,True,Default,Default,Default,Default,Default,1111,Empty,RyuJit,X64,8c5e7fda-e8bf-4a96-9a85-a6e23a8c635c,.NET 5.0,False,True,False,True,Default,Default,False,False,True,Default,Default,Default,Default,Default,.NET 5.0,Default,1,Default,Default,Default,Default,Default,Default,Default,Default,Default,16,Default,dotNetTips.Spargine.Extensions.BenchmarkTests,Collections,10,708.895 ns,5.8011 ns,5.1425 ns,1.3744 ns,694.779 ns,708.442 ns,710.893 ns,711.566 ns,713.949 ns,"1,410,645.6",5.8011 ns,14.00,4.379,2.000,-1.4996,31,*,No,0.0038,527 B,-,40 B
'FastCount: With Predicate',Job-LAXWQE,False,True,Default,Default,Default,Default,Default,1111,Empty,RyuJit,X64,8c5e7fda-e8bf-4a96-9a85-a6e23a8c635c,.NET 5.0,False,True,False,True,Default,Default,False,False,True,Default,Default,Default,Default,Default,.NET 5.0,Default,1,Default,Default,Default,Default,Default,Default,Default,Default,Default,16,Default,dotNetTips.Spargine.Extensions.BenchmarkTests,Collections,25,"1,764.050 ns",8.4198 ns,7.4639 ns,1.9948 ns,"1,743.978 ns","1,761.523 ns","1,764.569 ns","1,768.998 ns","1,772.643 ns","566,877.4",8.4198 ns,14.00,4.067,2.000,-1.1859,44,*,No,0.0038,527 B,-,40 B
'FastCount: With Predicate',Job-LAXWQE,False,True,Default,Default,Default,Default,Default,1111,Empty,RyuJit,X64,8c5e7fda-e8bf-4a96-9a85-a6e23a8c635c,.NET 5.0,False,True,False,True,Default,Default,False,False,True,Default,Default,Default,Default,Default,.NET 5.0,Default,1,Default,Default,Default,Default,Default,Default,Default,Default,Default,16,Default,dotNetTips.Spargine.Extensions.BenchmarkTests,Collections,50,"3,685.322 ns",16.0428 ns,13.3965 ns,3.7155 ns,"3,659.016 ns","3,677.610 ns","3,682.598 ns","3,693.257 ns","3,711.251 ns","271,346.7",16.0428 ns,13.00,2.473,2.000,0.0623,54,*,No,0.0038,527 B,-,40 B
'FastCount: With Predicate',Job-LAXWQE,False,True,Default,Default,Default,Default,Default,1111,Empty,RyuJit,X64,8c5e7fda-e8bf-4a96-9a85-a6e23a8c635c,.NET 5.0,False,True,False,True,Default,Default,False,False,True,Default,Default,Default,Default,Default,.NET 5.0,Default,1,Default,Default,Default,Default,Default,Default,Default,Default,Default,16,Default,dotNetTips.Spargine.Extensions.BenchmarkTests,Collections,100,"7,467.134 ns",19.6014 ns,18.3351 ns,4.7341 ns,"7,426.469 ns","7,456.476 ns","7,470.758 ns","7,474.891 ns","7,501.656 ns","133,920.2",19.6014 ns,15.00,2.889,2.000,-0.2090,64,*,No,-,527 B,-,40 B
'FastCount: With Predicate',Job-LAXWQE,False,True,Default,Default,Default,Default,Default,1111,Empty,RyuJit,X64,8c5e7fda-e8bf-4a96-9a85-a6e23a8c635c,.NET 5.0,False,True,False,True,Default,Default,False,False,True,Default,Default,Default,Default,Default,.NET 5.0,Default,1,Default,Default,Default,Default,Default,Default,Default,Default,Default,16,Default,dotNetTips.Spargine.Extensions.BenchmarkTests,Collections,250,"18,254.026 ns",273.7267 ns,256.0441 ns,66.1103 ns,"17,673.975 ns","18,170.128 ns","18,248.117 ns","18,493.065 ns","18,609.052 ns","54,782.4",273.7267 ns,15.00,2.673,2.000,-0.5894,73,*,No,-,527 B,-,40 B
'FastCount: With Predicate',Job-LAXWQE,False,True,Default,Default,Default,Default,Default,1111,Empty,RyuJit,X64,8c5e7fda-e8bf-4a96-9a85-a6e23a8c635c,.NET 5.0,False,True,False,True,Default,Default,False,False,True,Default,Default,Default,Default,Default,.NET 5.0,Default,1,Default,Default,Default,Default,Default,Default,Default,Default,Default,16,Default,dotNetTips.Spargine.Extensions.BenchmarkTests,Collections,500,"37,356.516 ns",462.8850 ns,432.9829 ns,111.7957 ns,"36,169.946 ns","37,214.337 ns","37,316.522 ns","37,611.990 ns","37,954.871 ns","26,769.1",462.8850 ns,15.00,4.342,2.000,-0.9224,80,*,No,-,527 B,-,40 B
'FastCount: With Predicate',Job-LAXWQE,False,True,Default,Default,Default,Default,Default,1111,Empty,RyuJit,X64,8c5e7fda-e8bf-4a96-9a85-a6e23a8c635c,.NET 5.0,False,True,False,True,Default,Default,False,False,True,Default,Default,Default,Default,Default,.NET 5.0,Default,1,Default,Default,Default,Default,Default,Default,Default,Default,Default,16,Default,dotNetTips.Spargine.Extensions.BenchmarkTests,Collections,1000,"79,361.746 ns",238.4323 ns,223.0297 ns,57.5860 ns,"78,884.558 ns","79,235.114 ns","79,412.927 ns","79,516.748 ns","79,665.735 ns","12,600.5",238.4323 ns,15.00,2.215,2.000,-0.5809,85,*,No,-,527 B,-,40 B
'FirstOrDefault: Alternate',Job-LAXWQE,False,True,Default,Default,Default,Default,Default,1111,Empty,RyuJit,X64,8c5e7fda-e8bf-4a96-9a85-a6e23a8c635c,.NET 5.0,False,True,False,True,Default,Default,False,False,True,Default,Default,Default,Default,Default,.NET 5.0,Default,1,Default,Default,Default,Default,Default,Default,Default,Default,Default,16,Default,dotNetTips.Spargine.Extensions.BenchmarkTests,Collections,10,72.790 ns,0.1233 ns,0.1153 ns,0.0298 ns,72.583 ns,72.710 ns,72.768 ns,72.868 ns,73.030 ns,"13,738,200.0",0.1233 ns,15.00,2.357,2.000,0.3018,5,*,No,0.0104,332 B,-,96 B
'FirstOrDefault: Alternate',Job-LAXWQE,False,True,Default,Default,Default,Default,Default,1111,Empty,RyuJit,X64,8c5e7fda-e8bf-4a96-9a85-a6e23a8c635c,.NET 5.0,False,True,False,True,Default,Default,False,False,True,Default,Default,Default,Default,Default,.NET 5.0,Default,1,Default,Default,Default,Default,Default,Default,Default,Default,Default,16,Default,dotNetTips.Spargine.Extensions.BenchmarkTests,Collections,25,75.011 ns,0.2403 ns,0.2248 ns,0.0580 ns,74.596 ns,74.911 ns,75.071 ns,75.178 ns,75.313 ns,"13,331,371.7",0.2403 ns,15.00,1.804,2.000,-0.3537,5,*,No,0.0105,332 B,-,96 B
'FirstOrDefault: Alternate',Job-LAXWQE,False,True,Default,Default,Default,Default,Default,1111,Empty,RyuJit,X64,8c5e7fda-e8bf-4a96-9a85-a6e23a8c635c,.NET 5.0,False,True,False,True,Default,Default,False,False,True,Default,Default,Default,Default,Default,.NET 5.0,Default,1,Default,Default,Default,Default,Default,Default,Default,Default,Default,16,Default,dotNetTips.Spargine.Extensions.BenchmarkTests,Collections,50,73.663 ns,0.3314 ns,0.2938 ns,0.0785 ns,73.090 ns,73.485 ns,73.717 ns,73.837 ns,74.204 ns,"13,575,398.4",0.3314 ns,14.00,2.178,2.000,-0.1572,5,*,No,0.0105,332 B,-,96 B
'FirstOrDefault: Alternate',Job-LAXWQE,False,True,Default,Default,Default,Default,Default,1111,Empty,RyuJit,X64,8c5e7fda-e8bf-4a96-9a85-a6e23a8c635c,.NET 5.0,False,True,False,True,Default,Default,False,False,True,Default,Default,Default,Default,Default,.NET 5.0,Default,1,Default,Default,Default,Default,Default,Default,Default,Default,Default,16,Default,dotNetTips.Spargine.Extensions.BenchmarkTests,Collections,100,83.132 ns,0.9357 ns,0.8752 ns,0.2260 ns,82.136 ns,82.455 ns,82.820 ns,84.183 ns,84.437 ns,"12,029,016.2",0.9357 ns,15.00,1.350,2.000,0.4873,8,*,No,0.0104,332 B,-,96 B
'FirstOrDefault: Alternate',Job-LAXWQE,False,True,Default,Default,Default,Default,Default,1111,Empty,RyuJit,X64,8c5e7fda-e8bf-4a96-9a85-a6e23a8c635c,.NET 5.0,False,True,False,True,Default,Default,False,False,True,Default,Default,Default,Default,Default,.NET 5.0,Default,1,Default,Default,Default,Default,Default,Default,Default,Default,Default,16,Default,dotNetTips.Spargine.Extensions.BenchmarkTests,Collections,250,80.489 ns,0.8014 ns,0.7497 ns,0.1936 ns,79.303 ns,79.918 ns,80.621 ns,80.905 ns,81.868 ns,"12,424,043.3",0.8014 ns,15.00,1.911,2.000,-0.1496,7,*,No,0.0105,332 B,-,96 B
'FirstOrDefault: Alternate',Job-LAXWQE,False,True,Default,Default,Default,Default,Default,1111,Empty,RyuJit,X64,8c5e7fda-e8bf-4a96-9a85-a6e23a8c635c,.NET 5.0,False,True,False,True,Default,Default,False,False,True,Default,Default,Default,Default,Default,.NET 5.0,Default,1,Default,Default,Default,Default,Default,Default,Default,Default,Default,16,Default,dotNetTips.Spargine.Extensions.BenchmarkTests,Collections,500,73.910 ns,0.7278 ns,0.6808 ns,0.1758 ns,72.794 ns,73.376 ns,74.063 ns,74.322 ns,75.220 ns,"13,530,018.0",0.7278 ns,15.00,2.023,2.000,-0.1436,5,*,No,0.0104,332 B,-,96 B
'FirstOrDefault: Alternate',Job-LAXWQE,False,True,Default,Default,Default,Default,Default,1111,Empty,RyuJit,X64,8c5e7fda-e8bf-4a96-9a85-a6e23a8c635c,.NET 5.0,False,True,False,True,Default,Default,False,False,True,Default,Default,Default,Default,Default,.NET 5.0,Default,1,Default,Default,Default,Default,Default,Default,Default,Default,Default,16,Default,dotNetTips.Spargine.Extensions.BenchmarkTests,Collections,1000,74.317 ns,0.6411 ns,0.5683 ns,0.1519 ns,73.478 ns,74.043 ns,74.216 ns,74.644 ns,75.316 ns,"13,455,785.5",0.6411 ns,14.00,1.926,2.000,0.3054,5,*,No,0.0105,332 B,-,96 B
"'FirstOrDefault: Predicate, Alternate'",Job-LAXWQE,False,True,Default,Default,Default,Default,Default,1111,Empty,RyuJit,X64,8c5e7fda-e8bf-4a96-9a85-a6e23a8c635c,.NET 5.0,False,True,False,True,Default,Default,False,False,True,Default,Default,Default,Default,Default,.NET 5.0,Default,1,Default,Default,Default,Default,Default,Default,Default,Default,Default,16,Default,dotNetTips.Spargine.Extensions.BenchmarkTests,Collections,10,183.455 ns,0.6877 ns,0.5743 ns,0.1593 ns,181.699 ns,183.479 ns,183.567 ns,183.697 ns,184.069 ns,"5,450,917.5",0.6877 ns,13.00,6.864,2.000,-2.0764,15,*,No,0.0148,311 B,-,136 B
"'FirstOrDefault: Predicate, Alternate'",Job-LAXWQE,False,True,Default,Default,Default,Default,Default,1111,Empty,RyuJit,X64,8c5e7fda-e8bf-4a96-9a85-a6e23a8c635c,.NET 5.0,False,True,False,True,Default,Default,False,False,True,Default,Default,Default,Default,Default,.NET 5.0,Default,1,Default,Default,Default,Default,Default,Default,Default,Default,Default,16,Default,dotNetTips.Spargine.Extensions.BenchmarkTests,Collections,25,335.286 ns,1.2484 ns,1.1677 ns,0.3015 ns,333.817 ns,334.386 ns,335.187 ns,336.099 ns,338.013 ns,"2,982,526.5",1.2484 ns,15.00,2.499,2.000,0.6577,23,*,No,0.0148,311 B,-,136 B
"'FirstOrDefault: Predicate, Alternate'",Job-LAXWQE,False,True,Default,Default,Default,Default,Default,1111,Empty,RyuJit,X64,8c5e7fda-e8bf-4a96-9a85-a6e23a8c635c,.NET 5.0,False,True,False,True,Default,Default,False,False,True,Default,Default,Default,Default,Default,.NET 5.0,Default,1,Default,Default,Default,Default,Default,Default,Default,Default,Default,16,Default,dotNetTips.Spargine.Extensions.BenchmarkTests,Collections,50,607.758 ns,1.0201 ns,0.9542 ns,0.2464 ns,604.980 ns,607.668 ns,607.855 ns,608.441 ns,608.743 ns,"1,645,391.7",1.0201 ns,15.00,5.158,2.000,-1.5746,29,*,No,0.0143,311 B,-,136 B
"'FirstOrDefault: Predicate, Alternate'",Job-LAXWQE,False,True,Default,Default,Default,Default,Default,1111,Empty,RyuJit,X64,8c5e7fda-e8bf-4a96-9a85-a6e23a8c635c,.NET 5.0,False,True,False,True,Default,Default,False,False,True,Default,Default,Default,Default,Default,.NET 5.0,Default,1,Default,Default,Default,Default,Default,Default,Default,Default,Default,16,Default,dotNetTips.Spargine.Extensions.BenchmarkTests,Collections,100,"1,085.887 ns",10.0787 ns,8.9345 ns,2.3879 ns,"1,068.826 ns","1,081.863 ns","1,084.079 ns","1,086.752 ns","1,104.077 ns","920,906.2",10.0787 ns,14.00,2.743,2.000,0.4404,37,*,No,0.0134,311 B,-,136 B
"'FirstOrDefault: Predicate, Alternate'",Job-LAXWQE,False,True,Default,Default,Default,Default,Default,1111,Empty,RyuJit,X64,8c5e7fda-e8bf-4a96-9a85-a6e23a8c635c,.NET 5.0,False,True,False,True,Default,Default,False,False,True,Default,Default,Default,Default,Default,.NET 5.0,Default,1,Default,Default,Default,Default,Default,Default,Default,Default,Default,16,Default,dotNetTips.Spargine.Extensions.BenchmarkTests,Collections,250,"2,760.477 ns",12.5522 ns,11.7414 ns,3.0316 ns,"2,730.178 ns","2,755.386 ns","2,759.878 ns","2,768.264 ns","2,780.111 ns","362,256.3",12.5522 ns,15.00,3.677,2.000,-0.7466,50,*,No,0.0114,311 B,-,136 B
"'FirstOrDefault: Predicate, Alternate'",Job-LAXWQE,False,True,Default,Default,Default,Default,Default,1111,Empty,RyuJit,X64,8c5e7fda-e8bf-4a96-9a85-a6e23a8c635c,.NET 5.0,False,True,False,True,Default,Default,False,False,True,Default,Default,Default,Default,Default,.NET 5.0,Default,1,Default,Default,Default,Default,Default,Default,Default,Default,Default,16,Default,dotNetTips.Spargine.Extensions.BenchmarkTests,Collections,500,"5,483.833 ns",16.9315 ns,15.8377 ns,4.0893 ns,"5,467.753 ns","5,472.182 ns","5,478.661 ns","5,495.361 ns","5,514.827 ns","182,354.2",16.9315 ns,15.00,1.968,2.000,0.7184,58,*,No,0.0076,311 B,-,136 B
"'FirstOrDefault: Predicate, Alternate'",Job-LAXWQE,False,True,Default,Default,Default,Default,Default,1111,Empty,RyuJit,X64,8c5e7fda-e8bf-4a96-9a85-a6e23a8c635c,.NET 5.0,False,True,False,True,Default,Default,False,False,True,Default,Default,Default,Default,Default,.NET 5.0,Default,1,Default,Default,Default,Default,Default,Default,Default,Default,Default,16,Default,dotNetTips.Spargine.Extensions.BenchmarkTests,Collections,1000,"12,190.892 ns",26.7259 ns,24.9994 ns,6.4548 ns,"12,153.619 ns","12,168.658 ns","12,188.185 ns","12,213.577 ns","12,228.789 ns","82,028.5",26.7259 ns,15.00,1.419,2.000,0.1076,67,*,No,-,311 B,-,136 B
'HasItems: With Count',Job-LAXWQE,False,True,Default,Default,Default,Default,Default,1111,Empty,RyuJit,X64,8c5e7fda-e8bf-4a96-9a85-a6e23a8c635c,.NET 5.0,False,True,False,True,Default,Default,False,False,True,Default,Default,Default,Default,Default,.NET 5.0,Default,1,Default,Default,Default,Default,Default,Default,Default,Default,Default,16,Default,dotNetTips.Spargine.Extensions.BenchmarkTests,"**NEW**,Collections",10,6.867 ns,0.1487 ns,0.1318 ns,0.0352 ns,6.618 ns,6.820 ns,6.861 ns,6.937 ns,7.088 ns,"145,629,869.1",0.1487 ns,14.00,2.469,2.000,-0.3783,3,*,No,-,215 B,-,0 B
'HasItems: With Count',Job-LAXWQE,False,True,Default,Default,Default,Default,Default,1111,Empty,RyuJit,X64,8c5e7fda-e8bf-4a96-9a85-a6e23a8c635c,.NET 5.0,False,True,False,True,Default,Default,False,False,True,Default,Default,Default,Default,Default,.NET 5.0,Default,1,Default,Default,Default,Default,Default,Default,Default,Default,Default,16,Default,dotNetTips.Spargine.Extensions.BenchmarkTests,"**NEW**,Collections",25,6.896 ns,0.0552 ns,0.0461 ns,0.0128 ns,6.748 ns,6.897 ns,6.904 ns,6.917 ns,6.930 ns,"145,003,238.4",0.0552 ns,13.00,8.369,2.000,-2.5097,3,*,No,-,215 B,-,0 B
'HasItems: With Count',Job-LAXWQE,False,True,Default,Default,Default,Default,Default,1111,Empty,RyuJit,X64,8c5e7fda-e8bf-4a96-9a85-a6e23a8c635c,.NET 5.0,False,True,False,True,Default,Default,False,False,True,Default,Default,Default,Default,Default,.NET 5.0,Default,1,Default,Default,Default,Default,Default,Default,Default,Default,Default,16,Default,dotNetTips.Spargine.Extensions.BenchmarkTests,"**NEW**,Collections",50,6.868 ns,0.0245 ns,0.0217 ns,0.0058 ns,6.834 ns,6.850 ns,6.860 ns,6.887 ns,6.902 ns,"145,611,729.3",0.0245 ns,14.00,1.388,2.000,0.1699,3,*,No,-,215 B,-,0 B
'HasItems: With Count',Job-LAXWQE,False,True,Default,Default,Default,Default,Default,1111,Empty,RyuJit,X64,8c5e7fda-e8bf-4a96-9a85-a6e23a8c635c,.NET 5.0,False,True,False,True,Default,Default,False,False,True,Default,Default,Default,Default,Default,.NET 5.0,Default,1,Default,Default,Default,Default,Default,Default,Default,Default,Default,16,Default,dotNetTips.Spargine.Extensions.BenchmarkTests,"**NEW**,Collections",100,6.668 ns,0.1613 ns,0.1430 ns,0.0382 ns,6.575 ns,6.580 ns,6.587 ns,6.714 ns,7.022 ns,"149,974,750.1",0.1613 ns,14.00,3.185,2.000,1.2605,1,*,No,-,215 B,-,0 B
'HasItems: With Count',Job-LAXWQE,False,True,Default,Default,Default,Default,Default,1111,Empty,RyuJit,X64,8c5e7fda-e8bf-4a96-9a85-a6e23a8c635c,.NET 5.0,False,True,False,True,Default,Default,False,False,True,Default,Default,Default,Default,Default,.NET 5.0,Default,1,Default,Default,Default,Default,Default,Default,Default,Default,Default,16,Default,dotNetTips.Spargine.Extensions.BenchmarkTests,"**NEW**,Collections",250,7.425 ns,0.0295 ns,0.0276 ns,0.0071 ns,7.392 ns,7.403 ns,7.419 ns,7.439 ns,7.480 ns,"134,685,016.8",0.0295 ns,15.00,2.061,2.000,0.5872,4,*,No,-,215 B,-,0 B
'HasItems: With Count',Job-LAXWQE,False,True,Default,Default,Default,Default,Default,1111,Empty,RyuJit,X64,8c5e7fda-e8bf-4a96-9a85-a6e23a8c635c,.NET 5.0,False,True,False,True,Default,Default,False,False,True,Default,Default,Default,Default,Default,.NET 5.0,Default,1,Default,Default,Default,Default,Default,Default,Default,Default,Default,16,Default,dotNetTips.Spargine.Extensions.BenchmarkTests,"**NEW**,Collections",500,6.865 ns,0.0866 ns,0.0676 ns,0.0195 ns,6.738 ns,6.852 ns,6.897 ns,6.907 ns,6.922 ns,"145,662,411.5",0.0866 ns,12.00,2.026,2.000,-0.9457,3,*,No,-,215 B,-,0 B
'HasItems: With Count',Job-LAXWQE,False,True,Default,Default,Default,Default,Default,1111,Empty,RyuJit,X64,8c5e7fda-e8bf-4a96-9a85-a6e23a8c635c,.NET 5.0,False,True,False,True,Default,Default,False,False,True,Default,Default,Default,Default,Default,.NET 5.0,Default,1,Default,Default,Default,Default,Default,Default,Default,Default,Default,16,Default,dotNetTips.Spargine.Extensions.BenchmarkTests,"**NEW**,Collections",1000,6.956 ns,0.1511 ns,0.1340 ns,0.0358 ns,6.617 ns,6.926 ns,6.966 ns,6.982 ns,7.145 ns,"143,764,112.8",0.1511 ns,14.00,3.659,2.000,-0.8614,3,*,No,-,215 B,-,0 B
'ToImmutable: Dictionary',Job-LAXWQE,False,True,Default,Default,Default,Default,Default,1111,Empty,RyuJit,X64,8c5e7fda-e8bf-4a96-9a85-a6e23a8c635c,.NET 5.0,False,True,False,True,Default,Default,False,False,True,Default,Default,Default,Default,Default,.NET 5.0,Default,1,Default,Default,Default,Default,Default,Default,Default,Default,Default,16,Default,dotNetTips.Spargine.Extensions.BenchmarkTests,Collections,10,"1,696.861 ns",7.6981 ns,7.2008 ns,1.8592 ns,"1,685.942 ns","1,691.790 ns","1,693.366 ns","1,703.327 ns","1,709.425 ns","589,323.5",7.6981 ns,15.00,1.512,2.000,0.2618,43,*,No,0.0801,116 B,-,736 B
'ToImmutable: Dictionary',Job-LAXWQE,False,True,Default,Default,Default,Default,Default,1111,Empty,RyuJit,X64,8c5e7fda-e8bf-4a96-9a85-a6e23a8c635c,.NET 5.0,False,True,False,True,Default,Default,False,False,True,Default,Default,Default,Default,Default,.NET 5.0,Default,1,Default,Default,Default,Default,Default,Default,Default,Default,Default,16,Default,dotNetTips.Spargine.Extensions.BenchmarkTests,Collections,25,"5,381.788 ns",21.3666 ns,17.8421 ns,4.9485 ns,"5,355.005 ns","5,364.673 ns","5,388.323 ns","5,391.267 ns","5,410.349 ns","185,811.8",21.3666 ns,13.00,1.475,2.000,-0.0410,57,*,No,0.1831,116 B,-,"1,696 B"
'ToImmutable: Dictionary',Job-LAXWQE,False,True,Default,Default,Default,Default,Default,1111,Empty,RyuJit,X64,8c5e7fda-e8bf-4a96-9a85-a6e23a8c635c,.NET 5.0,False,True,False,True,Default,Default,False,False,True,Default,Default,Default,Default,Default,.NET 5.0,Default,1,Default,Default,Default,Default,Default,Default,Default,Default,Default,16,Default,dotNetTips.Spargine.Extensions.BenchmarkTests,Collections,50,"12,336.343 ns",29.3589 ns,26.0259 ns,6.9557 ns,"12,266.530 ns","12,326.100 ns","12,335.317 ns","12,350.000 ns","12,373.637 ns","81,061.3",29.3589 ns,14.00,4.283,2.000,-0.9685,68,*,No,0.3510,116 B,-,"3,296 B"
'ToImmutable: Dictionary',Job-LAXWQE,False,True,Default,Default,Default,Default,Default,1111,Empty,RyuJit,X64,8c5e7fda-e8bf-4a96-9a85-a6e23a8c635c,.NET 5.0,False,True,False,True,Default,Default,False,False,True,Default,Default,Default,Default,Default,.NET 5.0,Default,1,Default,Default,Default,Default,Default,Default,Default,Default,Default,16,Default,dotNetTips.Spargine.Extensions.BenchmarkTests,Collections,100,"26,937.691 ns",79.1121 ns,70.1308 ns,18.7432 ns,"26,857.011 ns","26,884.905 ns","26,916.832 ns","26,993.607 ns","27,107.262 ns","37,122.7",79.1121 ns,14.00,2.829,2.000,0.8901,76,*,No,0.7019,116 B,-,"6,496 B"
'ToImmutable: Dictionary',Job-LAXWQE,False,True,Default,Default,Default,Default,Default,1111,Empty,RyuJit,X64,8c5e7fda-e8bf-4a96-9a85-a6e23a8c635c,.NET 5.0,False,True,False,True,Default,Default,False,False,True,Default,Default,Default,Default,Default,.NET 5.0,Default,1,Default,Default,Default,Default,Default,Default,Default,Default,Default,16,Default,dotNetTips.Spargine.Extensions.BenchmarkTests,Collections,250,"80,602.132 ns",264.8257 ns,206.7585 ns,59.6860 ns,"80,410.925 ns","80,450.256 ns","80,504.028 ns","80,802.100 ns","80,950.916 ns","12,406.6",264.8257 ns,12.00,1.477,2.000,0.6114,86,*,No,1.7090,116 B,-,"16,096 B"
'ToImmutable: Dictionary',Job-LAXWQE,False,True,Default,Default,Default,Default,Default,1111,Empty,RyuJit,X64,8c5e7fda-e8bf-4a96-9a85-a6e23a8c635c,.NET 5.0,False,True,False,True,Default,Default,False,False,True,Default,Default,Default,Default,Default,.NET 5.0,Default,1,Default,Default,Default,Default,Default,Default,Default,Default,Default,16,Default,dotNetTips.Spargine.Extensions.BenchmarkTests,Collections,500,"186,005.903 ns",161.5671 ns,143.2250 ns,38.2785 ns,"185,735.889 ns","185,929.272 ns","186,016.602 ns","186,098.340 ns","186,245.923 ns","5,376.2",161.5671 ns,14.00,2.024,2.000,-0.1848,89,*,No,3.4180,116 B,0.2441,"32,096 B"
'ToImmutable: Dictionary',Job-LAXWQE,False,True,Default,Default,Default,Default,Default,1111,Empty,RyuJit,X64,8c5e7fda-e8bf-4a96-9a85-a6e23a8c635c,.NET 5.0,False,True,False,True,Default,Default,False,False,True,Default,Default,Default,Default,Default,.NET 5.0,Default,1,Default,Default,Default,Default,Default,Default,Default,Default,Default,16,Default,dotNetTips.Spargine.Extensions.BenchmarkTests,Collections,1000,"419,716.626 ns","1,725.1716 ns","1,529.3196 ns",408.7279 ns,"415,923.730 ns","419,090.979 ns","420,075.195 ns","420,826.819 ns","421,527.881 ns","2,382.6","1,725.1716 ns",14.00,3.207,2.000,-0.9684,90,*,No,6.8359,116 B,0.9766,"64,097 B"
'ToImmutable: List',Job-LAXWQE,False,True,Default,Default,Default,Default,Default,1111,Empty,RyuJit,X64,8c5e7fda-e8bf-4a96-9a85-a6e23a8c635c,.NET 5.0,False,True,False,True,Default,Default,False,False,True,Default,Default,Default,Default,Default,.NET 5.0,Default,1,Default,Default,Default,Default,Default,Default,Default,Default,Default,16,Default,dotNetTips.Spargine.Extensions.BenchmarkTests,Collections,10,317.182 ns,0.9688 ns,0.9062 ns,0.2340 ns,316.193 ns,316.388 ns,316.940 ns,317.737 ns,318.857 ns,"3,152,762.3",0.9688 ns,15.00,1.908,2.000,0.5456,22,*,No,0.0577,148 B,-,528 B
'ToImmutable: List',Job-LAXWQE,False,True,Default,Default,Default,Default,Default,1111,Empty,RyuJit,X64,8c5e7fda-e8bf-4a96-9a85-a6e23a8c635c,.NET 5.0,False,True,False,True,Default,Default,False,False,True,Default,Default,Default,Default,Default,.NET 5.0,Default,1,Default,Default,Default,Default,Default,Default,Default,Default,Default,16,Default,dotNetTips.Spargine.Extensions.BenchmarkTests,Collections,25,736.887 ns,2.6743 ns,2.3707 ns,0.6336 ns,730.873 ns,736.011 ns,736.995 ns,738.085 ns,740.123 ns,"1,357,059.7",2.6743 ns,14.00,3.518,2.000,-0.8834,32,*,No,0.1364,148 B,-,"1,248 B"
'ToImmutable: List',Job-LAXWQE,False,True,Default,Default,Default,Default,Default,1111,Empty,RyuJit,X64,8c5e7fda-e8bf-4a96-9a85-a6e23a8c635c,.NET 5.0,False,True,False,True,Default,Default,False,False,True,Default,Default,Default,Default,Default,.NET 5.0,Default,1,Default,Default,Default,Default,Default,Default,Default,Default,Default,16,Default,dotNetTips.Spargine.Extensions.BenchmarkTests,Collections,50,"1,459.178 ns",2.4510 ns,2.2927 ns,0.5920 ns,"1,454.982 ns","1,457.817 ns","1,459.100 ns","1,460.486 ns","1,463.267 ns","685,317.1",2.4510 ns,15.00,2.056,2.000,0.0206,40,*,No,0.2670,148 B,-,"2,448 B"
'ToImmutable: List',Job-LAXWQE,False,True,Default,Default,Default,Default,Default,1111,Empty,RyuJit,X64,8c5e7fda-e8bf-4a96-9a85-a6e23a8c635c,.NET 5.0,False,True,False,True,Default,Default,False,False,True,Default,Default,Default,Default,Default,.NET 5.0,Default,1,Default,Default,Default,Default,Default,Default,Default,Default,Default,16,Default,dotNetTips.Spargine.Extensions.BenchmarkTests,Collections,100,"2,796.085 ns",12.2882 ns,10.8932 ns,2.9113 ns,"2,762.357 ns","2,795.163 ns","2,796.817 ns","2,800.196 ns","2,807.969 ns","357,642.9",12.2882 ns,14.00,6.779,2.000,-1.9129,51,*,No,0.5302,148 B,0.0038,"4,848 B"
'ToImmutable: List',Job-LAXWQE,False,True,Default,Default,Default,Default,Default,1111,Empty,RyuJit,X64,8c5e7fda-e8bf-4a96-9a85-a6e23a8c635c,.NET 5.0,False,True,False,True,Default,Default,False,False,True,Default,Default,Default,Default,Default,.NET 5.0,Default,1,Default,Default,Default,Default,Default,Default,Default,Default,Default,16,Default,dotNetTips.Spargine.Extensions.BenchmarkTests,Collections,250,"6,909.031 ns",16.9005 ns,14.9818 ns,4.0041 ns,"6,868.704 ns","6,904.720 ns","6,912.776 ns","6,918.792 ns","6,924.812 ns","144,738.1",16.9005 ns,14.00,4.182,2.000,-1.3248,61,*,No,1.3199,148 B,0.0229,"12,048 B"
'ToImmutable: List',Job-LAXWQE,False,True,Default,Default,Default,Default,Default,1111,Empty,RyuJit,X64,8c5e7fda-e8bf-4a96-9a85-a6e23a8c635c,.NET 5.0,False,True,False,True,Default,Default,False,False,True,Default,Default,Default,Default,Default,.NET 5.0,Default,1,Default,Default,Default,Default,Default,Default,Default,Default,Default,16,Default,dotNetTips.Spargine.Extensions.BenchmarkTests,Collections,500,"14,320.005 ns",49.3226 ns,43.7232 ns,11.6855 ns,"14,218.410 ns","14,306.492 ns","14,323.871 ns","14,336.571 ns","14,398.938 ns","69,832.4",49.3226 ns,14.00,3.223,2.000,-0.5566,70,*,No,2.6398,148 B,0.1068,"24,048 B"
'ToImmutable: List',Job-LAXWQE,False,True,Default,Default,Default,Default,Default,1111,Empty,RyuJit,X64,8c5e7fda-e8bf-4a96-9a85-a6e23a8c635c,.NET 5.0,False,True,False,True,Default,Default,False,False,True,Default,Default,Default,Default,Default,.NET 5.0,Default,1,Default,Default,Default,Default,Default,Default,Default,Default,Default,16,Default,dotNetTips.Spargine.Extensions.BenchmarkTests,Collections,1000,"29,148.069 ns",119.6173 ns,111.8901 ns,28.8899 ns,"28,906.586 ns","29,111.583 ns","29,141.043 ns","29,210.638 ns","29,336.380 ns","34,307.6",119.6173 ns,15.00,2.526,2.000,-0.2074,77,*,No,4.9133,148 B,-,"48,048 B"
FirstOrNull,Job-LAXWQE,False,True,Default,Default,Default,Default,Default,1111,Empty,RyuJit,X64,8c5e7fda-e8bf-4a96-9a85-a6e23a8c635c,.NET 5.0,False,True,False,True,Default,Default,False,False,True,Default,Default,Default,Default,Default,.NET 5.0,Default,1,Default,Default,Default,Default,Default,Default,Default,Default,Default,16,Default,dotNetTips.Spargine.Extensions.BenchmarkTests,Collections,10,139.081 ns,0.8521 ns,0.7971 ns,0.2058 ns,137.433 ns,138.765 ns,139.160 ns,139.536 ns,140.132 ns,"7,190,050.2",0.8521 ns,15.00,2.696,2.000,-0.7740,11,*,No,0.0217,415 B,-,200 B
FirstOrNull,Job-LAXWQE,False,True,Default,Default,Default,Default,Default,1111,Empty,RyuJit,X64,8c5e7fda-e8bf-4a96-9a85-a6e23a8c635c,.NET 5.0,False,True,False,True,Default,Default,False,False,True,Default,Default,Default,Default,Default,.NET 5.0,Default,1,Default,Default,Default,Default,Default,Default,Default,Default,Default,16,Default,dotNetTips.Spargine.Extensions.BenchmarkTests,Collections,25,244.749 ns,0.8341 ns,0.7802 ns,0.2014 ns,243.503 ns,244.081 ns,244.787 ns,245.262 ns,246.291 ns,"4,085,811.8",0.8341 ns,15.00,1.979,2.000,0.1215,17,*,No,0.0348,415 B,-,320 B
FirstOrNull,Job-LAXWQE,False,True,Default,Default,Default,Default,Default,1111,Empty,RyuJit,X64,8c5e7fda-e8bf-4a96-9a85-a6e23a8c635c,.NET 5.0,False,True,False,True,Default,Default,False,False,True,Default,Default,Default,Default,Default,.NET 5.0,Default,1,Default,Default,Default,Default,Default,Default,Default,Default,Default,16,Default,dotNetTips.Spargine.Extensions.BenchmarkTests,Collections,50,426.797 ns,1.9801 ns,1.8522 ns,0.4782 ns,423.457 ns,425.390 ns,427.462 ns,427.929 ns,429.262 ns,"2,343,033.0",1.9801 ns,15.00,1.730,2.000,-0.3940,25,*,No,0.0567,415 B,-,520 B
FirstOrNull,Job-LAXWQE,False,True,Default,Default,Default,Default,Default,1111,Empty,RyuJit,X64,8c5e7fda-e8bf-4a96-9a85-a6e23a8c635c,.NET 5.0,False,True,False,True,Default,Default,False,False,True,Default,Default,Default,Default,Default,.NET 5.0,Default,1,Default,Default,Default,Default,Default,Default,Default,Default,Default,16,Default,dotNetTips.Spargine.Extensions.BenchmarkTests,Collections,100,782.840 ns,4.2332 ns,3.9597 ns,1.0224 ns,773.511 ns,781.459 ns,783.958 ns,785.733 ns,787.126 ns,"1,277,400.0",4.2332 ns,15.00,3.185,2.000,-1.1282,33,*,No,0.1001,415 B,-,920 B
FirstOrNull,Job-LAXWQE,False,True,Default,Default,Default,Default,Default,1111,Empty,RyuJit,X64,8c5e7fda-e8bf-4a96-9a85-a6e23a8c635c,.NET 5.0,False,True,False,True,Default,Default,False,False,True,Default,Default,Default,Default,Default,.NET 5.0,Default,1,Default,Default,Default,Default,Default,Default,Default,Default,Default,16,Default,dotNetTips.Spargine.Extensions.BenchmarkTests,Collections,250,"1,825.016 ns",2.8989 ns,2.7117 ns,0.7001 ns,"1,818.942 ns","1,823.540 ns","1,825.171 ns","1,826.966 ns","1,829.480 ns","547,940.3",2.8989 ns,15.00,2.531,2.000,-0.3551,45,*,No,0.2327,415 B,-,"2,120 B"
FirstOrNull,Job-LAXWQE,False,True,Default,Default,Default,Default,Default,1111,Empty,RyuJit,X64,8c5e7fda-e8bf-4a96-9a85-a6e23a8c635c,.NET 5.0,False,True,False,True,Default,Default,False,False,True,Default,Default,Default,Default,Default,.NET 5.0,Default,1,Default,Default,Default,Default,Default,Default,Default,Default,Default,16,Default,dotNetTips.Spargine.Extensions.BenchmarkTests,Collections,500,"3,596.654 ns",7.0062 ns,5.8505 ns,1.6226 ns,"3,588.212 ns","3,591.869 ns","3,595.477 ns","3,600.778 ns","3,605.815 ns","278,036.2",7.0062 ns,13.00,1.637,2.000,0.2845,53,*,No,0.4501,415 B,-,"4,120 B"
FirstOrNull,Job-LAXWQE,False,True,Default,Default,Default,Default,Default,1111,Empty,RyuJit,X64,8c5e7fda-e8bf-4a96-9a85-a6e23a8c635c,.NET 5.0,False,True,False,True,Default,Default,False,False,True,Default,Default,Default,Default,Default,.NET 5.0,Default,1,Default,Default,Default,Default,Default,Default,Default,Default,Default,16,Default,dotNetTips.Spargine.Extensions.BenchmarkTests,Collections,1000,"7,208.428 ns",20.1803 ns,18.8766 ns,4.8739 ns,"7,176.128 ns","7,198.331 ns","7,203.562 ns","7,222.724 ns","7,235.660 ns","138,726.5",20.1803 ns,15.00,1.813,2.000,0.2269,62,*,No,0.8926,415 B,-,"8,120 B"
HasItems,Job-LAXWQE,False,True,Default,Default,Default,Default,Default,1111,Empty,RyuJit,X64,8c5e7fda-e8bf-4a96-9a85-a6e23a8c635c,.NET 5.0,False,True,False,True,Default,Default,False,False,True,Default,Default,Default,Default,Default,.NET 5.0,Default,1,Default,Default,Default,Default,Default,Default,Default,Default,Default,16,Default,dotNetTips.Spargine.Extensions.BenchmarkTests,"**NEW**,Collections",10,6.800 ns,0.0183 ns,0.0171 ns,0.0044 ns,6.765 ns,6.789 ns,6.801 ns,6.811 ns,6.830 ns,"147,065,772.3",0.0183 ns,15.00,2.247,2.000,-0.2194,2,*,No,-,214 B,-,0 B
HasItems,Job-LAXWQE,False,True,Default,Default,Default,Default,Default,1111,Empty,RyuJit,X64,8c5e7fda-e8bf-4a96-9a85-a6e23a8c635c,.NET 5.0,False,True,False,True,Default,Default,False,False,True,Default,Default,Default,Default,Default,.NET 5.0,Default,1,Default,Default,Default,Default,Default,Default,Default,Default,Default,16,Default,dotNetTips.Spargine.Extensions.BenchmarkTests,"**NEW**,Collections",25,7.098 ns,0.1100 ns,0.1029 ns,0.0266 ns,6.917 ns,7.034 ns,7.083 ns,7.148 ns,7.275 ns,"140,888,040.3",0.1100 ns,15.00,2.098,2.000,0.3030,3,*,No,-,214 B,-,0 B
HasItems,Job-LAXWQE,False,True,Default,Default,Default,Default,Default,1111,Empty,RyuJit,X64,8c5e7fda-e8bf-4a96-9a85-a6e23a8c635c,.NET 5.0,False,True,False,True,Default,Default,False,False,True,Default,Default,Default,Default,Default,.NET 5.0,Default,1,Default,Default,Default,Default,Default,Default,Default,Default,Default,16,Default,dotNetTips.Spargine.Extensions.BenchmarkTests,"**NEW**,Collections",50,6.938 ns,0.0495 ns,0.0439 ns,0.0117 ns,6.800 ns,6.930 ns,6.950 ns,6.963 ns,6.976 ns,"144,130,876.7",0.0495 ns,14.00,7.171,2.000,-2.1177,3,*,No,-,214 B,-,0 B
HasItems,Job-LAXWQE,False,True,Default,Default,Default,Default,Default,1111,Empty,RyuJit,X64,8c5e7fda-e8bf-4a96-9a85-a6e23a8c635c,.NET 5.0,False,True,False,True,Default,Default,False,False,True,Default,Default,Default,Default,Default,.NET 5.0,Default,1,Default,Default,Default,Default,Default,Default,Default,Default,Default,16,Default,dotNetTips.Spargine.Extensions.BenchmarkTests,"**NEW**,Collections",100,6.797 ns,0.1153 ns,0.1078 ns,0.0278 ns,6.600 ns,6.735 ns,6.798 ns,6.873 ns,7.004 ns,"147,123,116.7",0.1153 ns,15.00,2.172,2.000,0.0387,2,*,No,-,214 B,-,0 B
HasItems,Job-LAXWQE,False,True,Default,Default,Default,Default,Default,1111,Empty,RyuJit,X64,8c5e7fda-e8bf-4a96-9a85-a6e23a8c635c,.NET 5.0,False,True,False,True,Default,Default,False,False,True,Default,Default,Default,Default,Default,.NET 5.0,Default,1,Default,Default,Default,Default,Default,Default,Default,Default,Default,16,Default,dotNetTips.Spargine.Extensions.BenchmarkTests,"**NEW**,Collections",250,6.946 ns,0.1654 ns,0.1466 ns,0.0392 ns,6.637 ns,6.933 ns,6.961 ns,6.987 ns,7.159 ns,"143,957,901.1",0.1654 ns,14.00,2.615,2.000,-0.6007,3,*,No,-,214 B,-,0 B
HasItems,Job-LAXWQE,False,True,Default,Default,Default,Default,Default,1111,Empty,RyuJit,X64,8c5e7fda-e8bf-4a96-9a85-a6e23a8c635c,.NET 5.0,False,True,False,True,Default,Default,False,False,True,Default,Default,Default,Default,Default,.NET 5.0,Default,1,Default,Default,Default,Default,Default,Default,Default,Default,Default,16,Default,dotNetTips.Spargine.Extensions.BenchmarkTests,"**NEW**,Collections",500,6.879 ns,0.0718 ns,0.0637 ns,0.0170 ns,6.724 ns,6.853 ns,6.904 ns,6.926 ns,6.938 ns,"145,365,534.7",0.0718 ns,14.00,3.185,2.000,-1.1651,3,*,No,-,214 B,-,0 B
HasItems,Job-LAXWQE,False,True,Default,Default,Default,Default,Default,1111,Empty,RyuJit,X64,8c5e7fda-e8bf-4a96-9a85-a6e23a8c635c,.NET 5.0,False,True,False,True,Default,Default,False,False,True,Default,Default,Default,Default,Default,.NET 5.0,Default,1,Default,Default,Default,Default,Default,Default,Default,Default,Default,16,Default,dotNetTips.Spargine.Extensions.BenchmarkTests,"**NEW**,Collections",1000,6.783 ns,0.0793 ns,0.0703 ns,0.0188 ns,6.713 ns,6.724 ns,6.761 ns,6.811 ns,6.910 ns,"147,422,766.4",0.0793 ns,14.00,1.896,2.000,0.6914,2,*,No,-,214 B,-,0 B
StartsWith,Job-LAXWQE,False,True,Default,Default,Default,Default,Default,1111,Empty,RyuJit,X64,8c5e7fda-e8bf-4a96-9a85-a6e23a8c635c,.NET 5.0,False,True,False,True,Default,Default,False,False,True,Default,Default,Default,Default,Default,.NET 5.0,Default,1,Default,Default,Default,Default,Default,Default,Default,Default,Default,16,Default,dotNetTips.Spargine.Extensions.BenchmarkTests,Collections,10,81.279 ns,0.0569 ns,0.0504 ns,0.0135 ns,81.159 ns,81.262 ns,81.283 ns,81.308 ns,81.367 ns,"12,303,259.2",0.0569 ns,14.00,3.182,2.000,-0.6030,7,*,No,0.0070,596 B,-,64 B
StartsWith,Job-LAXWQE,False,True,Default,Default,Default,Default,Default,1111,Empty,RyuJit,X64,8c5e7fda-e8bf-4a96-9a85-a6e23a8c635c,.NET 5.0,False,True,False,True,Default,Default,False,False,True,Default,Default,Default,Default,Default,.NET 5.0,Default,1,Default,Default,Default,Default,Default,Default,Default,Default,Default,16,Default,dotNetTips.Spargine.Extensions.BenchmarkTests,Collections,25,169.166 ns,0.7786 ns,0.7283 ns,0.1881 ns,167.465 ns,168.872 ns,169.145 ns,169.665 ns,170.216 ns,"5,911,336.4",0.7786 ns,15.00,2.857,2.000,-0.5243,14,*,No,0.0069,596 B,-,64 B
StartsWith,Job-LAXWQE,False,True,Default,Default,Default,Default,Default,1111,Empty,RyuJit,X64,8c5e7fda-e8bf-4a96-9a85-a6e23a8c635c,.NET 5.0,False,True,False,True,Default,Default,False,False,True,Default,Default,Default,Default,Default,.NET 5.0,Default,1,Default,Default,Default,Default,Default,Default,Default,Default,Default,16,Default,dotNetTips.Spargine.Extensions.BenchmarkTests,Collections,50,304.199 ns,1.4050 ns,1.3143 ns,0.3393 ns,301.809 ns,303.666 ns,304.134 ns,304.948 ns,306.071 ns,"3,287,326.2",1.4050 ns,15.00,2.155,2.000,-0.2302,20,*,No,0.0067,596 B,-,64 B
StartsWith,Job-LAXWQE,False,True,Default,Default,Default,Default,Default,1111,Empty,RyuJit,X64,8c5e7fda-e8bf-4a96-9a85-a6e23a8c635c,.NET 5.0,False,True,False,True,Default,Default,False,False,True,Default,Default,Default,Default,Default,.NET 5.0,Default,1,Default,Default,Default,Default,Default,Default,Default,Default,Default,16,Default,dotNetTips.Spargine.Extensions.BenchmarkTests,Collections,100,610.147 ns,3.2760 ns,3.0644 ns,0.7912 ns,602.638 ns,608.338 ns,610.218 ns,611.921 ns,614.411 ns,"1,638,948.4",3.2760 ns,15.00,3.046,2.000,-0.5822,29,*,No,0.0067,596 B,-,64 B
StartsWith,Job-LAXWQE,False,True,Default,Default,Default,Default,Default,1111,Empty,RyuJit,X64,8c5e7fda-e8bf-4a96-9a85-a6e23a8c635c,.NET 5.0,False,True,False,True,Default,Default,False,False,True,Default,Default,Default,Default,Default,.NET 5.0,Default,1,Default,Default,Default,Default,Default,Default,Default,Default,Default,16,Default,dotNetTips.Spargine.Extensions.BenchmarkTests,Collections,250,"1,340.245 ns",10.8170 ns,10.1183 ns,2.6125 ns,"1,326.025 ns","1,331.127 ns","1,343.493 ns","1,345.664 ns","1,363.349 ns","746,132.4",10.8170 ns,15.00,2.627,2.000,0.2487,39,*,No,0.0057,596 B,-,64 B
StartsWith,Job-LAXWQE,False,True,Default,Default,Default,Default,Default,1111,Empty,RyuJit,X64,8c5e7fda-e8bf-4a96-9a85-a6e23a8c635c,.NET 5.0,False,True,False,True,Default,Default,False,False,True,Default,Default,Default,Default,Default,.NET 5.0,Default,1,Default,Default,Default,Default,Default,Default,Default,Default,Default,16,Default,dotNetTips.Spargine.Extensions.BenchmarkTests,Collections,500,"2,744.739 ns",19.9364 ns,17.6731 ns,4.7233 ns,"2,714.167 ns","2,732.390 ns","2,741.952 ns","2,753.413 ns","2,776.372 ns","364,333.3",19.9364 ns,14.00,2.177,2.000,0.3417,50,*,No,0.0038,596 B,-,64 B
StartsWith,Job-LAXWQE,False,True,Default,Default,Default,Default,Default,1111,Empty,RyuJit,X64,8c5e7fda-e8bf-4a96-9a85-a6e23a8c635c,.NET 5.0,False,True,False,True,Default,Default,False,False,True,Default,Default,Default,Default,Default,.NET 5.0,Default,1,Default,Default,Default,Default,Default,Default,Default,Default,Default,16,Default,dotNetTips.Spargine.Extensions.BenchmarkTests,Collections,1000,"5,141.390 ns",58.3351 ns,54.5667 ns,14.0891 ns,"5,065.146 ns","5,104.765 ns","5,134.433 ns","5,188.496 ns","5,223.186 ns","194,499.9",58.3351 ns,15.00,1.559,2.000,0.1359,56,*,No,-,596 B,-,64 B
StructuralSequenceEqual,Job-LAXWQE,False,True,Default,Default,Default,Default,Default,1111,Empty,RyuJit,X64,8c5e7fda-e8bf-4a96-9a85-a6e23a8c635c,.NET 5.0,False,True,False,True,Default,Default,False,False,True,Default,Default,Default,Default,Default,.NET 5.0,Default,1,Default,Default,Default,Default,Default,Default,Default,Default,Default,16,Default,dotNetTips.Spargine.Extensions.BenchmarkTests,Collections,10,123.270 ns,0.1018 ns,0.0952 ns,0.0246 ns,123.025 ns,123.244 ns,123.277 ns,123.319 ns,123.405 ns,"8,112,246.0",0.1018 ns,15.00,3.738,2.000,-1.0608,10,*,No,0.0069,634 B,-,64 B
StructuralSequenceEqual,Job-LAXWQE,False,True,Default,Default,Default,Default,Default,1111,Empty,RyuJit,X64,8c5e7fda-e8bf-4a96-9a85-a6e23a8c635c,.NET 5.0,False,True,False,True,Default,Default,False,False,True,Default,Default,Default,Default,Default,.NET 5.0,Default,1,Default,Default,Default,Default,Default,Default,Default,Default,Default,16,Default,dotNetTips.Spargine.Extensions.BenchmarkTests,Collections,25,252.596 ns,1.1790 ns,1.1028 ns,0.2847 ns,249.787 ns,252.218 ns,252.613 ns,253.600 ns,253.898 ns,"3,958,896.5",1.1790 ns,15.00,3.310,2.000,-0.8718,18,*,No,0.0067,634 B,-,64 B
StructuralSequenceEqual,Job-LAXWQE,False,True,Default,Default,Default,Default,Default,1111,Empty,RyuJit,X64,8c5e7fda-e8bf-4a96-9a85-a6e23a8c635c,.NET 5.0,False,True,False,True,Default,Default,False,False,True,Default,Default,Default,Default,Default,.NET 5.0,Default,1,Default,Default,Default,Default,Default,Default,Default,Default,Default,16,Default,dotNetTips.Spargine.Extensions.BenchmarkTests,Collections,50,480.798 ns,2.0604 ns,1.9273 ns,0.4976 ns,477.920 ns,479.419 ns,480.926 ns,482.130 ns,483.714 ns,"2,079,875.3",2.0604 ns,15.00,1.747,2.000,-0.1863,27,*,No,0.0067,634 B,-,64 B
StructuralSequenceEqual,Job-LAXWQE,False,True,Default,Default,Default,Default,Default,1111,Empty,RyuJit,X64,8c5e7fda-e8bf-4a96-9a85-a6e23a8c635c,.NET 5.0,False,True,False,True,Default,Default,False,False,True,Default,Default,Default,Default,Default,.NET 5.0,Default,1,Default,Default,Default,Default,Default,Default,Default,Default,Default,16,Default,dotNetTips.Spargine.Extensions.BenchmarkTests,Collections,100,903.034 ns,5.4276 ns,5.0770 ns,1.3109 ns,893.087 ns,899.244 ns,904.375 ns,907.217 ns,909.086 ns,"1,107,377.7",5.4276 ns,15.00,1.824,2.000,-0.5173,36,*,No,0.0067,634 B,-,64 B
StructuralSequenceEqual,Job-LAXWQE,False,True,Default,Default,Default,Default,Default,1111,Empty,RyuJit,X64,8c5e7fda-e8bf-4a96-9a85-a6e23a8c635c,.NET 5.0,False,True,False,True,Default,Default,False,False,True,Default,Default,Default,Default,Default,.NET 5.0,Default,1,Default,Default,Default,Default,Default,Default,Default,Default,Default,16,Default,dotNetTips.Spargine.Extensions.BenchmarkTests,Collections,250,"2,243.999 ns",10.1674 ns,9.5105 ns,2.4556 ns,"2,227.523 ns","2,237.754 ns","2,245.704 ns","2,249.607 ns","2,264.631 ns","445,633.0",10.1674 ns,15.00,2.508,2.000,0.1748,47,*,No,0.0038,634 B,-,64 B
StructuralSequenceEqual,Job-LAXWQE,False,True,Default,Default,Default,Default,Default,1111,Empty,RyuJit,X64,8c5e7fda-e8bf-4a96-9a85-a6e23a8c635c,.NET 5.0,False,True,False,True,Default,Default,False,False,True,Default,Default,Default,Default,Default,.NET 5.0,Default,1,Default,Default,Default,Default,Default,Default,Default,Default,Default,16,Default,dotNetTips.Spargine.Extensions.BenchmarkTests,Collections,500,"4,456.168 ns",74.7582 ns,69.9288 ns,18.0556 ns,"4,287.891 ns","4,437.741 ns","4,477.380 ns","4,483.751 ns","4,535.171 ns","224,408.0",74.7582 ns,15.00,3.177,2.000,-1.0595,55,*,No,-,634 B,-,64 B
StructuralSequenceEqual,Job-LAXWQE,False,True,Default,Default,Default,Default,Default,1111,Empty,RyuJit,X64,8c5e7fda-e8bf-4a96-9a85-a6e23a8c635c,.NET 5.0,False,True,False,True,Default,Default,False,False,True,Default,Default,Default,Default,Default,.NET 5.0,Default,1,Default,Default,Default,Default,Default,Default,Default,Default,Default,16,Default,dotNetTips.Spargine.Extensions.BenchmarkTests,Collections,1000,"8,665.122 ns",38.1527 ns,29.7871 ns,8.5988 ns,"8,588.737 ns","8,653.516 ns","8,678.354 ns","8,687.968 ns","8,689.107 ns","115,405.2",38.1527 ns,12.00,3.813,2.000,-1.3028,65,*,No,-,634 B,-,64 B
ToBlockingCollection,Job-LAXWQE,False,True,Default,Default,Default,Default,Default,1111,Empty,RyuJit,X64,8c5e7fda-e8bf-4a96-9a85-a6e23a8c635c,.NET 5.0,False,True,False,True,Default,Default,False,False,True,Default,Default,Default,Default,Default,.NET 5.0,Default,1,Default,Default,Default,Default,Default,Default,Default,Default,Default,16,Default,dotNetTips.Spargine.Extensions.BenchmarkTests,Collections,10,"2,341.851 ns",46.0456 ns,58.2329 ns,12.1424 ns,"2,210.934 ns","2,338.788 ns","2,364.166 ns","2,375.689 ns","2,413.791 ns","427,012.6",46.0456 ns,23.00,2.795,2.000,-1.0717,48,*,No,0.1755,390 B,-,"1,400 B"
ToBlockingCollection,Job-LAXWQE,False,True,Default,Default,Default,Default,Default,1111,Empty,RyuJit,X64,8c5e7fda-e8bf-4a96-9a85-a6e23a8c635c,.NET 5.0,False,True,False,True,Default,Default,False,False,True,Default,Default,Default,Default,Default,.NET 5.0,Default,1,Default,Default,Default,Default,Default,Default,Default,Default,Default,16,Default,dotNetTips.Spargine.Extensions.BenchmarkTests,Collections,25,"3,720.480 ns",21.2435 ns,19.8712 ns,5.1307 ns,"3,688.119 ns","3,706.306 ns","3,718.108 ns","3,733.016 ns","3,762.503 ns","268,782.5",21.2435 ns,15.00,2.290,2.000,0.2788,54,*,No,0.1678,390 B,-,"1,400 B"
ToBlockingCollection,Job-LAXWQE,False,True,Default,Default,Default,Default,Default,1111,Empty,RyuJit,X64,8c5e7fda-e8bf-4a96-9a85-a6e23a8c635c,.NET 5.0,False,True,False,True,Default,Default,False,False,True,Default,Default,Default,Default,Default,.NET 5.0,Default,1,Default,Default,Default,Default,Default,Default,Default,Default,Default,16,Default,dotNetTips.Spargine.Extensions.BenchmarkTests,Collections,50,"6,589.254 ns",35.4680 ns,31.4415 ns,8.4031 ns,"6,553.167 ns","6,562.841 ns","6,579.088 ns","6,608.159 ns","6,643.717 ns","151,762.2",35.4680 ns,14.00,1.600,2.000,0.3751,60,*,No,0.2899,390 B,-,"2,680 B"
ToBlockingCollection,Job-LAXWQE,False,True,Default,Default,Default,Default,Default,1111,Empty,RyuJit,X64,8c5e7fda-e8bf-4a96-9a85-a6e23a8c635c,.NET 5.0,False,True,False,True,Default,Default,False,False,True,Default,Default,Default,Default,Default,.NET 5.0,Default,1,Default,Default,Default,Default,Default,Default,Default,Default,Default,16,Default,dotNetTips.Spargine.Extensions.BenchmarkTests,Collections,100,"16,334.753 ns",47.6584 ns,44.5797 ns,11.5104 ns,"16,248.270 ns","16,303.139 ns","16,348.318 ns","16,361.586 ns","16,395.364 ns","61,219.2",47.6584 ns,15.00,1.993,2.000,-0.5901,71,*,No,0.5493,390 B,-,"5,048 B"
ToBlockingCollection,Job-LAXWQE,False,True,Default,Default,Default,Default,Default,1111,Empty,RyuJit,X64,8c5e7fda-e8bf-4a96-9a85-a6e23a8c635c,.NET 5.0,False,True,False,True,Default,Default,False,False,True,Default,Default,Default,Default,Default,.NET 5.0,Default,1,Default,Default,Default,Default,Default,Default,Default,Default,Default,16,Default,dotNetTips.Spargine.Extensions.BenchmarkTests,Collections,250,"30,357.270 ns",286.7834 ns,268.2574 ns,69.2638 ns,"29,986.826 ns","30,145.572 ns","30,319.864 ns","30,564.165 ns","30,797.122 ns","32,941.0",286.7834 ns,15.00,1.557,2.000,0.2008,78,*,No,1.0376,390 B,-,"9,400 B"
ToBlockingCollection,Job-LAXWQE,False,True,Default,Default,Default,Default,Default,1111,Empty,RyuJit,X64,8c5e7fda-e8bf-4a96-9a85-a6e23a8c635c,.NET 5.0,False,True,False,True,Default,Default,False,False,True,Default,Default,Default,Default,Default,.NET 5.0,Default,1,Default,Default,Default,Default,Default,Default,Default,Default,Default,16,Default,dotNetTips.Spargine.Extensions.BenchmarkTests,Collections,500,"51,984.924 ns",230.0085 ns,179.5755 ns,51.8390 ns,"51,597.403 ns","51,911.670 ns","51,962.714 ns","52,110.709 ns","52,294.846 ns","19,236.3",230.0085 ns,12.00,2.710,2.000,-0.3412,82,*,No,2.0752,390 B,0.0610,"17,848 B"
ToBlockingCollection,Job-LAXWQE,False,True,Default,Default,Default,Default,Default,1111,Empty,RyuJit,X64,8c5e7fda-e8bf-4a96-9a85-a6e23a8c635c,.NET 5.0,False,True,False,True,Default,Default,False,False,True,Default,Default,Default,Default,Default,.NET 5.0,Default,1,Default,Default,Default,Default,Default,Default,Default,Default,Default,16,Default,dotNetTips.Spargine.Extensions.BenchmarkTests,Collections,1000,"94,743.010 ns",906.5584 ns,847.9953 ns,218.9514 ns,"93,421.960 ns","94,121.582 ns","94,768.213 ns","95,199.005 ns","96,634.778 ns","10,554.9",906.5584 ns,15.00,2.509,2.000,0.4671,87,*,No,4.0283,390 B,0.2441,"34,488 B"
ToDelimitedString,Job-LAXWQE,False,True,Default,Default,Default,Default,Default,1111,Empty,RyuJit,X64,8c5e7fda-e8bf-4a96-9a85-a6e23a8c635c,.NET 5.0,False,True,False,True,Default,Default,False,False,True,Default,Default,Default,Default,Default,.NET 5.0,Default,1,Default,Default,Default,Default,Default,Default,Default,Default,Default,16,Default,dotNetTips.Spargine.Extensions.BenchmarkTests,Collections,10,"1,574.130 ns",2.7792 ns,2.4637 ns,0.6584 ns,"1,570.810 ns","1,572.806 ns","1,573.810 ns","1,575.603 ns","1,578.741 ns","635,271.5",2.7792 ns,14.00,2.080,2.000,0.4763,41,*,No,0.4101,414 B,-,"3,736 B"
ToDelimitedString,Job-LAXWQE,False,True,Default,Default,Default,Default,Default,1111,Empty,RyuJit,X64,8c5e7fda-e8bf-4a96-9a85-a6e23a8c635c,.NET 5.0,False,True,False,True,Default,Default,False,False,True,Default,Default,Default,Default,Default,.NET 5.0,Default,1,Default,Default,Default,Default,Default,Default,Default,Default,Default,16,Default,dotNetTips.Spargine.Extensions.BenchmarkTests,Collections,25,"3,562.743 ns",9.7379 ns,9.1088 ns,2.3519 ns,"3,538.614 ns","3,558.977 ns","3,565.113 ns","3,567.813 ns","3,578.667 ns","280,682.6",9.7379 ns,15.00,4.062,2.000,-0.8900,53,*,No,0.9575,414 B,-,"8,720 B"
ToDelimitedString,Job-LAXWQE,False,True,Default,Default,Default,Default,Default,1111,Empty,RyuJit,X64,8c5e7fda-e8bf-4a96-9a85-a6e23a8c635c,.NET 5.0,False,True,False,True,Default,Default,False,False,True,Default,Default,Default,Default,Default,.NET 5.0,Default,1,Default,Default,Default,Default,Default,Default,Default,Default,Default,16,Default,dotNetTips.Spargine.Extensions.BenchmarkTests,Collections,50,"6,913.377 ns",9.9953 ns,8.8606 ns,2.3681 ns,"6,899.493 ns","6,906.728 ns","6,912.045 ns","6,918.409 ns","6,928.152 ns","144,647.1",9.9953 ns,14.00,1.726,2.000,0.2372,61,*,No,1.8768,414 B,0.0153,"17,016 B"
ToDelimitedString,Job-LAXWQE,False,True,Default,Default,Default,Default,Default,1111,Empty,RyuJit,X64,8c5e7fda-e8bf-4a96-9a85-a6e23a8c635c,.NET 5.0,False,True,False,True,Default,Default,False,False,True,Default,Default,Default,Default,Default,.NET 5.0,Default,1,Default,Default,Default,Default,Default,Default,Default,Default,Default,16,Default,dotNetTips.Spargine.Extensions.BenchmarkTests,Collections,100,"13,655.758 ns",53.1785 ns,47.1414 ns,12.5991 ns,"13,531.290 ns","13,634.284 ns","13,665.239 ns","13,679.222 ns","13,730.048 ns","73,229.2",53.1785 ns,14.00,4.038,2.000,-1.0150,69,*,No,3.8910,414 B,-,"33,616 B"
ToDelimitedString,Job-LAXWQE,False,True,Default,Default,Default,Default,Default,1111,Empty,RyuJit,X64,8c5e7fda-e8bf-4a96-9a85-a6e23a8c635c,.NET 5.0,False,True,False,True,Default,Default,False,False,True,Default,Default,Default,Default,Default,.NET 5.0,Default,1,Default,Default,Default,Default,Default,Default,Default,Default,Default,16,Default,dotNetTips.Spargine.Extensions.BenchmarkTests,Collections,250,"32,810.757 ns",22.3797 ns,19.8390 ns,5.3022 ns,"32,781.421 ns","32,795.294 ns","32,810.236 ns","32,828.159 ns","32,837.439 ns","30,477.8",22.3797 ns,14.00,1.444,2.000,-0.1682,79,*,No,9.3384,414 B,-,"83,416 B"
ToDelimitedString,Job-LAXWQE,False,True,Default,Default,Default,Default,Default,1111,Empty,RyuJit,X64,8c5e7fda-e8bf-4a96-9a85-a6e23a8c635c,.NET 5.0,False,True,False,True,Default,Default,False,False,True,Default,Default,Default,Default,Default,.NET 5.0,Default,1,Default,Default,Default,Default,Default,Default,Default,Default,Default,16,Default,dotNetTips.Spargine.Extensions.BenchmarkTests,Collections,500,"63,869.138 ns",200.1179 ns,187.1904 ns,48.3323 ns,"63,549.890 ns","63,737.354 ns","63,913.538 ns","64,021.320 ns","64,125.977 ns","15,657.0",200.1179 ns,15.00,1.702,2.000,-0.2742,83,*,No,17.8223,414 B,1.4648,"162,416 B"
ToDelimitedString,Job-LAXWQE,False,True,Default,Default,Default,Default,Default,1111,Empty,RyuJit,X64,8c5e7fda-e8bf-4a96-9a85-a6e23a8c635c,.NET 5.0,False,True,False,True,Default,Default,False,False,True,Default,Default,Default,Default,Default,.NET 5.0,Default,1,Default,Default,Default,Default,Default,Default,Default,Default,Default,16,Default,dotNetTips.Spargine.Extensions.BenchmarkTests,Collections,1000,"129,585.210 ns",294.8869 ns,275.8374 ns,71.2209 ns,"129,048.096 ns","129,390.173 ns","129,560.474 ns","129,754.883 ns","130,054.297 ns","7,716.9",294.8869 ns,15.00,2.060,2.000,-0.0340,88,*,No,34.4238,414 B,-,"320,488 B"
ToDictionary,Job-LAXWQE,False,True,Default,Default,Default,Default,Default,1111,Empty,RyuJit,X64,8c5e7fda-e8bf-4a96-9a85-a6e23a8c635c,.NET 5.0,False,True,False,True,Default,Default,False,False,True,Default,Default,Default,Default,Default,.NET 5.0,Default,1,Default,Default,Default,Default,Default,Default,Default,Default,Default,16,Default,dotNetTips.Spargine.Extensions.BenchmarkTests,Collections,10,369.605 ns,3.1793 ns,2.9739 ns,0.7679 ns,362.885 ns,368.019 ns,370.569 ns,371.414 ns,373.810 ns,"2,705,589.4",3.1793 ns,15.00,2.531,2.000,-0.7980,24,*,No,0.0486,"1,141 B",-,440 B
ToDictionary,Job-LAXWQE,False,True,Default,Default,Default,Default,Default,1111,Empty,RyuJit,X64,8c5e7fda-e8bf-4a96-9a85-a6e23a8c635c,.NET 5.0,False,True,False,True,Default,Default,False,False,True,Default,Default,Default,Default,Default,.NET 5.0,Default,1,Default,Default,Default,Default,Default,Default,Default,Default,Default,16,Default,dotNetTips.Spargine.Extensions.BenchmarkTests,Collections,25,816.021 ns,1.9831 ns,1.7580 ns,0.4698 ns,813.060 ns,815.516 ns,816.407 ns,817.370 ns,818.005 ns,"1,225,458.8",1.9831 ns,14.00,1.815,2.000,-0.6042,35,*,No,0.1030,"1,141 B",-,944 B
ToDictionary,Job-LAXWQE,False,True,Default,Default,Default,Default,Default,1111,Empty,RyuJit,X64,8c5e7fda-e8bf-4a96-9a85-a6e23a8c635c,.NET 5.0,False,True,False,True,Default,Default,False,False,True,Default,Default,Default,Default,Default,.NET 5.0,Default,1,Default,Default,Default,Default,Default,Default,Default,Default,Default,16,Default,dotNetTips.Spargine.Extensions.BenchmarkTests,Collections,50,"1,613.978 ns",6.6754 ns,5.9176 ns,1.5815 ns,"1,599.469 ns","1,610.514 ns","1,615.270 ns","1,618.199 ns","1,621.060 ns","619,587.1",6.6754 ns,14.00,3.042,2.000,-0.9947,42,*,No,0.1965,"1,141 B",-,"1,784 B"
ToDictionary,Job-LAXWQE,False,True,Default,Default,Default,Default,Default,1111,Empty,RyuJit,X64,8c5e7fda-e8bf-4a96-9a85-a6e23a8c635c,.NET 5.0,False,True,False,True,Default,Default,False,False,True,Default,Default,Default,Default,Default,.NET 5.0,Default,1,Default,Default,Default,Default,Default,Default,Default,Default,Default,16,Default,dotNetTips.Spargine.Extensions.BenchmarkTests,Collections,100,"3,484.787 ns",14.4447 ns,12.8049 ns,3.4223 ns,"3,449.570 ns","3,482.406 ns","3,487.511 ns","3,492.180 ns","3,496.775 ns","286,961.6",14.4447 ns,14.00,4.412,2.000,-1.4264,52,*,No,0.3433,"1,141 B",-,"3,128 B"
ToDictionary,Job-LAXWQE,False,True,Default,Default,Default,Default,Default,1111,Empty,RyuJit,X64,8c5e7fda-e8bf-4a96-9a85-a6e23a8c635c,.NET 5.0,False,True,False,True,Default,Default,False,False,True,Default,Default,Default,Default,Default,.NET 5.0,Default,1,Default,Default,Default,Default,Default,Default,Default,Default,Default,16,Default,dotNetTips.Spargine.Extensions.BenchmarkTests,Collections,250,"9,906.272 ns",11.3995 ns,10.1054 ns,2.7008 ns,"9,889.650 ns","9,899.153 ns","9,907.751 ns","9,912.059 ns","9,927.335 ns","100,946.1",11.3995 ns,14.00,2.304,2.000,0.1609,66,*,No,0.9003,"1,141 B",-,"8,336 B"
ToDictionary,Job-LAXWQE,False,True,Default,Default,Default,Default,Default,1111,Empty,RyuJit,X64,8c5e7fda-e8bf-4a96-9a85-a6e23a8c635c,.NET 5.0,False,True,False,True,Default,Default,False,False,True,Default,Default,Default,Default,Default,.NET 5.0,Default,1,Default,Default,Default,Default,Default,Default,Default,Default,Default,16,Default,dotNetTips.Spargine.Extensions.BenchmarkTests,Collections,500,"23,273.446 ns",88.9414 ns,78.8442 ns,21.0720 ns,"23,129.770 ns","23,215.538 ns","23,269.571 ns","23,329.440 ns","23,398.312 ns","42,967.4",88.9414 ns,14.00,1.756,2.000,-0.0467,74,*,No,1.5869,"1,141 B",-,"14,720 B"
ToDictionary,Job-LAXWQE,False,True,Default,Default,Default,Default,Default,1111,Empty,RyuJit,X64,8c5e7fda-e8bf-4a96-9a85-a6e23a8c635c,.NET 5.0,False,True,False,True,Default,Default,False,False,True,Default,Default,Default,Default,Default,.NET 5.0,Default,1,Default,Default,Default,Default,Default,Default,Default,Default,Default,16,Default,dotNetTips.Spargine.Extensions.BenchmarkTests,Collections,1000,"50,595.012 ns",339.9820 ns,318.0194 ns,82.1123 ns,"49,906.195 ns","50,453.198 ns","50,505.341 ns","50,793.207 ns","51,104.877 ns","19,764.8",339.9820 ns,15.00,2.483,2.000,-0.1586,81,*,No,2.9907,"1,141 B",-,"31,016 B"
ToLinkedList,Job-LAXWQE,False,True,Default,Default,Default,Default,Default,1111,Empty,RyuJit,X64,8c5e7fda-e8bf-4a96-9a85-a6e23a8c635c,.NET 5.0,False,True,False,True,Default,Default,False,False,True,Default,Default,Default,Default,Default,.NET 5.0,Default,1,Default,Default,Default,Default,Default,Default,Default,Default,Default,16,Default,dotNetTips.Spargine.Extensions.BenchmarkTests,Collections,10,280.165 ns,1.4686 ns,1.3019 ns,0.3479 ns,276.164 ns,279.807 ns,280.539 ns,280.936 ns,281.360 ns,"3,569,322.3",1.4686 ns,14.00,6.491,2.000,-1.9483,19,*,No,0.0610,411 B,-,560 B
ToLinkedList,Job-LAXWQE,False,True,Default,Default,Default,Default,Default,1111,Empty,RyuJit,X64,8c5e7fda-e8bf-4a96-9a85-a6e23a8c635c,.NET 5.0,False,True,False,True,Default,Default,False,False,True,Default,Default,Default,Default,Default,.NET 5.0,Default,1,Default,Default,Default,Default,Default,Default,Default,Default,Default,16,Default,dotNetTips.Spargine.Extensions.BenchmarkTests,Collections,25,658.382 ns,2.6504 ns,2.3495 ns,0.6279 ns,652.900 ns,657.027 ns,657.722 ns,660.505 ns,661.040 ns,"1,518,874.3",2.6504 ns,14.00,2.575,2.000,-0.5899,30,*,No,0.1402,411 B,-,"1,280 B"
ToLinkedList,Job-LAXWQE,False,True,Default,Default,Default,Default,Default,1111,Empty,RyuJit,X64,8c5e7fda-e8bf-4a96-9a85-a6e23a8c635c,.NET 5.0,False,True,False,True,Default,Default,False,False,True,Default,Default,Default,Default,Default,.NET 5.0,Default,1,Default,Default,Default,Default,Default,Default,Default,Default,Default,16,Default,dotNetTips.Spargine.Extensions.BenchmarkTests,Collections,50,"1,274.987 ns",3.7806 ns,3.5363 ns,0.9131 ns,"1,270.514 ns","1,271.559 ns","1,275.537 ns","1,276.883 ns","1,281.416 ns","784,322.0",3.7806 ns,15.00,1.650,2.000,0.2214,38,*,No,0.2728,411 B,-,"2,480 B"
ToLinkedList,Job-LAXWQE,False,True,Default,Default,Default,Default,Default,1111,Empty,RyuJit,X64,8c5e7fda-e8bf-4a96-9a85-a6e23a8c635c,.NET 5.0,False,True,False,True,Default,Default,False,False,True,Default,Default,Default,Default,Default,.NET 5.0,Default,1,Default,Default,Default,Default,Default,Default,Default,Default,Default,16,Default,dotNetTips.Spargine.Extensions.BenchmarkTests,Collections,100,"2,451.396 ns",10.7384 ns,8.9671 ns,2.4870 ns,"2,440.465 ns","2,443.113 ns","2,453.771 ns","2,456.119 ns","2,469.094 ns","407,930.8",10.7384 ns,13.00,1.782,2.000,0.2957,49,*,No,0.5379,411 B,0.0038,"4,880 B"
ToLinkedList,Job-LAXWQE,False,True,Default,Default,Default,Default,Default,1111,Empty,RyuJit,X64,8c5e7fda-e8bf-4a96-9a85-a6e23a8c635c,.NET 5.0,False,True,False,True,Default,Default,False,False,True,Default,Default,Default,Default,Default,.NET 5.0,Default,1,Default,Default,Default,Default,Default,Default,Default,Default,Default,16,Default,dotNetTips.Spargine.Extensions.BenchmarkTests,Collections,250,"6,057.585 ns",16.6572 ns,14.7662 ns,3.9464 ns,"6,012.410 ns","6,054.714 ns","6,061.448 ns","6,063.672 ns","6,075.376 ns","165,082.3",16.6572 ns,14.00,6.464,2.000,-1.8796,59,*,No,1.3123,411 B,-,"12,080 B"
ToLinkedList,Job-LAXWQE,False,True,Default,Default,Default,Default,Default,1111,Empty,RyuJit,X64,8c5e7fda-e8bf-4a96-9a85-a6e23a8c635c,.NET 5.0,False,True,False,True,Default,Default,False,False,True,Default,Default,Default,Default,Default,.NET 5.0,Default,1,Default,Default,Default,Default,Default,Default,Default,Default,Default,16,Default,dotNetTips.Spargine.Extensions.BenchmarkTests,Collections,500,"12,415.941 ns",37.5053 ns,31.3186 ns,8.6862 ns,"12,334.579 ns","12,413.403 ns","12,424.779 ns","12,438.673 ns","12,440.195 ns","80,541.6",37.5053 ns,13.00,3.944,2.000,-1.4408,68,*,No,2.6398,411 B,0.1526,"24,080 B"
ToLinkedList,Job-LAXWQE,False,True,Default,Default,Default,Default,Default,1111,Empty,RyuJit,X64,8c5e7fda-e8bf-4a96-9a85-a6e23a8c635c,.NET 5.0,False,True,False,True,Default,Default,False,False,True,Default,Default,Default,Default,Default,.NET 5.0,Default,1,Default,Default,Default,Default,Default,Default,Default,Default,Default,16,Default,dotNetTips.Spargine.Extensions.BenchmarkTests,Collections,1000,"25,060.594 ns",82.0018 ns,72.6925 ns,19.4279 ns,"24,843.585 ns","25,055.781 ns","25,074.051 ns","25,102.809 ns","25,146.454 ns","39,903.3",82.0018 ns,14.00,5.888,2.000,-1.7613,75,*,No,5.2185,411 B,0.6409,"48,080 B"
