Target,Target_Namespace,Target_Type,Target_Method,Job_Id,Job_AnalyzeLaunchVariance,Job_EvaluateOverhead,Job_MaxAbsoluteError,Job_MaxRelativeError,Job_MinInvokeCount,Job_MinIterationTime,Job_OutlierMode,Job_Affinity,Job_EnvironmentVariables,Job_Jit,Job_Platform,Job_PowerPlanMode,Job_Runtime,Job_AllowVeryLargeObjects,Job_Concurrent,Job_CpuGroups,Job_Force,Job_HeapAffinitizeMask,Job_HeapCount,Job_NoAffinitize,Job_RetainVm,Job_Server,Job_Arguments,Job_BuildConfiguration,Job_Clock,Job_EngineFactory,Job_NuGetReferences,Job_Toolchain,Job_IsMutator,Job_InvocationCount,Job_IterationCount,Job_IterationTime,Job_LaunchCount,Job_MaxIterationCount,Job_MaxWarmupIterationCount,Job_MemoryRandomization,Job_MinIterationCount,Job_MinWarmupIterationCount,Job_RunStrategy,Job_UnrollFactor,Job_WarmupCount,Job_Display,Params,Measurement_LaunchIndex,Measurement_IterationMode,Measurement_IterationStage,Measurement_IterationIndex,Measurement_Nanoseconds,Measurement_Operations,Measurement_Value,Gen_0,Gen_1,Gen_2,Allocated_Bytes
ExceptionExtensionsBenchmark.GetAllMessages,dotNetTips.Spargine.Extensions.BenchmarkTests,ExceptionExtensionsBenchmark,GetAllMessages,Job-LAXWQE,Default,True,Default,Default,Default,Default,Default,Default,Default,Default,Default,Default,Default,Default,Default,Default,Default,Default,Default,Default,Default,True,Default,Default,Default,Default,Default,.NET 5.0,Default,Default,Default,Default,Default,Default,Default,Default,Default,Default,Default,Default,Default,"Job-LAXWQE(EvaluateOverhead=True, Server=True, Toolchain=.NET 5.0)",,1,Overhead,Jitting,1,240200,1,240200,126,0,0,272
ExceptionExtensionsBenchmark.GetAllMessages,dotNetTips.Spargine.Extensions.BenchmarkTests,ExceptionExtensionsBenchmark,GetAllMessages,Job-LAXWQE,Default,True,Default,Default,Default,Default,Default,Default,Default,Default,Default,Default,Default,Default,Default,Default,Default,Default,Default,Default,Default,True,Default,Default,Default,Default,Default,.NET 5.0,Default,Default,Default,Default,Default,Default,Default,Default,Default,Default,Default,Default,Default,"Job-LAXWQE(EvaluateOverhead=True, Server=True, Toolchain=.NET 5.0)",,1,Workload,Jitting,1,1879900,1,1879900,126,0,0,272
ExceptionExtensionsBenchmark.GetAllMessages,dotNetTips.Spargine.Extensions.BenchmarkTests,ExceptionExtensionsBenchmark,GetAllMessages,Job-LAXWQE,Default,True,Default,Default,Default,Default,Default,Default,Default,Default,Default,Default,Default,Default,Default,Default,Default,Default,Default,Default,Default,True,Default,Default,Default,Default,Default,.NET 5.0,Default,Default,Default,Default,Default,Default,Default,Default,Default,Default,Default,Default,Default,"Job-LAXWQE(EvaluateOverhead=True, Server=True, Toolchain=.NET 5.0)",,1,Overhead,Jitting,2,192500,16,12031.25,126,0,0,272
ExceptionExtensionsBenchmark.GetAllMessages,dotNetTips.Spargine.Extensions.BenchmarkTests,ExceptionExtensionsBenchmark,GetAllMessages,Job-LAXWQE,Default,True,Default,Default,Default,Default,Default,Default,Default,Default,Default,Default,Default,Default,Default,Default,Default,Default,Default,Default,Default,True,Default,Default,Default,Default,Default,.NET 5.0,Default,Default,Default,Default,Default,Default,Default,Default,Default,Default,Default,Default,Default,"Job-LAXWQE(EvaluateOverhead=True, Server=True, Toolchain=.NET 5.0)",,1,Workload,Jitting,2,225200,16,14075,126,0,0,272
ExceptionExtensionsBenchmark.GetAllMessages,dotNetTips.Spargine.Extensions.BenchmarkTests,ExceptionExtensionsBenchmark,GetAllMessages,Job-LAXWQE,Default,True,Default,Default,Default,Default,Default,Default,Default,Default,Default,Default,Default,Default,Default,Default,Default,Default,Default,Default,Default,True,Default,Default,Default,Default,Default,.NET 5.0,Default,Default,Default,Default,Default,Default,Default,Default,Default,Default,Default,Default,Default,"Job-LAXWQE(EvaluateOverhead=True, Server=True, Toolchain=.NET 5.0)",,1,Workload,Pilot,1,12400,16,775,126,0,0,272
ExceptionExtensionsBenchmark.GetAllMessages,dotNetTips.Spargine.Extensions.BenchmarkTests,ExceptionExtensionsBenchmark,GetAllMessages,Job-LAXWQE,Default,True,Default,Default,Default,Default,Default,Default,Default,Default,Default,Default,Default,Default,Default,Default,Default,Default,Default,Default,Default,True,Default,Default,Default,Default,Default,.NET 5.0,Default,Default,Default,Default,Default,Default,Default,Default,Default,Default,Default,Default,Default,"Job-LAXWQE(EvaluateOverhead=True, Server=True, Toolchain=.NET 5.0)",,1,Workload,Pilot,2,21200,32,662.5,126,0,0,272
ExceptionExtensionsBenchmark.GetAllMessages,dotNetTips.Spargine.Extensions.BenchmarkTests,ExceptionExtensionsBenchmark,GetAllMessages,Job-LAXWQE,Default,True,Default,Default,Default,Default,Default,Default,Default,Default,Default,Default,Default,Default,Default,Default,Default,Default,Default,Default,Default,True,Default,Default,Default,Default,Default,.NET 5.0,Default,Default,Default,Default,Default,Default,Default,Default,Default,Default,Default,Default,Default,"Job-LAXWQE(EvaluateOverhead=True, Server=True, Toolchain=.NET 5.0)",,1,Workload,Pilot,3,30600,64,478.13,126,0,0,272
ExceptionExtensionsBenchmark.GetAllMessages,dotNetTips.Spargine.Extensions.BenchmarkTests,ExceptionExtensionsBenchmark,GetAllMessages,Job-LAXWQE,Default,True,Default,Default,Default,Default,Default,Default,Default,Default,Default,Default,Default,Default,Default,Default,Default,Default,Default,Default,Default,True,Default,Default,Default,Default,Default,.NET 5.0,Default,Default,Default,Default,Default,Default,Default,Default,Default,Default,Default,Default,Default,"Job-LAXWQE(EvaluateOverhead=True, Server=True, Toolchain=.NET 5.0)",,1,Workload,Pilot,4,60300,128,471.09,126,0,0,272
ExceptionExtensionsBenchmark.GetAllMessages,dotNetTips.Spargine.Extensions.BenchmarkTests,ExceptionExtensionsBenchmark,GetAllMessages,Job-LAXWQE,Default,True,Default,Default,Default,Default,Default,Default,Default,Default,Default,Default,Default,Default,Default,Default,Default,Default,Default,Default,Default,True,Default,Default,Default,Default,Default,.NET 5.0,Default,Default,Default,Default,Default,Default,Default,Default,Default,Default,Default,Default,Default,"Job-LAXWQE(EvaluateOverhead=True, Server=True, Toolchain=.NET 5.0)",,1,Workload,Pilot,5,103300,256,403.52,126,0,0,272
ExceptionExtensionsBenchmark.GetAllMessages,dotNetTips.Spargine.Extensions.BenchmarkTests,ExceptionExtensionsBenchmark,GetAllMessages,Job-LAXWQE,Default,True,Default,Default,Default,Default,Default,Default,Default,Default,Default,Default,Default,Default,Default,Default,Default,Default,Default,Default,Default,True,Default,Default,Default,Default,Default,.NET 5.0,Default,Default,Default,Default,Default,Default,Default,Default,Default,Default,Default,Default,Default,"Job-LAXWQE(EvaluateOverhead=True, Server=True, Toolchain=.NET 5.0)",,1,Workload,Pilot,6,153100,512,299.02,126,0,0,272
ExceptionExtensionsBenchmark.GetAllMessages,dotNetTips.Spargine.Extensions.BenchmarkTests,ExceptionExtensionsBenchmark,GetAllMessages,Job-LAXWQE,Default,True,Default,Default,Default,Default,Default,Default,Default,Default,Default,Default,Default,Default,Default,Default,Default,Default,Default,Default,Default,True,Default,Default,Default,Default,Default,.NET 5.0,Default,Default,Default,Default,Default,Default,Default,Default,Default,Default,Default,Default,Default,"Job-LAXWQE(EvaluateOverhead=True, Server=True, Toolchain=.NET 5.0)",,1,Workload,Pilot,7,373200,1024,364.45,126,0,0,272
ExceptionExtensionsBenchmark.GetAllMessages,dotNetTips.Spargine.Extensions.BenchmarkTests,ExceptionExtensionsBenchmark,GetAllMessages,Job-LAXWQE,Default,True,Default,Default,Default,Default,Default,Default,Default,Default,Default,Default,Default,Default,Default,Default,Default,Default,Default,Default,Default,True,Default,Default,Default,Default,Default,.NET 5.0,Default,Default,Default,Default,Default,Default,Default,Default,Default,Default,Default,Default,Default,"Job-LAXWQE(EvaluateOverhead=True, Server=True, Toolchain=.NET 5.0)",,1,Workload,Pilot,8,661500,2048,323,126,0,0,272
ExceptionExtensionsBenchmark.GetAllMessages,dotNetTips.Spargine.Extensions.BenchmarkTests,ExceptionExtensionsBenchmark,GetAllMessages,Job-LAXWQE,Default,True,Default,Default,Default,Default,Default,Default,Default,Default,Default,Default,Default,Default,Default,Default,Default,Default,Default,Default,Default,True,Default,Default,Default,Default,Default,.NET 5.0,Default,Default,Default,Default,Default,Default,Default,Default,Default,Default,Default,Default,Default,"Job-LAXWQE(EvaluateOverhead=True, Server=True, Toolchain=.NET 5.0)",,1,Workload,Pilot,9,2046700,4096,499.68,126,0,0,272
ExceptionExtensionsBenchmark.GetAllMessages,dotNetTips.Spargine.Extensions.BenchmarkTests,ExceptionExtensionsBenchmark,GetAllMessages,Job-LAXWQE,Default,True,Default,Default,Default,Default,Default,Default,Default,Default,Default,Default,Default,Default,Default,Default,Default,Default,Default,Default,Default,True,Default,Default,Default,Default,Default,.NET 5.0,Default,Default,Default,Default,Default,Default,Default,Default,Default,Default,Default,Default,Default,"Job-LAXWQE(EvaluateOverhead=True, Server=True, Toolchain=.NET 5.0)",,1,Workload,Pilot,10,2725900,8192,332.75,126,0,0,272
ExceptionExtensionsBenchmark.GetAllMessages,dotNetTips.Spargine.Extensions.BenchmarkTests,ExceptionExtensionsBenchmark,GetAllMessages,Job-LAXWQE,Default,True,Default,Default,Default,Default,Default,Default,Default,Default,Default,Default,Default,Default,Default,Default,Default,Default,Default,Default,Default,True,Default,Default,Default,Default,Default,.NET 5.0,Default,Default,Default,Default,Default,Default,Default,Default,Default,Default,Default,Default,Default,"Job-LAXWQE(EvaluateOverhead=True, Server=True, Toolchain=.NET 5.0)",,1,Workload,Pilot,11,5434000,16384,331.67,126,0,0,272
ExceptionExtensionsBenchmark.GetAllMessages,dotNetTips.Spargine.Extensions.BenchmarkTests,ExceptionExtensionsBenchmark,GetAllMessages,Job-LAXWQE,Default,True,Default,Default,Default,Default,Default,Default,Default,Default,Default,Default,Default,Default,Default,Default,Default,Default,Default,Default,Default,True,Default,Default,Default,Default,Default,.NET 5.0,Default,Default,Default,Default,Default,Default,Default,Default,Default,Default,Default,Default,Default,"Job-LAXWQE(EvaluateOverhead=True, Server=True, Toolchain=.NET 5.0)",,1,Workload,Pilot,12,11590200,32768,353.7,126,0,0,272
ExceptionExtensionsBenchmark.GetAllMessages,dotNetTips.Spargine.Extensions.BenchmarkTests,ExceptionExtensionsBenchmark,GetAllMessages,Job-LAXWQE,Default,True,Default,Default,Default,Default,Default,Default,Default,Default,Default,Default,Default,Default,Default,Default,Default,Default,Default,Default,Default,True,Default,Default,Default,Default,Default,.NET 5.0,Default,Default,Default,Default,Default,Default,Default,Default,Default,Default,Default,Default,Default,"Job-LAXWQE(EvaluateOverhead=True, Server=True, Toolchain=.NET 5.0)",,1,Workload,Pilot,13,20928500,65536,319.34,126,0,0,272
ExceptionExtensionsBenchmark.GetAllMessages,dotNetTips.Spargine.Extensions.BenchmarkTests,ExceptionExtensionsBenchmark,GetAllMessages,Job-LAXWQE,Default,True,Default,Default,Default,Default,Default,Default,Default,Default,Default,Default,Default,Default,Default,Default,Default,Default,Default,Default,Default,True,Default,Default,Default,Default,Default,.NET 5.0,Default,Default,Default,Default,Default,Default,Default,Default,Default,Default,Default,Default,Default,"Job-LAXWQE(EvaluateOverhead=True, Server=True, Toolchain=.NET 5.0)",,1,Workload,Pilot,14,40979500,131072,312.65,126,0,0,272
ExceptionExtensionsBenchmark.GetAllMessages,dotNetTips.Spargine.Extensions.BenchmarkTests,ExceptionExtensionsBenchmark,GetAllMessages,Job-LAXWQE,Default,True,Default,Default,Default,Default,Default,Default,Default,Default,Default,Default,Default,Default,Default,Default,Default,Default,Default,Default,Default,True,Default,Default,Default,Default,Default,.NET 5.0,Default,Default,Default,Default,Default,Default,Default,Default,Default,Default,Default,Default,Default,"Job-LAXWQE(EvaluateOverhead=True, Server=True, Toolchain=.NET 5.0)",,1,Workload,Pilot,15,85607700,262144,326.57,126,0,0,272
ExceptionExtensionsBenchmark.GetAllMessages,dotNetTips.Spargine.Extensions.BenchmarkTests,ExceptionExtensionsBenchmark,GetAllMessages,Job-LAXWQE,Default,True,Default,Default,Default,Default,Default,Default,Default,Default,Default,Default,Default,Default,Default,Default,Default,Default,Default,Default,Default,True,Default,Default,Default,Default,Default,.NET 5.0,Default,Default,Default,Default,Default,Default,Default,Default,Default,Default,Default,Default,Default,"Job-LAXWQE(EvaluateOverhead=True, Server=True, Toolchain=.NET 5.0)",,1,Workload,Pilot,16,108737300,524288,207.4,126,0,0,272
ExceptionExtensionsBenchmark.GetAllMessages,dotNetTips.Spargine.Extensions.BenchmarkTests,ExceptionExtensionsBenchmark,GetAllMessages,Job-LAXWQE,Default,True,Default,Default,Default,Default,Default,Default,Default,Default,Default,Default,Default,Default,Default,Default,Default,Default,Default,Default,Default,True,Default,Default,Default,Default,Default,.NET 5.0,Default,Default,Default,Default,Default,Default,Default,Default,Default,Default,Default,Default,Default,"Job-LAXWQE(EvaluateOverhead=True, Server=True, Toolchain=.NET 5.0)",,1,Workload,Pilot,17,209482700,1048576,199.78,126,0,0,272
ExceptionExtensionsBenchmark.GetAllMessages,dotNetTips.Spargine.Extensions.BenchmarkTests,ExceptionExtensionsBenchmark,GetAllMessages,Job-LAXWQE,Default,True,Default,Default,Default,Default,Default,Default,Default,Default,Default,Default,Default,Default,Default,Default,Default,Default,Default,Default,Default,True,Default,Default,Default,Default,Default,.NET 5.0,Default,Default,Default,Default,Default,Default,Default,Default,Default,Default,Default,Default,Default,"Job-LAXWQE(EvaluateOverhead=True, Server=True, Toolchain=.NET 5.0)",,1,Workload,Pilot,18,412390100,2097152,196.64,126,0,0,272
ExceptionExtensionsBenchmark.GetAllMessages,dotNetTips.Spargine.Extensions.BenchmarkTests,ExceptionExtensionsBenchmark,GetAllMessages,Job-LAXWQE,Default,True,Default,Default,Default,Default,Default,Default,Default,Default,Default,Default,Default,Default,Default,Default,Default,Default,Default,Default,Default,True,Default,Default,Default,Default,Default,.NET 5.0,Default,Default,Default,Default,Default,Default,Default,Default,Default,Default,Default,Default,Default,"Job-LAXWQE(EvaluateOverhead=True, Server=True, Toolchain=.NET 5.0)",,1,Workload,Pilot,19,821889700,4194304,195.95,126,0,0,272
ExceptionExtensionsBenchmark.GetAllMessages,dotNetTips.Spargine.Extensions.BenchmarkTests,ExceptionExtensionsBenchmark,GetAllMessages,Job-LAXWQE,Default,True,Default,Default,Default,Default,Default,Default,Default,Default,Default,Default,Default,Default,Default,Default,Default,Default,Default,Default,Default,True,Default,Default,Default,Default,Default,.NET 5.0,Default,Default,Default,Default,Default,Default,Default,Default,Default,Default,Default,Default,Default,"Job-LAXWQE(EvaluateOverhead=True, Server=True, Toolchain=.NET 5.0)",,1,Overhead,Warmup,1,7959900,4194304,1.9,126,0,0,272
ExceptionExtensionsBenchmark.GetAllMessages,dotNetTips.Spargine.Extensions.BenchmarkTests,ExceptionExtensionsBenchmark,GetAllMessages,Job-LAXWQE,Default,True,Default,Default,Default,Default,Default,Default,Default,Default,Default,Default,Default,Default,Default,Default,Default,Default,Default,Default,Default,True,Default,Default,Default,Default,Default,.NET 5.0,Default,Default,Default,Default,Default,Default,Default,Default,Default,Default,Default,Default,Default,"Job-LAXWQE(EvaluateOverhead=True, Server=True, Toolchain=.NET 5.0)",,1,Overhead,Warmup,2,8380400,4194304,2,126,0,0,272
ExceptionExtensionsBenchmark.GetAllMessages,dotNetTips.Spargine.Extensions.BenchmarkTests,ExceptionExtensionsBenchmark,GetAllMessages,Job-LAXWQE,Default,True,Default,Default,Default,Default,Default,Default,Default,Default,Default,Default,Default,Default,Default,Default,Default,Default,Default,Default,Default,True,Default,Default,Default,Default,Default,.NET 5.0,Default,Default,Default,Default,Default,Default,Default,Default,Default,Default,Default,Default,Default,"Job-LAXWQE(EvaluateOverhead=True, Server=True, Toolchain=.NET 5.0)",,1,Overhead,Warmup,3,7960200,4194304,1.9,126,0,0,272
ExceptionExtensionsBenchmark.GetAllMessages,dotNetTips.Spargine.Extensions.BenchmarkTests,ExceptionExtensionsBenchmark,GetAllMessages,Job-LAXWQE,Default,True,Default,Default,Default,Default,Default,Default,Default,Default,Default,Default,Default,Default,Default,Default,Default,Default,Default,Default,Default,True,Default,Default,Default,Default,Default,.NET 5.0,Default,Default,Default,Default,Default,Default,Default,Default,Default,Default,Default,Default,Default,"Job-LAXWQE(EvaluateOverhead=True, Server=True, Toolchain=.NET 5.0)",,1,Overhead,Warmup,4,8739800,4194304,2.08,126,0,0,272
ExceptionExtensionsBenchmark.GetAllMessages,dotNetTips.Spargine.Extensions.BenchmarkTests,ExceptionExtensionsBenchmark,GetAllMessages,Job-LAXWQE,Default,True,Default,Default,Default,Default,Default,Default,Default,Default,Default,Default,Default,Default,Default,Default,Default,Default,Default,Default,Default,True,Default,Default,Default,Default,Default,.NET 5.0,Default,Default,Default,Default,Default,Default,Default,Default,Default,Default,Default,Default,Default,"Job-LAXWQE(EvaluateOverhead=True, Server=True, Toolchain=.NET 5.0)",,1,Overhead,Warmup,5,7891400,4194304,1.88,126,0,0,272
ExceptionExtensionsBenchmark.GetAllMessages,dotNetTips.Spargine.Extensions.BenchmarkTests,ExceptionExtensionsBenchmark,GetAllMessages,Job-LAXWQE,Default,True,Default,Default,Default,Default,Default,Default,Default,Default,Default,Default,Default,Default,Default,Default,Default,Default,Default,Default,Default,True,Default,Default,Default,Default,Default,.NET 5.0,Default,Default,Default,Default,Default,Default,Default,Default,Default,Default,Default,Default,Default,"Job-LAXWQE(EvaluateOverhead=True, Server=True, Toolchain=.NET 5.0)",,1,Overhead,Actual,1,8222700,4194304,1.96,126,0,0,272
ExceptionExtensionsBenchmark.GetAllMessages,dotNetTips.Spargine.Extensions.BenchmarkTests,ExceptionExtensionsBenchmark,GetAllMessages,Job-LAXWQE,Default,True,Default,Default,Default,Default,Default,Default,Default,Default,Default,Default,Default,Default,Default,Default,Default,Default,Default,Default,Default,True,Default,Default,Default,Default,Default,.NET 5.0,Default,Default,Default,Default,Default,Default,Default,Default,Default,Default,Default,Default,Default,"Job-LAXWQE(EvaluateOverhead=True, Server=True, Toolchain=.NET 5.0)",,1,Overhead,Actual,2,8258600,4194304,1.97,126,0,0,272
ExceptionExtensionsBenchmark.GetAllMessages,dotNetTips.Spargine.Extensions.BenchmarkTests,ExceptionExtensionsBenchmark,GetAllMessages,Job-LAXWQE,Default,True,Default,Default,Default,Default,Default,Default,Default,Default,Default,Default,Default,Default,Default,Default,Default,Default,Default,Default,Default,True,Default,Default,Default,Default,Default,.NET 5.0,Default,Default,Default,Default,Default,Default,Default,Default,Default,Default,Default,Default,Default,"Job-LAXWQE(EvaluateOverhead=True, Server=True, Toolchain=.NET 5.0)",,1,Overhead,Actual,3,7959400,4194304,1.9,126,0,0,272
ExceptionExtensionsBenchmark.GetAllMessages,dotNetTips.Spargine.Extensions.BenchmarkTests,ExceptionExtensionsBenchmark,GetAllMessages,Job-LAXWQE,Default,True,Default,Default,Default,Default,Default,Default,Default,Default,Default,Default,Default,Default,Default,Default,Default,Default,Default,Default,Default,True,Default,Default,Default,Default,Default,.NET 5.0,Default,Default,Default,Default,Default,Default,Default,Default,Default,Default,Default,Default,Default,"Job-LAXWQE(EvaluateOverhead=True, Server=True, Toolchain=.NET 5.0)",,1,Overhead,Actual,4,7959900,4194304,1.9,126,0,0,272
ExceptionExtensionsBenchmark.GetAllMessages,dotNetTips.Spargine.Extensions.BenchmarkTests,ExceptionExtensionsBenchmark,GetAllMessages,Job-LAXWQE,Default,True,Default,Default,Default,Default,Default,Default,Default,Default,Default,Default,Default,Default,Default,Default,Default,Default,Default,Default,Default,True,Default,Default,Default,Default,Default,.NET 5.0,Default,Default,Default,Default,Default,Default,Default,Default,Default,Default,Default,Default,Default,"Job-LAXWQE(EvaluateOverhead=True, Server=True, Toolchain=.NET 5.0)",,1,Overhead,Actual,5,8444900,4194304,2.01,126,0,0,272
ExceptionExtensionsBenchmark.GetAllMessages,dotNetTips.Spargine.Extensions.BenchmarkTests,ExceptionExtensionsBenchmark,GetAllMessages,Job-LAXWQE,Default,True,Default,Default,Default,Default,Default,Default,Default,Default,Default,Default,Default,Default,Default,Default,Default,Default,Default,Default,Default,True,Default,Default,Default,Default,Default,.NET 5.0,Default,Default,Default,Default,Default,Default,Default,Default,Default,Default,Default,Default,Default,"Job-LAXWQE(EvaluateOverhead=True, Server=True, Toolchain=.NET 5.0)",,1,Overhead,Actual,6,8094200,4194304,1.93,126,0,0,272
ExceptionExtensionsBenchmark.GetAllMessages,dotNetTips.Spargine.Extensions.BenchmarkTests,ExceptionExtensionsBenchmark,GetAllMessages,Job-LAXWQE,Default,True,Default,Default,Default,Default,Default,Default,Default,Default,Default,Default,Default,Default,Default,Default,Default,Default,Default,Default,Default,True,Default,Default,Default,Default,Default,.NET 5.0,Default,Default,Default,Default,Default,Default,Default,Default,Default,Default,Default,Default,Default,"Job-LAXWQE(EvaluateOverhead=True, Server=True, Toolchain=.NET 5.0)",,1,Overhead,Actual,7,8379200,4194304,2,126,0,0,272
ExceptionExtensionsBenchmark.GetAllMessages,dotNetTips.Spargine.Extensions.BenchmarkTests,ExceptionExtensionsBenchmark,GetAllMessages,Job-LAXWQE,Default,True,Default,Default,Default,Default,Default,Default,Default,Default,Default,Default,Default,Default,Default,Default,Default,Default,Default,Default,Default,True,Default,Default,Default,Default,Default,.NET 5.0,Default,Default,Default,Default,Default,Default,Default,Default,Default,Default,Default,Default,Default,"Job-LAXWQE(EvaluateOverhead=True, Server=True, Toolchain=.NET 5.0)",,1,Overhead,Actual,8,7932800,4194304,1.89,126,0,0,272
ExceptionExtensionsBenchmark.GetAllMessages,dotNetTips.Spargine.Extensions.BenchmarkTests,ExceptionExtensionsBenchmark,GetAllMessages,Job-LAXWQE,Default,True,Default,Default,Default,Default,Default,Default,Default,Default,Default,Default,Default,Default,Default,Default,Default,Default,Default,Default,Default,True,Default,Default,Default,Default,Default,.NET 5.0,Default,Default,Default,Default,Default,Default,Default,Default,Default,Default,Default,Default,Default,"Job-LAXWQE(EvaluateOverhead=True, Server=True, Toolchain=.NET 5.0)",,1,Overhead,Actual,9,8460500,4194304,2.02,126,0,0,272
ExceptionExtensionsBenchmark.GetAllMessages,dotNetTips.Spargine.Extensions.BenchmarkTests,ExceptionExtensionsBenchmark,GetAllMessages,Job-LAXWQE,Default,True,Default,Default,Default,Default,Default,Default,Default,Default,Default,Default,Default,Default,Default,Default,Default,Default,Default,Default,Default,True,Default,Default,Default,Default,Default,.NET 5.0,Default,Default,Default,Default,Default,Default,Default,Default,Default,Default,Default,Default,Default,"Job-LAXWQE(EvaluateOverhead=True, Server=True, Toolchain=.NET 5.0)",,1,Overhead,Actual,10,8020800,4194304,1.91,126,0,0,272
ExceptionExtensionsBenchmark.GetAllMessages,dotNetTips.Spargine.Extensions.BenchmarkTests,ExceptionExtensionsBenchmark,GetAllMessages,Job-LAXWQE,Default,True,Default,Default,Default,Default,Default,Default,Default,Default,Default,Default,Default,Default,Default,Default,Default,Default,Default,Default,Default,True,Default,Default,Default,Default,Default,.NET 5.0,Default,Default,Default,Default,Default,Default,Default,Default,Default,Default,Default,Default,Default,"Job-LAXWQE(EvaluateOverhead=True, Server=True, Toolchain=.NET 5.0)",,1,Overhead,Actual,11,7938800,4194304,1.89,126,0,0,272
ExceptionExtensionsBenchmark.GetAllMessages,dotNetTips.Spargine.Extensions.BenchmarkTests,ExceptionExtensionsBenchmark,GetAllMessages,Job-LAXWQE,Default,True,Default,Default,Default,Default,Default,Default,Default,Default,Default,Default,Default,Default,Default,Default,Default,Default,Default,Default,Default,True,Default,Default,Default,Default,Default,.NET 5.0,Default,Default,Default,Default,Default,Default,Default,Default,Default,Default,Default,Default,Default,"Job-LAXWQE(EvaluateOverhead=True, Server=True, Toolchain=.NET 5.0)",,1,Overhead,Actual,12,8477100,4194304,2.02,126,0,0,272
ExceptionExtensionsBenchmark.GetAllMessages,dotNetTips.Spargine.Extensions.BenchmarkTests,ExceptionExtensionsBenchmark,GetAllMessages,Job-LAXWQE,Default,True,Default,Default,Default,Default,Default,Default,Default,Default,Default,Default,Default,Default,Default,Default,Default,Default,Default,Default,Default,True,Default,Default,Default,Default,Default,.NET 5.0,Default,Default,Default,Default,Default,Default,Default,Default,Default,Default,Default,Default,Default,"Job-LAXWQE(EvaluateOverhead=True, Server=True, Toolchain=.NET 5.0)",,1,Overhead,Actual,13,7982400,4194304,1.9,126,0,0,272
ExceptionExtensionsBenchmark.GetAllMessages,dotNetTips.Spargine.Extensions.BenchmarkTests,ExceptionExtensionsBenchmark,GetAllMessages,Job-LAXWQE,Default,True,Default,Default,Default,Default,Default,Default,Default,Default,Default,Default,Default,Default,Default,Default,Default,Default,Default,Default,Default,True,Default,Default,Default,Default,Default,.NET 5.0,Default,Default,Default,Default,Default,Default,Default,Default,Default,Default,Default,Default,Default,"Job-LAXWQE(EvaluateOverhead=True, Server=True, Toolchain=.NET 5.0)",,1,Overhead,Actual,14,8360500,4194304,1.99,126,0,0,272
ExceptionExtensionsBenchmark.GetAllMessages,dotNetTips.Spargine.Extensions.BenchmarkTests,ExceptionExtensionsBenchmark,GetAllMessages,Job-LAXWQE,Default,True,Default,Default,Default,Default,Default,Default,Default,Default,Default,Default,Default,Default,Default,Default,Default,Default,Default,Default,Default,True,Default,Default,Default,Default,Default,.NET 5.0,Default,Default,Default,Default,Default,Default,Default,Default,Default,Default,Default,Default,Default,"Job-LAXWQE(EvaluateOverhead=True, Server=True, Toolchain=.NET 5.0)",,1,Overhead,Actual,15,7952000,4194304,1.9,126,0,0,272
ExceptionExtensionsBenchmark.GetAllMessages,dotNetTips.Spargine.Extensions.BenchmarkTests,ExceptionExtensionsBenchmark,GetAllMessages,Job-LAXWQE,Default,True,Default,Default,Default,Default,Default,Default,Default,Default,Default,Default,Default,Default,Default,Default,Default,Default,Default,Default,Default,True,Default,Default,Default,Default,Default,.NET 5.0,Default,Default,Default,Default,Default,Default,Default,Default,Default,Default,Default,Default,Default,"Job-LAXWQE(EvaluateOverhead=True, Server=True, Toolchain=.NET 5.0)",,1,Workload,Warmup,1,823840900,4194304,196.42,126,0,0,272
ExceptionExtensionsBenchmark.GetAllMessages,dotNetTips.Spargine.Extensions.BenchmarkTests,ExceptionExtensionsBenchmark,GetAllMessages,Job-LAXWQE,Default,True,Default,Default,Default,Default,Default,Default,Default,Default,Default,Default,Default,Default,Default,Default,Default,Default,Default,Default,Default,True,Default,Default,Default,Default,Default,.NET 5.0,Default,Default,Default,Default,Default,Default,Default,Default,Default,Default,Default,Default,Default,"Job-LAXWQE(EvaluateOverhead=True, Server=True, Toolchain=.NET 5.0)",,1,Workload,Warmup,2,813762900,4194304,194.02,126,0,0,272
ExceptionExtensionsBenchmark.GetAllMessages,dotNetTips.Spargine.Extensions.BenchmarkTests,ExceptionExtensionsBenchmark,GetAllMessages,Job-LAXWQE,Default,True,Default,Default,Default,Default,Default,Default,Default,Default,Default,Default,Default,Default,Default,Default,Default,Default,Default,Default,Default,True,Default,Default,Default,Default,Default,.NET 5.0,Default,Default,Default,Default,Default,Default,Default,Default,Default,Default,Default,Default,Default,"Job-LAXWQE(EvaluateOverhead=True, Server=True, Toolchain=.NET 5.0)",,1,Workload,Warmup,3,820244300,4194304,195.56,126,0,0,272
ExceptionExtensionsBenchmark.GetAllMessages,dotNetTips.Spargine.Extensions.BenchmarkTests,ExceptionExtensionsBenchmark,GetAllMessages,Job-LAXWQE,Default,True,Default,Default,Default,Default,Default,Default,Default,Default,Default,Default,Default,Default,Default,Default,Default,Default,Default,Default,Default,True,Default,Default,Default,Default,Default,.NET 5.0,Default,Default,Default,Default,Default,Default,Default,Default,Default,Default,Default,Default,Default,"Job-LAXWQE(EvaluateOverhead=True, Server=True, Toolchain=.NET 5.0)",,1,Workload,Warmup,4,806945900,4194304,192.39,126,0,0,272
ExceptionExtensionsBenchmark.GetAllMessages,dotNetTips.Spargine.Extensions.BenchmarkTests,ExceptionExtensionsBenchmark,GetAllMessages,Job-LAXWQE,Default,True,Default,Default,Default,Default,Default,Default,Default,Default,Default,Default,Default,Default,Default,Default,Default,Default,Default,Default,Default,True,Default,Default,Default,Default,Default,.NET 5.0,Default,Default,Default,Default,Default,Default,Default,Default,Default,Default,Default,Default,Default,"Job-LAXWQE(EvaluateOverhead=True, Server=True, Toolchain=.NET 5.0)",,1,Workload,Warmup,5,812199400,4194304,193.64,126,0,0,272
ExceptionExtensionsBenchmark.GetAllMessages,dotNetTips.Spargine.Extensions.BenchmarkTests,ExceptionExtensionsBenchmark,GetAllMessages,Job-LAXWQE,Default,True,Default,Default,Default,Default,Default,Default,Default,Default,Default,Default,Default,Default,Default,Default,Default,Default,Default,Default,Default,True,Default,Default,Default,Default,Default,.NET 5.0,Default,Default,Default,Default,Default,Default,Default,Default,Default,Default,Default,Default,Default,"Job-LAXWQE(EvaluateOverhead=True, Server=True, Toolchain=.NET 5.0)",,1,Workload,Warmup,6,814941000,4194304,194.3,126,0,0,272
ExceptionExtensionsBenchmark.GetAllMessages,dotNetTips.Spargine.Extensions.BenchmarkTests,ExceptionExtensionsBenchmark,GetAllMessages,Job-LAXWQE,Default,True,Default,Default,Default,Default,Default,Default,Default,Default,Default,Default,Default,Default,Default,Default,Default,Default,Default,Default,Default,True,Default,Default,Default,Default,Default,.NET 5.0,Default,Default,Default,Default,Default,Default,Default,Default,Default,Default,Default,Default,Default,"Job-LAXWQE(EvaluateOverhead=True, Server=True, Toolchain=.NET 5.0)",,1,Workload,Warmup,7,817557600,4194304,194.92,126,0,0,272
ExceptionExtensionsBenchmark.GetAllMessages,dotNetTips.Spargine.Extensions.BenchmarkTests,ExceptionExtensionsBenchmark,GetAllMessages,Job-LAXWQE,Default,True,Default,Default,Default,Default,Default,Default,Default,Default,Default,Default,Default,Default,Default,Default,Default,Default,Default,Default,Default,True,Default,Default,Default,Default,Default,.NET 5.0,Default,Default,Default,Default,Default,Default,Default,Default,Default,Default,Default,Default,Default,"Job-LAXWQE(EvaluateOverhead=True, Server=True, Toolchain=.NET 5.0)",,1,Workload,Warmup,8,816595000,4194304,194.69,126,0,0,272
ExceptionExtensionsBenchmark.GetAllMessages,dotNetTips.Spargine.Extensions.BenchmarkTests,ExceptionExtensionsBenchmark,GetAllMessages,Job-LAXWQE,Default,True,Default,Default,Default,Default,Default,Default,Default,Default,Default,Default,Default,Default,Default,Default,Default,Default,Default,Default,Default,True,Default,Default,Default,Default,Default,.NET 5.0,Default,Default,Default,Default,Default,Default,Default,Default,Default,Default,Default,Default,Default,"Job-LAXWQE(EvaluateOverhead=True, Server=True, Toolchain=.NET 5.0)",,1,Workload,Actual,1,812750300,4194304,193.77,126,0,0,272
ExceptionExtensionsBenchmark.GetAllMessages,dotNetTips.Spargine.Extensions.BenchmarkTests,ExceptionExtensionsBenchmark,GetAllMessages,Job-LAXWQE,Default,True,Default,Default,Default,Default,Default,Default,Default,Default,Default,Default,Default,Default,Default,Default,Default,Default,Default,Default,Default,True,Default,Default,Default,Default,Default,.NET 5.0,Default,Default,Default,Default,Default,Default,Default,Default,Default,Default,Default,Default,Default,"Job-LAXWQE(EvaluateOverhead=True, Server=True, Toolchain=.NET 5.0)",,1,Workload,Actual,2,810912100,4194304,193.34,126,0,0,272
ExceptionExtensionsBenchmark.GetAllMessages,dotNetTips.Spargine.Extensions.BenchmarkTests,ExceptionExtensionsBenchmark,GetAllMessages,Job-LAXWQE,Default,True,Default,Default,Default,Default,Default,Default,Default,Default,Default,Default,Default,Default,Default,Default,Default,Default,Default,Default,Default,True,Default,Default,Default,Default,Default,.NET 5.0,Default,Default,Default,Default,Default,Default,Default,Default,Default,Default,Default,Default,Default,"Job-LAXWQE(EvaluateOverhead=True, Server=True, Toolchain=.NET 5.0)",,1,Workload,Actual,3,819518300,4194304,195.39,126,0,0,272
ExceptionExtensionsBenchmark.GetAllMessages,dotNetTips.Spargine.Extensions.BenchmarkTests,ExceptionExtensionsBenchmark,GetAllMessages,Job-LAXWQE,Default,True,Default,Default,Default,Default,Default,Default,Default,Default,Default,Default,Default,Default,Default,Default,Default,Default,Default,Default,Default,True,Default,Default,Default,Default,Default,.NET 5.0,Default,Default,Default,Default,Default,Default,Default,Default,Default,Default,Default,Default,Default,"Job-LAXWQE(EvaluateOverhead=True, Server=True, Toolchain=.NET 5.0)",,1,Workload,Actual,4,821770300,4194304,195.93,126,0,0,272
ExceptionExtensionsBenchmark.GetAllMessages,dotNetTips.Spargine.Extensions.BenchmarkTests,ExceptionExtensionsBenchmark,GetAllMessages,Job-LAXWQE,Default,True,Default,Default,Default,Default,Default,Default,Default,Default,Default,Default,Default,Default,Default,Default,Default,Default,Default,Default,Default,True,Default,Default,Default,Default,Default,.NET 5.0,Default,Default,Default,Default,Default,Default,Default,Default,Default,Default,Default,Default,Default,"Job-LAXWQE(EvaluateOverhead=True, Server=True, Toolchain=.NET 5.0)",,1,Workload,Actual,5,812141600,4194304,193.63,126,0,0,272
ExceptionExtensionsBenchmark.GetAllMessages,dotNetTips.Spargine.Extensions.BenchmarkTests,ExceptionExtensionsBenchmark,GetAllMessages,Job-LAXWQE,Default,True,Default,Default,Default,Default,Default,Default,Default,Default,Default,Default,Default,Default,Default,Default,Default,Default,Default,Default,Default,True,Default,Default,Default,Default,Default,.NET 5.0,Default,Default,Default,Default,Default,Default,Default,Default,Default,Default,Default,Default,Default,"Job-LAXWQE(EvaluateOverhead=True, Server=True, Toolchain=.NET 5.0)",,1,Workload,Actual,6,815503800,4194304,194.43,126,0,0,272
ExceptionExtensionsBenchmark.GetAllMessages,dotNetTips.Spargine.Extensions.BenchmarkTests,ExceptionExtensionsBenchmark,GetAllMessages,Job-LAXWQE,Default,True,Default,Default,Default,Default,Default,Default,Default,Default,Default,Default,Default,Default,Default,Default,Default,Default,Default,Default,Default,True,Default,Default,Default,Default,Default,.NET 5.0,Default,Default,Default,Default,Default,Default,Default,Default,Default,Default,Default,Default,Default,"Job-LAXWQE(EvaluateOverhead=True, Server=True, Toolchain=.NET 5.0)",,1,Workload,Actual,7,817869200,4194304,195,126,0,0,272
ExceptionExtensionsBenchmark.GetAllMessages,dotNetTips.Spargine.Extensions.BenchmarkTests,ExceptionExtensionsBenchmark,GetAllMessages,Job-LAXWQE,Default,True,Default,Default,Default,Default,Default,Default,Default,Default,Default,Default,Default,Default,Default,Default,Default,Default,Default,Default,Default,True,Default,Default,Default,Default,Default,.NET 5.0,Default,Default,Default,Default,Default,Default,Default,Default,Default,Default,Default,Default,Default,"Job-LAXWQE(EvaluateOverhead=True, Server=True, Toolchain=.NET 5.0)",,1,Workload,Actual,8,818640000,4194304,195.18,126,0,0,272
ExceptionExtensionsBenchmark.GetAllMessages,dotNetTips.Spargine.Extensions.BenchmarkTests,ExceptionExtensionsBenchmark,GetAllMessages,Job-LAXWQE,Default,True,Default,Default,Default,Default,Default,Default,Default,Default,Default,Default,Default,Default,Default,Default,Default,Default,Default,Default,Default,True,Default,Default,Default,Default,Default,.NET 5.0,Default,Default,Default,Default,Default,Default,Default,Default,Default,Default,Default,Default,Default,"Job-LAXWQE(EvaluateOverhead=True, Server=True, Toolchain=.NET 5.0)",,1,Workload,Actual,9,815390600,4194304,194.4,126,0,0,272
ExceptionExtensionsBenchmark.GetAllMessages,dotNetTips.Spargine.Extensions.BenchmarkTests,ExceptionExtensionsBenchmark,GetAllMessages,Job-LAXWQE,Default,True,Default,Default,Default,Default,Default,Default,Default,Default,Default,Default,Default,Default,Default,Default,Default,Default,Default,Default,Default,True,Default,Default,Default,Default,Default,.NET 5.0,Default,Default,Default,Default,Default,Default,Default,Default,Default,Default,Default,Default,Default,"Job-LAXWQE(EvaluateOverhead=True, Server=True, Toolchain=.NET 5.0)",,1,Workload,Actual,10,816560500,4194304,194.68,126,0,0,272
ExceptionExtensionsBenchmark.GetAllMessages,dotNetTips.Spargine.Extensions.BenchmarkTests,ExceptionExtensionsBenchmark,GetAllMessages,Job-LAXWQE,Default,True,Default,Default,Default,Default,Default,Default,Default,Default,Default,Default,Default,Default,Default,Default,Default,Default,Default,Default,Default,True,Default,Default,Default,Default,Default,.NET 5.0,Default,Default,Default,Default,Default,Default,Default,Default,Default,Default,Default,Default,Default,"Job-LAXWQE(EvaluateOverhead=True, Server=True, Toolchain=.NET 5.0)",,1,Workload,Actual,11,813620600,4194304,193.98,126,0,0,272
ExceptionExtensionsBenchmark.GetAllMessages,dotNetTips.Spargine.Extensions.BenchmarkTests,ExceptionExtensionsBenchmark,GetAllMessages,Job-LAXWQE,Default,True,Default,Default,Default,Default,Default,Default,Default,Default,Default,Default,Default,Default,Default,Default,Default,Default,Default,Default,Default,True,Default,Default,Default,Default,Default,.NET 5.0,Default,Default,Default,Default,Default,Default,Default,Default,Default,Default,Default,Default,Default,"Job-LAXWQE(EvaluateOverhead=True, Server=True, Toolchain=.NET 5.0)",,1,Workload,Actual,12,815247700,4194304,194.37,126,0,0,272
ExceptionExtensionsBenchmark.GetAllMessages,dotNetTips.Spargine.Extensions.BenchmarkTests,ExceptionExtensionsBenchmark,GetAllMessages,Job-LAXWQE,Default,True,Default,Default,Default,Default,Default,Default,Default,Default,Default,Default,Default,Default,Default,Default,Default,Default,Default,Default,Default,True,Default,Default,Default,Default,Default,.NET 5.0,Default,Default,Default,Default,Default,Default,Default,Default,Default,Default,Default,Default,Default,"Job-LAXWQE(EvaluateOverhead=True, Server=True, Toolchain=.NET 5.0)",,1,Workload,Actual,13,812639800,4194304,193.75,126,0,0,272
ExceptionExtensionsBenchmark.GetAllMessages,dotNetTips.Spargine.Extensions.BenchmarkTests,ExceptionExtensionsBenchmark,GetAllMessages,Job-LAXWQE,Default,True,Default,Default,Default,Default,Default,Default,Default,Default,Default,Default,Default,Default,Default,Default,Default,Default,Default,Default,Default,True,Default,Default,Default,Default,Default,.NET 5.0,Default,Default,Default,Default,Default,Default,Default,Default,Default,Default,Default,Default,Default,"Job-LAXWQE(EvaluateOverhead=True, Server=True, Toolchain=.NET 5.0)",,1,Workload,Actual,14,810755400,4194304,193.3,126,0,0,272
ExceptionExtensionsBenchmark.GetAllMessages,dotNetTips.Spargine.Extensions.BenchmarkTests,ExceptionExtensionsBenchmark,GetAllMessages,Job-LAXWQE,Default,True,Default,Default,Default,Default,Default,Default,Default,Default,Default,Default,Default,Default,Default,Default,Default,Default,Default,Default,Default,True,Default,Default,Default,Default,Default,.NET 5.0,Default,Default,Default,Default,Default,Default,Default,Default,Default,Default,Default,Default,Default,"Job-LAXWQE(EvaluateOverhead=True, Server=True, Toolchain=.NET 5.0)",,1,Workload,Actual,15,811067500,4194304,193.37,126,0,0,272
ExceptionExtensionsBenchmark.GetAllMessages,dotNetTips.Spargine.Extensions.BenchmarkTests,ExceptionExtensionsBenchmark,GetAllMessages,Job-LAXWQE,Default,True,Default,Default,Default,Default,Default,Default,Default,Default,Default,Default,Default,Default,Default,Default,Default,Default,Default,Default,Default,True,Default,Default,Default,Default,Default,.NET 5.0,Default,Default,Default,Default,Default,Default,Default,Default,Default,Default,Default,Default,Default,"Job-LAXWQE(EvaluateOverhead=True, Server=True, Toolchain=.NET 5.0)",,1,Workload,Result,1,804656100,4194304,191.84,126,0,0,272
ExceptionExtensionsBenchmark.GetAllMessages,dotNetTips.Spargine.Extensions.BenchmarkTests,ExceptionExtensionsBenchmark,GetAllMessages,Job-LAXWQE,Default,True,Default,Default,Default,Default,Default,Default,Default,Default,Default,Default,Default,Default,Default,Default,Default,Default,Default,Default,Default,True,Default,Default,Default,Default,Default,.NET 5.0,Default,Default,Default,Default,Default,Default,Default,Default,Default,Default,Default,Default,Default,"Job-LAXWQE(EvaluateOverhead=True, Server=True, Toolchain=.NET 5.0)",,1,Workload,Result,2,802817900,4194304,191.41,126,0,0,272
ExceptionExtensionsBenchmark.GetAllMessages,dotNetTips.Spargine.Extensions.BenchmarkTests,ExceptionExtensionsBenchmark,GetAllMessages,Job-LAXWQE,Default,True,Default,Default,Default,Default,Default,Default,Default,Default,Default,Default,Default,Default,Default,Default,Default,Default,Default,Default,Default,True,Default,Default,Default,Default,Default,.NET 5.0,Default,Default,Default,Default,Default,Default,Default,Default,Default,Default,Default,Default,Default,"Job-LAXWQE(EvaluateOverhead=True, Server=True, Toolchain=.NET 5.0)",,1,Workload,Result,3,811424100,4194304,193.46,126,0,0,272
ExceptionExtensionsBenchmark.GetAllMessages,dotNetTips.Spargine.Extensions.BenchmarkTests,ExceptionExtensionsBenchmark,GetAllMessages,Job-LAXWQE,Default,True,Default,Default,Default,Default,Default,Default,Default,Default,Default,Default,Default,Default,Default,Default,Default,Default,Default,Default,Default,True,Default,Default,Default,Default,Default,.NET 5.0,Default,Default,Default,Default,Default,Default,Default,Default,Default,Default,Default,Default,Default,"Job-LAXWQE(EvaluateOverhead=True, Server=True, Toolchain=.NET 5.0)",,1,Workload,Result,4,813676100,4194304,194,126,0,0,272
ExceptionExtensionsBenchmark.GetAllMessages,dotNetTips.Spargine.Extensions.BenchmarkTests,ExceptionExtensionsBenchmark,GetAllMessages,Job-LAXWQE,Default,True,Default,Default,Default,Default,Default,Default,Default,Default,Default,Default,Default,Default,Default,Default,Default,Default,Default,Default,Default,True,Default,Default,Default,Default,Default,.NET 5.0,Default,Default,Default,Default,Default,Default,Default,Default,Default,Default,Default,Default,Default,"Job-LAXWQE(EvaluateOverhead=True, Server=True, Toolchain=.NET 5.0)",,1,Workload,Result,5,804047400,4194304,191.7,126,0,0,272
ExceptionExtensionsBenchmark.GetAllMessages,dotNetTips.Spargine.Extensions.BenchmarkTests,ExceptionExtensionsBenchmark,GetAllMessages,Job-LAXWQE,Default,True,Default,Default,Default,Default,Default,Default,Default,Default,Default,Default,Default,Default,Default,Default,Default,Default,Default,Default,Default,True,Default,Default,Default,Default,Default,.NET 5.0,Default,Default,Default,Default,Default,Default,Default,Default,Default,Default,Default,Default,Default,"Job-LAXWQE(EvaluateOverhead=True, Server=True, Toolchain=.NET 5.0)",,1,Workload,Result,6,807409600,4194304,192.5,126,0,0,272
ExceptionExtensionsBenchmark.GetAllMessages,dotNetTips.Spargine.Extensions.BenchmarkTests,ExceptionExtensionsBenchmark,GetAllMessages,Job-LAXWQE,Default,True,Default,Default,Default,Default,Default,Default,Default,Default,Default,Default,Default,Default,Default,Default,Default,Default,Default,Default,Default,True,Default,Default,Default,Default,Default,.NET 5.0,Default,Default,Default,Default,Default,Default,Default,Default,Default,Default,Default,Default,Default,"Job-LAXWQE(EvaluateOverhead=True, Server=True, Toolchain=.NET 5.0)",,1,Workload,Result,7,809775000,4194304,193.07,126,0,0,272
ExceptionExtensionsBenchmark.GetAllMessages,dotNetTips.Spargine.Extensions.BenchmarkTests,ExceptionExtensionsBenchmark,GetAllMessages,Job-LAXWQE,Default,True,Default,Default,Default,Default,Default,Default,Default,Default,Default,Default,Default,Default,Default,Default,Default,Default,Default,Default,Default,True,Default,Default,Default,Default,Default,.NET 5.0,Default,Default,Default,Default,Default,Default,Default,Default,Default,Default,Default,Default,Default,"Job-LAXWQE(EvaluateOverhead=True, Server=True, Toolchain=.NET 5.0)",,1,Workload,Result,8,810545800,4194304,193.25,126,0,0,272
ExceptionExtensionsBenchmark.GetAllMessages,dotNetTips.Spargine.Extensions.BenchmarkTests,ExceptionExtensionsBenchmark,GetAllMessages,Job-LAXWQE,Default,True,Default,Default,Default,Default,Default,Default,Default,Default,Default,Default,Default,Default,Default,Default,Default,Default,Default,Default,Default,True,Default,Default,Default,Default,Default,.NET 5.0,Default,Default,Default,Default,Default,Default,Default,Default,Default,Default,Default,Default,Default,"Job-LAXWQE(EvaluateOverhead=True, Server=True, Toolchain=.NET 5.0)",,1,Workload,Result,9,807296400,4194304,192.47,126,0,0,272
ExceptionExtensionsBenchmark.GetAllMessages,dotNetTips.Spargine.Extensions.BenchmarkTests,ExceptionExtensionsBenchmark,GetAllMessages,Job-LAXWQE,Default,True,Default,Default,Default,Default,Default,Default,Default,Default,Default,Default,Default,Default,Default,Default,Default,Default,Default,Default,Default,True,Default,Default,Default,Default,Default,.NET 5.0,Default,Default,Default,Default,Default,Default,Default,Default,Default,Default,Default,Default,Default,"Job-LAXWQE(EvaluateOverhead=True, Server=True, Toolchain=.NET 5.0)",,1,Workload,Result,10,808466300,4194304,192.75,126,0,0,272
ExceptionExtensionsBenchmark.GetAllMessages,dotNetTips.Spargine.Extensions.BenchmarkTests,ExceptionExtensionsBenchmark,GetAllMessages,Job-LAXWQE,Default,True,Default,Default,Default,Default,Default,Default,Default,Default,Default,Default,Default,Default,Default,Default,Default,Default,Default,Default,Default,True,Default,Default,Default,Default,Default,.NET 5.0,Default,Default,Default,Default,Default,Default,Default,Default,Default,Default,Default,Default,Default,"Job-LAXWQE(EvaluateOverhead=True, Server=True, Toolchain=.NET 5.0)",,1,Workload,Result,11,805526400,4194304,192.05,126,0,0,272
ExceptionExtensionsBenchmark.GetAllMessages,dotNetTips.Spargine.Extensions.BenchmarkTests,ExceptionExtensionsBenchmark,GetAllMessages,Job-LAXWQE,Default,True,Default,Default,Default,Default,Default,Default,Default,Default,Default,Default,Default,Default,Default,Default,Default,Default,Default,Default,Default,True,Default,Default,Default,Default,Default,.NET 5.0,Default,Default,Default,Default,Default,Default,Default,Default,Default,Default,Default,Default,Default,"Job-LAXWQE(EvaluateOverhead=True, Server=True, Toolchain=.NET 5.0)",,1,Workload,Result,12,807153500,4194304,192.44,126,0,0,272
ExceptionExtensionsBenchmark.GetAllMessages,dotNetTips.Spargine.Extensions.BenchmarkTests,ExceptionExtensionsBenchmark,GetAllMessages,Job-LAXWQE,Default,True,Default,Default,Default,Default,Default,Default,Default,Default,Default,Default,Default,Default,Default,Default,Default,Default,Default,Default,Default,True,Default,Default,Default,Default,Default,.NET 5.0,Default,Default,Default,Default,Default,Default,Default,Default,Default,Default,Default,Default,Default,"Job-LAXWQE(EvaluateOverhead=True, Server=True, Toolchain=.NET 5.0)",,1,Workload,Result,13,804545600,4194304,191.82,126,0,0,272
ExceptionExtensionsBenchmark.GetAllMessages,dotNetTips.Spargine.Extensions.BenchmarkTests,ExceptionExtensionsBenchmark,GetAllMessages,Job-LAXWQE,Default,True,Default,Default,Default,Default,Default,Default,Default,Default,Default,Default,Default,Default,Default,Default,Default,Default,Default,Default,Default,True,Default,Default,Default,Default,Default,.NET 5.0,Default,Default,Default,Default,Default,Default,Default,Default,Default,Default,Default,Default,Default,"Job-LAXWQE(EvaluateOverhead=True, Server=True, Toolchain=.NET 5.0)",,1,Workload,Result,14,802661200,4194304,191.37,126,0,0,272
ExceptionExtensionsBenchmark.GetAllMessages,dotNetTips.Spargine.Extensions.BenchmarkTests,ExceptionExtensionsBenchmark,GetAllMessages,Job-LAXWQE,Default,True,Default,Default,Default,Default,Default,Default,Default,Default,Default,Default,Default,Default,Default,Default,Default,Default,Default,Default,Default,True,Default,Default,Default,Default,Default,.NET 5.0,Default,Default,Default,Default,Default,Default,Default,Default,Default,Default,Default,Default,Default,"Job-LAXWQE(EvaluateOverhead=True, Server=True, Toolchain=.NET 5.0)",,1,Workload,Result,15,802973300,4194304,191.44,126,0,0,272
