Target,Target_Namespace,Target_Type,Target_Method,Job_Id,Job_AnalyzeLaunchVariance,Job_EvaluateOverhead,Job_MaxAbsoluteError,Job_MaxRelativeError,Job_MinInvokeCount,Job_MinIterationTime,Job_OutlierMode,Job_Affinity,Job_EnvironmentVariables,Job_Jit,Job_Platform,Job_PowerPlanMode,Job_Runtime,Job_AllowVeryLargeObjects,Job_Concurrent,Job_CpuGroups,Job_Force,Job_HeapAffinitizeMask,Job_HeapCount,Job_NoAffinitize,Job_RetainVm,Job_Server,Job_Arguments,Job_BuildConfiguration,Job_Clock,Job_EngineFactory,Job_NuGetReferences,Job_Toolchain,Job_IsMutator,Job_InvocationCount,Job_IterationCount,Job_IterationTime,Job_LaunchCount,Job_MaxIterationCount,Job_MaxWarmupIterationCount,Job_MemoryRandomization,Job_MinIterationCount,Job_MinWarmupIterationCount,Job_RunStrategy,Job_UnrollFactor,Job_WarmupCount,Job_Display,Params,Measurement_LaunchIndex,Measurement_IterationMode,Measurement_IterationStage,Measurement_IterationIndex,Measurement_Nanoseconds,Measurement_Operations,Measurement_Value,Gen_0,Gen_1,Gen_2,Allocated_Bytes
TypeHelperBenchmark.'Looping Collection: Normal StringBuilder',dotNetTips.Spargine.Core.BenchmarkTests,TypeHelperBenchmark,'Looping Collection: Normal StringBuilder',Job-YNYGDE,Default,True,Default,Default,Default,Default,Default,Default,Default,Default,Default,Default,Default,Default,Default,Default,Default,Default,Default,Default,Default,True,Default,Default,Default,Default,Default,.NET 5.0,Default,Default,Default,Default,Default,Default,Default,Default,Default,Default,Default,Default,Default,"Job-YNYGDE(EvaluateOverhead=True, Server=True, Toolchain=.NET 5.0)",,1,Overhead,Jitting,1,207200,1,207200,192,2,0,13208
TypeHelperBenchmark.'Looping Collection: Normal StringBuilder',dotNetTips.Spargine.Core.BenchmarkTests,TypeHelperBenchmark,'Looping Collection: Normal StringBuilder',Job-YNYGDE,Default,True,Default,Default,Default,Default,Default,Default,Default,Default,Default,Default,Default,Default,Default,Default,Default,Default,Default,Default,Default,True,Default,Default,Default,Default,Default,.NET 5.0,Default,Default,Default,Default,Default,Default,Default,Default,Default,Default,Default,Default,Default,"Job-YNYGDE(EvaluateOverhead=True, Server=True, Toolchain=.NET 5.0)",,1,Workload,Jitting,1,865500,1,865500,192,2,0,13208
TypeHelperBenchmark.'Looping Collection: Normal StringBuilder',dotNetTips.Spargine.Core.BenchmarkTests,TypeHelperBenchmark,'Looping Collection: Normal StringBuilder',Job-YNYGDE,Default,True,Default,Default,Default,Default,Default,Default,Default,Default,Default,Default,Default,Default,Default,Default,Default,Default,Default,Default,Default,True,Default,Default,Default,Default,Default,.NET 5.0,Default,Default,Default,Default,Default,Default,Default,Default,Default,Default,Default,Default,Default,"Job-YNYGDE(EvaluateOverhead=True, Server=True, Toolchain=.NET 5.0)",,1,Overhead,Jitting,2,208100,16,13006.25,192,2,0,13208
TypeHelperBenchmark.'Looping Collection: Normal StringBuilder',dotNetTips.Spargine.Core.BenchmarkTests,TypeHelperBenchmark,'Looping Collection: Normal StringBuilder',Job-YNYGDE,Default,True,Default,Default,Default,Default,Default,Default,Default,Default,Default,Default,Default,Default,Default,Default,Default,Default,Default,Default,Default,True,Default,Default,Default,Default,Default,.NET 5.0,Default,Default,Default,Default,Default,Default,Default,Default,Default,Default,Default,Default,Default,"Job-YNYGDE(EvaluateOverhead=True, Server=True, Toolchain=.NET 5.0)",,1,Workload,Jitting,2,296300,16,18518.75,192,2,0,13208
TypeHelperBenchmark.'Looping Collection: Normal StringBuilder',dotNetTips.Spargine.Core.BenchmarkTests,TypeHelperBenchmark,'Looping Collection: Normal StringBuilder',Job-YNYGDE,Default,True,Default,Default,Default,Default,Default,Default,Default,Default,Default,Default,Default,Default,Default,Default,Default,Default,Default,Default,Default,True,Default,Default,Default,Default,Default,.NET 5.0,Default,Default,Default,Default,Default,Default,Default,Default,Default,Default,Default,Default,Default,"Job-YNYGDE(EvaluateOverhead=True, Server=True, Toolchain=.NET 5.0)",,1,Workload,Pilot,1,151500,16,9468.75,192,2,0,13208
TypeHelperBenchmark.'Looping Collection: Normal StringBuilder',dotNetTips.Spargine.Core.BenchmarkTests,TypeHelperBenchmark,'Looping Collection: Normal StringBuilder',Job-YNYGDE,Default,True,Default,Default,Default,Default,Default,Default,Default,Default,Default,Default,Default,Default,Default,Default,Default,Default,Default,Default,Default,True,Default,Default,Default,Default,Default,.NET 5.0,Default,Default,Default,Default,Default,Default,Default,Default,Default,Default,Default,Default,Default,"Job-YNYGDE(EvaluateOverhead=True, Server=True, Toolchain=.NET 5.0)",,1,Workload,Pilot,2,301600,32,9425,192,2,0,13208
TypeHelperBenchmark.'Looping Collection: Normal StringBuilder',dotNetTips.Spargine.Core.BenchmarkTests,TypeHelperBenchmark,'Looping Collection: Normal StringBuilder',Job-YNYGDE,Default,True,Default,Default,Default,Default,Default,Default,Default,Default,Default,Default,Default,Default,Default,Default,Default,Default,Default,Default,Default,True,Default,Default,Default,Default,Default,.NET 5.0,Default,Default,Default,Default,Default,Default,Default,Default,Default,Default,Default,Default,Default,"Job-YNYGDE(EvaluateOverhead=True, Server=True, Toolchain=.NET 5.0)",,1,Workload,Pilot,3,603500,64,9429.69,192,2,0,13208
TypeHelperBenchmark.'Looping Collection: Normal StringBuilder',dotNetTips.Spargine.Core.BenchmarkTests,TypeHelperBenchmark,'Looping Collection: Normal StringBuilder',Job-YNYGDE,Default,True,Default,Default,Default,Default,Default,Default,Default,Default,Default,Default,Default,Default,Default,Default,Default,Default,Default,Default,Default,True,Default,Default,Default,Default,Default,.NET 5.0,Default,Default,Default,Default,Default,Default,Default,Default,Default,Default,Default,Default,Default,"Job-YNYGDE(EvaluateOverhead=True, Server=True, Toolchain=.NET 5.0)",,1,Workload,Pilot,4,1076000,128,8406.25,192,2,0,13208
TypeHelperBenchmark.'Looping Collection: Normal StringBuilder',dotNetTips.Spargine.Core.BenchmarkTests,TypeHelperBenchmark,'Looping Collection: Normal StringBuilder',Job-YNYGDE,Default,True,Default,Default,Default,Default,Default,Default,Default,Default,Default,Default,Default,Default,Default,Default,Default,Default,Default,Default,Default,True,Default,Default,Default,Default,Default,.NET 5.0,Default,Default,Default,Default,Default,Default,Default,Default,Default,Default,Default,Default,Default,"Job-YNYGDE(EvaluateOverhead=True, Server=True, Toolchain=.NET 5.0)",,1,Workload,Pilot,5,1704100,256,6656.64,192,2,0,13208
TypeHelperBenchmark.'Looping Collection: Normal StringBuilder',dotNetTips.Spargine.Core.BenchmarkTests,TypeHelperBenchmark,'Looping Collection: Normal StringBuilder',Job-YNYGDE,Default,True,Default,Default,Default,Default,Default,Default,Default,Default,Default,Default,Default,Default,Default,Default,Default,Default,Default,Default,Default,True,Default,Default,Default,Default,Default,.NET 5.0,Default,Default,Default,Default,Default,Default,Default,Default,Default,Default,Default,Default,Default,"Job-YNYGDE(EvaluateOverhead=True, Server=True, Toolchain=.NET 5.0)",,1,Workload,Pilot,6,3511000,512,6857.42,192,2,0,13208
TypeHelperBenchmark.'Looping Collection: Normal StringBuilder',dotNetTips.Spargine.Core.BenchmarkTests,TypeHelperBenchmark,'Looping Collection: Normal StringBuilder',Job-YNYGDE,Default,True,Default,Default,Default,Default,Default,Default,Default,Default,Default,Default,Default,Default,Default,Default,Default,Default,Default,Default,Default,True,Default,Default,Default,Default,Default,.NET 5.0,Default,Default,Default,Default,Default,Default,Default,Default,Default,Default,Default,Default,Default,"Job-YNYGDE(EvaluateOverhead=True, Server=True, Toolchain=.NET 5.0)",,1,Workload,Pilot,7,6590600,1024,6436.13,192,2,0,13208
TypeHelperBenchmark.'Looping Collection: Normal StringBuilder',dotNetTips.Spargine.Core.BenchmarkTests,TypeHelperBenchmark,'Looping Collection: Normal StringBuilder',Job-YNYGDE,Default,True,Default,Default,Default,Default,Default,Default,Default,Default,Default,Default,Default,Default,Default,Default,Default,Default,Default,Default,Default,True,Default,Default,Default,Default,Default,.NET 5.0,Default,Default,Default,Default,Default,Default,Default,Default,Default,Default,Default,Default,Default,"Job-YNYGDE(EvaluateOverhead=True, Server=True, Toolchain=.NET 5.0)",,1,Workload,Pilot,8,11368000,2048,5550.78,192,2,0,13208
TypeHelperBenchmark.'Looping Collection: Normal StringBuilder',dotNetTips.Spargine.Core.BenchmarkTests,TypeHelperBenchmark,'Looping Collection: Normal StringBuilder',Job-YNYGDE,Default,True,Default,Default,Default,Default,Default,Default,Default,Default,Default,Default,Default,Default,Default,Default,Default,Default,Default,Default,Default,True,Default,Default,Default,Default,Default,.NET 5.0,Default,Default,Default,Default,Default,Default,Default,Default,Default,Default,Default,Default,Default,"Job-YNYGDE(EvaluateOverhead=True, Server=True, Toolchain=.NET 5.0)",,1,Workload,Pilot,9,23276700,4096,5682.79,192,2,0,13208
TypeHelperBenchmark.'Looping Collection: Normal StringBuilder',dotNetTips.Spargine.Core.BenchmarkTests,TypeHelperBenchmark,'Looping Collection: Normal StringBuilder',Job-YNYGDE,Default,True,Default,Default,Default,Default,Default,Default,Default,Default,Default,Default,Default,Default,Default,Default,Default,Default,Default,Default,Default,True,Default,Default,Default,Default,Default,.NET 5.0,Default,Default,Default,Default,Default,Default,Default,Default,Default,Default,Default,Default,Default,"Job-YNYGDE(EvaluateOverhead=True, Server=True, Toolchain=.NET 5.0)",,1,Workload,Pilot,10,48672800,8192,5941.5,192,2,0,13208
TypeHelperBenchmark.'Looping Collection: Normal StringBuilder',dotNetTips.Spargine.Core.BenchmarkTests,TypeHelperBenchmark,'Looping Collection: Normal StringBuilder',Job-YNYGDE,Default,True,Default,Default,Default,Default,Default,Default,Default,Default,Default,Default,Default,Default,Default,Default,Default,Default,Default,Default,Default,True,Default,Default,Default,Default,Default,.NET 5.0,Default,Default,Default,Default,Default,Default,Default,Default,Default,Default,Default,Default,Default,"Job-YNYGDE(EvaluateOverhead=True, Server=True, Toolchain=.NET 5.0)",,1,Workload,Pilot,11,90514300,16384,5524.55,192,2,0,13208
TypeHelperBenchmark.'Looping Collection: Normal StringBuilder',dotNetTips.Spargine.Core.BenchmarkTests,TypeHelperBenchmark,'Looping Collection: Normal StringBuilder',Job-YNYGDE,Default,True,Default,Default,Default,Default,Default,Default,Default,Default,Default,Default,Default,Default,Default,Default,Default,Default,Default,Default,Default,True,Default,Default,Default,Default,Default,.NET 5.0,Default,Default,Default,Default,Default,Default,Default,Default,Default,Default,Default,Default,Default,"Job-YNYGDE(EvaluateOverhead=True, Server=True, Toolchain=.NET 5.0)",,1,Workload,Pilot,12,171162300,32768,5223.46,192,2,0,13208
TypeHelperBenchmark.'Looping Collection: Normal StringBuilder',dotNetTips.Spargine.Core.BenchmarkTests,TypeHelperBenchmark,'Looping Collection: Normal StringBuilder',Job-YNYGDE,Default,True,Default,Default,Default,Default,Default,Default,Default,Default,Default,Default,Default,Default,Default,Default,Default,Default,Default,Default,Default,True,Default,Default,Default,Default,Default,.NET 5.0,Default,Default,Default,Default,Default,Default,Default,Default,Default,Default,Default,Default,Default,"Job-YNYGDE(EvaluateOverhead=True, Server=True, Toolchain=.NET 5.0)",,1,Workload,Pilot,13,341864700,65536,5216.44,192,2,0,13208
TypeHelperBenchmark.'Looping Collection: Normal StringBuilder',dotNetTips.Spargine.Core.BenchmarkTests,TypeHelperBenchmark,'Looping Collection: Normal StringBuilder',Job-YNYGDE,Default,True,Default,Default,Default,Default,Default,Default,Default,Default,Default,Default,Default,Default,Default,Default,Default,Default,Default,Default,Default,True,Default,Default,Default,Default,Default,.NET 5.0,Default,Default,Default,Default,Default,Default,Default,Default,Default,Default,Default,Default,Default,"Job-YNYGDE(EvaluateOverhead=True, Server=True, Toolchain=.NET 5.0)",,1,Workload,Pilot,14,683292200,131072,5213.11,192,2,0,13208
TypeHelperBenchmark.'Looping Collection: Normal StringBuilder',dotNetTips.Spargine.Core.BenchmarkTests,TypeHelperBenchmark,'Looping Collection: Normal StringBuilder',Job-YNYGDE,Default,True,Default,Default,Default,Default,Default,Default,Default,Default,Default,Default,Default,Default,Default,Default,Default,Default,Default,Default,Default,True,Default,Default,Default,Default,Default,.NET 5.0,Default,Default,Default,Default,Default,Default,Default,Default,Default,Default,Default,Default,Default,"Job-YNYGDE(EvaluateOverhead=True, Server=True, Toolchain=.NET 5.0)",,1,Overhead,Warmup,1,289300,131072,2.21,192,2,0,13208
TypeHelperBenchmark.'Looping Collection: Normal StringBuilder',dotNetTips.Spargine.Core.BenchmarkTests,TypeHelperBenchmark,'Looping Collection: Normal StringBuilder',Job-YNYGDE,Default,True,Default,Default,Default,Default,Default,Default,Default,Default,Default,Default,Default,Default,Default,Default,Default,Default,Default,Default,Default,True,Default,Default,Default,Default,Default,.NET 5.0,Default,Default,Default,Default,Default,Default,Default,Default,Default,Default,Default,Default,Default,"Job-YNYGDE(EvaluateOverhead=True, Server=True, Toolchain=.NET 5.0)",,1,Overhead,Warmup,2,289000,131072,2.2,192,2,0,13208
TypeHelperBenchmark.'Looping Collection: Normal StringBuilder',dotNetTips.Spargine.Core.BenchmarkTests,TypeHelperBenchmark,'Looping Collection: Normal StringBuilder',Job-YNYGDE,Default,True,Default,Default,Default,Default,Default,Default,Default,Default,Default,Default,Default,Default,Default,Default,Default,Default,Default,Default,Default,True,Default,Default,Default,Default,Default,.NET 5.0,Default,Default,Default,Default,Default,Default,Default,Default,Default,Default,Default,Default,Default,"Job-YNYGDE(EvaluateOverhead=True, Server=True, Toolchain=.NET 5.0)",,1,Overhead,Warmup,3,309600,131072,2.36,192,2,0,13208
TypeHelperBenchmark.'Looping Collection: Normal StringBuilder',dotNetTips.Spargine.Core.BenchmarkTests,TypeHelperBenchmark,'Looping Collection: Normal StringBuilder',Job-YNYGDE,Default,True,Default,Default,Default,Default,Default,Default,Default,Default,Default,Default,Default,Default,Default,Default,Default,Default,Default,Default,Default,True,Default,Default,Default,Default,Default,.NET 5.0,Default,Default,Default,Default,Default,Default,Default,Default,Default,Default,Default,Default,Default,"Job-YNYGDE(EvaluateOverhead=True, Server=True, Toolchain=.NET 5.0)",,1,Overhead,Warmup,4,421800,131072,3.22,192,2,0,13208
TypeHelperBenchmark.'Looping Collection: Normal StringBuilder',dotNetTips.Spargine.Core.BenchmarkTests,TypeHelperBenchmark,'Looping Collection: Normal StringBuilder',Job-YNYGDE,Default,True,Default,Default,Default,Default,Default,Default,Default,Default,Default,Default,Default,Default,Default,Default,Default,Default,Default,Default,Default,True,Default,Default,Default,Default,Default,.NET 5.0,Default,Default,Default,Default,Default,Default,Default,Default,Default,Default,Default,Default,Default,"Job-YNYGDE(EvaluateOverhead=True, Server=True, Toolchain=.NET 5.0)",,1,Overhead,Warmup,5,292700,131072,2.23,192,2,0,13208
TypeHelperBenchmark.'Looping Collection: Normal StringBuilder',dotNetTips.Spargine.Core.BenchmarkTests,TypeHelperBenchmark,'Looping Collection: Normal StringBuilder',Job-YNYGDE,Default,True,Default,Default,Default,Default,Default,Default,Default,Default,Default,Default,Default,Default,Default,Default,Default,Default,Default,Default,Default,True,Default,Default,Default,Default,Default,.NET 5.0,Default,Default,Default,Default,Default,Default,Default,Default,Default,Default,Default,Default,Default,"Job-YNYGDE(EvaluateOverhead=True, Server=True, Toolchain=.NET 5.0)",,1,Overhead,Warmup,6,293000,131072,2.24,192,2,0,13208
TypeHelperBenchmark.'Looping Collection: Normal StringBuilder',dotNetTips.Spargine.Core.BenchmarkTests,TypeHelperBenchmark,'Looping Collection: Normal StringBuilder',Job-YNYGDE,Default,True,Default,Default,Default,Default,Default,Default,Default,Default,Default,Default,Default,Default,Default,Default,Default,Default,Default,Default,Default,True,Default,Default,Default,Default,Default,.NET 5.0,Default,Default,Default,Default,Default,Default,Default,Default,Default,Default,Default,Default,Default,"Job-YNYGDE(EvaluateOverhead=True, Server=True, Toolchain=.NET 5.0)",,1,Overhead,Warmup,7,292900,131072,2.23,192,2,0,13208
TypeHelperBenchmark.'Looping Collection: Normal StringBuilder',dotNetTips.Spargine.Core.BenchmarkTests,TypeHelperBenchmark,'Looping Collection: Normal StringBuilder',Job-YNYGDE,Default,True,Default,Default,Default,Default,Default,Default,Default,Default,Default,Default,Default,Default,Default,Default,Default,Default,Default,Default,Default,True,Default,Default,Default,Default,Default,.NET 5.0,Default,Default,Default,Default,Default,Default,Default,Default,Default,Default,Default,Default,Default,"Job-YNYGDE(EvaluateOverhead=True, Server=True, Toolchain=.NET 5.0)",,1,Overhead,Actual,1,288900,131072,2.2,192,2,0,13208
TypeHelperBenchmark.'Looping Collection: Normal StringBuilder',dotNetTips.Spargine.Core.BenchmarkTests,TypeHelperBenchmark,'Looping Collection: Normal StringBuilder',Job-YNYGDE,Default,True,Default,Default,Default,Default,Default,Default,Default,Default,Default,Default,Default,Default,Default,Default,Default,Default,Default,Default,Default,True,Default,Default,Default,Default,Default,.NET 5.0,Default,Default,Default,Default,Default,Default,Default,Default,Default,Default,Default,Default,Default,"Job-YNYGDE(EvaluateOverhead=True, Server=True, Toolchain=.NET 5.0)",,1,Overhead,Actual,2,289200,131072,2.21,192,2,0,13208
TypeHelperBenchmark.'Looping Collection: Normal StringBuilder',dotNetTips.Spargine.Core.BenchmarkTests,TypeHelperBenchmark,'Looping Collection: Normal StringBuilder',Job-YNYGDE,Default,True,Default,Default,Default,Default,Default,Default,Default,Default,Default,Default,Default,Default,Default,Default,Default,Default,Default,Default,Default,True,Default,Default,Default,Default,Default,.NET 5.0,Default,Default,Default,Default,Default,Default,Default,Default,Default,Default,Default,Default,Default,"Job-YNYGDE(EvaluateOverhead=True, Server=True, Toolchain=.NET 5.0)",,1,Overhead,Actual,3,309200,131072,2.36,192,2,0,13208
TypeHelperBenchmark.'Looping Collection: Normal StringBuilder',dotNetTips.Spargine.Core.BenchmarkTests,TypeHelperBenchmark,'Looping Collection: Normal StringBuilder',Job-YNYGDE,Default,True,Default,Default,Default,Default,Default,Default,Default,Default,Default,Default,Default,Default,Default,Default,Default,Default,Default,Default,Default,True,Default,Default,Default,Default,Default,.NET 5.0,Default,Default,Default,Default,Default,Default,Default,Default,Default,Default,Default,Default,Default,"Job-YNYGDE(EvaluateOverhead=True, Server=True, Toolchain=.NET 5.0)",,1,Overhead,Actual,4,289000,131072,2.2,192,2,0,13208
TypeHelperBenchmark.'Looping Collection: Normal StringBuilder',dotNetTips.Spargine.Core.BenchmarkTests,TypeHelperBenchmark,'Looping Collection: Normal StringBuilder',Job-YNYGDE,Default,True,Default,Default,Default,Default,Default,Default,Default,Default,Default,Default,Default,Default,Default,Default,Default,Default,Default,Default,Default,True,Default,Default,Default,Default,Default,.NET 5.0,Default,Default,Default,Default,Default,Default,Default,Default,Default,Default,Default,Default,Default,"Job-YNYGDE(EvaluateOverhead=True, Server=True, Toolchain=.NET 5.0)",,1,Overhead,Actual,5,288400,131072,2.2,192,2,0,13208
TypeHelperBenchmark.'Looping Collection: Normal StringBuilder',dotNetTips.Spargine.Core.BenchmarkTests,TypeHelperBenchmark,'Looping Collection: Normal StringBuilder',Job-YNYGDE,Default,True,Default,Default,Default,Default,Default,Default,Default,Default,Default,Default,Default,Default,Default,Default,Default,Default,Default,Default,Default,True,Default,Default,Default,Default,Default,.NET 5.0,Default,Default,Default,Default,Default,Default,Default,Default,Default,Default,Default,Default,Default,"Job-YNYGDE(EvaluateOverhead=True, Server=True, Toolchain=.NET 5.0)",,1,Overhead,Actual,6,324600,131072,2.48,192,2,0,13208
TypeHelperBenchmark.'Looping Collection: Normal StringBuilder',dotNetTips.Spargine.Core.BenchmarkTests,TypeHelperBenchmark,'Looping Collection: Normal StringBuilder',Job-YNYGDE,Default,True,Default,Default,Default,Default,Default,Default,Default,Default,Default,Default,Default,Default,Default,Default,Default,Default,Default,Default,Default,True,Default,Default,Default,Default,Default,.NET 5.0,Default,Default,Default,Default,Default,Default,Default,Default,Default,Default,Default,Default,Default,"Job-YNYGDE(EvaluateOverhead=True, Server=True, Toolchain=.NET 5.0)",,1,Overhead,Actual,7,338500,131072,2.58,192,2,0,13208
TypeHelperBenchmark.'Looping Collection: Normal StringBuilder',dotNetTips.Spargine.Core.BenchmarkTests,TypeHelperBenchmark,'Looping Collection: Normal StringBuilder',Job-YNYGDE,Default,True,Default,Default,Default,Default,Default,Default,Default,Default,Default,Default,Default,Default,Default,Default,Default,Default,Default,Default,Default,True,Default,Default,Default,Default,Default,.NET 5.0,Default,Default,Default,Default,Default,Default,Default,Default,Default,Default,Default,Default,Default,"Job-YNYGDE(EvaluateOverhead=True, Server=True, Toolchain=.NET 5.0)",,1,Overhead,Actual,8,357800,131072,2.73,192,2,0,13208
TypeHelperBenchmark.'Looping Collection: Normal StringBuilder',dotNetTips.Spargine.Core.BenchmarkTests,TypeHelperBenchmark,'Looping Collection: Normal StringBuilder',Job-YNYGDE,Default,True,Default,Default,Default,Default,Default,Default,Default,Default,Default,Default,Default,Default,Default,Default,Default,Default,Default,Default,Default,True,Default,Default,Default,Default,Default,.NET 5.0,Default,Default,Default,Default,Default,Default,Default,Default,Default,Default,Default,Default,Default,"Job-YNYGDE(EvaluateOverhead=True, Server=True, Toolchain=.NET 5.0)",,1,Overhead,Actual,9,336800,131072,2.57,192,2,0,13208
TypeHelperBenchmark.'Looping Collection: Normal StringBuilder',dotNetTips.Spargine.Core.BenchmarkTests,TypeHelperBenchmark,'Looping Collection: Normal StringBuilder',Job-YNYGDE,Default,True,Default,Default,Default,Default,Default,Default,Default,Default,Default,Default,Default,Default,Default,Default,Default,Default,Default,Default,Default,True,Default,Default,Default,Default,Default,.NET 5.0,Default,Default,Default,Default,Default,Default,Default,Default,Default,Default,Default,Default,Default,"Job-YNYGDE(EvaluateOverhead=True, Server=True, Toolchain=.NET 5.0)",,1,Overhead,Actual,10,292300,131072,2.23,192,2,0,13208
TypeHelperBenchmark.'Looping Collection: Normal StringBuilder',dotNetTips.Spargine.Core.BenchmarkTests,TypeHelperBenchmark,'Looping Collection: Normal StringBuilder',Job-YNYGDE,Default,True,Default,Default,Default,Default,Default,Default,Default,Default,Default,Default,Default,Default,Default,Default,Default,Default,Default,Default,Default,True,Default,Default,Default,Default,Default,.NET 5.0,Default,Default,Default,Default,Default,Default,Default,Default,Default,Default,Default,Default,Default,"Job-YNYGDE(EvaluateOverhead=True, Server=True, Toolchain=.NET 5.0)",,1,Overhead,Actual,11,324000,131072,2.47,192,2,0,13208
TypeHelperBenchmark.'Looping Collection: Normal StringBuilder',dotNetTips.Spargine.Core.BenchmarkTests,TypeHelperBenchmark,'Looping Collection: Normal StringBuilder',Job-YNYGDE,Default,True,Default,Default,Default,Default,Default,Default,Default,Default,Default,Default,Default,Default,Default,Default,Default,Default,Default,Default,Default,True,Default,Default,Default,Default,Default,.NET 5.0,Default,Default,Default,Default,Default,Default,Default,Default,Default,Default,Default,Default,Default,"Job-YNYGDE(EvaluateOverhead=True, Server=True, Toolchain=.NET 5.0)",,1,Overhead,Actual,12,337800,131072,2.58,192,2,0,13208
TypeHelperBenchmark.'Looping Collection: Normal StringBuilder',dotNetTips.Spargine.Core.BenchmarkTests,TypeHelperBenchmark,'Looping Collection: Normal StringBuilder',Job-YNYGDE,Default,True,Default,Default,Default,Default,Default,Default,Default,Default,Default,Default,Default,Default,Default,Default,Default,Default,Default,Default,Default,True,Default,Default,Default,Default,Default,.NET 5.0,Default,Default,Default,Default,Default,Default,Default,Default,Default,Default,Default,Default,Default,"Job-YNYGDE(EvaluateOverhead=True, Server=True, Toolchain=.NET 5.0)",,1,Overhead,Actual,13,293600,131072,2.24,192,2,0,13208
TypeHelperBenchmark.'Looping Collection: Normal StringBuilder',dotNetTips.Spargine.Core.BenchmarkTests,TypeHelperBenchmark,'Looping Collection: Normal StringBuilder',Job-YNYGDE,Default,True,Default,Default,Default,Default,Default,Default,Default,Default,Default,Default,Default,Default,Default,Default,Default,Default,Default,Default,Default,True,Default,Default,Default,Default,Default,.NET 5.0,Default,Default,Default,Default,Default,Default,Default,Default,Default,Default,Default,Default,Default,"Job-YNYGDE(EvaluateOverhead=True, Server=True, Toolchain=.NET 5.0)",,1,Overhead,Actual,14,322200,131072,2.46,192,2,0,13208
TypeHelperBenchmark.'Looping Collection: Normal StringBuilder',dotNetTips.Spargine.Core.BenchmarkTests,TypeHelperBenchmark,'Looping Collection: Normal StringBuilder',Job-YNYGDE,Default,True,Default,Default,Default,Default,Default,Default,Default,Default,Default,Default,Default,Default,Default,Default,Default,Default,Default,Default,Default,True,Default,Default,Default,Default,Default,.NET 5.0,Default,Default,Default,Default,Default,Default,Default,Default,Default,Default,Default,Default,Default,"Job-YNYGDE(EvaluateOverhead=True, Server=True, Toolchain=.NET 5.0)",,1,Overhead,Actual,15,292900,131072,2.23,192,2,0,13208
TypeHelperBenchmark.'Looping Collection: Normal StringBuilder',dotNetTips.Spargine.Core.BenchmarkTests,TypeHelperBenchmark,'Looping Collection: Normal StringBuilder',Job-YNYGDE,Default,True,Default,Default,Default,Default,Default,Default,Default,Default,Default,Default,Default,Default,Default,Default,Default,Default,Default,Default,Default,True,Default,Default,Default,Default,Default,.NET 5.0,Default,Default,Default,Default,Default,Default,Default,Default,Default,Default,Default,Default,Default,"Job-YNYGDE(EvaluateOverhead=True, Server=True, Toolchain=.NET 5.0)",,1,Overhead,Actual,16,390800,131072,2.98,192,2,0,13208
TypeHelperBenchmark.'Looping Collection: Normal StringBuilder',dotNetTips.Spargine.Core.BenchmarkTests,TypeHelperBenchmark,'Looping Collection: Normal StringBuilder',Job-YNYGDE,Default,True,Default,Default,Default,Default,Default,Default,Default,Default,Default,Default,Default,Default,Default,Default,Default,Default,Default,Default,Default,True,Default,Default,Default,Default,Default,.NET 5.0,Default,Default,Default,Default,Default,Default,Default,Default,Default,Default,Default,Default,Default,"Job-YNYGDE(EvaluateOverhead=True, Server=True, Toolchain=.NET 5.0)",,1,Overhead,Actual,17,361100,131072,2.75,192,2,0,13208
TypeHelperBenchmark.'Looping Collection: Normal StringBuilder',dotNetTips.Spargine.Core.BenchmarkTests,TypeHelperBenchmark,'Looping Collection: Normal StringBuilder',Job-YNYGDE,Default,True,Default,Default,Default,Default,Default,Default,Default,Default,Default,Default,Default,Default,Default,Default,Default,Default,Default,Default,Default,True,Default,Default,Default,Default,Default,.NET 5.0,Default,Default,Default,Default,Default,Default,Default,Default,Default,Default,Default,Default,Default,"Job-YNYGDE(EvaluateOverhead=True, Server=True, Toolchain=.NET 5.0)",,1,Overhead,Actual,18,288800,131072,2.2,192,2,0,13208
TypeHelperBenchmark.'Looping Collection: Normal StringBuilder',dotNetTips.Spargine.Core.BenchmarkTests,TypeHelperBenchmark,'Looping Collection: Normal StringBuilder',Job-YNYGDE,Default,True,Default,Default,Default,Default,Default,Default,Default,Default,Default,Default,Default,Default,Default,Default,Default,Default,Default,Default,Default,True,Default,Default,Default,Default,Default,.NET 5.0,Default,Default,Default,Default,Default,Default,Default,Default,Default,Default,Default,Default,Default,"Job-YNYGDE(EvaluateOverhead=True, Server=True, Toolchain=.NET 5.0)",,1,Overhead,Actual,19,293300,131072,2.24,192,2,0,13208
TypeHelperBenchmark.'Looping Collection: Normal StringBuilder',dotNetTips.Spargine.Core.BenchmarkTests,TypeHelperBenchmark,'Looping Collection: Normal StringBuilder',Job-YNYGDE,Default,True,Default,Default,Default,Default,Default,Default,Default,Default,Default,Default,Default,Default,Default,Default,Default,Default,Default,Default,Default,True,Default,Default,Default,Default,Default,.NET 5.0,Default,Default,Default,Default,Default,Default,Default,Default,Default,Default,Default,Default,Default,"Job-YNYGDE(EvaluateOverhead=True, Server=True, Toolchain=.NET 5.0)",,1,Overhead,Actual,20,338700,131072,2.58,192,2,0,13208
TypeHelperBenchmark.'Looping Collection: Normal StringBuilder',dotNetTips.Spargine.Core.BenchmarkTests,TypeHelperBenchmark,'Looping Collection: Normal StringBuilder',Job-YNYGDE,Default,True,Default,Default,Default,Default,Default,Default,Default,Default,Default,Default,Default,Default,Default,Default,Default,Default,Default,Default,Default,True,Default,Default,Default,Default,Default,.NET 5.0,Default,Default,Default,Default,Default,Default,Default,Default,Default,Default,Default,Default,Default,"Job-YNYGDE(EvaluateOverhead=True, Server=True, Toolchain=.NET 5.0)",,1,Workload,Warmup,1,692204700,131072,5281.1,192,2,0,13208
TypeHelperBenchmark.'Looping Collection: Normal StringBuilder',dotNetTips.Spargine.Core.BenchmarkTests,TypeHelperBenchmark,'Looping Collection: Normal StringBuilder',Job-YNYGDE,Default,True,Default,Default,Default,Default,Default,Default,Default,Default,Default,Default,Default,Default,Default,Default,Default,Default,Default,Default,Default,True,Default,Default,Default,Default,Default,.NET 5.0,Default,Default,Default,Default,Default,Default,Default,Default,Default,Default,Default,Default,Default,"Job-YNYGDE(EvaluateOverhead=True, Server=True, Toolchain=.NET 5.0)",,1,Workload,Warmup,2,681171000,131072,5196.92,192,2,0,13208
TypeHelperBenchmark.'Looping Collection: Normal StringBuilder',dotNetTips.Spargine.Core.BenchmarkTests,TypeHelperBenchmark,'Looping Collection: Normal StringBuilder',Job-YNYGDE,Default,True,Default,Default,Default,Default,Default,Default,Default,Default,Default,Default,Default,Default,Default,Default,Default,Default,Default,Default,Default,True,Default,Default,Default,Default,Default,.NET 5.0,Default,Default,Default,Default,Default,Default,Default,Default,Default,Default,Default,Default,Default,"Job-YNYGDE(EvaluateOverhead=True, Server=True, Toolchain=.NET 5.0)",,1,Workload,Warmup,3,680007300,131072,5188.04,192,2,0,13208
TypeHelperBenchmark.'Looping Collection: Normal StringBuilder',dotNetTips.Spargine.Core.BenchmarkTests,TypeHelperBenchmark,'Looping Collection: Normal StringBuilder',Job-YNYGDE,Default,True,Default,Default,Default,Default,Default,Default,Default,Default,Default,Default,Default,Default,Default,Default,Default,Default,Default,Default,Default,True,Default,Default,Default,Default,Default,.NET 5.0,Default,Default,Default,Default,Default,Default,Default,Default,Default,Default,Default,Default,Default,"Job-YNYGDE(EvaluateOverhead=True, Server=True, Toolchain=.NET 5.0)",,1,Workload,Warmup,4,683689900,131072,5216.14,192,2,0,13208
TypeHelperBenchmark.'Looping Collection: Normal StringBuilder',dotNetTips.Spargine.Core.BenchmarkTests,TypeHelperBenchmark,'Looping Collection: Normal StringBuilder',Job-YNYGDE,Default,True,Default,Default,Default,Default,Default,Default,Default,Default,Default,Default,Default,Default,Default,Default,Default,Default,Default,Default,Default,True,Default,Default,Default,Default,Default,.NET 5.0,Default,Default,Default,Default,Default,Default,Default,Default,Default,Default,Default,Default,Default,"Job-YNYGDE(EvaluateOverhead=True, Server=True, Toolchain=.NET 5.0)",,1,Workload,Warmup,5,683287100,131072,5213.07,192,2,0,13208
TypeHelperBenchmark.'Looping Collection: Normal StringBuilder',dotNetTips.Spargine.Core.BenchmarkTests,TypeHelperBenchmark,'Looping Collection: Normal StringBuilder',Job-YNYGDE,Default,True,Default,Default,Default,Default,Default,Default,Default,Default,Default,Default,Default,Default,Default,Default,Default,Default,Default,Default,Default,True,Default,Default,Default,Default,Default,.NET 5.0,Default,Default,Default,Default,Default,Default,Default,Default,Default,Default,Default,Default,Default,"Job-YNYGDE(EvaluateOverhead=True, Server=True, Toolchain=.NET 5.0)",,1,Workload,Warmup,6,683083200,131072,5211.51,192,2,0,13208
TypeHelperBenchmark.'Looping Collection: Normal StringBuilder',dotNetTips.Spargine.Core.BenchmarkTests,TypeHelperBenchmark,'Looping Collection: Normal StringBuilder',Job-YNYGDE,Default,True,Default,Default,Default,Default,Default,Default,Default,Default,Default,Default,Default,Default,Default,Default,Default,Default,Default,Default,Default,True,Default,Default,Default,Default,Default,.NET 5.0,Default,Default,Default,Default,Default,Default,Default,Default,Default,Default,Default,Default,Default,"Job-YNYGDE(EvaluateOverhead=True, Server=True, Toolchain=.NET 5.0)",,1,Workload,Warmup,7,682018000,131072,5203.38,192,2,0,13208
TypeHelperBenchmark.'Looping Collection: Normal StringBuilder',dotNetTips.Spargine.Core.BenchmarkTests,TypeHelperBenchmark,'Looping Collection: Normal StringBuilder',Job-YNYGDE,Default,True,Default,Default,Default,Default,Default,Default,Default,Default,Default,Default,Default,Default,Default,Default,Default,Default,Default,Default,Default,True,Default,Default,Default,Default,Default,.NET 5.0,Default,Default,Default,Default,Default,Default,Default,Default,Default,Default,Default,Default,Default,"Job-YNYGDE(EvaluateOverhead=True, Server=True, Toolchain=.NET 5.0)",,1,Workload,Warmup,8,681283700,131072,5197.78,192,2,0,13208
TypeHelperBenchmark.'Looping Collection: Normal StringBuilder',dotNetTips.Spargine.Core.BenchmarkTests,TypeHelperBenchmark,'Looping Collection: Normal StringBuilder',Job-YNYGDE,Default,True,Default,Default,Default,Default,Default,Default,Default,Default,Default,Default,Default,Default,Default,Default,Default,Default,Default,Default,Default,True,Default,Default,Default,Default,Default,.NET 5.0,Default,Default,Default,Default,Default,Default,Default,Default,Default,Default,Default,Default,Default,"Job-YNYGDE(EvaluateOverhead=True, Server=True, Toolchain=.NET 5.0)",,1,Workload,Warmup,9,681130400,131072,5196.61,192,2,0,13208
TypeHelperBenchmark.'Looping Collection: Normal StringBuilder',dotNetTips.Spargine.Core.BenchmarkTests,TypeHelperBenchmark,'Looping Collection: Normal StringBuilder',Job-YNYGDE,Default,True,Default,Default,Default,Default,Default,Default,Default,Default,Default,Default,Default,Default,Default,Default,Default,Default,Default,Default,Default,True,Default,Default,Default,Default,Default,.NET 5.0,Default,Default,Default,Default,Default,Default,Default,Default,Default,Default,Default,Default,Default,"Job-YNYGDE(EvaluateOverhead=True, Server=True, Toolchain=.NET 5.0)",,1,Workload,Warmup,10,694865300,131072,5301.4,192,2,0,13208
TypeHelperBenchmark.'Looping Collection: Normal StringBuilder',dotNetTips.Spargine.Core.BenchmarkTests,TypeHelperBenchmark,'Looping Collection: Normal StringBuilder',Job-YNYGDE,Default,True,Default,Default,Default,Default,Default,Default,Default,Default,Default,Default,Default,Default,Default,Default,Default,Default,Default,Default,Default,True,Default,Default,Default,Default,Default,.NET 5.0,Default,Default,Default,Default,Default,Default,Default,Default,Default,Default,Default,Default,Default,"Job-YNYGDE(EvaluateOverhead=True, Server=True, Toolchain=.NET 5.0)",,1,Workload,Warmup,11,684863100,131072,5225.09,192,2,0,13208
TypeHelperBenchmark.'Looping Collection: Normal StringBuilder',dotNetTips.Spargine.Core.BenchmarkTests,TypeHelperBenchmark,'Looping Collection: Normal StringBuilder',Job-YNYGDE,Default,True,Default,Default,Default,Default,Default,Default,Default,Default,Default,Default,Default,Default,Default,Default,Default,Default,Default,Default,Default,True,Default,Default,Default,Default,Default,.NET 5.0,Default,Default,Default,Default,Default,Default,Default,Default,Default,Default,Default,Default,Default,"Job-YNYGDE(EvaluateOverhead=True, Server=True, Toolchain=.NET 5.0)",,1,Workload,Actual,1,674490500,131072,5145.95,192,2,0,13208
TypeHelperBenchmark.'Looping Collection: Normal StringBuilder',dotNetTips.Spargine.Core.BenchmarkTests,TypeHelperBenchmark,'Looping Collection: Normal StringBuilder',Job-YNYGDE,Default,True,Default,Default,Default,Default,Default,Default,Default,Default,Default,Default,Default,Default,Default,Default,Default,Default,Default,Default,Default,True,Default,Default,Default,Default,Default,.NET 5.0,Default,Default,Default,Default,Default,Default,Default,Default,Default,Default,Default,Default,Default,"Job-YNYGDE(EvaluateOverhead=True, Server=True, Toolchain=.NET 5.0)",,1,Workload,Actual,2,667690800,131072,5094.08,192,2,0,13208
TypeHelperBenchmark.'Looping Collection: Normal StringBuilder',dotNetTips.Spargine.Core.BenchmarkTests,TypeHelperBenchmark,'Looping Collection: Normal StringBuilder',Job-YNYGDE,Default,True,Default,Default,Default,Default,Default,Default,Default,Default,Default,Default,Default,Default,Default,Default,Default,Default,Default,Default,Default,True,Default,Default,Default,Default,Default,.NET 5.0,Default,Default,Default,Default,Default,Default,Default,Default,Default,Default,Default,Default,Default,"Job-YNYGDE(EvaluateOverhead=True, Server=True, Toolchain=.NET 5.0)",,1,Workload,Actual,3,669317200,131072,5106.48,192,2,0,13208
TypeHelperBenchmark.'Looping Collection: Normal StringBuilder',dotNetTips.Spargine.Core.BenchmarkTests,TypeHelperBenchmark,'Looping Collection: Normal StringBuilder',Job-YNYGDE,Default,True,Default,Default,Default,Default,Default,Default,Default,Default,Default,Default,Default,Default,Default,Default,Default,Default,Default,Default,Default,True,Default,Default,Default,Default,Default,.NET 5.0,Default,Default,Default,Default,Default,Default,Default,Default,Default,Default,Default,Default,Default,"Job-YNYGDE(EvaluateOverhead=True, Server=True, Toolchain=.NET 5.0)",,1,Workload,Actual,4,667512800,131072,5092.72,192,2,0,13208
TypeHelperBenchmark.'Looping Collection: Normal StringBuilder',dotNetTips.Spargine.Core.BenchmarkTests,TypeHelperBenchmark,'Looping Collection: Normal StringBuilder',Job-YNYGDE,Default,True,Default,Default,Default,Default,Default,Default,Default,Default,Default,Default,Default,Default,Default,Default,Default,Default,Default,Default,Default,True,Default,Default,Default,Default,Default,.NET 5.0,Default,Default,Default,Default,Default,Default,Default,Default,Default,Default,Default,Default,Default,"Job-YNYGDE(EvaluateOverhead=True, Server=True, Toolchain=.NET 5.0)",,1,Workload,Actual,5,667269100,131072,5090.86,192,2,0,13208
TypeHelperBenchmark.'Looping Collection: Normal StringBuilder',dotNetTips.Spargine.Core.BenchmarkTests,TypeHelperBenchmark,'Looping Collection: Normal StringBuilder',Job-YNYGDE,Default,True,Default,Default,Default,Default,Default,Default,Default,Default,Default,Default,Default,Default,Default,Default,Default,Default,Default,Default,Default,True,Default,Default,Default,Default,Default,.NET 5.0,Default,Default,Default,Default,Default,Default,Default,Default,Default,Default,Default,Default,Default,"Job-YNYGDE(EvaluateOverhead=True, Server=True, Toolchain=.NET 5.0)",,1,Workload,Actual,6,666420700,131072,5084.39,192,2,0,13208
TypeHelperBenchmark.'Looping Collection: Normal StringBuilder',dotNetTips.Spargine.Core.BenchmarkTests,TypeHelperBenchmark,'Looping Collection: Normal StringBuilder',Job-YNYGDE,Default,True,Default,Default,Default,Default,Default,Default,Default,Default,Default,Default,Default,Default,Default,Default,Default,Default,Default,Default,Default,True,Default,Default,Default,Default,Default,.NET 5.0,Default,Default,Default,Default,Default,Default,Default,Default,Default,Default,Default,Default,Default,"Job-YNYGDE(EvaluateOverhead=True, Server=True, Toolchain=.NET 5.0)",,1,Workload,Actual,7,667154400,131072,5089.98,192,2,0,13208
TypeHelperBenchmark.'Looping Collection: Normal StringBuilder',dotNetTips.Spargine.Core.BenchmarkTests,TypeHelperBenchmark,'Looping Collection: Normal StringBuilder',Job-YNYGDE,Default,True,Default,Default,Default,Default,Default,Default,Default,Default,Default,Default,Default,Default,Default,Default,Default,Default,Default,Default,Default,True,Default,Default,Default,Default,Default,.NET 5.0,Default,Default,Default,Default,Default,Default,Default,Default,Default,Default,Default,Default,Default,"Job-YNYGDE(EvaluateOverhead=True, Server=True, Toolchain=.NET 5.0)",,1,Workload,Actual,8,665980700,131072,5081.03,192,2,0,13208
TypeHelperBenchmark.'Looping Collection: Normal StringBuilder',dotNetTips.Spargine.Core.BenchmarkTests,TypeHelperBenchmark,'Looping Collection: Normal StringBuilder',Job-YNYGDE,Default,True,Default,Default,Default,Default,Default,Default,Default,Default,Default,Default,Default,Default,Default,Default,Default,Default,Default,Default,Default,True,Default,Default,Default,Default,Default,.NET 5.0,Default,Default,Default,Default,Default,Default,Default,Default,Default,Default,Default,Default,Default,"Job-YNYGDE(EvaluateOverhead=True, Server=True, Toolchain=.NET 5.0)",,1,Workload,Actual,9,666154200,131072,5082.35,192,2,0,13208
TypeHelperBenchmark.'Looping Collection: Normal StringBuilder',dotNetTips.Spargine.Core.BenchmarkTests,TypeHelperBenchmark,'Looping Collection: Normal StringBuilder',Job-YNYGDE,Default,True,Default,Default,Default,Default,Default,Default,Default,Default,Default,Default,Default,Default,Default,Default,Default,Default,Default,Default,Default,True,Default,Default,Default,Default,Default,.NET 5.0,Default,Default,Default,Default,Default,Default,Default,Default,Default,Default,Default,Default,Default,"Job-YNYGDE(EvaluateOverhead=True, Server=True, Toolchain=.NET 5.0)",,1,Workload,Actual,10,665441000,131072,5076.91,192,2,0,13208
TypeHelperBenchmark.'Looping Collection: Normal StringBuilder',dotNetTips.Spargine.Core.BenchmarkTests,TypeHelperBenchmark,'Looping Collection: Normal StringBuilder',Job-YNYGDE,Default,True,Default,Default,Default,Default,Default,Default,Default,Default,Default,Default,Default,Default,Default,Default,Default,Default,Default,Default,Default,True,Default,Default,Default,Default,Default,.NET 5.0,Default,Default,Default,Default,Default,Default,Default,Default,Default,Default,Default,Default,Default,"Job-YNYGDE(EvaluateOverhead=True, Server=True, Toolchain=.NET 5.0)",,1,Workload,Actual,11,669683500,131072,5109.28,192,2,0,13208
TypeHelperBenchmark.'Looping Collection: Normal StringBuilder',dotNetTips.Spargine.Core.BenchmarkTests,TypeHelperBenchmark,'Looping Collection: Normal StringBuilder',Job-YNYGDE,Default,True,Default,Default,Default,Default,Default,Default,Default,Default,Default,Default,Default,Default,Default,Default,Default,Default,Default,Default,Default,True,Default,Default,Default,Default,Default,.NET 5.0,Default,Default,Default,Default,Default,Default,Default,Default,Default,Default,Default,Default,Default,"Job-YNYGDE(EvaluateOverhead=True, Server=True, Toolchain=.NET 5.0)",,1,Workload,Actual,12,667923500,131072,5095.85,192,2,0,13208
TypeHelperBenchmark.'Looping Collection: Normal StringBuilder',dotNetTips.Spargine.Core.BenchmarkTests,TypeHelperBenchmark,'Looping Collection: Normal StringBuilder',Job-YNYGDE,Default,True,Default,Default,Default,Default,Default,Default,Default,Default,Default,Default,Default,Default,Default,Default,Default,Default,Default,Default,Default,True,Default,Default,Default,Default,Default,.NET 5.0,Default,Default,Default,Default,Default,Default,Default,Default,Default,Default,Default,Default,Default,"Job-YNYGDE(EvaluateOverhead=True, Server=True, Toolchain=.NET 5.0)",,1,Workload,Actual,13,672904200,131072,5133.85,192,2,0,13208
TypeHelperBenchmark.'Looping Collection: Normal StringBuilder',dotNetTips.Spargine.Core.BenchmarkTests,TypeHelperBenchmark,'Looping Collection: Normal StringBuilder',Job-YNYGDE,Default,True,Default,Default,Default,Default,Default,Default,Default,Default,Default,Default,Default,Default,Default,Default,Default,Default,Default,Default,Default,True,Default,Default,Default,Default,Default,.NET 5.0,Default,Default,Default,Default,Default,Default,Default,Default,Default,Default,Default,Default,Default,"Job-YNYGDE(EvaluateOverhead=True, Server=True, Toolchain=.NET 5.0)",,1,Workload,Actual,14,701568800,131072,5352.55,192,2,0,13208
TypeHelperBenchmark.'Looping Collection: Normal StringBuilder',dotNetTips.Spargine.Core.BenchmarkTests,TypeHelperBenchmark,'Looping Collection: Normal StringBuilder',Job-YNYGDE,Default,True,Default,Default,Default,Default,Default,Default,Default,Default,Default,Default,Default,Default,Default,Default,Default,Default,Default,Default,Default,True,Default,Default,Default,Default,Default,.NET 5.0,Default,Default,Default,Default,Default,Default,Default,Default,Default,Default,Default,Default,Default,"Job-YNYGDE(EvaluateOverhead=True, Server=True, Toolchain=.NET 5.0)",,1,Workload,Actual,15,703200800,131072,5365,192,2,0,13208
TypeHelperBenchmark.'Looping Collection: Normal StringBuilder',dotNetTips.Spargine.Core.BenchmarkTests,TypeHelperBenchmark,'Looping Collection: Normal StringBuilder',Job-YNYGDE,Default,True,Default,Default,Default,Default,Default,Default,Default,Default,Default,Default,Default,Default,Default,Default,Default,Default,Default,Default,Default,True,Default,Default,Default,Default,Default,.NET 5.0,Default,Default,Default,Default,Default,Default,Default,Default,Default,Default,Default,Default,Default,"Job-YNYGDE(EvaluateOverhead=True, Server=True, Toolchain=.NET 5.0)",,1,Workload,Result,1,674174800,131072,5143.55,192,2,0,13208
TypeHelperBenchmark.'Looping Collection: Normal StringBuilder',dotNetTips.Spargine.Core.BenchmarkTests,TypeHelperBenchmark,'Looping Collection: Normal StringBuilder',Job-YNYGDE,Default,True,Default,Default,Default,Default,Default,Default,Default,Default,Default,Default,Default,Default,Default,Default,Default,Default,Default,Default,Default,True,Default,Default,Default,Default,Default,.NET 5.0,Default,Default,Default,Default,Default,Default,Default,Default,Default,Default,Default,Default,Default,"Job-YNYGDE(EvaluateOverhead=True, Server=True, Toolchain=.NET 5.0)",,1,Workload,Result,2,667375100,131072,5091.67,192,2,0,13208
TypeHelperBenchmark.'Looping Collection: Normal StringBuilder',dotNetTips.Spargine.Core.BenchmarkTests,TypeHelperBenchmark,'Looping Collection: Normal StringBuilder',Job-YNYGDE,Default,True,Default,Default,Default,Default,Default,Default,Default,Default,Default,Default,Default,Default,Default,Default,Default,Default,Default,Default,Default,True,Default,Default,Default,Default,Default,.NET 5.0,Default,Default,Default,Default,Default,Default,Default,Default,Default,Default,Default,Default,Default,"Job-YNYGDE(EvaluateOverhead=True, Server=True, Toolchain=.NET 5.0)",,1,Workload,Result,3,669001500,131072,5104.08,192,2,0,13208
TypeHelperBenchmark.'Looping Collection: Normal StringBuilder',dotNetTips.Spargine.Core.BenchmarkTests,TypeHelperBenchmark,'Looping Collection: Normal StringBuilder',Job-YNYGDE,Default,True,Default,Default,Default,Default,Default,Default,Default,Default,Default,Default,Default,Default,Default,Default,Default,Default,Default,Default,Default,True,Default,Default,Default,Default,Default,.NET 5.0,Default,Default,Default,Default,Default,Default,Default,Default,Default,Default,Default,Default,Default,"Job-YNYGDE(EvaluateOverhead=True, Server=True, Toolchain=.NET 5.0)",,1,Workload,Result,4,667197100,131072,5090.31,192,2,0,13208
TypeHelperBenchmark.'Looping Collection: Normal StringBuilder',dotNetTips.Spargine.Core.BenchmarkTests,TypeHelperBenchmark,'Looping Collection: Normal StringBuilder',Job-YNYGDE,Default,True,Default,Default,Default,Default,Default,Default,Default,Default,Default,Default,Default,Default,Default,Default,Default,Default,Default,Default,Default,True,Default,Default,Default,Default,Default,.NET 5.0,Default,Default,Default,Default,Default,Default,Default,Default,Default,Default,Default,Default,Default,"Job-YNYGDE(EvaluateOverhead=True, Server=True, Toolchain=.NET 5.0)",,1,Workload,Result,5,666953400,131072,5088.45,192,2,0,13208
TypeHelperBenchmark.'Looping Collection: Normal StringBuilder',dotNetTips.Spargine.Core.BenchmarkTests,TypeHelperBenchmark,'Looping Collection: Normal StringBuilder',Job-YNYGDE,Default,True,Default,Default,Default,Default,Default,Default,Default,Default,Default,Default,Default,Default,Default,Default,Default,Default,Default,Default,Default,True,Default,Default,Default,Default,Default,.NET 5.0,Default,Default,Default,Default,Default,Default,Default,Default,Default,Default,Default,Default,Default,"Job-YNYGDE(EvaluateOverhead=True, Server=True, Toolchain=.NET 5.0)",,1,Workload,Result,6,666105000,131072,5081.98,192,2,0,13208
TypeHelperBenchmark.'Looping Collection: Normal StringBuilder',dotNetTips.Spargine.Core.BenchmarkTests,TypeHelperBenchmark,'Looping Collection: Normal StringBuilder',Job-YNYGDE,Default,True,Default,Default,Default,Default,Default,Default,Default,Default,Default,Default,Default,Default,Default,Default,Default,Default,Default,Default,Default,True,Default,Default,Default,Default,Default,.NET 5.0,Default,Default,Default,Default,Default,Default,Default,Default,Default,Default,Default,Default,Default,"Job-YNYGDE(EvaluateOverhead=True, Server=True, Toolchain=.NET 5.0)",,1,Workload,Result,7,666838700,131072,5087.58,192,2,0,13208
TypeHelperBenchmark.'Looping Collection: Normal StringBuilder',dotNetTips.Spargine.Core.BenchmarkTests,TypeHelperBenchmark,'Looping Collection: Normal StringBuilder',Job-YNYGDE,Default,True,Default,Default,Default,Default,Default,Default,Default,Default,Default,Default,Default,Default,Default,Default,Default,Default,Default,Default,Default,True,Default,Default,Default,Default,Default,.NET 5.0,Default,Default,Default,Default,Default,Default,Default,Default,Default,Default,Default,Default,Default,"Job-YNYGDE(EvaluateOverhead=True, Server=True, Toolchain=.NET 5.0)",,1,Workload,Result,8,665665000,131072,5078.62,192,2,0,13208
TypeHelperBenchmark.'Looping Collection: Normal StringBuilder',dotNetTips.Spargine.Core.BenchmarkTests,TypeHelperBenchmark,'Looping Collection: Normal StringBuilder',Job-YNYGDE,Default,True,Default,Default,Default,Default,Default,Default,Default,Default,Default,Default,Default,Default,Default,Default,Default,Default,Default,Default,Default,True,Default,Default,Default,Default,Default,.NET 5.0,Default,Default,Default,Default,Default,Default,Default,Default,Default,Default,Default,Default,Default,"Job-YNYGDE(EvaluateOverhead=True, Server=True, Toolchain=.NET 5.0)",,1,Workload,Result,9,665838500,131072,5079.94,192,2,0,13208
TypeHelperBenchmark.'Looping Collection: Normal StringBuilder',dotNetTips.Spargine.Core.BenchmarkTests,TypeHelperBenchmark,'Looping Collection: Normal StringBuilder',Job-YNYGDE,Default,True,Default,Default,Default,Default,Default,Default,Default,Default,Default,Default,Default,Default,Default,Default,Default,Default,Default,Default,Default,True,Default,Default,Default,Default,Default,.NET 5.0,Default,Default,Default,Default,Default,Default,Default,Default,Default,Default,Default,Default,Default,"Job-YNYGDE(EvaluateOverhead=True, Server=True, Toolchain=.NET 5.0)",,1,Workload,Result,10,665125300,131072,5074.5,192,2,0,13208
TypeHelperBenchmark.'Looping Collection: Normal StringBuilder',dotNetTips.Spargine.Core.BenchmarkTests,TypeHelperBenchmark,'Looping Collection: Normal StringBuilder',Job-YNYGDE,Default,True,Default,Default,Default,Default,Default,Default,Default,Default,Default,Default,Default,Default,Default,Default,Default,Default,Default,Default,Default,True,Default,Default,Default,Default,Default,.NET 5.0,Default,Default,Default,Default,Default,Default,Default,Default,Default,Default,Default,Default,Default,"Job-YNYGDE(EvaluateOverhead=True, Server=True, Toolchain=.NET 5.0)",,1,Workload,Result,11,669367800,131072,5106.87,192,2,0,13208
TypeHelperBenchmark.'Looping Collection: Normal StringBuilder',dotNetTips.Spargine.Core.BenchmarkTests,TypeHelperBenchmark,'Looping Collection: Normal StringBuilder',Job-YNYGDE,Default,True,Default,Default,Default,Default,Default,Default,Default,Default,Default,Default,Default,Default,Default,Default,Default,Default,Default,Default,Default,True,Default,Default,Default,Default,Default,.NET 5.0,Default,Default,Default,Default,Default,Default,Default,Default,Default,Default,Default,Default,Default,"Job-YNYGDE(EvaluateOverhead=True, Server=True, Toolchain=.NET 5.0)",,1,Workload,Result,12,667607800,131072,5093.44,192,2,0,13208
TypeHelperBenchmark.'Looping Collection: Normal StringBuilder',dotNetTips.Spargine.Core.BenchmarkTests,TypeHelperBenchmark,'Looping Collection: Normal StringBuilder',Job-YNYGDE,Default,True,Default,Default,Default,Default,Default,Default,Default,Default,Default,Default,Default,Default,Default,Default,Default,Default,Default,Default,Default,True,Default,Default,Default,Default,Default,.NET 5.0,Default,Default,Default,Default,Default,Default,Default,Default,Default,Default,Default,Default,Default,"Job-YNYGDE(EvaluateOverhead=True, Server=True, Toolchain=.NET 5.0)",,1,Workload,Result,13,672588500,131072,5131.44,192,2,0,13208
TypeHelperBenchmark.GetPropertyValues,dotNetTips.Spargine.Core.BenchmarkTests,TypeHelperBenchmark,GetPropertyValues,Job-YNYGDE,Default,True,Default,Default,Default,Default,Default,Default,Default,Default,Default,Default,Default,Default,Default,Default,Default,Default,Default,Default,Default,True,Default,Default,Default,Default,Default,.NET 5.0,Default,Default,Default,Default,Default,Default,Default,Default,Default,Default,Default,Default,Default,"Job-YNYGDE(EvaluateOverhead=True, Server=True, Toolchain=.NET 5.0)",,1,Overhead,Jitting,1,228000,1,228000,22,0,0,6345
TypeHelperBenchmark.GetPropertyValues,dotNetTips.Spargine.Core.BenchmarkTests,TypeHelperBenchmark,GetPropertyValues,Job-YNYGDE,Default,True,Default,Default,Default,Default,Default,Default,Default,Default,Default,Default,Default,Default,Default,Default,Default,Default,Default,Default,Default,True,Default,Default,Default,Default,Default,.NET 5.0,Default,Default,Default,Default,Default,Default,Default,Default,Default,Default,Default,Default,Default,"Job-YNYGDE(EvaluateOverhead=True, Server=True, Toolchain=.NET 5.0)",,1,Workload,Jitting,1,7433600,1,7433600,22,0,0,6345
TypeHelperBenchmark.GetPropertyValues,dotNetTips.Spargine.Core.BenchmarkTests,TypeHelperBenchmark,GetPropertyValues,Job-YNYGDE,Default,True,Default,Default,Default,Default,Default,Default,Default,Default,Default,Default,Default,Default,Default,Default,Default,Default,Default,Default,Default,True,Default,Default,Default,Default,Default,.NET 5.0,Default,Default,Default,Default,Default,Default,Default,Default,Default,Default,Default,Default,Default,"Job-YNYGDE(EvaluateOverhead=True, Server=True, Toolchain=.NET 5.0)",,1,Overhead,Jitting,2,248500,16,15531.25,22,0,0,6345
TypeHelperBenchmark.GetPropertyValues,dotNetTips.Spargine.Core.BenchmarkTests,TypeHelperBenchmark,GetPropertyValues,Job-YNYGDE,Default,True,Default,Default,Default,Default,Default,Default,Default,Default,Default,Default,Default,Default,Default,Default,Default,Default,Default,Default,Default,True,Default,Default,Default,Default,Default,.NET 5.0,Default,Default,Default,Default,Default,Default,Default,Default,Default,Default,Default,Default,Default,"Job-YNYGDE(EvaluateOverhead=True, Server=True, Toolchain=.NET 5.0)",,1,Workload,Jitting,2,1509000,16,94312.5,22,0,0,6345
TypeHelperBenchmark.GetPropertyValues,dotNetTips.Spargine.Core.BenchmarkTests,TypeHelperBenchmark,GetPropertyValues,Job-YNYGDE,Default,True,Default,Default,Default,Default,Default,Default,Default,Default,Default,Default,Default,Default,Default,Default,Default,Default,Default,Default,Default,True,Default,Default,Default,Default,Default,.NET 5.0,Default,Default,Default,Default,Default,Default,Default,Default,Default,Default,Default,Default,Default,"Job-YNYGDE(EvaluateOverhead=True, Server=True, Toolchain=.NET 5.0)",,1,Workload,Pilot,1,552600,16,34537.5,22,0,0,6345
TypeHelperBenchmark.GetPropertyValues,dotNetTips.Spargine.Core.BenchmarkTests,TypeHelperBenchmark,GetPropertyValues,Job-YNYGDE,Default,True,Default,Default,Default,Default,Default,Default,Default,Default,Default,Default,Default,Default,Default,Default,Default,Default,Default,Default,Default,True,Default,Default,Default,Default,Default,.NET 5.0,Default,Default,Default,Default,Default,Default,Default,Default,Default,Default,Default,Default,Default,"Job-YNYGDE(EvaluateOverhead=True, Server=True, Toolchain=.NET 5.0)",,1,Workload,Pilot,2,1054200,32,32943.75,22,0,0,6345
TypeHelperBenchmark.GetPropertyValues,dotNetTips.Spargine.Core.BenchmarkTests,TypeHelperBenchmark,GetPropertyValues,Job-YNYGDE,Default,True,Default,Default,Default,Default,Default,Default,Default,Default,Default,Default,Default,Default,Default,Default,Default,Default,Default,Default,Default,True,Default,Default,Default,Default,Default,.NET 5.0,Default,Default,Default,Default,Default,Default,Default,Default,Default,Default,Default,Default,Default,"Job-YNYGDE(EvaluateOverhead=True, Server=True, Toolchain=.NET 5.0)",,1,Workload,Pilot,3,1707800,64,26684.38,22,0,0,6345
TypeHelperBenchmark.GetPropertyValues,dotNetTips.Spargine.Core.BenchmarkTests,TypeHelperBenchmark,GetPropertyValues,Job-YNYGDE,Default,True,Default,Default,Default,Default,Default,Default,Default,Default,Default,Default,Default,Default,Default,Default,Default,Default,Default,Default,Default,True,Default,Default,Default,Default,Default,.NET 5.0,Default,Default,Default,Default,Default,Default,Default,Default,Default,Default,Default,Default,Default,"Job-YNYGDE(EvaluateOverhead=True, Server=True, Toolchain=.NET 5.0)",,1,Workload,Pilot,4,3333800,128,26045.31,22,0,0,6345
TypeHelperBenchmark.GetPropertyValues,dotNetTips.Spargine.Core.BenchmarkTests,TypeHelperBenchmark,GetPropertyValues,Job-YNYGDE,Default,True,Default,Default,Default,Default,Default,Default,Default,Default,Default,Default,Default,Default,Default,Default,Default,Default,Default,Default,Default,True,Default,Default,Default,Default,Default,.NET 5.0,Default,Default,Default,Default,Default,Default,Default,Default,Default,Default,Default,Default,Default,"Job-YNYGDE(EvaluateOverhead=True, Server=True, Toolchain=.NET 5.0)",,1,Workload,Pilot,5,7300600,256,28517.97,22,0,0,6345
TypeHelperBenchmark.GetPropertyValues,dotNetTips.Spargine.Core.BenchmarkTests,TypeHelperBenchmark,GetPropertyValues,Job-YNYGDE,Default,True,Default,Default,Default,Default,Default,Default,Default,Default,Default,Default,Default,Default,Default,Default,Default,Default,Default,Default,Default,True,Default,Default,Default,Default,Default,.NET 5.0,Default,Default,Default,Default,Default,Default,Default,Default,Default,Default,Default,Default,Default,"Job-YNYGDE(EvaluateOverhead=True, Server=True, Toolchain=.NET 5.0)",,1,Workload,Pilot,6,12359500,512,24139.65,22,0,0,6345
TypeHelperBenchmark.GetPropertyValues,dotNetTips.Spargine.Core.BenchmarkTests,TypeHelperBenchmark,GetPropertyValues,Job-YNYGDE,Default,True,Default,Default,Default,Default,Default,Default,Default,Default,Default,Default,Default,Default,Default,Default,Default,Default,Default,Default,Default,True,Default,Default,Default,Default,Default,.NET 5.0,Default,Default,Default,Default,Default,Default,Default,Default,Default,Default,Default,Default,Default,"Job-YNYGDE(EvaluateOverhead=True, Server=True, Toolchain=.NET 5.0)",,1,Workload,Pilot,7,26085200,1024,25473.83,22,0,0,6345
TypeHelperBenchmark.GetPropertyValues,dotNetTips.Spargine.Core.BenchmarkTests,TypeHelperBenchmark,GetPropertyValues,Job-YNYGDE,Default,True,Default,Default,Default,Default,Default,Default,Default,Default,Default,Default,Default,Default,Default,Default,Default,Default,Default,Default,Default,True,Default,Default,Default,Default,Default,.NET 5.0,Default,Default,Default,Default,Default,Default,Default,Default,Default,Default,Default,Default,Default,"Job-YNYGDE(EvaluateOverhead=True, Server=True, Toolchain=.NET 5.0)",,1,Workload,Pilot,8,52509300,2048,25639.31,22,0,0,6345
TypeHelperBenchmark.GetPropertyValues,dotNetTips.Spargine.Core.BenchmarkTests,TypeHelperBenchmark,GetPropertyValues,Job-YNYGDE,Default,True,Default,Default,Default,Default,Default,Default,Default,Default,Default,Default,Default,Default,Default,Default,Default,Default,Default,Default,Default,True,Default,Default,Default,Default,Default,.NET 5.0,Default,Default,Default,Default,Default,Default,Default,Default,Default,Default,Default,Default,Default,"Job-YNYGDE(EvaluateOverhead=True, Server=True, Toolchain=.NET 5.0)",,1,Workload,Pilot,9,95728900,4096,23371.31,22,0,0,6345
TypeHelperBenchmark.GetPropertyValues,dotNetTips.Spargine.Core.BenchmarkTests,TypeHelperBenchmark,GetPropertyValues,Job-YNYGDE,Default,True,Default,Default,Default,Default,Default,Default,Default,Default,Default,Default,Default,Default,Default,Default,Default,Default,Default,Default,Default,True,Default,Default,Default,Default,Default,.NET 5.0,Default,Default,Default,Default,Default,Default,Default,Default,Default,Default,Default,Default,Default,"Job-YNYGDE(EvaluateOverhead=True, Server=True, Toolchain=.NET 5.0)",,1,Workload,Pilot,10,151848000,8192,18536.13,22,0,0,6345
TypeHelperBenchmark.GetPropertyValues,dotNetTips.Spargine.Core.BenchmarkTests,TypeHelperBenchmark,GetPropertyValues,Job-YNYGDE,Default,True,Default,Default,Default,Default,Default,Default,Default,Default,Default,Default,Default,Default,Default,Default,Default,Default,Default,Default,Default,True,Default,Default,Default,Default,Default,.NET 5.0,Default,Default,Default,Default,Default,Default,Default,Default,Default,Default,Default,Default,Default,"Job-YNYGDE(EvaluateOverhead=True, Server=True, Toolchain=.NET 5.0)",,1,Workload,Pilot,11,273484000,16384,16692.14,22,0,0,6345
TypeHelperBenchmark.GetPropertyValues,dotNetTips.Spargine.Core.BenchmarkTests,TypeHelperBenchmark,GetPropertyValues,Job-YNYGDE,Default,True,Default,Default,Default,Default,Default,Default,Default,Default,Default,Default,Default,Default,Default,Default,Default,Default,Default,Default,Default,True,Default,Default,Default,Default,Default,.NET 5.0,Default,Default,Default,Default,Default,Default,Default,Default,Default,Default,Default,Default,Default,"Job-YNYGDE(EvaluateOverhead=True, Server=True, Toolchain=.NET 5.0)",,1,Workload,Pilot,12,533668900,32768,16286.28,22,0,0,6345
TypeHelperBenchmark.GetPropertyValues,dotNetTips.Spargine.Core.BenchmarkTests,TypeHelperBenchmark,GetPropertyValues,Job-YNYGDE,Default,True,Default,Default,Default,Default,Default,Default,Default,Default,Default,Default,Default,Default,Default,Default,Default,Default,Default,Default,Default,True,Default,Default,Default,Default,Default,.NET 5.0,Default,Default,Default,Default,Default,Default,Default,Default,Default,Default,Default,Default,Default,"Job-YNYGDE(EvaluateOverhead=True, Server=True, Toolchain=.NET 5.0)",,1,Overhead,Warmup,1,75700,32768,2.31,22,0,0,6345
TypeHelperBenchmark.GetPropertyValues,dotNetTips.Spargine.Core.BenchmarkTests,TypeHelperBenchmark,GetPropertyValues,Job-YNYGDE,Default,True,Default,Default,Default,Default,Default,Default,Default,Default,Default,Default,Default,Default,Default,Default,Default,Default,Default,Default,Default,True,Default,Default,Default,Default,Default,.NET 5.0,Default,Default,Default,Default,Default,Default,Default,Default,Default,Default,Default,Default,Default,"Job-YNYGDE(EvaluateOverhead=True, Server=True, Toolchain=.NET 5.0)",,1,Overhead,Warmup,2,75500,32768,2.3,22,0,0,6345
TypeHelperBenchmark.GetPropertyValues,dotNetTips.Spargine.Core.BenchmarkTests,TypeHelperBenchmark,GetPropertyValues,Job-YNYGDE,Default,True,Default,Default,Default,Default,Default,Default,Default,Default,Default,Default,Default,Default,Default,Default,Default,Default,Default,Default,Default,True,Default,Default,Default,Default,Default,.NET 5.0,Default,Default,Default,Default,Default,Default,Default,Default,Default,Default,Default,Default,Default,"Job-YNYGDE(EvaluateOverhead=True, Server=True, Toolchain=.NET 5.0)",,1,Overhead,Warmup,3,82100,32768,2.51,22,0,0,6345
TypeHelperBenchmark.GetPropertyValues,dotNetTips.Spargine.Core.BenchmarkTests,TypeHelperBenchmark,GetPropertyValues,Job-YNYGDE,Default,True,Default,Default,Default,Default,Default,Default,Default,Default,Default,Default,Default,Default,Default,Default,Default,Default,Default,Default,Default,True,Default,Default,Default,Default,Default,.NET 5.0,Default,Default,Default,Default,Default,Default,Default,Default,Default,Default,Default,Default,Default,"Job-YNYGDE(EvaluateOverhead=True, Server=True, Toolchain=.NET 5.0)",,1,Overhead,Warmup,4,68300,32768,2.08,22,0,0,6345
TypeHelperBenchmark.GetPropertyValues,dotNetTips.Spargine.Core.BenchmarkTests,TypeHelperBenchmark,GetPropertyValues,Job-YNYGDE,Default,True,Default,Default,Default,Default,Default,Default,Default,Default,Default,Default,Default,Default,Default,Default,Default,Default,Default,Default,Default,True,Default,Default,Default,Default,Default,.NET 5.0,Default,Default,Default,Default,Default,Default,Default,Default,Default,Default,Default,Default,Default,"Job-YNYGDE(EvaluateOverhead=True, Server=True, Toolchain=.NET 5.0)",,1,Overhead,Warmup,5,95800,32768,2.92,22,0,0,6345
TypeHelperBenchmark.GetPropertyValues,dotNetTips.Spargine.Core.BenchmarkTests,TypeHelperBenchmark,GetPropertyValues,Job-YNYGDE,Default,True,Default,Default,Default,Default,Default,Default,Default,Default,Default,Default,Default,Default,Default,Default,Default,Default,Default,Default,Default,True,Default,Default,Default,Default,Default,.NET 5.0,Default,Default,Default,Default,Default,Default,Default,Default,Default,Default,Default,Default,Default,"Job-YNYGDE(EvaluateOverhead=True, Server=True, Toolchain=.NET 5.0)",,1,Overhead,Warmup,6,64000,32768,1.95,22,0,0,6345
TypeHelperBenchmark.GetPropertyValues,dotNetTips.Spargine.Core.BenchmarkTests,TypeHelperBenchmark,GetPropertyValues,Job-YNYGDE,Default,True,Default,Default,Default,Default,Default,Default,Default,Default,Default,Default,Default,Default,Default,Default,Default,Default,Default,Default,Default,True,Default,Default,Default,Default,Default,.NET 5.0,Default,Default,Default,Default,Default,Default,Default,Default,Default,Default,Default,Default,Default,"Job-YNYGDE(EvaluateOverhead=True, Server=True, Toolchain=.NET 5.0)",,1,Overhead,Actual,1,64900,32768,1.98,22,0,0,6345
TypeHelperBenchmark.GetPropertyValues,dotNetTips.Spargine.Core.BenchmarkTests,TypeHelperBenchmark,GetPropertyValues,Job-YNYGDE,Default,True,Default,Default,Default,Default,Default,Default,Default,Default,Default,Default,Default,Default,Default,Default,Default,Default,Default,Default,Default,True,Default,Default,Default,Default,Default,.NET 5.0,Default,Default,Default,Default,Default,Default,Default,Default,Default,Default,Default,Default,Default,"Job-YNYGDE(EvaluateOverhead=True, Server=True, Toolchain=.NET 5.0)",,1,Overhead,Actual,2,64400,32768,1.97,22,0,0,6345
TypeHelperBenchmark.GetPropertyValues,dotNetTips.Spargine.Core.BenchmarkTests,TypeHelperBenchmark,GetPropertyValues,Job-YNYGDE,Default,True,Default,Default,Default,Default,Default,Default,Default,Default,Default,Default,Default,Default,Default,Default,Default,Default,Default,Default,Default,True,Default,Default,Default,Default,Default,.NET 5.0,Default,Default,Default,Default,Default,Default,Default,Default,Default,Default,Default,Default,Default,"Job-YNYGDE(EvaluateOverhead=True, Server=True, Toolchain=.NET 5.0)",,1,Overhead,Actual,3,64300,32768,1.96,22,0,0,6345
TypeHelperBenchmark.GetPropertyValues,dotNetTips.Spargine.Core.BenchmarkTests,TypeHelperBenchmark,GetPropertyValues,Job-YNYGDE,Default,True,Default,Default,Default,Default,Default,Default,Default,Default,Default,Default,Default,Default,Default,Default,Default,Default,Default,Default,Default,True,Default,Default,Default,Default,Default,.NET 5.0,Default,Default,Default,Default,Default,Default,Default,Default,Default,Default,Default,Default,Default,"Job-YNYGDE(EvaluateOverhead=True, Server=True, Toolchain=.NET 5.0)",,1,Overhead,Actual,4,63800,32768,1.95,22,0,0,6345
TypeHelperBenchmark.GetPropertyValues,dotNetTips.Spargine.Core.BenchmarkTests,TypeHelperBenchmark,GetPropertyValues,Job-YNYGDE,Default,True,Default,Default,Default,Default,Default,Default,Default,Default,Default,Default,Default,Default,Default,Default,Default,Default,Default,Default,Default,True,Default,Default,Default,Default,Default,.NET 5.0,Default,Default,Default,Default,Default,Default,Default,Default,Default,Default,Default,Default,Default,"Job-YNYGDE(EvaluateOverhead=True, Server=True, Toolchain=.NET 5.0)",,1,Overhead,Actual,5,64300,32768,1.96,22,0,0,6345
TypeHelperBenchmark.GetPropertyValues,dotNetTips.Spargine.Core.BenchmarkTests,TypeHelperBenchmark,GetPropertyValues,Job-YNYGDE,Default,True,Default,Default,Default,Default,Default,Default,Default,Default,Default,Default,Default,Default,Default,Default,Default,Default,Default,Default,Default,True,Default,Default,Default,Default,Default,.NET 5.0,Default,Default,Default,Default,Default,Default,Default,Default,Default,Default,Default,Default,Default,"Job-YNYGDE(EvaluateOverhead=True, Server=True, Toolchain=.NET 5.0)",,1,Overhead,Actual,6,68300,32768,2.08,22,0,0,6345
TypeHelperBenchmark.GetPropertyValues,dotNetTips.Spargine.Core.BenchmarkTests,TypeHelperBenchmark,GetPropertyValues,Job-YNYGDE,Default,True,Default,Default,Default,Default,Default,Default,Default,Default,Default,Default,Default,Default,Default,Default,Default,Default,Default,Default,Default,True,Default,Default,Default,Default,Default,.NET 5.0,Default,Default,Default,Default,Default,Default,Default,Default,Default,Default,Default,Default,Default,"Job-YNYGDE(EvaluateOverhead=True, Server=True, Toolchain=.NET 5.0)",,1,Overhead,Actual,7,90200,32768,2.75,22,0,0,6345
TypeHelperBenchmark.GetPropertyValues,dotNetTips.Spargine.Core.BenchmarkTests,TypeHelperBenchmark,GetPropertyValues,Job-YNYGDE,Default,True,Default,Default,Default,Default,Default,Default,Default,Default,Default,Default,Default,Default,Default,Default,Default,Default,Default,Default,Default,True,Default,Default,Default,Default,Default,.NET 5.0,Default,Default,Default,Default,Default,Default,Default,Default,Default,Default,Default,Default,Default,"Job-YNYGDE(EvaluateOverhead=True, Server=True, Toolchain=.NET 5.0)",,1,Overhead,Actual,8,68500,32768,2.09,22,0,0,6345
TypeHelperBenchmark.GetPropertyValues,dotNetTips.Spargine.Core.BenchmarkTests,TypeHelperBenchmark,GetPropertyValues,Job-YNYGDE,Default,True,Default,Default,Default,Default,Default,Default,Default,Default,Default,Default,Default,Default,Default,Default,Default,Default,Default,Default,Default,True,Default,Default,Default,Default,Default,.NET 5.0,Default,Default,Default,Default,Default,Default,Default,Default,Default,Default,Default,Default,Default,"Job-YNYGDE(EvaluateOverhead=True, Server=True, Toolchain=.NET 5.0)",,1,Overhead,Actual,9,95900,32768,2.93,22,0,0,6345
TypeHelperBenchmark.GetPropertyValues,dotNetTips.Spargine.Core.BenchmarkTests,TypeHelperBenchmark,GetPropertyValues,Job-YNYGDE,Default,True,Default,Default,Default,Default,Default,Default,Default,Default,Default,Default,Default,Default,Default,Default,Default,Default,Default,Default,Default,True,Default,Default,Default,Default,Default,.NET 5.0,Default,Default,Default,Default,Default,Default,Default,Default,Default,Default,Default,Default,Default,"Job-YNYGDE(EvaluateOverhead=True, Server=True, Toolchain=.NET 5.0)",,1,Overhead,Actual,10,66900,32768,2.04,22,0,0,6345
TypeHelperBenchmark.GetPropertyValues,dotNetTips.Spargine.Core.BenchmarkTests,TypeHelperBenchmark,GetPropertyValues,Job-YNYGDE,Default,True,Default,Default,Default,Default,Default,Default,Default,Default,Default,Default,Default,Default,Default,Default,Default,Default,Default,Default,Default,True,Default,Default,Default,Default,Default,.NET 5.0,Default,Default,Default,Default,Default,Default,Default,Default,Default,Default,Default,Default,Default,"Job-YNYGDE(EvaluateOverhead=True, Server=True, Toolchain=.NET 5.0)",,1,Overhead,Actual,11,64400,32768,1.97,22,0,0,6345
TypeHelperBenchmark.GetPropertyValues,dotNetTips.Spargine.Core.BenchmarkTests,TypeHelperBenchmark,GetPropertyValues,Job-YNYGDE,Default,True,Default,Default,Default,Default,Default,Default,Default,Default,Default,Default,Default,Default,Default,Default,Default,Default,Default,Default,Default,True,Default,Default,Default,Default,Default,.NET 5.0,Default,Default,Default,Default,Default,Default,Default,Default,Default,Default,Default,Default,Default,"Job-YNYGDE(EvaluateOverhead=True, Server=True, Toolchain=.NET 5.0)",,1,Overhead,Actual,12,64100,32768,1.96,22,0,0,6345
TypeHelperBenchmark.GetPropertyValues,dotNetTips.Spargine.Core.BenchmarkTests,TypeHelperBenchmark,GetPropertyValues,Job-YNYGDE,Default,True,Default,Default,Default,Default,Default,Default,Default,Default,Default,Default,Default,Default,Default,Default,Default,Default,Default,Default,Default,True,Default,Default,Default,Default,Default,.NET 5.0,Default,Default,Default,Default,Default,Default,Default,Default,Default,Default,Default,Default,Default,"Job-YNYGDE(EvaluateOverhead=True, Server=True, Toolchain=.NET 5.0)",,1,Overhead,Actual,13,95100,32768,2.9,22,0,0,6345
TypeHelperBenchmark.GetPropertyValues,dotNetTips.Spargine.Core.BenchmarkTests,TypeHelperBenchmark,GetPropertyValues,Job-YNYGDE,Default,True,Default,Default,Default,Default,Default,Default,Default,Default,Default,Default,Default,Default,Default,Default,Default,Default,Default,Default,Default,True,Default,Default,Default,Default,Default,.NET 5.0,Default,Default,Default,Default,Default,Default,Default,Default,Default,Default,Default,Default,Default,"Job-YNYGDE(EvaluateOverhead=True, Server=True, Toolchain=.NET 5.0)",,1,Overhead,Actual,14,68900,32768,2.1,22,0,0,6345
TypeHelperBenchmark.GetPropertyValues,dotNetTips.Spargine.Core.BenchmarkTests,TypeHelperBenchmark,GetPropertyValues,Job-YNYGDE,Default,True,Default,Default,Default,Default,Default,Default,Default,Default,Default,Default,Default,Default,Default,Default,Default,Default,Default,Default,Default,True,Default,Default,Default,Default,Default,.NET 5.0,Default,Default,Default,Default,Default,Default,Default,Default,Default,Default,Default,Default,Default,"Job-YNYGDE(EvaluateOverhead=True, Server=True, Toolchain=.NET 5.0)",,1,Overhead,Actual,15,64200,32768,1.96,22,0,0,6345
TypeHelperBenchmark.GetPropertyValues,dotNetTips.Spargine.Core.BenchmarkTests,TypeHelperBenchmark,GetPropertyValues,Job-YNYGDE,Default,True,Default,Default,Default,Default,Default,Default,Default,Default,Default,Default,Default,Default,Default,Default,Default,Default,Default,Default,Default,True,Default,Default,Default,Default,Default,.NET 5.0,Default,Default,Default,Default,Default,Default,Default,Default,Default,Default,Default,Default,Default,"Job-YNYGDE(EvaluateOverhead=True, Server=True, Toolchain=.NET 5.0)",,1,Workload,Warmup,1,554683100,32768,16927.58,22,0,0,6345
TypeHelperBenchmark.GetPropertyValues,dotNetTips.Spargine.Core.BenchmarkTests,TypeHelperBenchmark,GetPropertyValues,Job-YNYGDE,Default,True,Default,Default,Default,Default,Default,Default,Default,Default,Default,Default,Default,Default,Default,Default,Default,Default,Default,Default,Default,True,Default,Default,Default,Default,Default,.NET 5.0,Default,Default,Default,Default,Default,Default,Default,Default,Default,Default,Default,Default,Default,"Job-YNYGDE(EvaluateOverhead=True, Server=True, Toolchain=.NET 5.0)",,1,Workload,Warmup,2,535395300,32768,16338.97,22,0,0,6345
TypeHelperBenchmark.GetPropertyValues,dotNetTips.Spargine.Core.BenchmarkTests,TypeHelperBenchmark,GetPropertyValues,Job-YNYGDE,Default,True,Default,Default,Default,Default,Default,Default,Default,Default,Default,Default,Default,Default,Default,Default,Default,Default,Default,Default,Default,True,Default,Default,Default,Default,Default,.NET 5.0,Default,Default,Default,Default,Default,Default,Default,Default,Default,Default,Default,Default,Default,"Job-YNYGDE(EvaluateOverhead=True, Server=True, Toolchain=.NET 5.0)",,1,Workload,Warmup,3,535857000,32768,16353.06,22,0,0,6345
TypeHelperBenchmark.GetPropertyValues,dotNetTips.Spargine.Core.BenchmarkTests,TypeHelperBenchmark,GetPropertyValues,Job-YNYGDE,Default,True,Default,Default,Default,Default,Default,Default,Default,Default,Default,Default,Default,Default,Default,Default,Default,Default,Default,Default,Default,True,Default,Default,Default,Default,Default,.NET 5.0,Default,Default,Default,Default,Default,Default,Default,Default,Default,Default,Default,Default,Default,"Job-YNYGDE(EvaluateOverhead=True, Server=True, Toolchain=.NET 5.0)",,1,Workload,Warmup,4,535789200,32768,16350.99,22,0,0,6345
TypeHelperBenchmark.GetPropertyValues,dotNetTips.Spargine.Core.BenchmarkTests,TypeHelperBenchmark,GetPropertyValues,Job-YNYGDE,Default,True,Default,Default,Default,Default,Default,Default,Default,Default,Default,Default,Default,Default,Default,Default,Default,Default,Default,Default,Default,True,Default,Default,Default,Default,Default,.NET 5.0,Default,Default,Default,Default,Default,Default,Default,Default,Default,Default,Default,Default,Default,"Job-YNYGDE(EvaluateOverhead=True, Server=True, Toolchain=.NET 5.0)",,1,Workload,Warmup,5,533880600,32768,16292.74,22,0,0,6345
TypeHelperBenchmark.GetPropertyValues,dotNetTips.Spargine.Core.BenchmarkTests,TypeHelperBenchmark,GetPropertyValues,Job-YNYGDE,Default,True,Default,Default,Default,Default,Default,Default,Default,Default,Default,Default,Default,Default,Default,Default,Default,Default,Default,Default,Default,True,Default,Default,Default,Default,Default,.NET 5.0,Default,Default,Default,Default,Default,Default,Default,Default,Default,Default,Default,Default,Default,"Job-YNYGDE(EvaluateOverhead=True, Server=True, Toolchain=.NET 5.0)",,1,Workload,Warmup,6,543363300,32768,16582.13,22,0,0,6345
TypeHelperBenchmark.GetPropertyValues,dotNetTips.Spargine.Core.BenchmarkTests,TypeHelperBenchmark,GetPropertyValues,Job-YNYGDE,Default,True,Default,Default,Default,Default,Default,Default,Default,Default,Default,Default,Default,Default,Default,Default,Default,Default,Default,Default,Default,True,Default,Default,Default,Default,Default,.NET 5.0,Default,Default,Default,Default,Default,Default,Default,Default,Default,Default,Default,Default,Default,"Job-YNYGDE(EvaluateOverhead=True, Server=True, Toolchain=.NET 5.0)",,1,Workload,Warmup,7,525742100,32768,16044.38,22,0,0,6345
TypeHelperBenchmark.GetPropertyValues,dotNetTips.Spargine.Core.BenchmarkTests,TypeHelperBenchmark,GetPropertyValues,Job-YNYGDE,Default,True,Default,Default,Default,Default,Default,Default,Default,Default,Default,Default,Default,Default,Default,Default,Default,Default,Default,Default,Default,True,Default,Default,Default,Default,Default,.NET 5.0,Default,Default,Default,Default,Default,Default,Default,Default,Default,Default,Default,Default,Default,"Job-YNYGDE(EvaluateOverhead=True, Server=True, Toolchain=.NET 5.0)",,1,Workload,Actual,1,533177900,32768,16271.3,22,0,0,6345
TypeHelperBenchmark.GetPropertyValues,dotNetTips.Spargine.Core.BenchmarkTests,TypeHelperBenchmark,GetPropertyValues,Job-YNYGDE,Default,True,Default,Default,Default,Default,Default,Default,Default,Default,Default,Default,Default,Default,Default,Default,Default,Default,Default,Default,Default,True,Default,Default,Default,Default,Default,.NET 5.0,Default,Default,Default,Default,Default,Default,Default,Default,Default,Default,Default,Default,Default,"Job-YNYGDE(EvaluateOverhead=True, Server=True, Toolchain=.NET 5.0)",,1,Workload,Actual,2,531803600,32768,16229.36,22,0,0,6345
TypeHelperBenchmark.GetPropertyValues,dotNetTips.Spargine.Core.BenchmarkTests,TypeHelperBenchmark,GetPropertyValues,Job-YNYGDE,Default,True,Default,Default,Default,Default,Default,Default,Default,Default,Default,Default,Default,Default,Default,Default,Default,Default,Default,Default,Default,True,Default,Default,Default,Default,Default,.NET 5.0,Default,Default,Default,Default,Default,Default,Default,Default,Default,Default,Default,Default,Default,"Job-YNYGDE(EvaluateOverhead=True, Server=True, Toolchain=.NET 5.0)",,1,Workload,Actual,3,534251200,32768,16304.05,22,0,0,6345
TypeHelperBenchmark.GetPropertyValues,dotNetTips.Spargine.Core.BenchmarkTests,TypeHelperBenchmark,GetPropertyValues,Job-YNYGDE,Default,True,Default,Default,Default,Default,Default,Default,Default,Default,Default,Default,Default,Default,Default,Default,Default,Default,Default,Default,Default,True,Default,Default,Default,Default,Default,.NET 5.0,Default,Default,Default,Default,Default,Default,Default,Default,Default,Default,Default,Default,Default,"Job-YNYGDE(EvaluateOverhead=True, Server=True, Toolchain=.NET 5.0)",,1,Workload,Actual,4,534630600,32768,16315.63,22,0,0,6345
TypeHelperBenchmark.GetPropertyValues,dotNetTips.Spargine.Core.BenchmarkTests,TypeHelperBenchmark,GetPropertyValues,Job-YNYGDE,Default,True,Default,Default,Default,Default,Default,Default,Default,Default,Default,Default,Default,Default,Default,Default,Default,Default,Default,Default,Default,True,Default,Default,Default,Default,Default,.NET 5.0,Default,Default,Default,Default,Default,Default,Default,Default,Default,Default,Default,Default,Default,"Job-YNYGDE(EvaluateOverhead=True, Server=True, Toolchain=.NET 5.0)",,1,Workload,Actual,5,531142100,32768,16209.17,22,0,0,6345
TypeHelperBenchmark.GetPropertyValues,dotNetTips.Spargine.Core.BenchmarkTests,TypeHelperBenchmark,GetPropertyValues,Job-YNYGDE,Default,True,Default,Default,Default,Default,Default,Default,Default,Default,Default,Default,Default,Default,Default,Default,Default,Default,Default,Default,Default,True,Default,Default,Default,Default,Default,.NET 5.0,Default,Default,Default,Default,Default,Default,Default,Default,Default,Default,Default,Default,Default,"Job-YNYGDE(EvaluateOverhead=True, Server=True, Toolchain=.NET 5.0)",,1,Workload,Actual,6,534358600,32768,16307.33,22,0,0,6345
TypeHelperBenchmark.GetPropertyValues,dotNetTips.Spargine.Core.BenchmarkTests,TypeHelperBenchmark,GetPropertyValues,Job-YNYGDE,Default,True,Default,Default,Default,Default,Default,Default,Default,Default,Default,Default,Default,Default,Default,Default,Default,Default,Default,Default,Default,True,Default,Default,Default,Default,Default,.NET 5.0,Default,Default,Default,Default,Default,Default,Default,Default,Default,Default,Default,Default,Default,"Job-YNYGDE(EvaluateOverhead=True, Server=True, Toolchain=.NET 5.0)",,1,Workload,Actual,7,536948900,32768,16386.38,22,0,0,6345
TypeHelperBenchmark.GetPropertyValues,dotNetTips.Spargine.Core.BenchmarkTests,TypeHelperBenchmark,GetPropertyValues,Job-YNYGDE,Default,True,Default,Default,Default,Default,Default,Default,Default,Default,Default,Default,Default,Default,Default,Default,Default,Default,Default,Default,Default,True,Default,Default,Default,Default,Default,.NET 5.0,Default,Default,Default,Default,Default,Default,Default,Default,Default,Default,Default,Default,Default,"Job-YNYGDE(EvaluateOverhead=True, Server=True, Toolchain=.NET 5.0)",,1,Workload,Actual,8,534733800,32768,16318.78,22,0,0,6345
TypeHelperBenchmark.GetPropertyValues,dotNetTips.Spargine.Core.BenchmarkTests,TypeHelperBenchmark,GetPropertyValues,Job-YNYGDE,Default,True,Default,Default,Default,Default,Default,Default,Default,Default,Default,Default,Default,Default,Default,Default,Default,Default,Default,Default,Default,True,Default,Default,Default,Default,Default,.NET 5.0,Default,Default,Default,Default,Default,Default,Default,Default,Default,Default,Default,Default,Default,"Job-YNYGDE(EvaluateOverhead=True, Server=True, Toolchain=.NET 5.0)",,1,Workload,Actual,9,534275900,32768,16304.81,22,0,0,6345
TypeHelperBenchmark.GetPropertyValues,dotNetTips.Spargine.Core.BenchmarkTests,TypeHelperBenchmark,GetPropertyValues,Job-YNYGDE,Default,True,Default,Default,Default,Default,Default,Default,Default,Default,Default,Default,Default,Default,Default,Default,Default,Default,Default,Default,Default,True,Default,Default,Default,Default,Default,.NET 5.0,Default,Default,Default,Default,Default,Default,Default,Default,Default,Default,Default,Default,Default,"Job-YNYGDE(EvaluateOverhead=True, Server=True, Toolchain=.NET 5.0)",,1,Workload,Actual,10,533734100,32768,16288.27,22,0,0,6345
TypeHelperBenchmark.GetPropertyValues,dotNetTips.Spargine.Core.BenchmarkTests,TypeHelperBenchmark,GetPropertyValues,Job-YNYGDE,Default,True,Default,Default,Default,Default,Default,Default,Default,Default,Default,Default,Default,Default,Default,Default,Default,Default,Default,Default,Default,True,Default,Default,Default,Default,Default,.NET 5.0,Default,Default,Default,Default,Default,Default,Default,Default,Default,Default,Default,Default,Default,"Job-YNYGDE(EvaluateOverhead=True, Server=True, Toolchain=.NET 5.0)",,1,Workload,Actual,11,534375300,32768,16307.84,22,0,0,6345
TypeHelperBenchmark.GetPropertyValues,dotNetTips.Spargine.Core.BenchmarkTests,TypeHelperBenchmark,GetPropertyValues,Job-YNYGDE,Default,True,Default,Default,Default,Default,Default,Default,Default,Default,Default,Default,Default,Default,Default,Default,Default,Default,Default,Default,Default,True,Default,Default,Default,Default,Default,.NET 5.0,Default,Default,Default,Default,Default,Default,Default,Default,Default,Default,Default,Default,Default,"Job-YNYGDE(EvaluateOverhead=True, Server=True, Toolchain=.NET 5.0)",,1,Workload,Actual,12,540710500,32768,16501.17,22,0,0,6345
TypeHelperBenchmark.GetPropertyValues,dotNetTips.Spargine.Core.BenchmarkTests,TypeHelperBenchmark,GetPropertyValues,Job-YNYGDE,Default,True,Default,Default,Default,Default,Default,Default,Default,Default,Default,Default,Default,Default,Default,Default,Default,Default,Default,Default,Default,True,Default,Default,Default,Default,Default,.NET 5.0,Default,Default,Default,Default,Default,Default,Default,Default,Default,Default,Default,Default,Default,"Job-YNYGDE(EvaluateOverhead=True, Server=True, Toolchain=.NET 5.0)",,1,Workload,Actual,13,529487400,32768,16158.67,22,0,0,6345
TypeHelperBenchmark.GetPropertyValues,dotNetTips.Spargine.Core.BenchmarkTests,TypeHelperBenchmark,GetPropertyValues,Job-YNYGDE,Default,True,Default,Default,Default,Default,Default,Default,Default,Default,Default,Default,Default,Default,Default,Default,Default,Default,Default,Default,Default,True,Default,Default,Default,Default,Default,.NET 5.0,Default,Default,Default,Default,Default,Default,Default,Default,Default,Default,Default,Default,Default,"Job-YNYGDE(EvaluateOverhead=True, Server=True, Toolchain=.NET 5.0)",,1,Workload,Actual,14,538970200,32768,16448.07,22,0,0,6345
TypeHelperBenchmark.GetPropertyValues,dotNetTips.Spargine.Core.BenchmarkTests,TypeHelperBenchmark,GetPropertyValues,Job-YNYGDE,Default,True,Default,Default,Default,Default,Default,Default,Default,Default,Default,Default,Default,Default,Default,Default,Default,Default,Default,Default,Default,True,Default,Default,Default,Default,Default,.NET 5.0,Default,Default,Default,Default,Default,Default,Default,Default,Default,Default,Default,Default,Default,"Job-YNYGDE(EvaluateOverhead=True, Server=True, Toolchain=.NET 5.0)",,1,Workload,Actual,15,546180600,32768,16668.11,22,0,0,6345
TypeHelperBenchmark.GetPropertyValues,dotNetTips.Spargine.Core.BenchmarkTests,TypeHelperBenchmark,GetPropertyValues,Job-YNYGDE,Default,True,Default,Default,Default,Default,Default,Default,Default,Default,Default,Default,Default,Default,Default,Default,Default,Default,Default,Default,Default,True,Default,Default,Default,Default,Default,.NET 5.0,Default,Default,Default,Default,Default,Default,Default,Default,Default,Default,Default,Default,Default,"Job-YNYGDE(EvaluateOverhead=True, Server=True, Toolchain=.NET 5.0)",,1,Workload,Result,1,533113000,32768,16269.32,22,0,0,6345
TypeHelperBenchmark.GetPropertyValues,dotNetTips.Spargine.Core.BenchmarkTests,TypeHelperBenchmark,GetPropertyValues,Job-YNYGDE,Default,True,Default,Default,Default,Default,Default,Default,Default,Default,Default,Default,Default,Default,Default,Default,Default,Default,Default,Default,Default,True,Default,Default,Default,Default,Default,.NET 5.0,Default,Default,Default,Default,Default,Default,Default,Default,Default,Default,Default,Default,Default,"Job-YNYGDE(EvaluateOverhead=True, Server=True, Toolchain=.NET 5.0)",,1,Workload,Result,2,531738700,32768,16227.38,22,0,0,6345
TypeHelperBenchmark.GetPropertyValues,dotNetTips.Spargine.Core.BenchmarkTests,TypeHelperBenchmark,GetPropertyValues,Job-YNYGDE,Default,True,Default,Default,Default,Default,Default,Default,Default,Default,Default,Default,Default,Default,Default,Default,Default,Default,Default,Default,Default,True,Default,Default,Default,Default,Default,.NET 5.0,Default,Default,Default,Default,Default,Default,Default,Default,Default,Default,Default,Default,Default,"Job-YNYGDE(EvaluateOverhead=True, Server=True, Toolchain=.NET 5.0)",,1,Workload,Result,3,534186300,32768,16302.07,22,0,0,6345
TypeHelperBenchmark.GetPropertyValues,dotNetTips.Spargine.Core.BenchmarkTests,TypeHelperBenchmark,GetPropertyValues,Job-YNYGDE,Default,True,Default,Default,Default,Default,Default,Default,Default,Default,Default,Default,Default,Default,Default,Default,Default,Default,Default,Default,Default,True,Default,Default,Default,Default,Default,.NET 5.0,Default,Default,Default,Default,Default,Default,Default,Default,Default,Default,Default,Default,Default,"Job-YNYGDE(EvaluateOverhead=True, Server=True, Toolchain=.NET 5.0)",,1,Workload,Result,4,534565700,32768,16313.65,22,0,0,6345
TypeHelperBenchmark.GetPropertyValues,dotNetTips.Spargine.Core.BenchmarkTests,TypeHelperBenchmark,GetPropertyValues,Job-YNYGDE,Default,True,Default,Default,Default,Default,Default,Default,Default,Default,Default,Default,Default,Default,Default,Default,Default,Default,Default,Default,Default,True,Default,Default,Default,Default,Default,.NET 5.0,Default,Default,Default,Default,Default,Default,Default,Default,Default,Default,Default,Default,Default,"Job-YNYGDE(EvaluateOverhead=True, Server=True, Toolchain=.NET 5.0)",,1,Workload,Result,5,531077200,32768,16207.19,22,0,0,6345
TypeHelperBenchmark.GetPropertyValues,dotNetTips.Spargine.Core.BenchmarkTests,TypeHelperBenchmark,GetPropertyValues,Job-YNYGDE,Default,True,Default,Default,Default,Default,Default,Default,Default,Default,Default,Default,Default,Default,Default,Default,Default,Default,Default,Default,Default,True,Default,Default,Default,Default,Default,.NET 5.0,Default,Default,Default,Default,Default,Default,Default,Default,Default,Default,Default,Default,Default,"Job-YNYGDE(EvaluateOverhead=True, Server=True, Toolchain=.NET 5.0)",,1,Workload,Result,6,534293700,32768,16305.35,22,0,0,6345
TypeHelperBenchmark.GetPropertyValues,dotNetTips.Spargine.Core.BenchmarkTests,TypeHelperBenchmark,GetPropertyValues,Job-YNYGDE,Default,True,Default,Default,Default,Default,Default,Default,Default,Default,Default,Default,Default,Default,Default,Default,Default,Default,Default,Default,Default,True,Default,Default,Default,Default,Default,.NET 5.0,Default,Default,Default,Default,Default,Default,Default,Default,Default,Default,Default,Default,Default,"Job-YNYGDE(EvaluateOverhead=True, Server=True, Toolchain=.NET 5.0)",,1,Workload,Result,7,536884000,32768,16384.4,22,0,0,6345
TypeHelperBenchmark.GetPropertyValues,dotNetTips.Spargine.Core.BenchmarkTests,TypeHelperBenchmark,GetPropertyValues,Job-YNYGDE,Default,True,Default,Default,Default,Default,Default,Default,Default,Default,Default,Default,Default,Default,Default,Default,Default,Default,Default,Default,Default,True,Default,Default,Default,Default,Default,.NET 5.0,Default,Default,Default,Default,Default,Default,Default,Default,Default,Default,Default,Default,Default,"Job-YNYGDE(EvaluateOverhead=True, Server=True, Toolchain=.NET 5.0)",,1,Workload,Result,8,534668900,32768,16316.8,22,0,0,6345
TypeHelperBenchmark.GetPropertyValues,dotNetTips.Spargine.Core.BenchmarkTests,TypeHelperBenchmark,GetPropertyValues,Job-YNYGDE,Default,True,Default,Default,Default,Default,Default,Default,Default,Default,Default,Default,Default,Default,Default,Default,Default,Default,Default,Default,Default,True,Default,Default,Default,Default,Default,.NET 5.0,Default,Default,Default,Default,Default,Default,Default,Default,Default,Default,Default,Default,Default,"Job-YNYGDE(EvaluateOverhead=True, Server=True, Toolchain=.NET 5.0)",,1,Workload,Result,9,534211000,32768,16302.83,22,0,0,6345
TypeHelperBenchmark.GetPropertyValues,dotNetTips.Spargine.Core.BenchmarkTests,TypeHelperBenchmark,GetPropertyValues,Job-YNYGDE,Default,True,Default,Default,Default,Default,Default,Default,Default,Default,Default,Default,Default,Default,Default,Default,Default,Default,Default,Default,Default,True,Default,Default,Default,Default,Default,.NET 5.0,Default,Default,Default,Default,Default,Default,Default,Default,Default,Default,Default,Default,Default,"Job-YNYGDE(EvaluateOverhead=True, Server=True, Toolchain=.NET 5.0)",,1,Workload,Result,10,533669200,32768,16286.29,22,0,0,6345
TypeHelperBenchmark.GetPropertyValues,dotNetTips.Spargine.Core.BenchmarkTests,TypeHelperBenchmark,GetPropertyValues,Job-YNYGDE,Default,True,Default,Default,Default,Default,Default,Default,Default,Default,Default,Default,Default,Default,Default,Default,Default,Default,Default,Default,Default,True,Default,Default,Default,Default,Default,.NET 5.0,Default,Default,Default,Default,Default,Default,Default,Default,Default,Default,Default,Default,Default,"Job-YNYGDE(EvaluateOverhead=True, Server=True, Toolchain=.NET 5.0)",,1,Workload,Result,11,534310400,32768,16305.86,22,0,0,6345
TypeHelperBenchmark.GetPropertyValues,dotNetTips.Spargine.Core.BenchmarkTests,TypeHelperBenchmark,GetPropertyValues,Job-YNYGDE,Default,True,Default,Default,Default,Default,Default,Default,Default,Default,Default,Default,Default,Default,Default,Default,Default,Default,Default,Default,Default,True,Default,Default,Default,Default,Default,.NET 5.0,Default,Default,Default,Default,Default,Default,Default,Default,Default,Default,Default,Default,Default,"Job-YNYGDE(EvaluateOverhead=True, Server=True, Toolchain=.NET 5.0)",,1,Workload,Result,12,529422500,32768,16156.69,22,0,0,6345
TypeHelperBenchmark.GetPropertyValues,dotNetTips.Spargine.Core.BenchmarkTests,TypeHelperBenchmark,GetPropertyValues,Job-YNYGDE,Default,True,Default,Default,Default,Default,Default,Default,Default,Default,Default,Default,Default,Default,Default,Default,Default,Default,Default,Default,Default,True,Default,Default,Default,Default,Default,.NET 5.0,Default,Default,Default,Default,Default,Default,Default,Default,Default,Default,Default,Default,Default,"Job-YNYGDE(EvaluateOverhead=True, Server=True, Toolchain=.NET 5.0)",,1,Workload,Result,13,538905300,32768,16446.08,22,0,0,6345
