Method,Job,AnalyzeLaunchVariance,EvaluateOverhead,MaxAbsoluteError,MaxRelativeError,MinInvokeCount,MinIterationTime,OutlierMode,Affinity,EnvironmentVariables,Jit,Platform,PowerPlanMode,Runtime,AllowVeryLargeObjects,Concurrent,CpuGroups,Force,HeapAffinitizeMask,HeapCount,NoAffinitize,RetainVm,Server,Arguments,BuildConfiguration,Clock,EngineFactory,NuGetReferences,Toolchain,IsMutator,InvocationCount,IterationCount,IterationTime,LaunchCount,MaxIterationCount,MaxWarmupIterationCount,MemoryRandomization,MinIterationCount,MinWarmupIterationCount,RunStrategy,UnrollFactor,WarmupCount,Namespace,Categories,Mean,Error,StdDev,StdErr,Median,Min,Q1,Q3,Max,Op/s,CI99.9% Margin,Iterations,Kurtosis,MValue,Skewness,Rank,LogicalGroup,Baseline,Code Size,Gen 0,Allocated
'Copy & Delete Directory',Job-IASTIE,False,True,Default,Default,Default,Default,Default,1111,Empty,RyuJit,X64,8c5e7fda-e8bf-4a96-9a85-a6e23a8c635c,.NET 5.0,False,True,False,True,Default,Default,False,False,True,Default,Default,Default,Default,Default,.NET 5.0,Default,1,Default,Default,Default,Default,Default,Default,Default,Default,Default,16,Default,dotNetTips.Spargine.BenchmarkTests,IO,"51,233.984 μs",818.2152 μs,683.2467 μs,189.4986 μs,"51,023.340 μs","50,513.290 μs","50,798.780 μs","51,305.100 μs","53,040.630 μs",19.52,818.2152 μs,13.00,4.050,2.000,1.3297,8,*,No,885 B,100.0000,"1,577,648 B"
'Copy & Move Directory',Job-IASTIE,False,True,Default,Default,Default,Default,Default,1111,Empty,RyuJit,X64,8c5e7fda-e8bf-4a96-9a85-a6e23a8c635c,.NET 5.0,False,True,False,True,Default,Default,False,False,True,Default,Default,Default,Default,Default,.NET 5.0,Default,1,Default,Default,Default,Default,Default,Default,Default,Default,Default,16,Default,dotNetTips.Spargine.BenchmarkTests,IO,"43,833.916 μs",742.0732 μs,579.3619 μs,167.2474 μs,"43,593.314 μs","43,206.991 μs","43,449.005 μs","44,453.682 μs","44,800.473 μs",22.81,742.0732 μs,12.00,1.416,2.000,0.4570,7,*,No,"1,197 B",-,"46,476 B"
AppDataFolder,Job-IASTIE,False,True,Default,Default,Default,Default,Default,1111,Empty,RyuJit,X64,8c5e7fda-e8bf-4a96-9a85-a6e23a8c635c,.NET 5.0,False,True,False,True,Default,Default,False,False,True,Default,Default,Default,Default,Default,.NET 5.0,Default,1,Default,Default,Default,Default,Default,Default,Default,Default,Default,16,Default,dotNetTips.Spargine.BenchmarkTests,IO,2.415 μs,0.0411 μs,0.0385 μs,0.0099 μs,2.390 μs,2.377 μs,2.386 μs,2.448 μs,2.480 μs,"414,145.12",0.0411 μs,15.00,1.447,2.000,0.5379,1,*,No,360 B,0.0801,736 B
DeleteDirectory,Job-IASTIE,False,True,Default,Default,Default,Default,Default,1111,Empty,RyuJit,X64,8c5e7fda-e8bf-4a96-9a85-a6e23a8c635c,.NET 5.0,False,True,False,True,Default,Default,False,False,True,Default,Default,Default,Default,Default,.NET 5.0,Default,1,Default,Default,Default,Default,Default,Default,Default,Default,Default,16,Default,dotNetTips.Spargine.BenchmarkTests,IO,11.237 μs,0.0309 μs,0.0274 μs,0.0073 μs,11.239 μs,11.189 μs,11.227 μs,11.256 μs,11.276 μs,"88,989.71",0.0309 μs,14.00,1.892,2.000,-0.3062,2,*,No,454 B,0.0153,240 B
LoadOneDriveFolders,Job-IASTIE,False,True,Default,Default,Default,Default,Default,1111,Empty,RyuJit,X64,8c5e7fda-e8bf-4a96-9a85-a6e23a8c635c,.NET 5.0,False,True,False,True,Default,Default,False,False,True,Default,Default,Default,Default,Default,.NET 5.0,Default,1,Default,Default,Default,Default,Default,Default,Default,Default,Default,16,Default,dotNetTips.Spargine.BenchmarkTests,IO,68.165 μs,0.1611 μs,0.1345 μs,0.0373 μs,68.178 μs,67.968 μs,68.078 μs,68.265 μs,68.425 μs,"14,670.23",0.1611 μs,13.00,1.942,2.000,0.2804,4,*,No,845 B,0.3662,"3,809 B"
SafeDirectorySearch,Job-IASTIE,False,True,Default,Default,Default,Default,Default,1111,Empty,RyuJit,X64,8c5e7fda-e8bf-4a96-9a85-a6e23a8c635c,.NET 5.0,False,True,False,True,Default,Default,False,False,True,Default,Default,Default,Default,Default,.NET 5.0,Default,1,Default,Default,Default,Default,Default,Default,Default,Default,Default,16,Default,dotNetTips.Spargine.BenchmarkTests,IO,50.391 μs,0.1423 μs,0.1331 μs,0.0344 μs,50.412 μs,50.178 μs,50.269 μs,50.504 μs,50.568 μs,"19,844.72",0.1423 μs,15.00,1.525,2.000,-0.2469,3,*,No,"1,549 B",0.0610,616 B
SafeFileSearch,Job-IASTIE,False,True,Default,Default,Default,Default,Default,1111,Empty,RyuJit,X64,8c5e7fda-e8bf-4a96-9a85-a6e23a8c635c,.NET 5.0,False,True,False,True,Default,Default,False,False,True,Default,Default,Default,Default,Default,.NET 5.0,Default,1,Default,Default,Default,Default,Default,Default,Default,Default,Default,16,Default,dotNetTips.Spargine.BenchmarkTests,IO,300.905 μs,0.3378 μs,0.3160 μs,0.0816 μs,300.934 μs,300.363 μs,300.636 μs,301.173 μs,301.330 μs,"3,323.31",0.3378 μs,15.00,1.589,2.000,-0.2536,5,*,No,"1,036 B",2.4414,"26,401 B"
SetFileAttributesToNormal,Job-IASTIE,False,True,Default,Default,Default,Default,Default,1111,Empty,RyuJit,X64,8c5e7fda-e8bf-4a96-9a85-a6e23a8c635c,.NET 5.0,False,True,False,True,Default,Default,False,False,True,Default,Default,Default,Default,Default,.NET 5.0,Default,1,Default,Default,Default,Default,Default,Default,Default,Default,Default,16,Default,dotNetTips.Spargine.BenchmarkTests,IO,"8,818.679 μs",180.6446 μs,466.3015 μs,52.7982 μs,"8,993.819 μs","7,440.609 μs","8,971.227 μs","9,010.434 μs","9,096.075 μs",113.40,180.6446 μs,78.00,5.927,2.000,-2.1905,6,*,No,173 B,132.8125,"1,276,936 B"
