Method,Job,AnalyzeLaunchVariance,EvaluateOverhead,MaxAbsoluteError,MaxRelativeError,MinInvokeCount,MinIterationTime,OutlierMode,Affinity,EnvironmentVariables,Jit,Platform,PowerPlanMode,Runtime,AllowVeryLargeObjects,Concurrent,CpuGroups,Force,HeapAffinitizeMask,HeapCount,NoAffinitize,RetainVm,Server,Arguments,BuildConfiguration,Clock,EngineFactory,NuGetReferences,Toolchain,IsMutator,InvocationCount,IterationCount,IterationTime,LaunchCount,MaxIterationCount,MaxWarmupIterationCount,MemoryRandomization,MinIterationCount,MinWarmupIterationCount,RunStrategy,UnrollFactor,WarmupCount,Namespace,Categories,Count,Mean,Error,StdDev,StdErr,Min,Q1,Median,Q3,Max,Op/s,CI99.9% Margin,Iterations,Kurtosis,MValue,Skewness,Rank,LogicalGroup,Baseline,Gen 0,Code Size,Gen 1,Allocated
'Collection.Create: Count',Job-YNYGDE,False,True,Default,Default,Default,Default,Default,1111,Empty,RyuJit,X64,8c5e7fda-e8bf-4a96-9a85-a6e23a8c635c,.NET 5.0,False,True,False,True,Default,Default,False,False,True,Default,Default,Default,Default,Default,.NET 5.0,Default,1,Default,Default,Default,Default,Default,Default,Default,Default,Default,16,Default,dotNetTips.Spargine.Core.BenchmarkTests.Collections,Collections,10,21.48 ns,0.040 ns,0.031 ns,0.009 ns,21.41 ns,21.48 ns,21.49 ns,21.50 ns,21.52 ns,"46,544,504.4",0.0395 ns,12.00,3.107,2.000,-0.8903,1,*,No,0.0148,181 B,-,136 B
'Collection.Create: Count',Job-YNYGDE,False,True,Default,Default,Default,Default,Default,1111,Empty,RyuJit,X64,8c5e7fda-e8bf-4a96-9a85-a6e23a8c635c,.NET 5.0,False,True,False,True,Default,Default,False,False,True,Default,Default,Default,Default,Default,.NET 5.0,Default,1,Default,Default,Default,Default,Default,Default,Default,Default,Default,16,Default,dotNetTips.Spargine.Core.BenchmarkTests.Collections,Collections,25,30.33 ns,0.254 ns,0.198 ns,0.057 ns,30.04 ns,30.18 ns,30.38 ns,30.51 ns,30.55 ns,"32,965,554.0",0.2538 ns,12.00,1.309,2.000,-0.3355,2,*,No,0.0280,181 B,-,256 B
'Collection.Create: Count',Job-YNYGDE,False,True,Default,Default,Default,Default,Default,1111,Empty,RyuJit,X64,8c5e7fda-e8bf-4a96-9a85-a6e23a8c635c,.NET 5.0,False,True,False,True,Default,Default,False,False,True,Default,Default,Default,Default,Default,.NET 5.0,Default,1,Default,Default,Default,Default,Default,Default,Default,Default,Default,16,Default,dotNetTips.Spargine.Core.BenchmarkTests.Collections,Collections,50,44.88 ns,0.135 ns,0.120 ns,0.032 ns,44.64 ns,44.81 ns,44.83 ns,45.00 ns,45.04 ns,"22,282,867.1",0.1351 ns,14.00,1.827,2.000,-0.1742,3,*,No,0.0497,181 B,-,456 B
'Collection.Create: Count',Job-YNYGDE,False,True,Default,Default,Default,Default,Default,1111,Empty,RyuJit,X64,8c5e7fda-e8bf-4a96-9a85-a6e23a8c635c,.NET 5.0,False,True,False,True,Default,Default,False,False,True,Default,Default,Default,Default,Default,.NET 5.0,Default,1,Default,Default,Default,Default,Default,Default,Default,Default,Default,16,Default,dotNetTips.Spargine.Core.BenchmarkTests.Collections,Collections,100,74.04 ns,1.231 ns,1.152 ns,0.297 ns,71.98 ns,73.21 ns,73.73 ns,75.13 ns,75.90 ns,"13,506,164.6",1.2311 ns,15.00,1.611,2.000,0.0683,4,*,No,0.0939,181 B,0.0001,856 B
'Collection.Create: Count',Job-YNYGDE,False,True,Default,Default,Default,Default,Default,1111,Empty,RyuJit,X64,8c5e7fda-e8bf-4a96-9a85-a6e23a8c635c,.NET 5.0,False,True,False,True,Default,Default,False,False,True,Default,Default,Default,Default,Default,.NET 5.0,Default,1,Default,Default,Default,Default,Default,Default,Default,Default,Default,16,Default,dotNetTips.Spargine.Core.BenchmarkTests.Collections,Collections,250,158.48 ns,0.514 ns,0.480 ns,0.124 ns,157.57 ns,158.20 ns,158.45 ns,158.82 ns,159.39 ns,"6,310,032.0",0.5136 ns,15.00,2.202,2.000,0.1067,5,*,No,0.2241,181 B,0.0005,"2,056 B"
'Collection.Create: Count',Job-YNYGDE,False,True,Default,Default,Default,Default,Default,1111,Empty,RyuJit,X64,8c5e7fda-e8bf-4a96-9a85-a6e23a8c635c,.NET 5.0,False,True,False,True,Default,Default,False,False,True,Default,Default,Default,Default,Default,.NET 5.0,Default,1,Default,Default,Default,Default,Default,Default,Default,Default,Default,16,Default,dotNetTips.Spargine.Core.BenchmarkTests.Collections,Collections,500,299.32 ns,0.736 ns,0.615 ns,0.171 ns,298.23 ns,299.09 ns,299.40 ns,299.76 ns,300.30 ns,"3,340,946.6",0.7364 ns,13.00,1.979,2.000,-0.3529,6,*,No,0.4439,181 B,-,"4,056 B"
'Collection.Create: Count',Job-YNYGDE,False,True,Default,Default,Default,Default,Default,1111,Empty,RyuJit,X64,8c5e7fda-e8bf-4a96-9a85-a6e23a8c635c,.NET 5.0,False,True,False,True,Default,Default,False,False,True,Default,Default,Default,Default,Default,.NET 5.0,Default,1,Default,Default,Default,Default,Default,Default,Default,Default,Default,16,Default,dotNetTips.Spargine.Core.BenchmarkTests.Collections,Collections,1000,602.21 ns,6.625 ns,5.873 ns,1.570 ns,590.18 ns,599.50 ns,602.69 ns,605.91 ns,609.28 ns,"1,660,560.2",6.6249 ns,14.00,2.354,2.000,-0.6738,8,*,No,0.8802,181 B,-,"8,056 B"
'Collection.Create: From List-Ensure Unique',Job-YNYGDE,False,True,Default,Default,Default,Default,Default,1111,Empty,RyuJit,X64,8c5e7fda-e8bf-4a96-9a85-a6e23a8c635c,.NET 5.0,False,True,False,True,Default,Default,False,False,True,Default,Default,Default,Default,Default,.NET 5.0,Default,1,Default,Default,Default,Default,Default,Default,Default,Default,Default,16,Default,dotNetTips.Spargine.Core.BenchmarkTests.Collections,Collections,10,652.80 ns,0.514 ns,0.429 ns,0.119 ns,652.09 ns,652.56 ns,652.74 ns,653.04 ns,653.64 ns,"1,531,854.6",0.5136 ns,13.00,2.141,2.000,0.2996,9,*,No,0.0439,750 B,-,400 B
'Collection.Create: From List-Ensure Unique',Job-YNYGDE,False,True,Default,Default,Default,Default,Default,1111,Empty,RyuJit,X64,8c5e7fda-e8bf-4a96-9a85-a6e23a8c635c,.NET 5.0,False,True,False,True,Default,Default,False,False,True,Default,Default,Default,Default,Default,.NET 5.0,Default,1,Default,Default,Default,Default,Default,Default,Default,Default,Default,16,Default,dotNetTips.Spargine.Core.BenchmarkTests.Collections,Collections,25,"2,091.81 ns",4.841 ns,4.042 ns,1.121 ns,"2,082.84 ns","2,092.40 ns","2,093.28 ns","2,094.34 ns","2,094.78 ns","478,053.8",4.8410 ns,13.00,2.634,2.000,-1.1536,12,*,No,0.0725,750 B,-,680 B
'Collection.Create: From List-Ensure Unique',Job-YNYGDE,False,True,Default,Default,Default,Default,Default,1111,Empty,RyuJit,X64,8c5e7fda-e8bf-4a96-9a85-a6e23a8c635c,.NET 5.0,False,True,False,True,Default,Default,False,False,True,Default,Default,Default,Default,Default,.NET 5.0,Default,1,Default,Default,Default,Default,Default,Default,Default,Default,Default,16,Default,dotNetTips.Spargine.Core.BenchmarkTests.Collections,Collections,50,"5,901.11 ns",29.740 ns,26.364 ns,7.046 ns,"5,854.24 ns","5,883.47 ns","5,905.28 ns","5,922.18 ns","5,941.38 ns","169,459.7",29.7398 ns,14.00,1.658,2.000,-0.2040,15,*,No,0.1297,750 B,-,"1,216 B"
'Collection.Create: From List-Ensure Unique',Job-YNYGDE,False,True,Default,Default,Default,Default,Default,1111,Empty,RyuJit,X64,8c5e7fda-e8bf-4a96-9a85-a6e23a8c635c,.NET 5.0,False,True,False,True,Default,Default,False,False,True,Default,Default,Default,Default,Default,.NET 5.0,Default,1,Default,Default,Default,Default,Default,Default,Default,Default,Default,16,Default,dotNetTips.Spargine.Core.BenchmarkTests.Collections,Collections,100,"18,715.87 ns",120.422 ns,94.017 ns,27.140 ns,"18,423.84 ns","18,726.12 ns","18,746.75 ns","18,752.26 ns","18,771.88 ns","53,430.6",120.4215 ns,12.00,7.779,2.000,-2.4510,18,*,No,0.2441,750 B,-,"2,264 B"
'Collection.Create: From List-Ensure Unique',Job-YNYGDE,False,True,Default,Default,Default,Default,Default,1111,Empty,RyuJit,X64,8c5e7fda-e8bf-4a96-9a85-a6e23a8c635c,.NET 5.0,False,True,False,True,Default,Default,False,False,True,Default,Default,Default,Default,Default,.NET 5.0,Default,1,Default,Default,Default,Default,Default,Default,Default,Default,Default,16,Default,dotNetTips.Spargine.Core.BenchmarkTests.Collections,Collections,250,"101,454.77 ns",553.792 ns,518.017 ns,133.751 ns,"99,854.93 ns","101,438.66 ns","101,583.22 ns","101,771.89 ns","101,876.54 ns","9,856.6",553.7917 ns,15.00,6.230,2.000,-1.9184,19,*,No,0.3662,750 B,-,"4,336 B"
'Collection.Create: From List-Ensure Unique',Job-YNYGDE,False,True,Default,Default,Default,Default,Default,1111,Empty,RyuJit,X64,8c5e7fda-e8bf-4a96-9a85-a6e23a8c635c,.NET 5.0,False,True,False,True,Default,Default,False,False,True,Default,Default,Default,Default,Default,.NET 5.0,Default,1,Default,Default,Default,Default,Default,Default,Default,Default,Default,16,Default,dotNetTips.Spargine.Core.BenchmarkTests.Collections,Collections,500,"383,719.00 ns","2,619.072 ns","2,449.882 ns",632.557 ns,"378,941.55 ns","382,594.73 ns","384,151.66 ns","385,366.65 ns","387,102.93 ns","2,606.1","2,619.0723 ns",15.00,2.162,2.000,-0.4687,20,*,No,0.4883,750 B,-,"8,456 B"
'Collection.Create: From List-Ensure Unique',Job-YNYGDE,False,True,Default,Default,Default,Default,Default,1111,Empty,RyuJit,X64,8c5e7fda-e8bf-4a96-9a85-a6e23a8c635c,.NET 5.0,False,True,False,True,Default,Default,False,False,True,Default,Default,Default,Default,Default,.NET 5.0,Default,1,Default,Default,Default,Default,Default,Default,Default,Default,Default,16,Default,dotNetTips.Spargine.Core.BenchmarkTests.Collections,Collections,1000,"1,459,570.48 ns","4,137.846 ns","3,870.544 ns",999.370 ns,"1,452,306.45 ns","1,457,154.00 ns","1,461,553.52 ns","1,461,865.62 ns","1,463,424.80 ns",685.1,"4,137.8463 ns",15.00,1.914,2.000,-0.8571,21,*,No,-,750 B,-,"16,672 B"
'Collection.Create: From List',Job-YNYGDE,False,True,Default,Default,Default,Default,Default,1111,Empty,RyuJit,X64,8c5e7fda-e8bf-4a96-9a85-a6e23a8c635c,.NET 5.0,False,True,False,True,Default,Default,False,False,True,Default,Default,Default,Default,Default,.NET 5.0,Default,1,Default,Default,Default,Default,Default,Default,Default,Default,Default,16,Default,dotNetTips.Spargine.Core.BenchmarkTests.Collections,Collections,10,325.16 ns,2.558 ns,2.268 ns,0.606 ns,321.08 ns,323.66 ns,324.95 ns,326.42 ns,328.72 ns,"3,075,422.1",2.5579 ns,14.00,1.931,2.000,0.0218,7,*,No,0.0434,747 B,-,400 B
'Collection.Create: From List',Job-YNYGDE,False,True,Default,Default,Default,Default,Default,1111,Empty,RyuJit,X64,8c5e7fda-e8bf-4a96-9a85-a6e23a8c635c,.NET 5.0,False,True,False,True,Default,Default,False,False,True,Default,Default,Default,Default,Default,.NET 5.0,Default,1,Default,Default,Default,Default,Default,Default,Default,Default,Default,16,Default,dotNetTips.Spargine.Core.BenchmarkTests.Collections,Collections,25,673.05 ns,2.788 ns,2.608 ns,0.673 ns,664.38 ns,672.58 ns,673.58 ns,674.40 ns,675.23 ns,"1,485,772.9",2.7882 ns,15.00,8.223,2.000,-2.3469,10,*,No,0.0744,747 B,-,680 B
'Collection.Create: From List',Job-YNYGDE,False,True,Default,Default,Default,Default,Default,1111,Empty,RyuJit,X64,8c5e7fda-e8bf-4a96-9a85-a6e23a8c635c,.NET 5.0,False,True,False,True,Default,Default,False,False,True,Default,Default,Default,Default,Default,.NET 5.0,Default,1,Default,Default,Default,Default,Default,Default,Default,Default,Default,16,Default,dotNetTips.Spargine.Core.BenchmarkTests.Collections,Collections,50,"1,162.52 ns",6.104 ns,5.710 ns,1.474 ns,"1,151.02 ns","1,158.95 ns","1,163.81 ns","1,165.85 ns","1,171.68 ns","860,197.5",6.1038 ns,15.00,2.305,2.000,-0.4510,11,*,No,0.1335,747 B,-,"1,216 B"
'Collection.Create: From List',Job-YNYGDE,False,True,Default,Default,Default,Default,Default,1111,Empty,RyuJit,X64,8c5e7fda-e8bf-4a96-9a85-a6e23a8c635c,.NET 5.0,False,True,False,True,Default,Default,False,False,True,Default,Default,Default,Default,Default,.NET 5.0,Default,1,Default,Default,Default,Default,Default,Default,Default,Default,Default,16,Default,dotNetTips.Spargine.Core.BenchmarkTests.Collections,Collections,100,"2,141.78 ns",8.665 ns,8.105 ns,2.093 ns,"2,119.60 ns","2,138.68 ns","2,142.01 ns","2,148.19 ns","2,150.44 ns","466,901.9",8.6646 ns,15.00,4.071,2.000,-1.1682,13,*,No,0.2480,747 B,-,"2,264 B"
'Collection.Create: From List',Job-YNYGDE,False,True,Default,Default,Default,Default,Default,1111,Empty,RyuJit,X64,8c5e7fda-e8bf-4a96-9a85-a6e23a8c635c,.NET 5.0,False,True,False,True,Default,Default,False,False,True,Default,Default,Default,Default,Default,.NET 5.0,Default,1,Default,Default,Default,Default,Default,Default,Default,Default,Default,16,Default,dotNetTips.Spargine.Core.BenchmarkTests.Collections,Collections,250,"4,835.59 ns",21.571 ns,20.178 ns,5.210 ns,"4,783.51 ns","4,827.09 ns","4,837.35 ns","4,850.25 ns","4,867.22 ns","206,799.9",21.5712 ns,15.00,3.631,2.000,-0.7935,14,*,No,0.4730,747 B,-,"4,336 B"
'Collection.Create: From List',Job-YNYGDE,False,True,Default,Default,Default,Default,Default,1111,Empty,RyuJit,X64,8c5e7fda-e8bf-4a96-9a85-a6e23a8c635c,.NET 5.0,False,True,False,True,Default,Default,False,False,True,Default,Default,Default,Default,Default,.NET 5.0,Default,1,Default,Default,Default,Default,Default,Default,Default,Default,Default,16,Default,dotNetTips.Spargine.Core.BenchmarkTests.Collections,Collections,500,"9,394.30 ns",122.624 ns,95.737 ns,27.637 ns,"9,162.65 ns","9,411.17 ns","9,426.01 ns","9,442.27 ns","9,466.72 ns","106,447.6",122.6242 ns,12.00,3.687,2.000,-1.5201,16,*,No,0.9308,747 B,-,"8,456 B"
'Collection.Create: From List',Job-YNYGDE,False,True,Default,Default,Default,Default,Default,1111,Empty,RyuJit,X64,8c5e7fda-e8bf-4a96-9a85-a6e23a8c635c,.NET 5.0,False,True,False,True,Default,Default,False,False,True,Default,Default,Default,Default,Default,.NET 5.0,Default,1,Default,Default,Default,Default,Default,Default,Default,Default,Default,16,Default,dotNetTips.Spargine.Core.BenchmarkTests.Collections,Collections,1000,"18,330.93 ns",96.361 ns,90.136 ns,23.273 ns,"18,155.57 ns","18,284.21 ns","18,312.35 ns","18,374.36 ns","18,498.91 ns","54,552.6",96.3609 ns,15.00,2.395,2.000,0.1911,17,*,No,1.8005,747 B,0.0305,"16,672 B"
