Method,Job,AnalyzeLaunchVariance,EvaluateOverhead,MaxAbsoluteError,MaxRelativeError,MinInvokeCount,MinIterationTime,OutlierMode,Affinity,EnvironmentVariables,Jit,Platform,PowerPlanMode,Runtime,AllowVeryLargeObjects,Concurrent,CpuGroups,Force,HeapAffinitizeMask,HeapCount,NoAffinitize,RetainVm,Server,Arguments,BuildConfiguration,Clock,EngineFactory,NuGetReferences,Toolchain,IsMutator,InvocationCount,IterationCount,IterationTime,LaunchCount,MaxIterationCount,MaxWarmupIterationCount,MemoryRandomization,MinIterationCount,MinWarmupIterationCount,RunStrategy,UnrollFactor,WarmupCount,Namespace,Categories,Count,Mean,Error,StdDev,StdErr,Min,Q1,Median,Q3,Max,Op/s,CI99.9% Margin,Iterations,Kurtosis,MValue,Skewness,Rank,LogicalGroup,Baseline,Gen 0,Code Size,Gen 1,Allocated
'HasItems: With Count',Job-LAXWQE,False,True,Default,Default,Default,Default,Default,1111,Empty,RyuJit,X64,8c5e7fda-e8bf-4a96-9a85-a6e23a8c635c,.NET 5.0,False,True,False,True,Default,Default,False,False,True,Default,Default,Default,Default,Default,.NET 5.0,Default,1,Default,Default,Default,Default,Default,Default,Default,Default,Default,16,Default,dotNetTips.Spargine.Extensions.BenchmarkTests,"**NEW**,Collections",10,52.813 ns,0.0984 ns,0.0872 ns,0.0233 ns,52.602 ns,52.767 ns,52.820 ns,52.878 ns,52.942 ns,"18,934,749.7",0.0984 ns,14.00,3.008,2.000,-0.6943,18,*,No,0.0149,455 B,-,136 B
'HasItems: With Count',Job-LAXWQE,False,True,Default,Default,Default,Default,Default,1111,Empty,RyuJit,X64,8c5e7fda-e8bf-4a96-9a85-a6e23a8c635c,.NET 5.0,False,True,False,True,Default,Default,False,False,True,Default,Default,Default,Default,Default,.NET 5.0,Default,1,Default,Default,Default,Default,Default,Default,Default,Default,Default,16,Default,dotNetTips.Spargine.Extensions.BenchmarkTests,"**NEW**,Collections",25,66.317 ns,0.3890 ns,0.3248 ns,0.0901 ns,65.646 ns,66.187 ns,66.440 ns,66.527 ns,66.810 ns,"15,079,159.4",0.3890 ns,13.00,2.448,2.000,-0.6642,21,*,No,0.0278,455 B,-,256 B
'HasItems: With Count',Job-LAXWQE,False,True,Default,Default,Default,Default,Default,1111,Empty,RyuJit,X64,8c5e7fda-e8bf-4a96-9a85-a6e23a8c635c,.NET 5.0,False,True,False,True,Default,Default,False,False,True,Default,Default,Default,Default,Default,.NET 5.0,Default,1,Default,Default,Default,Default,Default,Default,Default,Default,Default,16,Default,dotNetTips.Spargine.Extensions.BenchmarkTests,"**NEW**,Collections",50,83.501 ns,0.9160 ns,0.7649 ns,0.2122 ns,82.098 ns,82.979 ns,83.654 ns,84.145 ns,84.705 ns,"11,975,882.7",0.9160 ns,13.00,1.716,2.000,-0.1601,24,*,No,0.0502,455 B,-,456 B
'HasItems: With Count',Job-LAXWQE,False,True,Default,Default,Default,Default,Default,1111,Empty,RyuJit,X64,8c5e7fda-e8bf-4a96-9a85-a6e23a8c635c,.NET 5.0,False,True,False,True,Default,Default,False,False,True,Default,Default,Default,Default,Default,.NET 5.0,Default,1,Default,Default,Default,Default,Default,Default,Default,Default,Default,16,Default,dotNetTips.Spargine.Extensions.BenchmarkTests,"**NEW**,Collections",100,122.193 ns,0.8758 ns,0.7764 ns,0.2075 ns,121.156 ns,121.439 ns,122.254 ns,122.877 ns,123.200 ns,"8,183,790.7",0.8758 ns,14.00,1.215,2.000,-0.1201,29,*,No,0.0930,455 B,-,856 B
'HasItems: With Count',Job-LAXWQE,False,True,Default,Default,Default,Default,Default,1111,Empty,RyuJit,X64,8c5e7fda-e8bf-4a96-9a85-a6e23a8c635c,.NET 5.0,False,True,False,True,Default,Default,False,False,True,Default,Default,Default,Default,Default,.NET 5.0,Default,1,Default,Default,Default,Default,Default,Default,Default,Default,Default,16,Default,dotNetTips.Spargine.Extensions.BenchmarkTests,"**NEW**,Collections",250,237.179 ns,2.1127 ns,1.9762 ns,0.5103 ns,233.551 ns,235.506 ns,237.866 ns,238.729 ns,239.752 ns,"4,216,221.2",2.1127 ns,15.00,1.637,2.000,-0.4312,35,*,No,0.2275,455 B,-,"2,056 B"
'HasItems: With Count',Job-LAXWQE,False,True,Default,Default,Default,Default,Default,1111,Empty,RyuJit,X64,8c5e7fda-e8bf-4a96-9a85-a6e23a8c635c,.NET 5.0,False,True,False,True,Default,Default,False,False,True,Default,Default,Default,Default,Default,.NET 5.0,Default,1,Default,Default,Default,Default,Default,Default,Default,Default,Default,16,Default,dotNetTips.Spargine.Extensions.BenchmarkTests,"**NEW**,Collections",500,438.065 ns,2.5560 ns,2.3909 ns,0.6173 ns,433.266 ns,436.831 ns,438.333 ns,439.816 ns,441.480 ns,"2,282,767.5",2.5560 ns,15.00,2.093,2.000,-0.5089,41,*,No,0.4425,455 B,0.0005,"4,056 B"
'HasItems: With Count',Job-LAXWQE,False,True,Default,Default,Default,Default,Default,1111,Empty,RyuJit,X64,8c5e7fda-e8bf-4a96-9a85-a6e23a8c635c,.NET 5.0,False,True,False,True,Default,Default,False,False,True,Default,Default,Default,Default,Default,.NET 5.0,Default,1,Default,Default,Default,Default,Default,Default,Default,Default,Default,16,Default,dotNetTips.Spargine.Extensions.BenchmarkTests,"**NEW**,Collections",1000,841.205 ns,7.6564 ns,6.7872 ns,1.8140 ns,831.874 ns,835.369 ns,842.704 ns,844.285 ns,855.678 ns,"1,188,770.8",7.6564 ns,14.00,2.174,2.000,0.3501,50,*,No,0.8821,455 B,0.0019,"8,056 B"
'HasItems: With Predicate',Job-LAXWQE,False,True,Default,Default,Default,Default,Default,1111,Empty,RyuJit,X64,8c5e7fda-e8bf-4a96-9a85-a6e23a8c635c,.NET 5.0,False,True,False,True,Default,Default,False,False,True,Default,Default,Default,Default,Default,.NET 5.0,Default,1,Default,Default,Default,Default,Default,Default,Default,Default,Default,16,Default,dotNetTips.Spargine.Extensions.BenchmarkTests,Collections,10,878.586 ns,4.6361 ns,4.3366 ns,1.1197 ns,873.649 ns,874.298 ns,878.597 ns,881.479 ns,886.359 ns,"1,138,192.7",4.6361 ns,15.00,1.534,2.000,0.2882,51,*,No,0.0143,546 B,-,136 B
'HasItems: With Predicate',Job-LAXWQE,False,True,Default,Default,Default,Default,Default,1111,Empty,RyuJit,X64,8c5e7fda-e8bf-4a96-9a85-a6e23a8c635c,.NET 5.0,False,True,False,True,Default,Default,False,False,True,Default,Default,Default,Default,Default,.NET 5.0,Default,1,Default,Default,Default,Default,Default,Default,Default,Default,Default,16,Default,dotNetTips.Spargine.Extensions.BenchmarkTests,Collections,25,"2,318.543 ns",20.0368 ns,18.7424 ns,4.8393 ns,"2,292.381 ns","2,303.344 ns","2,321.632 ns","2,334.662 ns","2,349.448 ns","431,305.3",20.0368 ns,15.00,1.496,2.000,0.1353,60,*,No,0.0267,546 B,-,256 B
'HasItems: With Predicate',Job-LAXWQE,False,True,Default,Default,Default,Default,Default,1111,Empty,RyuJit,X64,8c5e7fda-e8bf-4a96-9a85-a6e23a8c635c,.NET 5.0,False,True,False,True,Default,Default,False,False,True,Default,Default,Default,Default,Default,.NET 5.0,Default,1,Default,Default,Default,Default,Default,Default,Default,Default,Default,16,Default,dotNetTips.Spargine.Extensions.BenchmarkTests,Collections,50,"2,372.750 ns",12.1127 ns,11.3302 ns,2.9254 ns,"2,349.681 ns","2,368.023 ns","2,373.460 ns","2,382.191 ns","2,387.022 ns","421,452.0",12.1127 ns,15.00,2.546,2.000,-0.7044,61,*,No,0.0496,546 B,-,456 B
'HasItems: With Predicate',Job-LAXWQE,False,True,Default,Default,Default,Default,Default,1111,Empty,RyuJit,X64,8c5e7fda-e8bf-4a96-9a85-a6e23a8c635c,.NET 5.0,False,True,False,True,Default,Default,False,False,True,Default,Default,Default,Default,Default,.NET 5.0,Default,1,Default,Default,Default,Default,Default,Default,Default,Default,Default,16,Default,dotNetTips.Spargine.Extensions.BenchmarkTests,Collections,100,"3,580.208 ns",21.8426 ns,20.4316 ns,5.2754 ns,"3,539.539 ns","3,566.106 ns","3,579.094 ns","3,597.239 ns","3,612.413 ns","279,313.4",21.8426 ns,15.00,1.947,2.000,-0.1190,65,*,No,0.0916,546 B,-,856 B
'HasItems: With Predicate',Job-LAXWQE,False,True,Default,Default,Default,Default,Default,1111,Empty,RyuJit,X64,8c5e7fda-e8bf-4a96-9a85-a6e23a8c635c,.NET 5.0,False,True,False,True,Default,Default,False,False,True,Default,Default,Default,Default,Default,.NET 5.0,Default,1,Default,Default,Default,Default,Default,Default,Default,Default,Default,16,Default,dotNetTips.Spargine.Extensions.BenchmarkTests,Collections,250,"7,616.900 ns",73.5008 ns,61.3765 ns,17.0228 ns,"7,483.693 ns","7,597.639 ns","7,639.819 ns","7,653.670 ns","7,682.951 ns","131,287.0",73.5008 ns,13.00,2.876,2.000,-1.1274,72,*,No,0.2136,546 B,-,"2,056 B"
'HasItems: With Predicate',Job-LAXWQE,False,True,Default,Default,Default,Default,Default,1111,Empty,RyuJit,X64,8c5e7fda-e8bf-4a96-9a85-a6e23a8c635c,.NET 5.0,False,True,False,True,Default,Default,False,False,True,Default,Default,Default,Default,Default,.NET 5.0,Default,1,Default,Default,Default,Default,Default,Default,Default,Default,Default,16,Default,dotNetTips.Spargine.Extensions.BenchmarkTests,Collections,500,537.222 ns,2.2120 ns,1.9608 ns,0.5241 ns,533.007 ns,535.720 ns,537.638 ns,538.966 ns,539.332 ns,"1,861,428.4",2.2120 ns,14.00,2.120,2.000,-0.6040,44,*,No,0.4416,546 B,-,"4,056 B"
'HasItems: With Predicate',Job-LAXWQE,False,True,Default,Default,Default,Default,Default,1111,Empty,RyuJit,X64,8c5e7fda-e8bf-4a96-9a85-a6e23a8c635c,.NET 5.0,False,True,False,True,Default,Default,False,False,True,Default,Default,Default,Default,Default,.NET 5.0,Default,1,Default,Default,Default,Default,Default,Default,Default,Default,Default,16,Default,dotNetTips.Spargine.Extensions.BenchmarkTests,Collections,1000,"5,052.912 ns",40.0052 ns,37.4209 ns,9.6620 ns,"4,996.359 ns","5,031.710 ns","5,050.903 ns","5,071.478 ns","5,126.541 ns","197,905.7",40.0052 ns,15.00,2.069,2.000,0.2708,68,*,No,0.8926,546 B,-,"8,056 B"
'ListHashCode:Read Only',Job-LAXWQE,False,True,Default,Default,Default,Default,Default,1111,Empty,RyuJit,X64,8c5e7fda-e8bf-4a96-9a85-a6e23a8c635c,.NET 5.0,False,True,False,True,Default,Default,False,False,True,Default,Default,Default,Default,Default,.NET 5.0,Default,1,Default,Default,Default,Default,Default,Default,Default,Default,Default,16,Default,dotNetTips.Spargine.Extensions.BenchmarkTests,Collections,10,825.865 ns,3.9410 ns,3.4936 ns,0.9337 ns,818.421 ns,824.596 ns,827.059 ns,828.197 ns,829.779 ns,"1,210,851.7",3.9410 ns,14.00,2.360,2.000,-0.8895,49,*,No,0.0229,648 B,-,208 B
'ListHashCode:Read Only',Job-LAXWQE,False,True,Default,Default,Default,Default,Default,1111,Empty,RyuJit,X64,8c5e7fda-e8bf-4a96-9a85-a6e23a8c635c,.NET 5.0,False,True,False,True,Default,Default,False,False,True,Default,Default,Default,Default,Default,.NET 5.0,Default,1,Default,Default,Default,Default,Default,Default,Default,Default,Default,16,Default,dotNetTips.Spargine.Extensions.BenchmarkTests,Collections,25,"1,881.898 ns",8.2684 ns,7.7343 ns,1.9970 ns,"1,869.514 ns","1,875.721 ns","1,882.194 ns","1,887.578 ns","1,894.014 ns","531,378.5",8.2684 ns,15.00,1.442,2.000,-0.0347,59,*,No,0.0229,648 B,-,208 B
'ListHashCode:Read Only',Job-LAXWQE,False,True,Default,Default,Default,Default,Default,1111,Empty,RyuJit,X64,8c5e7fda-e8bf-4a96-9a85-a6e23a8c635c,.NET 5.0,False,True,False,True,Default,Default,False,False,True,Default,Default,Default,Default,Default,.NET 5.0,Default,1,Default,Default,Default,Default,Default,Default,Default,Default,Default,16,Default,dotNetTips.Spargine.Extensions.BenchmarkTests,Collections,50,"3,769.020 ns",15.4311 ns,14.4342 ns,3.7269 ns,"3,736.900 ns","3,762.542 ns","3,764.853 ns","3,775.544 ns","3,794.555 ns","265,321.0",15.4311 ns,15.00,2.849,2.000,-0.0804,66,*,No,0.0191,648 B,-,208 B
'ListHashCode:Read Only',Job-LAXWQE,False,True,Default,Default,Default,Default,Default,1111,Empty,RyuJit,X64,8c5e7fda-e8bf-4a96-9a85-a6e23a8c635c,.NET 5.0,False,True,False,True,Default,Default,False,False,True,Default,Default,Default,Default,Default,.NET 5.0,Default,1,Default,Default,Default,Default,Default,Default,Default,Default,Default,16,Default,dotNetTips.Spargine.Extensions.BenchmarkTests,Collections,100,"7,511.347 ns",146.3435 ns,223.4819 ns,40.1385 ns,"7,182.402 ns","7,240.443 ns","7,604.811 ns","7,648.782 ns","7,969.194 ns","133,131.9",146.3435 ns,31.00,1.862,3.176,-0.2256,72,*,No,0.0153,648 B,-,208 B
'ListHashCode:Read Only',Job-LAXWQE,False,True,Default,Default,Default,Default,Default,1111,Empty,RyuJit,X64,8c5e7fda-e8bf-4a96-9a85-a6e23a8c635c,.NET 5.0,False,True,False,True,Default,Default,False,False,True,Default,Default,Default,Default,Default,.NET 5.0,Default,1,Default,Default,Default,Default,Default,Default,Default,Default,Default,16,Default,dotNetTips.Spargine.Extensions.BenchmarkTests,Collections,250,"18,703.456 ns",368.1496 ns,393.9160 ns,92.8469 ns,"18,285.159 ns","18,361.829 ns","18,540.865 ns","19,031.664 ns","19,568.570 ns","53,466.1",368.1496 ns,18.00,1.835,2.000,0.4642,75,*,No,-,648 B,-,208 B
'ListHashCode:Read Only',Job-LAXWQE,False,True,Default,Default,Default,Default,Default,1111,Empty,RyuJit,X64,8c5e7fda-e8bf-4a96-9a85-a6e23a8c635c,.NET 5.0,False,True,False,True,Default,Default,False,False,True,Default,Default,Default,Default,Default,.NET 5.0,Default,1,Default,Default,Default,Default,Default,Default,Default,Default,Default,16,Default,dotNetTips.Spargine.Extensions.BenchmarkTests,Collections,500,"39,850.576 ns",598.9786 ns,560.2850 ns,144.6650 ns,"38,756.824 ns","39,648.462 ns","39,893.420 ns","40,236.258 ns","40,591.705 ns","25,093.7",598.9786 ns,15.00,2.067,2.000,-0.3675,79,*,No,-,648 B,-,208 B
'ListHashCode:Read Only',Job-LAXWQE,False,True,Default,Default,Default,Default,Default,1111,Empty,RyuJit,X64,8c5e7fda-e8bf-4a96-9a85-a6e23a8c635c,.NET 5.0,False,True,False,True,Default,Default,False,False,True,Default,Default,Default,Default,Default,.NET 5.0,Default,1,Default,Default,Default,Default,Default,Default,Default,Default,Default,16,Default,dotNetTips.Spargine.Extensions.BenchmarkTests,Collections,1000,"76,947.605 ns",330.2981 ns,308.9611 ns,79.7734 ns,"76,633.044 ns","76,689.465 ns","76,834.290 ns","77,150.580 ns","77,719.287 ns","12,995.9",330.2981 ns,15.00,3.008,2.000,0.9403,82,*,No,-,648 B,-,208 B
'Shuffle: With Count',Job-LAXWQE,False,True,Default,Default,Default,Default,Default,1111,Empty,RyuJit,X64,8c5e7fda-e8bf-4a96-9a85-a6e23a8c635c,.NET 5.0,False,True,False,True,Default,Default,False,False,True,Default,Default,Default,Default,Default,.NET 5.0,Default,1,Default,Default,Default,Default,Default,Default,Default,Default,Default,16,Default,dotNetTips.Spargine.Extensions.BenchmarkTests,Collections,10,41.002 ns,0.1430 ns,0.1268 ns,0.0339 ns,40.755 ns,40.907 ns,40.994 ns,41.092 ns,41.231 ns,"24,389,308.1",0.1430 ns,14.00,2.179,2.000,0.0111,15,*,No,0.0096,272 B,-,88 B
'Shuffle: With Count',Job-LAXWQE,False,True,Default,Default,Default,Default,Default,1111,Empty,RyuJit,X64,8c5e7fda-e8bf-4a96-9a85-a6e23a8c635c,.NET 5.0,False,True,False,True,Default,Default,False,False,True,Default,Default,Default,Default,Default,.NET 5.0,Default,1,Default,Default,Default,Default,Default,Default,Default,Default,Default,16,Default,dotNetTips.Spargine.Extensions.BenchmarkTests,Collections,25,40.975 ns,0.0911 ns,0.0808 ns,0.0216 ns,40.863 ns,40.925 ns,40.973 ns,41.013 ns,41.162 ns,"24,404,968.3",0.0911 ns,14.00,2.774,2.000,0.5704,15,*,No,0.0097,272 B,-,88 B
'Shuffle: With Count',Job-LAXWQE,False,True,Default,Default,Default,Default,Default,1111,Empty,RyuJit,X64,8c5e7fda-e8bf-4a96-9a85-a6e23a8c635c,.NET 5.0,False,True,False,True,Default,Default,False,False,True,Default,Default,Default,Default,Default,.NET 5.0,Default,1,Default,Default,Default,Default,Default,Default,Default,Default,Default,16,Default,dotNetTips.Spargine.Extensions.BenchmarkTests,Collections,50,41.155 ns,0.1092 ns,0.0968 ns,0.0259 ns,40.932 ns,41.112 ns,41.147 ns,41.208 ns,41.319 ns,"24,298,582.1",0.1092 ns,14.00,2.876,2.000,-0.3939,15,*,No,0.0096,272 B,-,88 B
'Shuffle: With Count',Job-LAXWQE,False,True,Default,Default,Default,Default,Default,1111,Empty,RyuJit,X64,8c5e7fda-e8bf-4a96-9a85-a6e23a8c635c,.NET 5.0,False,True,False,True,Default,Default,False,False,True,Default,Default,Default,Default,Default,.NET 5.0,Default,1,Default,Default,Default,Default,Default,Default,Default,Default,Default,16,Default,dotNetTips.Spargine.Extensions.BenchmarkTests,Collections,100,41.148 ns,0.1503 ns,0.1332 ns,0.0356 ns,40.755 ns,41.116 ns,41.166 ns,41.201 ns,41.328 ns,"24,302,493.3",0.1503 ns,14.00,5.750,2.000,-1.5954,15,*,No,0.0096,272 B,-,88 B
'Shuffle: With Count',Job-LAXWQE,False,True,Default,Default,Default,Default,Default,1111,Empty,RyuJit,X64,8c5e7fda-e8bf-4a96-9a85-a6e23a8c635c,.NET 5.0,False,True,False,True,Default,Default,False,False,True,Default,Default,Default,Default,Default,.NET 5.0,Default,1,Default,Default,Default,Default,Default,Default,Default,Default,Default,16,Default,dotNetTips.Spargine.Extensions.BenchmarkTests,Collections,250,41.232 ns,0.1635 ns,0.1449 ns,0.0387 ns,40.975 ns,41.180 ns,41.236 ns,41.301 ns,41.459 ns,"24,253,123.8",0.1635 ns,14.00,1.949,2.000,-0.1427,15,*,No,0.0096,272 B,-,88 B
'Shuffle: With Count',Job-LAXWQE,False,True,Default,Default,Default,Default,Default,1111,Empty,RyuJit,X64,8c5e7fda-e8bf-4a96-9a85-a6e23a8c635c,.NET 5.0,False,True,False,True,Default,Default,False,False,True,Default,Default,Default,Default,Default,.NET 5.0,Default,1,Default,Default,Default,Default,Default,Default,Default,Default,Default,16,Default,dotNetTips.Spargine.Extensions.BenchmarkTests,Collections,500,42.324 ns,0.2127 ns,0.1989 ns,0.0514 ns,41.900 ns,42.198 ns,42.424 ns,42.455 ns,42.553 ns,"23,627,121.3",0.2127 ns,15.00,2.129,2.000,-0.7308,16,*,No,0.0097,272 B,-,88 B
'Shuffle: With Count',Job-LAXWQE,False,True,Default,Default,Default,Default,Default,1111,Empty,RyuJit,X64,8c5e7fda-e8bf-4a96-9a85-a6e23a8c635c,.NET 5.0,False,True,False,True,Default,Default,False,False,True,Default,Default,Default,Default,Default,.NET 5.0,Default,1,Default,Default,Default,Default,Default,Default,Default,Default,Default,16,Default,dotNetTips.Spargine.Extensions.BenchmarkTests,Collections,1000,40.474 ns,0.1671 ns,0.1563 ns,0.0404 ns,40.112 ns,40.415 ns,40.483 ns,40.583 ns,40.651 ns,"24,707,352.6",0.1671 ns,15.00,2.750,2.000,-0.9096,15,*,No,0.0095,272 B,-,88 B
'Slice Test',Job-LAXWQE,False,True,Default,Default,Default,Default,Default,1111,Empty,RyuJit,X64,8c5e7fda-e8bf-4a96-9a85-a6e23a8c635c,.NET 5.0,False,True,False,True,Default,Default,False,False,True,Default,Default,Default,Default,Default,.NET 5.0,Default,1,Default,Default,Default,Default,Default,Default,Default,Default,Default,16,Default,dotNetTips.Spargine.Extensions.BenchmarkTests,"**NEW**,Collections",10,30.007 ns,0.4177 ns,0.3908 ns,0.1009 ns,29.356 ns,29.927 ns,29.985 ns,30.291 ns,30.562 ns,"33,326,027.4",0.4177 ns,15.00,1.955,2.000,-0.2539,12,*,No,-,418 B,-,0 B
'Slice Test',Job-LAXWQE,False,True,Default,Default,Default,Default,Default,1111,Empty,RyuJit,X64,8c5e7fda-e8bf-4a96-9a85-a6e23a8c635c,.NET 5.0,False,True,False,True,Default,Default,False,False,True,Default,Default,Default,Default,Default,.NET 5.0,Default,1,Default,Default,Default,Default,Default,Default,Default,Default,Default,16,Default,dotNetTips.Spargine.Extensions.BenchmarkTests,"**NEW**,Collections",25,30.595 ns,0.1860 ns,0.1553 ns,0.0431 ns,30.250 ns,30.629 ns,30.648 ns,30.663 ns,30.726 ns,"32,685,138.3",0.1860 ns,13.00,3.765,2.000,-1.5719,12,*,No,-,418 B,-,0 B
'Slice Test',Job-LAXWQE,False,True,Default,Default,Default,Default,Default,1111,Empty,RyuJit,X64,8c5e7fda-e8bf-4a96-9a85-a6e23a8c635c,.NET 5.0,False,True,False,True,Default,Default,False,False,True,Default,Default,Default,Default,Default,.NET 5.0,Default,1,Default,Default,Default,Default,Default,Default,Default,Default,Default,16,Default,dotNetTips.Spargine.Extensions.BenchmarkTests,"**NEW**,Collections",50,30.236 ns,0.4191 ns,0.3920 ns,0.1012 ns,29.684 ns,29.828 ns,30.250 ns,30.544 ns,30.794 ns,"33,072,630.4",0.4191 ns,15.00,1.308,2.000,-0.0858,12,*,No,-,418 B,-,0 B
'Slice Test',Job-LAXWQE,False,True,Default,Default,Default,Default,Default,1111,Empty,RyuJit,X64,8c5e7fda-e8bf-4a96-9a85-a6e23a8c635c,.NET 5.0,False,True,False,True,Default,Default,False,False,True,Default,Default,Default,Default,Default,.NET 5.0,Default,1,Default,Default,Default,Default,Default,Default,Default,Default,Default,16,Default,dotNetTips.Spargine.Extensions.BenchmarkTests,"**NEW**,Collections",100,32.072 ns,0.1378 ns,0.1222 ns,0.0327 ns,31.958 ns,31.994 ns,32.029 ns,32.074 ns,32.365 ns,"31,179,879.7",0.1378 ns,14.00,3.047,2.000,1.1993,14,*,No,-,418 B,-,0 B
'Slice Test',Job-LAXWQE,False,True,Default,Default,Default,Default,Default,1111,Empty,RyuJit,X64,8c5e7fda-e8bf-4a96-9a85-a6e23a8c635c,.NET 5.0,False,True,False,True,Default,Default,False,False,True,Default,Default,Default,Default,Default,.NET 5.0,Default,1,Default,Default,Default,Default,Default,Default,Default,Default,Default,16,Default,dotNetTips.Spargine.Extensions.BenchmarkTests,"**NEW**,Collections",250,31.580 ns,0.3509 ns,0.2739 ns,0.0791 ns,30.772 ns,31.656 ns,31.670 ns,31.691 ns,31.740 ns,"31,665,432.2",0.3509 ns,12.00,6.378,2.000,-2.1363,13,*,No,-,418 B,-,0 B
'Slice Test',Job-LAXWQE,False,True,Default,Default,Default,Default,Default,1111,Empty,RyuJit,X64,8c5e7fda-e8bf-4a96-9a85-a6e23a8c635c,.NET 5.0,False,True,False,True,Default,Default,False,False,True,Default,Default,Default,Default,Default,.NET 5.0,Default,1,Default,Default,Default,Default,Default,Default,Default,Default,Default,16,Default,dotNetTips.Spargine.Extensions.BenchmarkTests,"**NEW**,Collections",500,30.769 ns,0.0316 ns,0.0247 ns,0.0071 ns,30.739 ns,30.749 ns,30.763 ns,30.789 ns,30.807 ns,"32,499,836.2",0.0316 ns,12.00,1.322,2.000,0.2072,12,*,No,-,418 B,-,0 B
'Slice Test',Job-LAXWQE,False,True,Default,Default,Default,Default,Default,1111,Empty,RyuJit,X64,8c5e7fda-e8bf-4a96-9a85-a6e23a8c635c,.NET 5.0,False,True,False,True,Default,Default,False,False,True,Default,Default,Default,Default,Default,.NET 5.0,Default,1,Default,Default,Default,Default,Default,Default,Default,Default,Default,16,Default,dotNetTips.Spargine.Extensions.BenchmarkTests,"**NEW**,Collections",1000,31.554 ns,0.6456 ns,1.1804 ns,0.1821 ns,30.016 ns,30.349 ns,31.594 ns,32.282 ns,34.405 ns,"31,691,257.8",0.6456 ns,42.00,2.259,2.000,0.3396,13,*,No,-,418 B,-,0 B
AddLast,Job-LAXWQE,False,True,Default,Default,Default,Default,Default,1111,Empty,RyuJit,X64,8c5e7fda-e8bf-4a96-9a85-a6e23a8c635c,.NET 5.0,False,True,False,True,Default,Default,False,False,True,Default,Default,Default,Default,Default,.NET 5.0,Default,1,Default,Default,Default,Default,Default,Default,Default,Default,Default,16,Default,dotNetTips.Spargine.Extensions.BenchmarkTests,Collections,10,86.519 ns,0.0913 ns,0.1394 ns,0.0250 ns,86.063 ns,86.493 ns,86.522 ns,86.577 ns,86.891 ns,"11,558,205.3",0.0913 ns,31.00,6.283,2.000,-0.8645,25,*,No,0.0347,331 B,-,320 B
AddLast,Job-LAXWQE,False,True,Default,Default,Default,Default,Default,1111,Empty,RyuJit,X64,8c5e7fda-e8bf-4a96-9a85-a6e23a8c635c,.NET 5.0,False,True,False,True,Default,Default,False,False,True,Default,Default,Default,Default,Default,.NET 5.0,Default,1,Default,Default,Default,Default,Default,Default,Default,Default,Default,16,Default,dotNetTips.Spargine.Extensions.BenchmarkTests,Collections,25,127.511 ns,0.2183 ns,0.1935 ns,0.0517 ns,127.027 ns,127.426 ns,127.566 ns,127.609 ns,127.818 ns,"7,842,472.8",0.2183 ns,14.00,3.444,2.000,-0.8874,30,*,No,0.0739,331 B,-,680 B
AddLast,Job-LAXWQE,False,True,Default,Default,Default,Default,Default,1111,Empty,RyuJit,X64,8c5e7fda-e8bf-4a96-9a85-a6e23a8c635c,.NET 5.0,False,True,False,True,Default,Default,False,False,True,Default,Default,Default,Default,Default,.NET 5.0,Default,1,Default,Default,Default,Default,Default,Default,Default,Default,Default,16,Default,dotNetTips.Spargine.Extensions.BenchmarkTests,Collections,50,176.541 ns,0.3871 ns,0.3621 ns,0.0935 ns,175.847 ns,176.519 ns,176.587 ns,176.737 ns,177.015 ns,"5,664,396.3",0.3871 ns,15.00,2.378,2.000,-0.8281,32,*,No,0.1397,331 B,0.0002,"1,280 B"
AddLast,Job-LAXWQE,False,True,Default,Default,Default,Default,Default,1111,Empty,RyuJit,X64,8c5e7fda-e8bf-4a96-9a85-a6e23a8c635c,.NET 5.0,False,True,False,True,Default,Default,False,False,True,Default,Default,Default,Default,Default,.NET 5.0,Default,1,Default,Default,Default,Default,Default,Default,Default,Default,Default,16,Default,dotNetTips.Spargine.Extensions.BenchmarkTests,Collections,100,288.448 ns,2.1034 ns,1.8646 ns,0.4983 ns,284.487 ns,288.025 ns,288.739 ns,289.708 ns,291.078 ns,"3,466,830.6",2.1034 ns,14.00,2.631,2.000,-0.8123,37,*,No,0.2708,331 B,0.0014,"2,480 B"
AddLast,Job-LAXWQE,False,True,Default,Default,Default,Default,Default,1111,Empty,RyuJit,X64,8c5e7fda-e8bf-4a96-9a85-a6e23a8c635c,.NET 5.0,False,True,False,True,Default,Default,False,False,True,Default,Default,Default,Default,Default,.NET 5.0,Default,1,Default,Default,Default,Default,Default,Default,Default,Default,Default,16,Default,dotNetTips.Spargine.Extensions.BenchmarkTests,Collections,250,627.096 ns,6.3993 ns,5.9859 ns,1.5456 ns,612.174 ns,627.280 ns,628.607 ns,630.560 ns,631.826 ns,"1,594,652.5",6.3993 ns,15.00,4.380,2.000,-1.6869,46,*,No,0.6695,331 B,0.0086,"6,080 B"
AddLast,Job-LAXWQE,False,True,Default,Default,Default,Default,Default,1111,Empty,RyuJit,X64,8c5e7fda-e8bf-4a96-9a85-a6e23a8c635c,.NET 5.0,False,True,False,True,Default,Default,False,False,True,Default,Default,Default,Default,Default,.NET 5.0,Default,1,Default,Default,Default,Default,Default,Default,Default,Default,Default,16,Default,dotNetTips.Spargine.Extensions.BenchmarkTests,Collections,500,"1,221.081 ns",2.8778 ns,2.6919 ns,0.6950 ns,"1,214.968 ns","1,219.778 ns","1,221.341 ns","1,222.422 ns","1,225.832 ns","818,946.4",2.8778 ns,15.00,2.820,2.000,-0.4600,52,*,No,1.3332,331 B,0.0210,"12,080 B"
AddLast,Job-LAXWQE,False,True,Default,Default,Default,Default,Default,1111,Empty,RyuJit,X64,8c5e7fda-e8bf-4a96-9a85-a6e23a8c635c,.NET 5.0,False,True,False,True,Default,Default,False,False,True,Default,Default,Default,Default,Default,.NET 5.0,Default,1,Default,Default,Default,Default,Default,Default,Default,Default,Default,16,Default,dotNetTips.Spargine.Extensions.BenchmarkTests,Collections,1000,"2,327.728 ns",9.3427 ns,8.7392 ns,2.2564 ns,"2,315.337 ns","2,320.568 ns","2,326.648 ns","2,332.155 ns","2,343.806 ns","429,603.5",9.3427 ns,15.00,1.798,2.000,0.3564,60,*,No,2.6550,331 B,-,"24,080 B"
AreEqual,Job-LAXWQE,False,True,Default,Default,Default,Default,Default,1111,Empty,RyuJit,X64,8c5e7fda-e8bf-4a96-9a85-a6e23a8c635c,.NET 5.0,False,True,False,True,Default,Default,False,False,True,Default,Default,Default,Default,Default,.NET 5.0,Default,1,Default,Default,Default,Default,Default,Default,Default,Default,Default,16,Default,dotNetTips.Spargine.Extensions.BenchmarkTests,Collections,10,11.150 ns,0.0811 ns,0.0678 ns,0.0188 ns,10.977 ns,11.121 ns,11.153 ns,11.190 ns,11.266 ns,"89,690,021.3",0.0811 ns,13.00,3.951,2.000,-0.8349,4,*,No,-,707 B,-,0 B
AreEqual,Job-LAXWQE,False,True,Default,Default,Default,Default,Default,1111,Empty,RyuJit,X64,8c5e7fda-e8bf-4a96-9a85-a6e23a8c635c,.NET 5.0,False,True,False,True,Default,Default,False,False,True,Default,Default,Default,Default,Default,.NET 5.0,Default,1,Default,Default,Default,Default,Default,Default,Default,Default,Default,16,Default,dotNetTips.Spargine.Extensions.BenchmarkTests,Collections,25,11.123 ns,0.0231 ns,0.0216 ns,0.0056 ns,11.089 ns,11.107 ns,11.127 ns,11.135 ns,11.157 ns,"89,899,854.3",0.0231 ns,15.00,1.755,2.000,-0.0596,4,*,No,-,707 B,-,0 B
AreEqual,Job-LAXWQE,False,True,Default,Default,Default,Default,Default,1111,Empty,RyuJit,X64,8c5e7fda-e8bf-4a96-9a85-a6e23a8c635c,.NET 5.0,False,True,False,True,Default,Default,False,False,True,Default,Default,Default,Default,Default,.NET 5.0,Default,1,Default,Default,Default,Default,Default,Default,Default,Default,Default,16,Default,dotNetTips.Spargine.Extensions.BenchmarkTests,Collections,50,11.760 ns,0.0403 ns,0.0337 ns,0.0093 ns,11.656 ns,11.758 ns,11.764 ns,11.782 ns,11.789 ns,"85,036,965.4",0.0403 ns,13.00,6.994,2.000,-2.1209,4,*,No,-,707 B,-,0 B
AreEqual,Job-LAXWQE,False,True,Default,Default,Default,Default,Default,1111,Empty,RyuJit,X64,8c5e7fda-e8bf-4a96-9a85-a6e23a8c635c,.NET 5.0,False,True,False,True,Default,Default,False,False,True,Default,Default,Default,Default,Default,.NET 5.0,Default,1,Default,Default,Default,Default,Default,Default,Default,Default,Default,16,Default,dotNetTips.Spargine.Extensions.BenchmarkTests,Collections,100,11.538 ns,0.2559 ns,0.2394 ns,0.0618 ns,11.156 ns,11.343 ns,11.582 ns,11.708 ns,11.913 ns,"86,672,326.6",0.2559 ns,15.00,1.580,2.000,-0.1593,4,*,No,-,707 B,-,0 B
AreEqual,Job-LAXWQE,False,True,Default,Default,Default,Default,Default,1111,Empty,RyuJit,X64,8c5e7fda-e8bf-4a96-9a85-a6e23a8c635c,.NET 5.0,False,True,False,True,Default,Default,False,False,True,Default,Default,Default,Default,Default,.NET 5.0,Default,1,Default,Default,Default,Default,Default,Default,Default,Default,Default,16,Default,dotNetTips.Spargine.Extensions.BenchmarkTests,Collections,250,11.762 ns,0.0226 ns,0.0201 ns,0.0054 ns,11.736 ns,11.748 ns,11.759 ns,11.772 ns,11.812 ns,"85,018,655.3",0.0226 ns,14.00,3.316,2.000,0.8926,4,*,No,-,707 B,-,0 B
AreEqual,Job-LAXWQE,False,True,Default,Default,Default,Default,Default,1111,Empty,RyuJit,X64,8c5e7fda-e8bf-4a96-9a85-a6e23a8c635c,.NET 5.0,False,True,False,True,Default,Default,False,False,True,Default,Default,Default,Default,Default,.NET 5.0,Default,1,Default,Default,Default,Default,Default,Default,Default,Default,Default,16,Default,dotNetTips.Spargine.Extensions.BenchmarkTests,Collections,500,11.258 ns,0.0288 ns,0.0241 ns,0.0067 ns,11.199 ns,11.254 ns,11.262 ns,11.265 ns,11.300 ns,"88,823,515.3",0.0288 ns,13.00,3.784,2.000,-0.7430,4,*,No,-,707 B,-,0 B
AreEqual,Job-LAXWQE,False,True,Default,Default,Default,Default,Default,1111,Empty,RyuJit,X64,8c5e7fda-e8bf-4a96-9a85-a6e23a8c635c,.NET 5.0,False,True,False,True,Default,Default,False,False,True,Default,Default,Default,Default,Default,.NET 5.0,Default,1,Default,Default,Default,Default,Default,Default,Default,Default,Default,16,Default,dotNetTips.Spargine.Extensions.BenchmarkTests,Collections,1000,10.869 ns,0.0488 ns,0.0457 ns,0.0118 ns,10.804 ns,10.824 ns,10.877 ns,10.906 ns,10.948 ns,"92,001,871.8",0.0488 ns,15.00,1.555,2.000,-0.0345,3,*,No,-,707 B,-,0 B
ClearNulls,Job-LAXWQE,False,True,Default,Default,Default,Default,Default,1111,Empty,RyuJit,X64,8c5e7fda-e8bf-4a96-9a85-a6e23a8c635c,.NET 5.0,False,True,False,True,Default,Default,False,False,True,Default,Default,Default,Default,Default,.NET 5.0,Default,1,Default,Default,Default,Default,Default,Default,Default,Default,Default,16,Default,dotNetTips.Spargine.Extensions.BenchmarkTests,Collections,10,131.832 ns,0.2409 ns,0.2253 ns,0.0582 ns,131.435 ns,131.683 ns,131.847 ns,131.949 ns,132.302 ns,"7,585,426.2",0.2409 ns,15.00,2.380,2.000,0.1099,31,*,No,0.0348,633 B,-,320 B
ClearNulls,Job-LAXWQE,False,True,Default,Default,Default,Default,Default,1111,Empty,RyuJit,X64,8c5e7fda-e8bf-4a96-9a85-a6e23a8c635c,.NET 5.0,False,True,False,True,Default,Default,False,False,True,Default,Default,Default,Default,Default,.NET 5.0,Default,1,Default,Default,Default,Default,Default,Default,Default,Default,Default,16,Default,dotNetTips.Spargine.Extensions.BenchmarkTests,Collections,25,214.179 ns,0.6731 ns,0.6297 ns,0.1626 ns,212.663 ns,214.053 ns,214.315 ns,214.516 ns,214.931 ns,"4,668,992.2",0.6731 ns,15.00,3.030,2.000,-0.9645,34,*,No,0.0746,633 B,-,680 B
ClearNulls,Job-LAXWQE,False,True,Default,Default,Default,Default,Default,1111,Empty,RyuJit,X64,8c5e7fda-e8bf-4a96-9a85-a6e23a8c635c,.NET 5.0,False,True,False,True,Default,Default,False,False,True,Default,Default,Default,Default,Default,.NET 5.0,Default,1,Default,Default,Default,Default,Default,Default,Default,Default,Default,16,Default,dotNetTips.Spargine.Extensions.BenchmarkTests,Collections,50,323.121 ns,4.0398 ns,3.5811 ns,0.9571 ns,316.304 ns,321.602 ns,322.698 ns,325.608 ns,329.446 ns,"3,094,811.2",4.0398 ns,14.00,2.136,2.000,-0.1802,39,*,No,0.1397,633 B,-,"1,280 B"
ClearNulls,Job-LAXWQE,False,True,Default,Default,Default,Default,Default,1111,Empty,RyuJit,X64,8c5e7fda-e8bf-4a96-9a85-a6e23a8c635c,.NET 5.0,False,True,False,True,Default,Default,False,False,True,Default,Default,Default,Default,Default,.NET 5.0,Default,1,Default,Default,Default,Default,Default,Default,Default,Default,Default,16,Default,dotNetTips.Spargine.Extensions.BenchmarkTests,Collections,100,557.350 ns,1.9706 ns,1.8433 ns,0.4759 ns,554.108 ns,556.085 ns,557.596 ns,558.478 ns,561.325 ns,"1,794,203.9",1.9706 ns,15.00,2.484,2.000,0.1281,45,*,No,0.2699,633 B,-,"2,480 B"
ClearNulls,Job-LAXWQE,False,True,Default,Default,Default,Default,Default,1111,Empty,RyuJit,X64,8c5e7fda-e8bf-4a96-9a85-a6e23a8c635c,.NET 5.0,False,True,False,True,Default,Default,False,False,True,Default,Default,Default,Default,Default,.NET 5.0,Default,1,Default,Default,Default,Default,Default,Default,Default,Default,Default,16,Default,dotNetTips.Spargine.Extensions.BenchmarkTests,Collections,250,"1,248.702 ns",3.2214 ns,2.8557 ns,0.7632 ns,"1,240.056 ns","1,248.395 ns","1,248.939 ns","1,249.869 ns","1,252.176 ns","800,831.8",3.2214 ns,14.00,6.247,2.000,-1.7849,53,*,No,0.6695,633 B,0.0038,"6,080 B"
ClearNulls,Job-LAXWQE,False,True,Default,Default,Default,Default,Default,1111,Empty,RyuJit,X64,8c5e7fda-e8bf-4a96-9a85-a6e23a8c635c,.NET 5.0,False,True,False,True,Default,Default,False,False,True,Default,Default,Default,Default,Default,.NET 5.0,Default,1,Default,Default,Default,Default,Default,Default,Default,Default,Default,16,Default,dotNetTips.Spargine.Extensions.BenchmarkTests,Collections,500,"2,392.616 ns",12.4591 ns,11.6543 ns,3.0091 ns,"2,378.119 ns","2,381.550 ns","2,395.364 ns","2,402.354 ns","2,408.748 ns","417,952.5",12.4591 ns,15.00,1.139,2.000,-0.0138,61,*,No,1.3199,633 B,-,"12,080 B"
ClearNulls,Job-LAXWQE,False,True,Default,Default,Default,Default,Default,1111,Empty,RyuJit,X64,8c5e7fda-e8bf-4a96-9a85-a6e23a8c635c,.NET 5.0,False,True,False,True,Default,Default,False,False,True,Default,Default,Default,Default,Default,.NET 5.0,Default,1,Default,Default,Default,Default,Default,Default,Default,Default,Default,16,Default,dotNetTips.Spargine.Extensions.BenchmarkTests,Collections,1000,"4,670.559 ns",21.6428 ns,19.1858 ns,5.1276 ns,"4,639.536 ns","4,656.692 ns","4,671.265 ns","4,679.805 ns","4,714.415 ns","214,107.1",21.6428 ns,14.00,2.710,2.000,0.4817,67,*,No,2.6779,633 B,0.0610,"24,080 B"
CopyToList,Job-LAXWQE,False,True,Default,Default,Default,Default,Default,1111,Empty,RyuJit,X64,8c5e7fda-e8bf-4a96-9a85-a6e23a8c635c,.NET 5.0,False,True,False,True,Default,Default,False,False,True,Default,Default,Default,Default,Default,.NET 5.0,Default,1,Default,Default,Default,Default,Default,Default,Default,Default,Default,16,Default,dotNetTips.Spargine.Extensions.BenchmarkTests,Collections,10,46.525 ns,0.0812 ns,0.0678 ns,0.0188 ns,46.404 ns,46.494 ns,46.545 ns,46.564 ns,46.658 ns,"21,493,942.0",0.0812 ns,13.00,2.443,2.000,-0.1052,17,*,No,0.0150,277 B,-,136 B
CopyToList,Job-LAXWQE,False,True,Default,Default,Default,Default,Default,1111,Empty,RyuJit,X64,8c5e7fda-e8bf-4a96-9a85-a6e23a8c635c,.NET 5.0,False,True,False,True,Default,Default,False,False,True,Default,Default,Default,Default,Default,.NET 5.0,Default,1,Default,Default,Default,Default,Default,Default,Default,Default,Default,16,Default,dotNetTips.Spargine.Extensions.BenchmarkTests,Collections,25,59.529 ns,0.2513 ns,0.2351 ns,0.0607 ns,59.193 ns,59.312 ns,59.624 ns,59.738 ns,59.864 ns,"16,798,417.8",0.2513 ns,15.00,1.172,2.000,-0.0503,20,*,No,0.0279,277 B,-,256 B
CopyToList,Job-LAXWQE,False,True,Default,Default,Default,Default,Default,1111,Empty,RyuJit,X64,8c5e7fda-e8bf-4a96-9a85-a6e23a8c635c,.NET 5.0,False,True,False,True,Default,Default,False,False,True,Default,Default,Default,Default,Default,.NET 5.0,Default,1,Default,Default,Default,Default,Default,Default,Default,Default,Default,16,Default,dotNetTips.Spargine.Extensions.BenchmarkTests,Collections,50,77.913 ns,0.5067 ns,0.4492 ns,0.1200 ns,77.251 ns,77.599 ns,77.872 ns,78.158 ns,78.766 ns,"12,834,811.8",0.5067 ns,14.00,2.089,2.000,0.3689,23,*,No,0.0499,277 B,-,456 B
CopyToList,Job-LAXWQE,False,True,Default,Default,Default,Default,Default,1111,Empty,RyuJit,X64,8c5e7fda-e8bf-4a96-9a85-a6e23a8c635c,.NET 5.0,False,True,False,True,Default,Default,False,False,True,Default,Default,Default,Default,Default,.NET 5.0,Default,1,Default,Default,Default,Default,Default,Default,Default,Default,Default,16,Default,dotNetTips.Spargine.Extensions.BenchmarkTests,Collections,100,118.668 ns,0.4163 ns,0.3691 ns,0.0986 ns,118.109 ns,118.438 ns,118.626 ns,118.876 ns,119.524 ns,"8,426,872.1",0.4163 ns,14.00,2.800,2.000,0.5933,28,*,No,0.0937,277 B,-,856 B
CopyToList,Job-LAXWQE,False,True,Default,Default,Default,Default,Default,1111,Empty,RyuJit,X64,8c5e7fda-e8bf-4a96-9a85-a6e23a8c635c,.NET 5.0,False,True,False,True,Default,Default,False,False,True,Default,Default,Default,Default,Default,.NET 5.0,Default,1,Default,Default,Default,Default,Default,Default,Default,Default,Default,16,Default,dotNetTips.Spargine.Extensions.BenchmarkTests,Collections,250,236.639 ns,0.7830 ns,0.7324 ns,0.1891 ns,235.527 ns,236.119 ns,236.583 ns,237.193 ns,238.034 ns,"4,225,853.9",0.7830 ns,15.00,1.876,2.000,0.2824,35,*,No,0.2246,277 B,-,"2,056 B"
CopyToList,Job-LAXWQE,False,True,Default,Default,Default,Default,Default,1111,Empty,RyuJit,X64,8c5e7fda-e8bf-4a96-9a85-a6e23a8c635c,.NET 5.0,False,True,False,True,Default,Default,False,False,True,Default,Default,Default,Default,Default,.NET 5.0,Default,1,Default,Default,Default,Default,Default,Default,Default,Default,Default,16,Default,dotNetTips.Spargine.Extensions.BenchmarkTests,Collections,500,447.236 ns,0.8865 ns,0.8292 ns,0.2141 ns,446.231 ns,446.536 ns,447.117 ns,447.770 ns,449.116 ns,"2,235,958.0",0.8865 ns,15.00,2.345,2.000,0.5217,42,*,No,0.4401,277 B,-,"4,056 B"
CopyToList,Job-LAXWQE,False,True,Default,Default,Default,Default,Default,1111,Empty,RyuJit,X64,8c5e7fda-e8bf-4a96-9a85-a6e23a8c635c,.NET 5.0,False,True,False,True,Default,Default,False,False,True,Default,Default,Default,Default,Default,.NET 5.0,Default,1,Default,Default,Default,Default,Default,Default,Default,Default,Default,16,Default,dotNetTips.Spargine.Extensions.BenchmarkTests,Collections,1000,883.212 ns,2.1577 ns,2.0183 ns,0.5211 ns,879.910 ns,881.831 ns,883.018 ns,884.332 ns,887.253 ns,"1,132,231.3",2.1577 ns,15.00,2.121,2.000,0.2703,51,*,No,0.8860,277 B,-,"8,056 B"
HasItems,Job-LAXWQE,False,True,Default,Default,Default,Default,Default,1111,Empty,RyuJit,X64,8c5e7fda-e8bf-4a96-9a85-a6e23a8c635c,.NET 5.0,False,True,False,True,Default,Default,False,False,True,Default,Default,Default,Default,Default,.NET 5.0,Default,1,Default,Default,Default,Default,Default,Default,Default,Default,Default,16,Default,dotNetTips.Spargine.Extensions.BenchmarkTests,"**NEW**,Collections",10,53.484 ns,0.0742 ns,0.0658 ns,0.0176 ns,53.353 ns,53.443 ns,53.480 ns,53.543 ns,53.574 ns,"18,697,208.0",0.0742 ns,14.00,1.997,2.000,-0.2062,19,*,No,0.0150,454 B,-,136 B
HasItems,Job-LAXWQE,False,True,Default,Default,Default,Default,Default,1111,Empty,RyuJit,X64,8c5e7fda-e8bf-4a96-9a85-a6e23a8c635c,.NET 5.0,False,True,False,True,Default,Default,False,False,True,Default,Default,Default,Default,Default,.NET 5.0,Default,1,Default,Default,Default,Default,Default,Default,Default,Default,Default,16,Default,dotNetTips.Spargine.Extensions.BenchmarkTests,"**NEW**,Collections",25,65.606 ns,0.2774 ns,0.2595 ns,0.0670 ns,64.992 ns,65.465 ns,65.630 ns,65.809 ns,66.013 ns,"15,242,594.0",0.2774 ns,15.00,2.805,2.000,-0.5734,21,*,No,0.0280,454 B,-,256 B
HasItems,Job-LAXWQE,False,True,Default,Default,Default,Default,Default,1111,Empty,RyuJit,X64,8c5e7fda-e8bf-4a96-9a85-a6e23a8c635c,.NET 5.0,False,True,False,True,Default,Default,False,False,True,Default,Default,Default,Default,Default,.NET 5.0,Default,1,Default,Default,Default,Default,Default,Default,Default,Default,Default,16,Default,dotNetTips.Spargine.Extensions.BenchmarkTests,"**NEW**,Collections",50,82.763 ns,0.4552 ns,0.4258 ns,0.1099 ns,82.243 ns,82.455 ns,82.652 ns,82.912 ns,83.594 ns,"12,082,686.9",0.4552 ns,15.00,2.098,2.000,0.6831,24,*,No,0.0494,454 B,-,456 B
HasItems,Job-LAXWQE,False,True,Default,Default,Default,Default,Default,1111,Empty,RyuJit,X64,8c5e7fda-e8bf-4a96-9a85-a6e23a8c635c,.NET 5.0,False,True,False,True,Default,Default,False,False,True,Default,Default,Default,Default,Default,.NET 5.0,Default,1,Default,Default,Default,Default,Default,Default,Default,Default,Default,16,Default,dotNetTips.Spargine.Extensions.BenchmarkTests,"**NEW**,Collections",100,121.226 ns,0.3263 ns,0.3052 ns,0.0788 ns,120.797 ns,121.022 ns,121.099 ns,121.513 ns,121.736 ns,"8,249,080.1",0.3263 ns,15.00,1.485,2.000,0.3076,29,*,No,0.0930,454 B,-,856 B
HasItems,Job-LAXWQE,False,True,Default,Default,Default,Default,Default,1111,Empty,RyuJit,X64,8c5e7fda-e8bf-4a96-9a85-a6e23a8c635c,.NET 5.0,False,True,False,True,Default,Default,False,False,True,Default,Default,Default,Default,Default,.NET 5.0,Default,1,Default,Default,Default,Default,Default,Default,Default,Default,Default,16,Default,dotNetTips.Spargine.Extensions.BenchmarkTests,"**NEW**,Collections",250,239.405 ns,0.7476 ns,0.6993 ns,0.1806 ns,238.079 ns,239.081 ns,239.372 ns,239.798 ns,240.481 ns,"4,177,023.7",0.7476 ns,15.00,2.071,2.000,-0.0884,35,*,No,0.2246,454 B,-,"2,056 B"
HasItems,Job-LAXWQE,False,True,Default,Default,Default,Default,Default,1111,Empty,RyuJit,X64,8c5e7fda-e8bf-4a96-9a85-a6e23a8c635c,.NET 5.0,False,True,False,True,Default,Default,False,False,True,Default,Default,Default,Default,Default,.NET 5.0,Default,1,Default,Default,Default,Default,Default,Default,Default,Default,Default,16,Default,dotNetTips.Spargine.Extensions.BenchmarkTests,"**NEW**,Collections",500,440.561 ns,3.5792 ns,3.3480 ns,0.8644 ns,433.415 ns,438.720 ns,440.506 ns,442.675 ns,446.027 ns,"2,269,834.1",3.5792 ns,15.00,2.334,2.000,-0.2544,41,*,No,0.4411,454 B,-,"4,056 B"
HasItems,Job-LAXWQE,False,True,Default,Default,Default,Default,Default,1111,Empty,RyuJit,X64,8c5e7fda-e8bf-4a96-9a85-a6e23a8c635c,.NET 5.0,False,True,False,True,Default,Default,False,False,True,Default,Default,Default,Default,Default,.NET 5.0,Default,1,Default,Default,Default,Default,Default,Default,Default,Default,Default,16,Default,dotNetTips.Spargine.Extensions.BenchmarkTests,"**NEW**,Collections",1000,860.688 ns,2.4316 ns,2.2745 ns,0.5873 ns,856.756 ns,859.310 ns,860.457 ns,861.829 ns,865.104 ns,"1,161,861.8",2.4316 ns,15.00,2.156,2.000,0.2570,51,*,No,0.8869,454 B,0.0029,"8,056 B"
IndexOf,Job-LAXWQE,False,True,Default,Default,Default,Default,Default,1111,Empty,RyuJit,X64,8c5e7fda-e8bf-4a96-9a85-a6e23a8c635c,.NET 5.0,False,True,False,True,Default,Default,False,False,True,Default,Default,Default,Default,Default,.NET 5.0,Default,1,Default,Default,Default,Default,Default,Default,Default,Default,Default,16,Default,dotNetTips.Spargine.Extensions.BenchmarkTests,Collections,10,53.500 ns,0.3331 ns,0.2782 ns,0.0772 ns,52.935 ns,53.409 ns,53.495 ns,53.616 ns,53.962 ns,"18,691,463.5",0.3331 ns,13.00,2.606,2.000,-0.4224,19,*,No,-,308 B,-,0 B
IndexOf,Job-LAXWQE,False,True,Default,Default,Default,Default,Default,1111,Empty,RyuJit,X64,8c5e7fda-e8bf-4a96-9a85-a6e23a8c635c,.NET 5.0,False,True,False,True,Default,Default,False,False,True,Default,Default,Default,Default,Default,.NET 5.0,Default,1,Default,Default,Default,Default,Default,Default,Default,Default,Default,16,Default,dotNetTips.Spargine.Extensions.BenchmarkTests,Collections,25,104.445 ns,0.4751 ns,0.4445 ns,0.1148 ns,103.355 ns,104.197 ns,104.564 ns,104.677 ns,105.058 ns,"9,574,413.2",0.4751 ns,15.00,3.089,2.000,-0.7999,27,*,No,-,308 B,-,0 B
IndexOf,Job-LAXWQE,False,True,Default,Default,Default,Default,Default,1111,Empty,RyuJit,X64,8c5e7fda-e8bf-4a96-9a85-a6e23a8c635c,.NET 5.0,False,True,False,True,Default,Default,False,False,True,Default,Default,Default,Default,Default,.NET 5.0,Default,1,Default,Default,Default,Default,Default,Default,Default,Default,Default,16,Default,dotNetTips.Spargine.Extensions.BenchmarkTests,Collections,50,181.628 ns,0.7080 ns,0.6276 ns,0.1677 ns,180.469 ns,181.351 ns,181.721 ns,181.936 ns,182.845 ns,"5,505,761.7",0.7080 ns,14.00,2.731,2.000,-0.3157,33,*,No,-,308 B,-,0 B
IndexOf,Job-LAXWQE,False,True,Default,Default,Default,Default,Default,1111,Empty,RyuJit,X64,8c5e7fda-e8bf-4a96-9a85-a6e23a8c635c,.NET 5.0,False,True,False,True,Default,Default,False,False,True,Default,Default,Default,Default,Default,.NET 5.0,Default,1,Default,Default,Default,Default,Default,Default,Default,Default,Default,16,Default,dotNetTips.Spargine.Extensions.BenchmarkTests,Collections,100,313.653 ns,1.3798 ns,1.2232 ns,0.3269 ns,309.929 ns,313.551 ns,314.022 ns,314.268 ns,314.632 ns,"3,188,237.3",1.3798 ns,14.00,6.305,2.000,-1.9986,38,*,No,-,308 B,-,0 B
IndexOf,Job-LAXWQE,False,True,Default,Default,Default,Default,Default,1111,Empty,RyuJit,X64,8c5e7fda-e8bf-4a96-9a85-a6e23a8c635c,.NET 5.0,False,True,False,True,Default,Default,False,False,True,Default,Default,Default,Default,Default,.NET 5.0,Default,1,Default,Default,Default,Default,Default,Default,Default,Default,Default,16,Default,dotNetTips.Spargine.Extensions.BenchmarkTests,Collections,250,743.368 ns,2.5863 ns,2.4192 ns,0.6246 ns,738.379 ns,742.065 ns,743.908 ns,745.304 ns,746.015 ns,"1,345,229.2",2.5863 ns,15.00,2.064,2.000,-0.6954,48,*,No,-,308 B,-,0 B
IndexOf,Job-LAXWQE,False,True,Default,Default,Default,Default,Default,1111,Empty,RyuJit,X64,8c5e7fda-e8bf-4a96-9a85-a6e23a8c635c,.NET 5.0,False,True,False,True,Default,Default,False,False,True,Default,Default,Default,Default,Default,.NET 5.0,Default,1,Default,Default,Default,Default,Default,Default,Default,Default,Default,16,Default,dotNetTips.Spargine.Extensions.BenchmarkTests,Collections,500,"1,467.945 ns",4.2550 ns,3.5531 ns,0.9855 ns,"1,461.619 ns","1,467.064 ns","1,468.456 ns","1,469.527 ns","1,474.471 ns","681,224.5",4.2550 ns,13.00,2.272,2.000,-0.2399,55,*,No,-,308 B,-,0 B
IndexOf,Job-LAXWQE,False,True,Default,Default,Default,Default,Default,1111,Empty,RyuJit,X64,8c5e7fda-e8bf-4a96-9a85-a6e23a8c635c,.NET 5.0,False,True,False,True,Default,Default,False,False,True,Default,Default,Default,Default,Default,.NET 5.0,Default,1,Default,Default,Default,Default,Default,Default,Default,Default,Default,16,Default,dotNetTips.Spargine.Extensions.BenchmarkTests,Collections,1000,"2,884.776 ns",9.8456 ns,8.7279 ns,2.3326 ns,"2,871.312 ns","2,875.940 ns","2,887.701 ns","2,891.908 ns","2,895.687 ns","346,647.3",9.8456 ns,14.00,1.279,2.000,-0.1874,64,*,No,-,308 B,-,0 B
IndexOf:Comparer,Job-LAXWQE,False,True,Default,Default,Default,Default,Default,1111,Empty,RyuJit,X64,8c5e7fda-e8bf-4a96-9a85-a6e23a8c635c,.NET 5.0,False,True,False,True,Default,Default,False,False,True,Default,Default,Default,Default,Default,.NET 5.0,Default,1,Default,Default,Default,Default,Default,Default,Default,Default,Default,16,Default,dotNetTips.Spargine.Extensions.BenchmarkTests,Collections,10,823.673 ns,1.5157 ns,1.3436 ns,0.3591 ns,822.238 ns,822.944 ns,823.243 ns,823.840 ns,826.525 ns,"1,214,073.4",1.5157 ns,14.00,2.431,2.000,0.9641,49,*,No,0.0544,613 B,-,504 B
IndexOf:Comparer,Job-LAXWQE,False,True,Default,Default,Default,Default,Default,1111,Empty,RyuJit,X64,8c5e7fda-e8bf-4a96-9a85-a6e23a8c635c,.NET 5.0,False,True,False,True,Default,Default,False,False,True,Default,Default,Default,Default,Default,.NET 5.0,Default,1,Default,Default,Default,Default,Default,Default,Default,Default,Default,16,Default,dotNetTips.Spargine.Extensions.BenchmarkTests,Collections,25,"1,529.729 ns",5.7593 ns,4.8093 ns,1.3339 ns,"1,519.245 ns","1,528.715 ns","1,529.832 ns","1,532.545 ns","1,538.824 ns","653,710.4",5.7593 ns,13.00,3.007,2.000,-0.3852,56,*,No,0.0534,613 B,-,504 B
IndexOf:Comparer,Job-LAXWQE,False,True,Default,Default,Default,Default,Default,1111,Empty,RyuJit,X64,8c5e7fda-e8bf-4a96-9a85-a6e23a8c635c,.NET 5.0,False,True,False,True,Default,Default,False,False,True,Default,Default,Default,Default,Default,.NET 5.0,Default,1,Default,Default,Default,Default,Default,Default,Default,Default,Default,16,Default,dotNetTips.Spargine.Extensions.BenchmarkTests,Collections,50,"2,801.334 ns",8.9374 ns,6.9777 ns,2.0143 ns,"2,782.047 ns","2,799.614 ns","2,802.667 ns","2,805.023 ns","2,810.424 ns","356,972.8",8.9374 ns,12.00,5.138,2.000,-1.5337,63,*,No,0.0534,613 B,-,504 B
IndexOf:Comparer,Job-LAXWQE,False,True,Default,Default,Default,Default,Default,1111,Empty,RyuJit,X64,8c5e7fda-e8bf-4a96-9a85-a6e23a8c635c,.NET 5.0,False,True,False,True,Default,Default,False,False,True,Default,Default,Default,Default,Default,.NET 5.0,Default,1,Default,Default,Default,Default,Default,Default,Default,Default,Default,16,Default,dotNetTips.Spargine.Extensions.BenchmarkTests,Collections,100,"5,157.534 ns",46.8809 ns,39.1477 ns,10.8576 ns,"5,076.917 ns","5,141.522 ns","5,156.549 ns","5,164.101 ns","5,233.619 ns","193,891.1",46.8809 ns,13.00,2.978,2.000,0.1341,69,*,No,0.0534,613 B,-,504 B
IndexOf:Comparer,Job-LAXWQE,False,True,Default,Default,Default,Default,Default,1111,Empty,RyuJit,X64,8c5e7fda-e8bf-4a96-9a85-a6e23a8c635c,.NET 5.0,False,True,False,True,Default,Default,False,False,True,Default,Default,Default,Default,Default,.NET 5.0,Default,1,Default,Default,Default,Default,Default,Default,Default,Default,Default,16,Default,dotNetTips.Spargine.Extensions.BenchmarkTests,Collections,250,"12,714.307 ns",18.8435 ns,15.7352 ns,4.3642 ns,"12,685.875 ns","12,706.351 ns","12,716.882 ns","12,725.772 ns","12,735.838 ns","78,651.6",18.8435 ns,13.00,1.748,2.000,-0.2574,73,*,No,0.0458,613 B,-,504 B
IndexOf:Comparer,Job-LAXWQE,False,True,Default,Default,Default,Default,Default,1111,Empty,RyuJit,X64,8c5e7fda-e8bf-4a96-9a85-a6e23a8c635c,.NET 5.0,False,True,False,True,Default,Default,False,False,True,Default,Default,Default,Default,Default,.NET 5.0,Default,1,Default,Default,Default,Default,Default,Default,Default,Default,Default,16,Default,dotNetTips.Spargine.Extensions.BenchmarkTests,Collections,500,"25,229.049 ns",93.2089 ns,87.1876 ns,22.5118 ns,"25,027.686 ns","25,185.269 ns","25,232.611 ns","25,268.231 ns","25,387.457 ns","39,636.8",93.2089 ns,15.00,2.994,2.000,-0.3328,77,*,No,0.0305,613 B,-,504 B
IndexOf:Comparer,Job-LAXWQE,False,True,Default,Default,Default,Default,Default,1111,Empty,RyuJit,X64,8c5e7fda-e8bf-4a96-9a85-a6e23a8c635c,.NET 5.0,False,True,False,True,Default,Default,False,False,True,Default,Default,Default,Default,Default,.NET 5.0,Default,1,Default,Default,Default,Default,Default,Default,Default,Default,Default,16,Default,dotNetTips.Spargine.Extensions.BenchmarkTests,Collections,1000,"51,464.662 ns",197.3570 ns,174.9519 ns,46.7579 ns,"51,084.967 ns","51,344.092 ns","51,524.106 ns","51,592.415 ns","51,684.271 ns","19,430.8",197.3570 ns,14.00,2.275,2.000,-0.7257,80,*,No,-,613 B,-,504 B
ListHashCode,Job-LAXWQE,False,True,Default,Default,Default,Default,Default,1111,Empty,RyuJit,X64,8c5e7fda-e8bf-4a96-9a85-a6e23a8c635c,.NET 5.0,False,True,False,True,Default,Default,False,False,True,Default,Default,Default,Default,Default,.NET 5.0,Default,1,Default,Default,Default,Default,Default,Default,Default,Default,Default,16,Default,dotNetTips.Spargine.Extensions.BenchmarkTests,Collections,10,744.728 ns,6.0433 ns,5.6529 ns,1.4596 ns,734.657 ns,740.860 ns,746.045 ns,749.566 ns,752.690 ns,"1,342,772.3",6.0433 ns,15.00,1.692,2.000,-0.3393,48,*,No,0.0172,595 B,-,160 B
ListHashCode,Job-LAXWQE,False,True,Default,Default,Default,Default,Default,1111,Empty,RyuJit,X64,8c5e7fda-e8bf-4a96-9a85-a6e23a8c635c,.NET 5.0,False,True,False,True,Default,Default,False,False,True,Default,Default,Default,Default,Default,.NET 5.0,Default,1,Default,Default,Default,Default,Default,Default,Default,Default,Default,16,Default,dotNetTips.Spargine.Extensions.BenchmarkTests,Collections,25,"1,738.334 ns",11.0002 ns,9.7514 ns,2.6062 ns,"1,722.758 ns","1,730.102 ns","1,739.090 ns","1,744.926 ns","1,754.533 ns","575,263.3",11.0002 ns,14.00,1.616,2.000,0.0666,58,*,No,0.0172,595 B,-,160 B
ListHashCode,Job-LAXWQE,False,True,Default,Default,Default,Default,Default,1111,Empty,RyuJit,X64,8c5e7fda-e8bf-4a96-9a85-a6e23a8c635c,.NET 5.0,False,True,False,True,Default,Default,False,False,True,Default,Default,Default,Default,Default,.NET 5.0,Default,1,Default,Default,Default,Default,Default,Default,Default,Default,Default,16,Default,dotNetTips.Spargine.Extensions.BenchmarkTests,Collections,50,"3,628.537 ns",25.9184 ns,22.9760 ns,6.1406 ns,"3,572.879 ns","3,620.013 ns","3,627.825 ns","3,642.482 ns","3,670.375 ns","275,593.1",25.9184 ns,14.00,3.442,2.000,-0.6186,65,*,No,0.0153,595 B,-,160 B
ListHashCode,Job-LAXWQE,False,True,Default,Default,Default,Default,Default,1111,Empty,RyuJit,X64,8c5e7fda-e8bf-4a96-9a85-a6e23a8c635c,.NET 5.0,False,True,False,True,Default,Default,False,False,True,Default,Default,Default,Default,Default,.NET 5.0,Default,1,Default,Default,Default,Default,Default,Default,Default,Default,Default,16,Default,dotNetTips.Spargine.Extensions.BenchmarkTests,Collections,100,"7,209.886 ns",54.0446 ns,50.5533 ns,13.0528 ns,"7,079.514 ns","7,178.067 ns","7,224.577 ns","7,248.536 ns","7,274.874 ns","138,698.4",54.0446 ns,15.00,3.390,2.000,-1.0077,71,*,No,0.0153,595 B,-,160 B
ListHashCode,Job-LAXWQE,False,True,Default,Default,Default,Default,Default,1111,Empty,RyuJit,X64,8c5e7fda-e8bf-4a96-9a85-a6e23a8c635c,.NET 5.0,False,True,False,True,Default,Default,False,False,True,Default,Default,Default,Default,Default,.NET 5.0,Default,1,Default,Default,Default,Default,Default,Default,Default,Default,Default,16,Default,dotNetTips.Spargine.Extensions.BenchmarkTests,Collections,250,"18,131.848 ns",160.6632 ns,134.1610 ns,37.2096 ns,"17,938.803 ns","18,057.474 ns","18,156.113 ns","18,168.079 ns","18,431.216 ns","55,151.6",160.6632 ns,13.00,2.685,2.000,0.3778,74,*,No,-,595 B,-,160 B
ListHashCode,Job-LAXWQE,False,True,Default,Default,Default,Default,Default,1111,Empty,RyuJit,X64,8c5e7fda-e8bf-4a96-9a85-a6e23a8c635c,.NET 5.0,False,True,False,True,Default,Default,False,False,True,Default,Default,Default,Default,Default,.NET 5.0,Default,1,Default,Default,Default,Default,Default,Default,Default,Default,Default,16,Default,dotNetTips.Spargine.Extensions.BenchmarkTests,Collections,500,"38,711.869 ns",149.0661 ns,124.4769 ns,34.5237 ns,"38,464.142 ns","38,663.232 ns","38,692.584 ns","38,748.724 ns","38,992.548 ns","25,831.9",149.0661 ns,13.00,3.345,2.000,0.3146,78,*,No,-,595 B,-,160 B
ListHashCode,Job-LAXWQE,False,True,Default,Default,Default,Default,Default,1111,Empty,RyuJit,X64,8c5e7fda-e8bf-4a96-9a85-a6e23a8c635c,.NET 5.0,False,True,False,True,Default,Default,False,False,True,Default,Default,Default,Default,Default,.NET 5.0,Default,1,Default,Default,Default,Default,Default,Default,Default,Default,Default,16,Default,dotNetTips.Spargine.Extensions.BenchmarkTests,Collections,1000,"75,011.205 ns",465.9980 ns,363.8206 ns,105.0259 ns,"74,706.860 ns","74,802.020 ns","74,905.481 ns","75,010.156 ns","76,001.440 ns","13,331.3",465.9980 ns,12.00,4.793,2.000,1.6490,81,*,No,-,595 B,-,160 B
OrderBy,Job-LAXWQE,False,True,Default,Default,Default,Default,Default,1111,Empty,RyuJit,X64,8c5e7fda-e8bf-4a96-9a85-a6e23a8c635c,.NET 5.0,False,True,False,True,Default,Default,False,False,True,Default,Default,Default,Default,Default,.NET 5.0,Default,1,Default,Default,Default,Default,Default,Default,Default,Default,Default,16,Default,dotNetTips.Spargine.Extensions.BenchmarkTests,Collections,10,24.772 ns,0.0799 ns,0.0709 ns,0.0189 ns,24.670 ns,24.727 ns,24.744 ns,24.821 ns,24.885 ns,"40,367,770.0",0.0799 ns,14.00,1.609,2.000,0.3669,11,*,No,0.0061,391 B,-,56 B
OrderBy,Job-LAXWQE,False,True,Default,Default,Default,Default,Default,1111,Empty,RyuJit,X64,8c5e7fda-e8bf-4a96-9a85-a6e23a8c635c,.NET 5.0,False,True,False,True,Default,Default,False,False,True,Default,Default,Default,Default,Default,.NET 5.0,Default,1,Default,Default,Default,Default,Default,Default,Default,Default,Default,16,Default,dotNetTips.Spargine.Extensions.BenchmarkTests,Collections,25,24.332 ns,0.1948 ns,0.1726 ns,0.0461 ns,23.993 ns,24.249 ns,24.354 ns,24.423 ns,24.615 ns,"41,097,306.2",0.1948 ns,14.00,2.315,2.000,-0.1797,10,*,No,0.0061,391 B,-,56 B
OrderBy,Job-LAXWQE,False,True,Default,Default,Default,Default,Default,1111,Empty,RyuJit,X64,8c5e7fda-e8bf-4a96-9a85-a6e23a8c635c,.NET 5.0,False,True,False,True,Default,Default,False,False,True,Default,Default,Default,Default,Default,.NET 5.0,Default,1,Default,Default,Default,Default,Default,Default,Default,Default,Default,16,Default,dotNetTips.Spargine.Extensions.BenchmarkTests,Collections,50,24.291 ns,0.1003 ns,0.0939 ns,0.0242 ns,24.045 ns,24.263 ns,24.328 ns,24.355 ns,24.379 ns,"41,168,070.3",0.1003 ns,15.00,3.772,2.000,-1.3196,10,*,No,0.0061,391 B,-,56 B
OrderBy,Job-LAXWQE,False,True,Default,Default,Default,Default,Default,1111,Empty,RyuJit,X64,8c5e7fda-e8bf-4a96-9a85-a6e23a8c635c,.NET 5.0,False,True,False,True,Default,Default,False,False,True,Default,Default,Default,Default,Default,.NET 5.0,Default,1,Default,Default,Default,Default,Default,Default,Default,Default,Default,16,Default,dotNetTips.Spargine.Extensions.BenchmarkTests,Collections,100,23.543 ns,0.1241 ns,0.1100 ns,0.0294 ns,23.378 ns,23.468 ns,23.538 ns,23.643 ns,23.707 ns,"42,474,653.5",0.1241 ns,14.00,1.621,2.000,0.1009,9,*,No,0.0061,391 B,-,56 B
OrderBy,Job-LAXWQE,False,True,Default,Default,Default,Default,Default,1111,Empty,RyuJit,X64,8c5e7fda-e8bf-4a96-9a85-a6e23a8c635c,.NET 5.0,False,True,False,True,Default,Default,False,False,True,Default,Default,Default,Default,Default,.NET 5.0,Default,1,Default,Default,Default,Default,Default,Default,Default,Default,Default,16,Default,dotNetTips.Spargine.Extensions.BenchmarkTests,Collections,250,23.978 ns,0.0954 ns,0.0846 ns,0.0226 ns,23.783 ns,23.967 ns,23.998 ns,24.038 ns,24.069 ns,"41,705,092.0",0.0954 ns,14.00,3.048,2.000,-1.1276,10,*,No,0.0061,391 B,-,56 B
OrderBy,Job-LAXWQE,False,True,Default,Default,Default,Default,Default,1111,Empty,RyuJit,X64,8c5e7fda-e8bf-4a96-9a85-a6e23a8c635c,.NET 5.0,False,True,False,True,Default,Default,False,False,True,Default,Default,Default,Default,Default,.NET 5.0,Default,1,Default,Default,Default,Default,Default,Default,Default,Default,Default,16,Default,dotNetTips.Spargine.Extensions.BenchmarkTests,Collections,500,24.241 ns,0.1127 ns,0.1054 ns,0.0272 ns,24.012 ns,24.187 ns,24.257 ns,24.302 ns,24.419 ns,"41,251,752.8",0.1127 ns,15.00,2.485,2.000,-0.5397,10,*,No,0.0061,391 B,-,56 B
OrderBy,Job-LAXWQE,False,True,Default,Default,Default,Default,Default,1111,Empty,RyuJit,X64,8c5e7fda-e8bf-4a96-9a85-a6e23a8c635c,.NET 5.0,False,True,False,True,Default,Default,False,False,True,Default,Default,Default,Default,Default,.NET 5.0,Default,1,Default,Default,Default,Default,Default,Default,Default,Default,Default,16,Default,dotNetTips.Spargine.Extensions.BenchmarkTests,Collections,1000,22.308 ns,0.1976 ns,0.1751 ns,0.0468 ns,21.901 ns,22.247 ns,22.352 ns,22.393 ns,22.524 ns,"44,827,360.4",0.1976 ns,14.00,2.962,2.000,-0.9510,8,*,No,0.0062,391 B,-,56 B
OrderByOrdinal,Job-LAXWQE,False,True,Default,Default,Default,Default,Default,1111,Empty,RyuJit,X64,8c5e7fda-e8bf-4a96-9a85-a6e23a8c635c,.NET 5.0,False,True,False,True,Default,Default,False,False,True,Default,Default,Default,Default,Default,.NET 5.0,Default,1,Default,Default,Default,Default,Default,Default,Default,Default,Default,16,Default,dotNetTips.Spargine.Extensions.BenchmarkTests,Collections,10,17.116 ns,0.2011 ns,0.1881 ns,0.0486 ns,16.780 ns,17.010 ns,17.126 ns,17.261 ns,17.373 ns,"58,425,589.1",0.2011 ns,15.00,1.769,2.000,-0.2219,6,*,No,0.0061,412 B,-,56 B
OrderByOrdinal,Job-LAXWQE,False,True,Default,Default,Default,Default,Default,1111,Empty,RyuJit,X64,8c5e7fda-e8bf-4a96-9a85-a6e23a8c635c,.NET 5.0,False,True,False,True,Default,Default,False,False,True,Default,Default,Default,Default,Default,.NET 5.0,Default,1,Default,Default,Default,Default,Default,Default,Default,Default,Default,16,Default,dotNetTips.Spargine.Extensions.BenchmarkTests,Collections,25,17.169 ns,0.0748 ns,0.0700 ns,0.0181 ns,16.972 ns,17.145 ns,17.168 ns,17.208 ns,17.261 ns,"58,243,294.2",0.0748 ns,15.00,4.617,2.000,-1.2018,6,*,No,0.0061,412 B,-,56 B
OrderByOrdinal,Job-LAXWQE,False,True,Default,Default,Default,Default,Default,1111,Empty,RyuJit,X64,8c5e7fda-e8bf-4a96-9a85-a6e23a8c635c,.NET 5.0,False,True,False,True,Default,Default,False,False,True,Default,Default,Default,Default,Default,.NET 5.0,Default,1,Default,Default,Default,Default,Default,Default,Default,Default,Default,16,Default,dotNetTips.Spargine.Extensions.BenchmarkTests,Collections,50,17.241 ns,0.1039 ns,0.0921 ns,0.0246 ns,17.032 ns,17.205 ns,17.248 ns,17.311 ns,17.370 ns,"58,000,051.2",0.1039 ns,14.00,2.760,2.000,-0.7331,6,*,No,0.0062,412 B,-,56 B
OrderByOrdinal,Job-LAXWQE,False,True,Default,Default,Default,Default,Default,1111,Empty,RyuJit,X64,8c5e7fda-e8bf-4a96-9a85-a6e23a8c635c,.NET 5.0,False,True,False,True,Default,Default,False,False,True,Default,Default,Default,Default,Default,.NET 5.0,Default,1,Default,Default,Default,Default,Default,Default,Default,Default,Default,16,Default,dotNetTips.Spargine.Extensions.BenchmarkTests,Collections,100,16.641 ns,0.1343 ns,0.1190 ns,0.0318 ns,16.319 ns,16.635 ns,16.669 ns,16.714 ns,16.768 ns,"60,091,309.1",0.1343 ns,14.00,4.218,2.000,-1.3963,5,*,No,0.0062,412 B,-,56 B
OrderByOrdinal,Job-LAXWQE,False,True,Default,Default,Default,Default,Default,1111,Empty,RyuJit,X64,8c5e7fda-e8bf-4a96-9a85-a6e23a8c635c,.NET 5.0,False,True,False,True,Default,Default,False,False,True,Default,Default,Default,Default,Default,.NET 5.0,Default,1,Default,Default,Default,Default,Default,Default,Default,Default,Default,16,Default,dotNetTips.Spargine.Extensions.BenchmarkTests,Collections,250,17.218 ns,0.0903 ns,0.0801 ns,0.0214 ns,17.109 ns,17.169 ns,17.226 ns,17.256 ns,17.410 ns,"58,077,227.1",0.0903 ns,14.00,3.008,2.000,0.5447,6,*,No,0.0061,412 B,-,56 B
OrderByOrdinal,Job-LAXWQE,False,True,Default,Default,Default,Default,Default,1111,Empty,RyuJit,X64,8c5e7fda-e8bf-4a96-9a85-a6e23a8c635c,.NET 5.0,False,True,False,True,Default,Default,False,False,True,Default,Default,Default,Default,Default,.NET 5.0,Default,1,Default,Default,Default,Default,Default,Default,Default,Default,Default,16,Default,dotNetTips.Spargine.Extensions.BenchmarkTests,Collections,500,17.294 ns,0.0681 ns,0.0637 ns,0.0164 ns,17.148 ns,17.268 ns,17.291 ns,17.342 ns,17.406 ns,"57,823,789.7",0.0681 ns,15.00,2.832,2.000,-0.3563,6,*,No,0.0061,412 B,-,56 B
OrderByOrdinal,Job-LAXWQE,False,True,Default,Default,Default,Default,Default,1111,Empty,RyuJit,X64,8c5e7fda-e8bf-4a96-9a85-a6e23a8c635c,.NET 5.0,False,True,False,True,Default,Default,False,False,True,Default,Default,Default,Default,Default,.NET 5.0,Default,1,Default,Default,Default,Default,Default,Default,Default,Default,Default,16,Default,dotNetTips.Spargine.Extensions.BenchmarkTests,Collections,1000,16.498 ns,0.1174 ns,0.1098 ns,0.0284 ns,16.259 ns,16.444 ns,16.496 ns,16.570 ns,16.659 ns,"60,613,107.6",0.1174 ns,15.00,2.407,2.000,-0.5609,5,*,No,0.0059,412 B,-,56 B
Page,Job-LAXWQE,False,True,Default,Default,Default,Default,Default,1111,Empty,RyuJit,X64,8c5e7fda-e8bf-4a96-9a85-a6e23a8c635c,.NET 5.0,False,True,False,True,Default,Default,False,False,True,Default,Default,Default,Default,Default,.NET 5.0,Default,1,Default,Default,Default,Default,Default,Default,Default,Default,Default,16,Default,dotNetTips.Spargine.Extensions.BenchmarkTests,Collections,10,359.859 ns,0.7533 ns,0.7047 ns,0.1819 ns,358.507 ns,359.433 ns,359.873 ns,360.419 ns,360.854 ns,"2,778,862.5",0.7533 ns,15.00,1.834,2.000,-0.3669,40,*,No,0.0439,536 B,-,400 B
Page,Job-LAXWQE,False,True,Default,Default,Default,Default,Default,1111,Empty,RyuJit,X64,8c5e7fda-e8bf-4a96-9a85-a6e23a8c635c,.NET 5.0,False,True,False,True,Default,Default,False,False,True,Default,Default,Default,Default,Default,.NET 5.0,Default,1,Default,Default,Default,Default,Default,Default,Default,Default,Default,16,Default,dotNetTips.Spargine.Extensions.BenchmarkTests,Collections,25,672.390 ns,2.0011 ns,1.8718 ns,0.4833 ns,667.773 ns,671.552 ns,671.615 ns,674.060 ns,674.830 ns,"1,487,233.1",2.0011 ns,15.00,3.100,2.000,-0.5359,47,*,No,0.0439,536 B,-,400 B
Page,Job-LAXWQE,False,True,Default,Default,Default,Default,Default,1111,Empty,RyuJit,X64,8c5e7fda-e8bf-4a96-9a85-a6e23a8c635c,.NET 5.0,False,True,False,True,Default,Default,False,False,True,Default,Default,Default,Default,Default,.NET 5.0,Default,1,Default,Default,Default,Default,Default,Default,Default,Default,Default,16,Default,dotNetTips.Spargine.Extensions.BenchmarkTests,Collections,50,"1,289.440 ns",7.6942 ns,7.1972 ns,1.8583 ns,"1,278.021 ns","1,280.846 ns","1,293.688 ns","1,294.131 ns","1,297.574 ns","775,530.7",7.6942 ns,15.00,1.389,2.000,-0.5616,54,*,No,0.0744,536 B,-,696 B
Page,Job-LAXWQE,False,True,Default,Default,Default,Default,Default,1111,Empty,RyuJit,X64,8c5e7fda-e8bf-4a96-9a85-a6e23a8c635c,.NET 5.0,False,True,False,True,Default,Default,False,False,True,Default,Default,Default,Default,Default,.NET 5.0,Default,1,Default,Default,Default,Default,Default,Default,Default,Default,Default,16,Default,dotNetTips.Spargine.Extensions.BenchmarkTests,Collections,100,"2,540.398 ns",10.7142 ns,9.4979 ns,2.5384 ns,"2,508.450 ns","2,542.852 ns","2,543.334 ns","2,543.733 ns","2,545.010 ns","393,639.2",10.7142 ns,14.00,9.165,2.000,-2.6973,62,*,No,0.1411,536 B,-,"1,288 B"
Page,Job-LAXWQE,False,True,Default,Default,Default,Default,Default,1111,Empty,RyuJit,X64,8c5e7fda-e8bf-4a96-9a85-a6e23a8c635c,.NET 5.0,False,True,False,True,Default,Default,False,False,True,Default,Default,Default,Default,Default,.NET 5.0,Default,1,Default,Default,Default,Default,Default,Default,Default,Default,Default,16,Default,dotNetTips.Spargine.Extensions.BenchmarkTests,Collections,250,"6,293.224 ns",28.6157 ns,26.7672 ns,6.9113 ns,"6,246.969 ns","6,267.885 ns","6,307.630 ns","6,315.842 ns","6,319.692 ns","158,901.1",28.6157 ns,15.00,1.377,2.000,-0.4433,70,*,No,0.3357,536 B,-,"3,064 B"
Page,Job-LAXWQE,False,True,Default,Default,Default,Default,Default,1111,Empty,RyuJit,X64,8c5e7fda-e8bf-4a96-9a85-a6e23a8c635c,.NET 5.0,False,True,False,True,Default,Default,False,False,True,Default,Default,Default,Default,Default,.NET 5.0,Default,1,Default,Default,Default,Default,Default,Default,Default,Default,Default,16,Default,dotNetTips.Spargine.Extensions.BenchmarkTests,Collections,500,"12,602.465 ns",39.8672 ns,37.2918 ns,9.6287 ns,"12,525.595 ns","12,578.560 ns","12,598.737 ns","12,630.928 ns","12,654.424 ns","79,349.6",39.8672 ns,15.00,1.945,2.000,-0.3409,73,*,No,0.6561,536 B,-,"6,024 B"
Page,Job-LAXWQE,False,True,Default,Default,Default,Default,Default,1111,Empty,RyuJit,X64,8c5e7fda-e8bf-4a96-9a85-a6e23a8c635c,.NET 5.0,False,True,False,True,Default,Default,False,False,True,Default,Default,Default,Default,Default,.NET 5.0,Default,1,Default,Default,Default,Default,Default,Default,Default,Default,Default,16,Default,dotNetTips.Spargine.Extensions.BenchmarkTests,Collections,1000,"23,302.597 ns",105.6031 ns,93.6144 ns,25.0195 ns,"23,066.248 ns","23,246.662 ns","23,321.567 ns","23,361.626 ns","23,442.145 ns","42,913.7",105.6031 ns,14.00,3.430,2.000,-0.8703,76,*,No,1.3123,536 B,-,"11,944 B"
PickRandom,Job-LAXWQE,False,True,Default,Default,Default,Default,Default,1111,Empty,RyuJit,X64,8c5e7fda-e8bf-4a96-9a85-a6e23a8c635c,.NET 5.0,False,True,False,True,Default,Default,False,False,True,Default,Default,Default,Default,Default,.NET 5.0,Default,1,Default,Default,Default,Default,Default,Default,Default,Default,Default,16,Default,dotNetTips.Spargine.Extensions.BenchmarkTests,Collections,10,"1,706.964 ns",11.1905 ns,9.9201 ns,2.6513 ns,"1,684.958 ns","1,701.788 ns","1,706.772 ns","1,713.692 ns","1,724.285 ns","585,835.3",11.1905 ns,14.00,2.693,2.000,-0.3205,58,*,No,0.0305,196 B,-,280 B
PickRandom,Job-LAXWQE,False,True,Default,Default,Default,Default,Default,1111,Empty,RyuJit,X64,8c5e7fda-e8bf-4a96-9a85-a6e23a8c635c,.NET 5.0,False,True,False,True,Default,Default,False,False,True,Default,Default,Default,Default,Default,.NET 5.0,Default,1,Default,Default,Default,Default,Default,Default,Default,Default,Default,16,Default,dotNetTips.Spargine.Extensions.BenchmarkTests,Collections,25,"1,718.480 ns",7.9626 ns,7.4482 ns,1.9231 ns,"1,698.727 ns","1,716.426 ns","1,720.627 ns","1,723.126 ns","1,726.481 ns","581,909.7",7.9626 ns,15.00,3.763,2.000,-1.2269,58,*,No,0.0305,196 B,-,280 B
PickRandom,Job-LAXWQE,False,True,Default,Default,Default,Default,Default,1111,Empty,RyuJit,X64,8c5e7fda-e8bf-4a96-9a85-a6e23a8c635c,.NET 5.0,False,True,False,True,Default,Default,False,False,True,Default,Default,Default,Default,Default,.NET 5.0,Default,1,Default,Default,Default,Default,Default,Default,Default,Default,Default,16,Default,dotNetTips.Spargine.Extensions.BenchmarkTests,Collections,50,"1,888.882 ns",10.3693 ns,9.6994 ns,2.5044 ns,"1,871.310 ns","1,883.597 ns","1,887.877 ns","1,895.367 ns","1,909.204 ns","529,413.6",10.3693 ns,15.00,2.370,2.000,0.1926,59,*,No,0.0305,196 B,-,280 B
PickRandom,Job-LAXWQE,False,True,Default,Default,Default,Default,Default,1111,Empty,RyuJit,X64,8c5e7fda-e8bf-4a96-9a85-a6e23a8c635c,.NET 5.0,False,True,False,True,Default,Default,False,False,True,Default,Default,Default,Default,Default,.NET 5.0,Default,1,Default,Default,Default,Default,Default,Default,Default,Default,Default,16,Default,dotNetTips.Spargine.Extensions.BenchmarkTests,Collections,100,"1,893.659 ns",9.4035 ns,8.3359 ns,2.2279 ns,"1,878.532 ns","1,888.067 ns","1,894.476 ns","1,900.539 ns","1,904.126 ns","528,078.2",9.4035 ns,14.00,1.676,2.000,-0.3255,59,*,No,0.0305,196 B,-,280 B
PickRandom,Job-LAXWQE,False,True,Default,Default,Default,Default,Default,1111,Empty,RyuJit,X64,8c5e7fda-e8bf-4a96-9a85-a6e23a8c635c,.NET 5.0,False,True,False,True,Default,Default,False,False,True,Default,Default,Default,Default,Default,.NET 5.0,Default,1,Default,Default,Default,Default,Default,Default,Default,Default,Default,16,Default,dotNetTips.Spargine.Extensions.BenchmarkTests,Collections,250,"1,883.105 ns",11.9378 ns,11.1667 ns,2.8832 ns,"1,865.710 ns","1,877.659 ns","1,884.488 ns","1,890.488 ns","1,904.232 ns","531,037.9",11.9378 ns,15.00,2.072,2.000,-0.1006,59,*,No,0.0305,196 B,-,280 B
PickRandom,Job-LAXWQE,False,True,Default,Default,Default,Default,Default,1111,Empty,RyuJit,X64,8c5e7fda-e8bf-4a96-9a85-a6e23a8c635c,.NET 5.0,False,True,False,True,Default,Default,False,False,True,Default,Default,Default,Default,Default,.NET 5.0,Default,1,Default,Default,Default,Default,Default,Default,Default,Default,Default,16,Default,dotNetTips.Spargine.Extensions.BenchmarkTests,Collections,500,"1,887.145 ns",9.3525 ns,8.7484 ns,2.2588 ns,"1,868.950 ns","1,881.288 ns","1,888.869 ns","1,892.320 ns","1,900.050 ns","529,900.9",9.3525 ns,15.00,2.213,2.000,-0.3706,59,*,No,0.0286,196 B,-,280 B
PickRandom,Job-LAXWQE,False,True,Default,Default,Default,Default,Default,1111,Empty,RyuJit,X64,8c5e7fda-e8bf-4a96-9a85-a6e23a8c635c,.NET 5.0,False,True,False,True,Default,Default,False,False,True,Default,Default,Default,Default,Default,.NET 5.0,Default,1,Default,Default,Default,Default,Default,Default,Default,Default,Default,16,Default,dotNetTips.Spargine.Extensions.BenchmarkTests,Collections,1000,"1,659.297 ns",15.5042 ns,12.9467 ns,3.5908 ns,"1,636.495 ns","1,651.059 ns","1,656.741 ns","1,670.159 ns","1,680.458 ns","602,665.0",15.5042 ns,13.00,1.740,2.000,-0.1355,57,*,No,0.0305,196 B,-,280 B
Shuffle,Job-LAXWQE,False,True,Default,Default,Default,Default,Default,1111,Empty,RyuJit,X64,8c5e7fda-e8bf-4a96-9a85-a6e23a8c635c,.NET 5.0,False,True,False,True,Default,Default,False,False,True,Default,Default,Default,Default,Default,.NET 5.0,Default,1,Default,Default,Default,Default,Default,Default,Default,Default,Default,16,Default,dotNetTips.Spargine.Extensions.BenchmarkTests,Collections,10,22.621 ns,0.1369 ns,0.1143 ns,0.0317 ns,22.362 ns,22.604 ns,22.646 ns,22.652 ns,22.804 ns,"44,206,040.7",0.1369 ns,13.00,3.185,2.000,-0.8583,8,*,No,0.0061,356 B,-,56 B
Shuffle,Job-LAXWQE,False,True,Default,Default,Default,Default,Default,1111,Empty,RyuJit,X64,8c5e7fda-e8bf-4a96-9a85-a6e23a8c635c,.NET 5.0,False,True,False,True,Default,Default,False,False,True,Default,Default,Default,Default,Default,.NET 5.0,Default,1,Default,Default,Default,Default,Default,Default,Default,Default,Default,16,Default,dotNetTips.Spargine.Extensions.BenchmarkTests,Collections,25,24.157 ns,0.1072 ns,0.0951 ns,0.0254 ns,23.982 ns,24.113 ns,24.152 ns,24.189 ns,24.326 ns,"41,395,628.6",0.1072 ns,14.00,2.335,2.000,0.1447,10,*,No,0.0061,356 B,-,56 B
Shuffle,Job-LAXWQE,False,True,Default,Default,Default,Default,Default,1111,Empty,RyuJit,X64,8c5e7fda-e8bf-4a96-9a85-a6e23a8c635c,.NET 5.0,False,True,False,True,Default,Default,False,False,True,Default,Default,Default,Default,Default,.NET 5.0,Default,1,Default,Default,Default,Default,Default,Default,Default,Default,Default,16,Default,dotNetTips.Spargine.Extensions.BenchmarkTests,Collections,50,24.046 ns,0.0953 ns,0.0845 ns,0.0226 ns,23.877 ns,24.010 ns,24.065 ns,24.100 ns,24.157 ns,"41,586,595.0",0.0953 ns,14.00,2.445,2.000,-0.7195,10,*,No,0.0061,356 B,-,56 B
Shuffle,Job-LAXWQE,False,True,Default,Default,Default,Default,Default,1111,Empty,RyuJit,X64,8c5e7fda-e8bf-4a96-9a85-a6e23a8c635c,.NET 5.0,False,True,False,True,Default,Default,False,False,True,Default,Default,Default,Default,Default,.NET 5.0,Default,1,Default,Default,Default,Default,Default,Default,Default,Default,Default,16,Default,dotNetTips.Spargine.Extensions.BenchmarkTests,Collections,100,22.344 ns,0.0853 ns,0.0756 ns,0.0202 ns,22.237 ns,22.290 ns,22.336 ns,22.387 ns,22.521 ns,"44,754,342.8",0.0853 ns,14.00,2.760,2.000,0.6649,8,*,No,0.0061,356 B,-,56 B
Shuffle,Job-LAXWQE,False,True,Default,Default,Default,Default,Default,1111,Empty,RyuJit,X64,8c5e7fda-e8bf-4a96-9a85-a6e23a8c635c,.NET 5.0,False,True,False,True,Default,Default,False,False,True,Default,Default,Default,Default,Default,.NET 5.0,Default,1,Default,Default,Default,Default,Default,Default,Default,Default,Default,16,Default,dotNetTips.Spargine.Extensions.BenchmarkTests,Collections,250,23.253 ns,0.0832 ns,0.0737 ns,0.0197 ns,23.141 ns,23.191 ns,23.251 ns,23.310 ns,23.364 ns,"43,004,779.2",0.0832 ns,14.00,1.605,2.000,0.1333,9,*,No,0.0061,356 B,-,56 B
Shuffle,Job-LAXWQE,False,True,Default,Default,Default,Default,Default,1111,Empty,RyuJit,X64,8c5e7fda-e8bf-4a96-9a85-a6e23a8c635c,.NET 5.0,False,True,False,True,Default,Default,False,False,True,Default,Default,Default,Default,Default,.NET 5.0,Default,1,Default,Default,Default,Default,Default,Default,Default,Default,Default,16,Default,dotNetTips.Spargine.Extensions.BenchmarkTests,Collections,500,22.385 ns,0.0653 ns,0.0545 ns,0.0151 ns,22.304 ns,22.364 ns,22.391 ns,22.412 ns,22.497 ns,"44,672,744.9",0.0653 ns,13.00,2.353,2.000,0.0786,8,*,No,0.0061,356 B,-,56 B
Shuffle,Job-LAXWQE,False,True,Default,Default,Default,Default,Default,1111,Empty,RyuJit,X64,8c5e7fda-e8bf-4a96-9a85-a6e23a8c635c,.NET 5.0,False,True,False,True,Default,Default,False,False,True,Default,Default,Default,Default,Default,.NET 5.0,Default,1,Default,Default,Default,Default,Default,Default,Default,Default,Default,16,Default,dotNetTips.Spargine.Extensions.BenchmarkTests,Collections,1000,21.540 ns,0.3565 ns,0.3160 ns,0.0845 ns,21.020 ns,21.304 ns,21.489 ns,21.750 ns,22.110 ns,"46,424,570.9",0.3565 ns,14.00,1.954,2.000,0.3083,7,*,No,0.0060,356 B,-,56 B
ToObservableCollection,Job-LAXWQE,False,True,Default,Default,Default,Default,Default,1111,Empty,RyuJit,X64,8c5e7fda-e8bf-4a96-9a85-a6e23a8c635c,.NET 5.0,False,True,False,True,Default,Default,False,False,True,Default,Default,Default,Default,Default,.NET 5.0,Default,1,Default,Default,Default,Default,Default,Default,Default,Default,Default,16,Default,dotNetTips.Spargine.Extensions.BenchmarkTests,Collections,10,52.668 ns,0.1140 ns,0.1010 ns,0.0270 ns,52.518 ns,52.607 ns,52.667 ns,52.738 ns,52.862 ns,"18,986,944.5",0.1140 ns,14.00,1.894,2.000,0.1326,18,*,No,0.0210,190 B,-,192 B
ToObservableCollection,Job-LAXWQE,False,True,Default,Default,Default,Default,Default,1111,Empty,RyuJit,X64,8c5e7fda-e8bf-4a96-9a85-a6e23a8c635c,.NET 5.0,False,True,False,True,Default,Default,False,False,True,Default,Default,Default,Default,Default,.NET 5.0,Default,1,Default,Default,Default,Default,Default,Default,Default,Default,Default,16,Default,dotNetTips.Spargine.Extensions.BenchmarkTests,Collections,25,67.352 ns,0.2144 ns,0.2005 ns,0.0518 ns,67.103 ns,67.205 ns,67.302 ns,67.463 ns,67.764 ns,"14,847,371.1",0.2144 ns,15.00,2.069,2.000,0.6093,22,*,No,0.0340,190 B,-,312 B
ToObservableCollection,Job-LAXWQE,False,True,Default,Default,Default,Default,Default,1111,Empty,RyuJit,X64,8c5e7fda-e8bf-4a96-9a85-a6e23a8c635c,.NET 5.0,False,True,False,True,Default,Default,False,False,True,Default,Default,Default,Default,Default,.NET 5.0,Default,1,Default,Default,Default,Default,Default,Default,Default,Default,Default,16,Default,dotNetTips.Spargine.Extensions.BenchmarkTests,Collections,50,88.030 ns,0.2301 ns,0.2152 ns,0.0556 ns,87.761 ns,87.862 ns,87.981 ns,88.165 ns,88.384 ns,"11,359,700.9",0.2301 ns,15.00,1.743,2.000,0.5537,26,*,No,0.0557,190 B,-,512 B
ToObservableCollection,Job-LAXWQE,False,True,Default,Default,Default,Default,Default,1111,Empty,RyuJit,X64,8c5e7fda-e8bf-4a96-9a85-a6e23a8c635c,.NET 5.0,False,True,False,True,Default,Default,False,False,True,Default,Default,Default,Default,Default,.NET 5.0,Default,1,Default,Default,Default,Default,Default,Default,Default,Default,Default,16,Default,dotNetTips.Spargine.Extensions.BenchmarkTests,Collections,100,127.442 ns,0.8233 ns,0.7299 ns,0.1951 ns,126.169 ns,126.888 ns,127.533 ns,127.818 ns,128.509 ns,"7,846,686.3",0.8233 ns,14.00,1.758,2.000,-0.2029,30,*,No,0.0994,190 B,-,912 B
ToObservableCollection,Job-LAXWQE,False,True,Default,Default,Default,Default,Default,1111,Empty,RyuJit,X64,8c5e7fda-e8bf-4a96-9a85-a6e23a8c635c,.NET 5.0,False,True,False,True,Default,Default,False,False,True,Default,Default,Default,Default,Default,.NET 5.0,Default,1,Default,Default,Default,Default,Default,Default,Default,Default,Default,16,Default,dotNetTips.Spargine.Extensions.BenchmarkTests,Collections,250,247.830 ns,0.6224 ns,0.5197 ns,0.1441 ns,246.959 ns,247.560 ns,248.002 ns,248.242 ns,248.506 ns,"4,035,015.9",0.6224 ns,13.00,1.576,2.000,-0.3993,36,*,No,0.2303,190 B,0.0005,"2,112 B"
ToObservableCollection,Job-LAXWQE,False,True,Default,Default,Default,Default,Default,1111,Empty,RyuJit,X64,8c5e7fda-e8bf-4a96-9a85-a6e23a8c635c,.NET 5.0,False,True,False,True,Default,Default,False,False,True,Default,Default,Default,Default,Default,.NET 5.0,Default,1,Default,Default,Default,Default,Default,Default,Default,Default,Default,16,Default,dotNetTips.Spargine.Extensions.BenchmarkTests,Collections,500,458.636 ns,1.5375 ns,1.2839 ns,0.3561 ns,456.556 ns,457.492 ns,458.697 ns,459.468 ns,461.125 ns,"2,180,379.7",1.5375 ns,13.00,2.047,2.000,0.0410,43,*,No,0.4525,190 B,0.0043,"4,112 B"
ToObservableCollection,Job-LAXWQE,False,True,Default,Default,Default,Default,Default,1111,Empty,RyuJit,X64,8c5e7fda-e8bf-4a96-9a85-a6e23a8c635c,.NET 5.0,False,True,False,True,Default,Default,False,False,True,Default,Default,Default,Default,Default,.NET 5.0,Default,1,Default,Default,Default,Default,Default,Default,Default,Default,Default,16,Default,dotNetTips.Spargine.Extensions.BenchmarkTests,Collections,1000,873.505 ns,10.6435 ns,9.9559 ns,2.5706 ns,859.266 ns,866.529 ns,870.286 ns,880.926 ns,894.358 ns,"1,144,812.8",10.6435 ns,15.00,2.091,2.000,0.5713,51,*,No,0.8821,190 B,-,"8,112 B"
ToReadOnlyCollection,Job-LAXWQE,False,True,Default,Default,Default,Default,Default,1111,Empty,RyuJit,X64,8c5e7fda-e8bf-4a96-9a85-a6e23a8c635c,.NET 5.0,False,True,False,True,Default,Default,False,False,True,Default,Default,Default,Default,Default,.NET 5.0,Default,1,Default,Default,Default,Default,Default,Default,Default,Default,Default,16,Default,dotNetTips.Spargine.Extensions.BenchmarkTests,Collections,10,6.987 ns,0.0215 ns,0.0201 ns,0.0052 ns,6.924 ns,6.984 ns,6.990 ns,6.998 ns,7.008 ns,"143,128,799.2",0.0215 ns,15.00,6.356,2.000,-1.8566,1,*,No,0.0026,90 B,-,24 B
ToReadOnlyCollection,Job-LAXWQE,False,True,Default,Default,Default,Default,Default,1111,Empty,RyuJit,X64,8c5e7fda-e8bf-4a96-9a85-a6e23a8c635c,.NET 5.0,False,True,False,True,Default,Default,False,False,True,Default,Default,Default,Default,Default,.NET 5.0,Default,1,Default,Default,Default,Default,Default,Default,Default,Default,Default,16,Default,dotNetTips.Spargine.Extensions.BenchmarkTests,Collections,25,7.138 ns,0.0379 ns,0.0354 ns,0.0091 ns,7.062 ns,7.118 ns,7.128 ns,7.160 ns,7.212 ns,"140,096,556.9",0.0379 ns,15.00,2.871,2.000,0.0575,2,*,No,0.0026,90 B,-,24 B
ToReadOnlyCollection,Job-LAXWQE,False,True,Default,Default,Default,Default,Default,1111,Empty,RyuJit,X64,8c5e7fda-e8bf-4a96-9a85-a6e23a8c635c,.NET 5.0,False,True,False,True,Default,Default,False,False,True,Default,Default,Default,Default,Default,.NET 5.0,Default,1,Default,Default,Default,Default,Default,Default,Default,Default,Default,16,Default,dotNetTips.Spargine.Extensions.BenchmarkTests,Collections,50,7.224 ns,0.0537 ns,0.0502 ns,0.0130 ns,7.142 ns,7.190 ns,7.227 ns,7.256 ns,7.310 ns,"138,422,079.0",0.0537 ns,15.00,1.769,2.000,-0.0249,2,*,No,0.0026,90 B,-,24 B
ToReadOnlyCollection,Job-LAXWQE,False,True,Default,Default,Default,Default,Default,1111,Empty,RyuJit,X64,8c5e7fda-e8bf-4a96-9a85-a6e23a8c635c,.NET 5.0,False,True,False,True,Default,Default,False,False,True,Default,Default,Default,Default,Default,.NET 5.0,Default,1,Default,Default,Default,Default,Default,Default,Default,Default,Default,16,Default,dotNetTips.Spargine.Extensions.BenchmarkTests,Collections,100,7.265 ns,0.0248 ns,0.0220 ns,0.0059 ns,7.207 ns,7.258 ns,7.269 ns,7.274 ns,7.297 ns,"137,655,495.0",0.0248 ns,14.00,3.855,2.000,-0.9917,2,*,No,0.0026,90 B,-,24 B
ToReadOnlyCollection,Job-LAXWQE,False,True,Default,Default,Default,Default,Default,1111,Empty,RyuJit,X64,8c5e7fda-e8bf-4a96-9a85-a6e23a8c635c,.NET 5.0,False,True,False,True,Default,Default,False,False,True,Default,Default,Default,Default,Default,.NET 5.0,Default,1,Default,Default,Default,Default,Default,Default,Default,Default,Default,16,Default,dotNetTips.Spargine.Extensions.BenchmarkTests,Collections,250,7.071 ns,0.0292 ns,0.0259 ns,0.0069 ns,6.986 ns,7.069 ns,7.079 ns,7.084 ns,7.090 ns,"141,415,191.5",0.0292 ns,14.00,8.585,2.000,-2.5096,2,*,No,0.0026,90 B,-,24 B
ToReadOnlyCollection,Job-LAXWQE,False,True,Default,Default,Default,Default,Default,1111,Empty,RyuJit,X64,8c5e7fda-e8bf-4a96-9a85-a6e23a8c635c,.NET 5.0,False,True,False,True,Default,Default,False,False,True,Default,Default,Default,Default,Default,.NET 5.0,Default,1,Default,Default,Default,Default,Default,Default,Default,Default,Default,16,Default,dotNetTips.Spargine.Extensions.BenchmarkTests,Collections,500,7.215 ns,0.0609 ns,0.0540 ns,0.0144 ns,7.093 ns,7.182 ns,7.228 ns,7.252 ns,7.286 ns,"138,592,998.1",0.0609 ns,14.00,2.553,2.000,-0.8074,2,*,No,0.0026,90 B,-,24 B
ToReadOnlyCollection,Job-LAXWQE,False,True,Default,Default,Default,Default,Default,1111,Empty,RyuJit,X64,8c5e7fda-e8bf-4a96-9a85-a6e23a8c635c,.NET 5.0,False,True,False,True,Default,Default,False,False,True,Default,Default,Default,Default,Default,.NET 5.0,Default,1,Default,Default,Default,Default,Default,Default,Default,Default,Default,16,Default,dotNetTips.Spargine.Extensions.BenchmarkTests,Collections,1000,7.209 ns,0.0987 ns,0.0923 ns,0.0238 ns,7.059 ns,7.137 ns,7.232 ns,7.282 ns,7.352 ns,"138,719,618.0",0.0987 ns,15.00,1.542,2.000,-0.1092,2,*,No,0.0025,90 B,-,24 B
