Method,Job,AnalyzeLaunchVariance,EvaluateOverhead,MaxAbsoluteError,MaxRelativeError,MinInvokeCount,MinIterationTime,OutlierMode,Affinity,EnvironmentVariables,Jit,Platform,PowerPlanMode,Runtime,AllowVeryLargeObjects,Concurrent,CpuGroups,Force,HeapAffinitizeMask,HeapCount,NoAffinitize,RetainVm,Server,Arguments,BuildConfiguration,Clock,EngineFactory,NuGetReferences,Toolchain,IsMutator,InvocationCount,IterationCount,IterationTime,LaunchCount,MaxIterationCount,MaxWarmupIterationCount,MemoryRandomization,MinIterationCount,MinWarmupIterationCount,RunStrategy,UnrollFactor,WarmupCount,Namespace,Categories,Count,Mean,Error,StdDev,StdErr,Min,Q1,Median,Q3,Max,Op/s,CI99.9% Margin,Iterations,Kurtosis,MValue,Skewness,Rank,LogicalGroup,Baseline,Gen 0,Code Size,Gen 1,Allocated
'HasItems: With Count',Job-LAXWQE,False,True,Default,Default,Default,Default,Default,1111,Empty,RyuJit,X64,8c5e7fda-e8bf-4a96-9a85-a6e23a8c635c,.NET 5.0,False,True,False,True,Default,Default,False,False,True,Default,Default,Default,Default,Default,.NET 5.0,Default,1,Default,Default,Default,Default,Default,Default,Default,Default,Default,16,Default,dotNetTips.Spargine.Extensions.BenchmarkTests,"**NEW**,Collections",10,54.52 ns,0.144 ns,0.128 ns,0.034 ns,54.34 ns,54.42 ns,54.49 ns,54.64 ns,54.71 ns,"18,340,617.7",0.1440 ns,14.00,1.358,2.000,0.1322,2,*,No,0.0210,207 B,-,192 B
'HasItems: With Count',Job-LAXWQE,False,True,Default,Default,Default,Default,Default,1111,Empty,RyuJit,X64,8c5e7fda-e8bf-4a96-9a85-a6e23a8c635c,.NET 5.0,False,True,False,True,Default,Default,False,False,True,Default,Default,Default,Default,Default,.NET 5.0,Default,1,Default,Default,Default,Default,Default,Default,Default,Default,Default,16,Default,dotNetTips.Spargine.Extensions.BenchmarkTests,"**NEW**,Collections",25,65.46 ns,0.390 ns,0.345 ns,0.092 ns,64.75 ns,65.29 ns,65.56 ns,65.61 ns,65.99 ns,"15,276,881.1",0.3897 ns,14.00,2.405,2.000,-0.5763,3,*,No,0.0343,207 B,-,312 B
'HasItems: With Count',Job-LAXWQE,False,True,Default,Default,Default,Default,Default,1111,Empty,RyuJit,X64,8c5e7fda-e8bf-4a96-9a85-a6e23a8c635c,.NET 5.0,False,True,False,True,Default,Default,False,False,True,Default,Default,Default,Default,Default,.NET 5.0,Default,1,Default,Default,Default,Default,Default,Default,Default,Default,Default,16,Default,dotNetTips.Spargine.Extensions.BenchmarkTests,"**NEW**,Collections",50,85.47 ns,0.225 ns,0.210 ns,0.054 ns,85.09 ns,85.32 ns,85.46 ns,85.63 ns,85.79 ns,"11,699,433.0",0.2247 ns,15.00,1.895,2.000,-0.3443,5,*,No,0.0553,207 B,-,512 B
'HasItems: With Count',Job-LAXWQE,False,True,Default,Default,Default,Default,Default,1111,Empty,RyuJit,X64,8c5e7fda-e8bf-4a96-9a85-a6e23a8c635c,.NET 5.0,False,True,False,True,Default,Default,False,False,True,Default,Default,Default,Default,Default,.NET 5.0,Default,1,Default,Default,Default,Default,Default,Default,Default,Default,Default,16,Default,dotNetTips.Spargine.Extensions.BenchmarkTests,"**NEW**,Collections",100,123.63 ns,0.465 ns,0.435 ns,0.112 ns,122.75 ns,123.57 ns,123.68 ns,123.93 ns,124.17 ns,"8,088,706.8",0.4653 ns,15.00,2.509,2.000,-0.9267,6,*,No,0.1001,207 B,-,912 B
'HasItems: With Count',Job-LAXWQE,False,True,Default,Default,Default,Default,Default,1111,Empty,RyuJit,X64,8c5e7fda-e8bf-4a96-9a85-a6e23a8c635c,.NET 5.0,False,True,False,True,Default,Default,False,False,True,Default,Default,Default,Default,Default,.NET 5.0,Default,1,Default,Default,Default,Default,Default,Default,Default,Default,Default,16,Default,dotNetTips.Spargine.Extensions.BenchmarkTests,"**NEW**,Collections",250,244.77 ns,1.566 ns,1.465 ns,0.378 ns,241.83 ns,244.32 ns,244.56 ns,245.91 ns,247.62 ns,"4,085,470.3",1.5658 ns,15.00,2.476,2.000,-0.1074,8,*,No,0.2308,207 B,-,"2,112 B"
'HasItems: With Count',Job-LAXWQE,False,True,Default,Default,Default,Default,Default,1111,Empty,RyuJit,X64,8c5e7fda-e8bf-4a96-9a85-a6e23a8c635c,.NET 5.0,False,True,False,True,Default,Default,False,False,True,Default,Default,Default,Default,Default,.NET 5.0,Default,1,Default,Default,Default,Default,Default,Default,Default,Default,Default,16,Default,dotNetTips.Spargine.Extensions.BenchmarkTests,"**NEW**,Collections",500,450.49 ns,1.154 ns,1.023 ns,0.273 ns,448.92 ns,449.99 ns,450.45 ns,451.06 ns,452.55 ns,"2,219,784.1",1.1538 ns,14.00,2.201,2.000,0.2654,9,*,No,0.4482,207 B,0.0005,"4,112 B"
'HasItems: With Count',Job-LAXWQE,False,True,Default,Default,Default,Default,Default,1111,Empty,RyuJit,X64,8c5e7fda-e8bf-4a96-9a85-a6e23a8c635c,.NET 5.0,False,True,False,True,Default,Default,False,False,True,Default,Default,Default,Default,Default,.NET 5.0,Default,1,Default,Default,Default,Default,Default,Default,Default,Default,Default,16,Default,dotNetTips.Spargine.Extensions.BenchmarkTests,"**NEW**,Collections",1000,854.95 ns,5.924 ns,5.542 ns,1.431 ns,841.21 ns,853.86 ns,855.47 ns,857.78 ns,863.66 ns,"1,169,663.1",5.9243 ns,15.00,3.657,2.000,-1.0197,11,*,No,0.8879,207 B,0.0019,"8,112 B"
HasItems,Job-LAXWQE,False,True,Default,Default,Default,Default,Default,1111,Empty,RyuJit,X64,8c5e7fda-e8bf-4a96-9a85-a6e23a8c635c,.NET 5.0,False,True,False,True,Default,Default,False,False,True,Default,Default,Default,Default,Default,.NET 5.0,Default,1,Default,Default,Default,Default,Default,Default,Default,Default,Default,16,Default,dotNetTips.Spargine.Extensions.BenchmarkTests,"**NEW**,Collections",10,53.38 ns,0.229 ns,0.214 ns,0.055 ns,53.01 ns,53.28 ns,53.42 ns,53.50 ns,53.76 ns,"18,733,285.3",0.2286 ns,15.00,2.098,2.000,-0.1928,1,*,No,0.0210,206 B,-,192 B
HasItems,Job-LAXWQE,False,True,Default,Default,Default,Default,Default,1111,Empty,RyuJit,X64,8c5e7fda-e8bf-4a96-9a85-a6e23a8c635c,.NET 5.0,False,True,False,True,Default,Default,False,False,True,Default,Default,Default,Default,Default,.NET 5.0,Default,1,Default,Default,Default,Default,Default,Default,Default,Default,Default,16,Default,dotNetTips.Spargine.Extensions.BenchmarkTests,"**NEW**,Collections",25,66.08 ns,0.327 ns,0.305 ns,0.079 ns,65.43 ns,65.87 ns,66.02 ns,66.33 ns,66.54 ns,"15,132,533.0",0.3265 ns,15.00,2.100,2.000,-0.3297,3,*,No,0.0339,206 B,-,312 B
HasItems,Job-LAXWQE,False,True,Default,Default,Default,Default,Default,1111,Empty,RyuJit,X64,8c5e7fda-e8bf-4a96-9a85-a6e23a8c635c,.NET 5.0,False,True,False,True,Default,Default,False,False,True,Default,Default,Default,Default,Default,.NET 5.0,Default,1,Default,Default,Default,Default,Default,Default,Default,Default,Default,16,Default,dotNetTips.Spargine.Extensions.BenchmarkTests,"**NEW**,Collections",50,84.24 ns,0.417 ns,0.369 ns,0.099 ns,83.29 ns,84.08 ns,84.22 ns,84.54 ns,84.72 ns,"11,870,823.4",0.4168 ns,14.00,3.639,2.000,-0.8572,4,*,No,0.0560,206 B,-,512 B
HasItems,Job-LAXWQE,False,True,Default,Default,Default,Default,Default,1111,Empty,RyuJit,X64,8c5e7fda-e8bf-4a96-9a85-a6e23a8c635c,.NET 5.0,False,True,False,True,Default,Default,False,False,True,Default,Default,Default,Default,Default,.NET 5.0,Default,1,Default,Default,Default,Default,Default,Default,Default,Default,Default,16,Default,dotNetTips.Spargine.Extensions.BenchmarkTests,"**NEW**,Collections",100,122.63 ns,0.484 ns,0.453 ns,0.117 ns,121.48 ns,122.39 ns,122.60 ns,122.88 ns,123.29 ns,"8,154,663.5",0.4842 ns,15.00,3.426,2.000,-0.7059,6,*,No,0.1001,206 B,-,912 B
HasItems,Job-LAXWQE,False,True,Default,Default,Default,Default,Default,1111,Empty,RyuJit,X64,8c5e7fda-e8bf-4a96-9a85-a6e23a8c635c,.NET 5.0,False,True,False,True,Default,Default,False,False,True,Default,Default,Default,Default,Default,.NET 5.0,Default,1,Default,Default,Default,Default,Default,Default,Default,Default,Default,16,Default,dotNetTips.Spargine.Extensions.BenchmarkTests,"**NEW**,Collections",250,240.14 ns,3.113 ns,2.912 ns,0.752 ns,235.63 ns,238.20 ns,239.61 ns,242.02 ns,246.60 ns,"4,164,223.0",3.1131 ns,15.00,2.395,2.000,0.4323,7,*,No,0.2322,206 B,-,"2,112 B"
HasItems,Job-LAXWQE,False,True,Default,Default,Default,Default,Default,1111,Empty,RyuJit,X64,8c5e7fda-e8bf-4a96-9a85-a6e23a8c635c,.NET 5.0,False,True,False,True,Default,Default,False,False,True,Default,Default,Default,Default,Default,.NET 5.0,Default,1,Default,Default,Default,Default,Default,Default,Default,Default,Default,16,Default,dotNetTips.Spargine.Extensions.BenchmarkTests,"**NEW**,Collections",500,453.29 ns,1.066 ns,0.997 ns,0.258 ns,451.06 ns,452.98 ns,453.42 ns,454.04 ns,454.64 ns,"2,206,097.4",1.0662 ns,15.00,2.994,2.000,-0.9515,9,*,No,0.4516,206 B,0.0010,"4,112 B"
HasItems,Job-LAXWQE,False,True,Default,Default,Default,Default,Default,1111,Empty,RyuJit,X64,8c5e7fda-e8bf-4a96-9a85-a6e23a8c635c,.NET 5.0,False,True,False,True,Default,Default,False,False,True,Default,Default,Default,Default,Default,.NET 5.0,Default,1,Default,Default,Default,Default,Default,Default,Default,Default,Default,16,Default,dotNetTips.Spargine.Extensions.BenchmarkTests,"**NEW**,Collections",1000,841.88 ns,4.720 ns,4.184 ns,1.118 ns,834.73 ns,839.39 ns,842.15 ns,844.34 ns,847.88 ns,"1,187,822.8",4.7200 ns,14.00,1.779,2.000,-0.0056,10,*,No,0.8821,206 B,0.0010,"8,112 B"
